{"holes": {"1": {"path": [[33.195855, -93.213171], [33.196157, -93.210959], [33.196398, -93.210498]], "green": [[33.196448, -93.21054], [33.196429, -93.210571], [33.196394, -93.210596], [33.196373, -93.210601], [33.196353, -93.210596], [33.196325, -93.210564], [33.196323, -93.210514], [33.196336, -93.210455], [33.196354, -93.210418], [33.196386, -93.210393], [33.196408, -93.210393], [33.196427, -93.210404], [33.196444, -93.210425], [33.196456, -93.210461], [33.196457, -93.2105], [33.196448, -93.21054]]}, "2": {"path": [[33.196546, -93.210114], [33.195099, -93.208785], [33.195792, -93.207603]], "green": [[33.195854, -93.207629], [33.195829, -93.207685], [33.195797, -93.207709], [33.195759, -93.207709], [33.195716, -93.207689], [33.195693, -93.207643], [33.195695, -93.20759], [33.195718, -93.207531], [33.195775, -93.207488], [33.195823, -93.207492], [33.195852, -93.207518], [33.195861, -93.20755], [33.195868, -93.207578], [33.195854, -93.207629]]}, "3": {"path": [[33.1966, -93.207316], [33.196119, -93.204741], [33.196391, -93.203179]], "green": [[33.196466, -93.203246], [33.19644, -93.203303], [33.196393, -93.203321], [33.196326, -93.203306], [33.196282, -93.20324], [33.196295, -93.203152], [33.19631, -93.203086], [33.196348, -93.203049], [33.196397, -93.203048], [33.196436, -93.203069], [33.196458, -93.203103], [33.196472, -93.203162], [33.196466, -93.203246]]}, "4": {"path": [[33.196039, -93.203123], [33.194279, -93.204344], [33.19262, -93.205726]], "green": [[33.192736, -93.205745], [33.192719, -93.205785], [33.192696, -93.205815], [33.192641, -93.205844], [33.192587, -93.205841], [33.192542, -93.205792], [33.192516, -93.205738], [33.192486, -93.205702], [33.192494, -93.205677], [33.192518, -93.20565], [33.192558, -93.205654], [33.192606, -93.205639], [33.192658, -93.205639], [33.1927, -93.205655], [33.192721, -93.205691], [33.192736, -93.205745]]}, "5": {"path": [[33.193126, -93.205838], [33.19491, -93.20568], [33.196125, -93.206658]], "green": [[33.196203, -93.206702], [33.196197, -93.206734], [33.196182, -93.206764], [33.196154, -93.206778], [33.196125, -93.206779], [33.196085, -93.206772], [33.196061, -93.20675], [33.196056, -93.206707], [33.196057, -93.206633], [33.196068, -93.206588], [33.196068, -93.206564], [33.196075, -93.206541], [33.196094, -93.206532], [33.196115, -93.206534], [33.196143, -93.206546], [33.196167, -93.206583], [33.19619, -93.206629], [33.196203, -93.206702]]}, "6": {"path": [[33.196182, -93.207207], [33.193594, -93.206328], [33.192781, -93.206654]], "green": [[33.192866, -93.206697], [33.192841, -93.206726], [33.192802, -93.20676], [33.192747, -93.206783], [33.192701, -93.206769], [33.192683, -93.206729], [33.192672, -93.206672], [33.192683, -93.206612], [33.192706, -93.206568], [33.192742, -93.206546], [33.192778, -93.206542], [33.192818, -93.206546], [33.192846, -93.206572], [33.192863, -93.2066], [33.192875, -93.206642], [33.192866, -93.206697]]}, "8": {"path": [[33.195426, -93.207358], [33.194587, -93.208584]], "green": [[33.194658, -93.208535], [33.194655, -93.208584], [33.194628, -93.208632], [33.194594, -93.208671], [33.194566, -93.208674], [33.19454, -93.20867], [33.194507, -93.208654], [33.194498, -93.208604], [33.194519, -93.208565], [33.194546, -93.208533], [33.194578, -93.208514], [33.194626, -93.208502], [33.194646, -93.208504], [33.194658, -93.208535]]}, "9": {"path": [[33.1944, -93.208804], [33.195732, -93.210233], [33.195473, -93.212029]], "green": [[33.19552, -93.212092], [33.195499, -93.21212], [33.195474, -93.212143], [33.195445, -93.212147], [33.195416, -93.212139], [33.195395, -93.212116], [33.195386, -93.212087], [33.195392, -93.212047], [33.195405, -93.212004], [33.195419, -93.21196], [33.195437, -93.211927], [33.195478, -93.2119], [33.195504, -93.211898], [33.19552, -93.211904], [33.195542, -93.211935], [33.195551, -93.211976], [33.195551, -93.212018], [33.195538, -93.212055], [33.19552, -93.212092]]}, "10": {"path": [[33.195084, -93.212142], [33.19455, -93.209817], [33.193792, -93.207638]], "green": [[33.193861, -93.207678], [33.193843, -93.207737], [33.193833, -93.207755], [33.193805, -93.20777], [33.193771, -93.207762], [33.193722, -93.207724], [33.193695, -93.207622], [33.193694, -93.207569], [33.193699, -93.207538], [33.193752, -93.207504], [33.193803, -93.207498], [33.193839, -93.207525], [33.19385, -93.207584], [33.193858, -93.207623], [33.193861, -93.207678]]}, "11": {"path": [[33.193448, -93.207503], [33.192126, -93.207481]], "green": [[33.192209, -93.207511], [33.192196, -93.207539], [33.192176, -93.207565], [33.192144, -93.207581], [33.19211, -93.207587], [33.192082, -93.207584], [33.192054, -93.207572], [33.192024, -93.207542], [33.192015, -93.207501], [33.192016, -93.207445], [33.192041, -93.207405], [33.192069, -93.207381], [33.192099, -93.207374], [33.192128, -93.207381], [33.192154, -93.207385], [33.19218, -93.207396], [33.1922, -93.207425], [33.192209, -93.207459], [33.192212, -93.207476], [33.192209, -93.207511]]}, "12": {"path": [[33.191986, -93.206485], [33.192766, -93.204153], [33.194396, -93.202824]], "green": [[33.19447, -93.202855], [33.194438, -93.202904], [33.194387, -93.20292], [33.19435, -93.202916], [33.194325, -93.202895], [33.194308, -93.20283], [33.194312, -93.202771], [33.194345, -93.202731], [33.19439, -93.202728], [33.194428, -93.20274], [33.194457, -93.202765], [33.194469, -93.202796], [33.19447, -93.202855]]}, "13": {"path": [[33.194143, -93.202329], [33.192502, -93.202694], [33.191629, -93.202695]], "green": [[33.191712, -93.202684], [33.191697, -93.20273], [33.191647, -93.202768], [33.191614, -93.202797], [33.191595, -93.202825], [33.191561, -93.202823], [33.191545, -93.202794], [33.191532, -93.202712], [33.191529, -93.202634], [33.191568, -93.202573], [33.191631, -93.202574], [33.191672, -93.202583], [33.191703, -93.202605], [33.191714, -93.202645], [33.191712, -93.202684]]}, "14": {"path": [[33.191554, -93.203009], [33.1916, -93.205349], [33.191508, -93.206789]], "green": [[33.191593, -93.206867], [33.191588, -93.206818], [33.191575, -93.206774], [33.191551, -93.206698], [33.191529, -93.20666], [33.191489, -93.206642], [33.191458, -93.20664], [33.191426, -93.206658], [33.191415, -93.206699], [33.191414, -93.20674], [33.191421, -93.206784], [33.191436, -93.206828], [33.191479, -93.206894], [33.191501, -93.206908], [33.19153, -93.206915], [33.191566, -93.206913], [33.191581, -93.206897], [33.191593, -93.206867]]}, "15": {"path": [[33.1913, -93.207069], [33.192301, -93.210972]], "green": [[33.19237, -93.21097], [33.19237, -93.21103], [33.192356, -93.21105], [33.192323, -93.211071], [33.192273, -93.211071], [33.192241, -93.211044], [33.192218, -93.21101], [33.192215, -93.210958], [33.192229, -93.210889], [33.192261, -93.210873], [33.192292, -93.210876], [33.192334, -93.21089], [33.192356, -93.210908], [33.19237, -93.21097]]}, "16": {"path": [[33.192461, -93.210511], [33.193839, -93.211762]], "green": [[33.193903, -93.211822], [33.193876, -93.211856], [33.19383, -93.211859], [33.193785, -93.211842], [33.193755, -93.211806], [33.193745, -93.211752], [33.193755, -93.211702], [33.19377, -93.211679], [33.193818, -93.211667], [33.193848, -93.211673], [33.193869, -93.211685], [33.193901, -93.211713], [33.193917, -93.211763], [33.193914, -93.211792], [33.193903, -93.211822]]}, "18": {"path": [[33.19369, -93.209204], [33.19457, -93.211857], [33.195004, -93.212616]], "green": [[33.195064, -93.21265], [33.195059, -93.212684], [33.195043, -93.212713], [33.195016, -93.212722], [33.19499, -93.212714], [33.194969, -93.212695], [33.194969, -93.212674], [33.194975, -93.212653], [33.194971, -93.2126], [33.194959, -93.212572], [33.194949, -93.212539], [33.194965, -93.212506], [33.19498, -93.212497], [33.195, -93.212498], [33.19504, -93.212528], [33.195058, -93.212574], [33.195064, -93.21265]]}}}