{"holes": {"1": {"path": [[40.597917, -75.533954], [40.599111, -75.536544], [40.599956, -75.537777]], "green": [[40.600035, -75.537821], [40.600051, -75.53786], [40.600058, -75.537892], [40.600056, -75.537915], [40.600048, -75.537934], [40.600038, -75.537946], [40.600027, -75.537952], [40.600006, -75.537954], [40.599981, -75.537948], [40.599955, -75.537936], [40.599928, -75.537917], [40.599918, -75.537896], [40.599912, -75.53786], [40.599911, -75.537825], [40.599906, -75.53779], [40.599893, -75.537751], [40.599877, -75.537715], [40.599865, -75.537683], [40.599863, -75.537667], [40.599866, -75.537655], [40.59987, -75.537647], [40.599876, -75.537639], [40.599883, -75.537635], [40.599894, -75.537633], [40.599906, -75.537633], [40.599918, -75.537637], [40.599933, -75.537643], [40.599955, -75.537654], [40.599973, -75.537661], [40.599999, -75.53768], [40.600011, -75.537702], [40.600019, -75.537729], [40.600021, -75.537774], [40.600035, -75.537821]]}, "2": {"path": [[40.59988, -75.538393], [40.599401, -75.540497], [40.599547, -75.541981]], "green": [[40.599595, -75.541932], [40.599627, -75.541937], [40.599648, -75.541943], [40.599654, -75.541948], [40.599666, -75.541957], [40.599672, -75.541979], [40.599673, -75.542003], [40.599667, -75.54203], [40.599653, -75.542055], [40.599637, -75.542068], [40.59961, -75.54208], [40.59959, -75.542088], [40.599564, -75.542104], [40.599544, -75.542118], [40.599522, -75.542132], [40.599502, -75.542134], [40.599489, -75.542127], [40.599474, -75.542111], [40.599469, -75.542089], [40.599467, -75.542066], [40.599466, -75.542033], [40.599464, -75.541998], [40.59946, -75.541969], [40.599451, -75.541938], [40.599443, -75.541893], [40.599444, -75.541858], [40.599455, -75.541824], [40.599472, -75.541809], [40.599487, -75.541809], [40.599505, -75.541823], [40.599519, -75.541845], [40.59953, -75.541866], [40.599551, -75.541899], [40.599574, -75.541922], [40.599595, -75.541932]]}, "3": {"path": [[40.600045, -75.54299], [40.600131, -75.539592], [40.600625, -75.537257]], "green": [[40.600617, -75.537167], [40.600663, -75.537142], [40.600692, -75.537134], [40.600719, -75.537149], [40.600735, -75.537185], [40.600738, -75.537221], [40.600726, -75.537256], [40.60071, -75.537275], [40.600673, -75.537313], [40.600652, -75.537355], [40.600628, -75.537404], [40.600612, -75.537414], [40.600591, -75.537412], [40.600577, -75.537389], [40.600569, -75.537354], [40.600554, -75.537308], [40.600536, -75.537262], [40.600531, -75.537237], [40.600533, -75.537216], [40.600541, -75.537197], [40.600562, -75.537182], [40.600588, -75.537177], [40.600617, -75.537167]]}, "4": {"path": [[40.600791, -75.538666], [40.600588, -75.541853], [40.600591, -75.543136]], "green": [[40.600644, -75.543097], [40.600663, -75.543111], [40.600679, -75.543129], [40.600685, -75.543155], [40.600683, -75.543178], [40.600671, -75.54322], [40.600658, -75.543261], [40.60065, -75.543286], [40.600636, -75.543308], [40.600617, -75.54332], [40.600596, -75.543317], [40.600581, -75.543306], [40.600567, -75.543288], [40.600561, -75.543261], [40.600557, -75.543228], [40.600554, -75.543194], [40.600547, -75.54316], [40.600531, -75.543124], [40.600517, -75.543098], [40.600507, -75.543068], [40.600508, -75.543036], [40.600513, -75.543011], [40.600521, -75.542991], [40.60053, -75.542978], [40.600541, -75.542972], [40.600555, -75.542974], [40.60057, -75.542981], [40.600586, -75.543005], [40.600601, -75.543042], [40.600612, -75.543064], [40.60063, -75.543086], [40.600644, -75.543097]]}, "5": {"path": [[40.599854, -75.54326], [40.601011, -75.54419]], "green": [[40.600963, -75.544039], [40.600987, -75.544019], [40.601011, -75.544014], [40.601033, -75.544015], [40.601045, -75.544016], [40.601053, -75.54402], [40.601067, -75.544031], [40.601078, -75.544054], [40.601083, -75.544074], [40.601087, -75.544094], [40.601092, -75.544116], [40.601102, -75.544144], [40.60111, -75.544167], [40.601112, -75.544186], [40.60111, -75.544209], [40.601102, -75.54423], [40.601092, -75.544246], [40.601079, -75.544271], [40.601062, -75.544313], [40.601046, -75.54435], [40.601036, -75.544368], [40.601025, -75.544383], [40.601009, -75.544389], [40.600989, -75.544383], [40.600976, -75.544366], [40.600967, -75.544344], [40.600959, -75.544324], [40.600949, -75.544305], [40.600936, -75.544285], [40.600928, -75.544274], [40.600925, -75.544259], [40.60093, -75.544244], [40.600939, -75.544233], [40.600948, -75.544226], [40.600954, -75.544218], [40.600961, -75.544204], [40.600964, -75.544187], [40.600967, -75.544163], [40.600965, -75.544133], [40.600958, -75.544104], [40.600954, -75.544083], [40.600955, -75.54406], [40.600963, -75.544039]]}, "6": {"path": [[40.601126, -75.543403], [40.601269, -75.539686], [40.601184, -75.53765]], "green": [[40.601168, -75.537847], [40.601147, -75.537824], [40.601128, -75.537796], [40.601109, -75.53776], [40.601096, -75.537734], [40.601089, -75.537717], [40.601083, -75.537697], [40.601083, -75.537679], [40.601093, -75.537656], [40.601105, -75.53764], [40.601122, -75.537621], [40.601139, -75.537594], [40.601148, -75.537567], [40.601153, -75.537524], [40.601158, -75.537491], [40.601168, -75.537463], [40.601181, -75.537445], [40.601195, -75.537437], [40.601211, -75.537437], [40.601225, -75.537443], [40.601236, -75.537458], [40.60124, -75.537484], [40.601242, -75.537525], [40.601248, -75.53755], [40.601258, -75.537577], [40.601268, -75.537614], [40.601271, -75.537646], [40.60127, -75.537668], [40.60126, -75.537689], [40.601246, -75.537709], [40.601232, -75.537727], [40.601223, -75.537744], [40.601217, -75.537772], [40.601213, -75.537805], [40.601207, -75.53783], [40.601197, -75.537844], [40.601182, -75.53785], [40.601168, -75.537847]]}, "7": {"path": [[40.602213, -75.53603], [40.601324, -75.534156], [40.600889, -75.532986]], "green": [[40.600959, -75.533034], [40.600958, -75.533062], [40.600957, -75.533106], [40.600951, -75.533125], [40.600938, -75.533136], [40.600921, -75.533139], [40.600902, -75.533132], [40.600887, -75.533115], [40.600872, -75.533087], [40.600857, -75.533054], [40.600841, -75.533023], [40.600814, -75.532989], [40.600793, -75.532962], [40.600775, -75.532929], [40.60077, -75.532897], [40.600778, -75.532867], [40.600795, -75.532848], [40.600814, -75.532838], [40.600835, -75.53284], [40.600856, -75.532854], [40.600885, -75.532877], [40.600919, -75.532896], [40.600937, -75.532909], [40.600951, -75.532928], [40.600961, -75.532949], [40.600964, -75.532971], [40.600964, -75.532992], [40.600962, -75.533013], [40.600959, -75.533034]]}, "8": {"path": [[40.600785, -75.532438], [40.598706, -75.532093], [40.597715, -75.531729]], "green": [[40.597736, -75.531802], [40.597707, -75.531856], [40.597674, -75.531883], [40.597639, -75.531894], [40.597616, -75.531889], [40.597596, -75.531862], [40.597588, -75.531825], [40.597595, -75.531784], [40.597624, -75.531746], [40.597655, -75.531707], [40.597681, -75.531666], [40.597716, -75.531612], [40.59774, -75.531592], [40.597759, -75.531583], [40.597776, -75.531585], [40.597788, -75.5316], [40.597799, -75.531626], [40.597803, -75.531643], [40.597805, -75.531663], [40.597804, -75.531681], [40.597797, -75.531698], [40.597769, -75.531735], [40.597751, -75.531767], [40.597736, -75.531802]]}, "9": {"path": [[40.596944, -75.531422], [40.597689, -75.532972]],