{"holes": {"1": {"path": [[40.649631, -79.879942], [40.648215, -79.881541], [40.647475, -79.882973]], "green": [[40.647582, -79.88289], [40.647577, -79.88293], [40.64757, -79.882957], [40.647561, -79.882991], [40.647551, -79.883029], [40.64753, -79.883076], [40.64752, -79.883096], [40.647511, -79.883112], [40.6475, -79.883125], [40.647486, -79.883139], [40.647476, -79.883149], [40.647463, -79.883158], [40.647444, -79.883161], [40.647432, -79.883155], [40.647419, -79.883136], [40.647409, -79.883117], [40.6474, -79.883096], [40.647395, -79.883078], [40.647392, -79.883057], [40.647389, -79.883035], [40.647387, -79.883007], [40.647385, -79.882976], [40.647385, -79.882951], [40.647389, -79.88292], [40.647394, -79.88289], [40.647401, -79.882863], [40.647408, -79.882847], [40.647422, -79.882831], [40.647436, -79.882818], [40.647458, -79.882801], [40.64748, -79.882792], [40.647504, -79.882787], [40.647532, -79.882792], [40.647551, -79.882802], [40.647563, -79.882823], [40.647571, -79.88284], [40.647579, -79.882866], [40.647582, -79.88289]]}, "2": {"path": [[40.646357, -79.884024], [40.644094, -79.883631], [40.642669, -79.883234], [40.642154, -79.883491]], "green": [[40.642236, -79.8834], [40.642217, -79.883379], [40.642204, -79.883371], [40.642196, -79.883365], [40.642192, -79.883362], [40.642179, -79.883354], [40.642166, -79.883346], [40.642151, -79.883336], [40.642137, -79.883333], [40.642122, -79.883334], [40.642106, -79.883341], [40.642097, -79.883349], [40.642089, -79.883362], [40.642082, -79.883377], [40.642078, -79.883395], [40.642075, -79.883427], [40.642073, -79.883447], [40.642072, -79.883475], [40.642069, -79.883503], [40.642068, -79.883535], [40.64207, -79.883556], [40.642073, -79.883577], [40.642077, -79.883593], [40.642083, -79.88361], [40.642088, -79.88362], [40.642095, -79.883628], [40.642104, -79.883635], [40.642112, -79.883642], [40.64212, -79.883642], [40.64213, -79.883641], [40.64214, -79.883636], [40.64215, -79.883638], [40.64216, -79.883632], [40.642169, -79.88362], [40.64218, -79.883607], [40.64219, -79.883593], [40.642199, -79.883577], [40.642207, -79.883561], [40.642216, -79.883547], [40.642224, -79.883532], [40.642231, -79.883517], [40.642236, -79.883505], [40.642237, -79.8835], [40.642242, -79.88349], [40.642247, -79.883468], [40.642248, -79.88345], [40.642247, -79.883429], [40.642243, -79.883414], [40.642236, -79.8834]]}, "3": {"path": [[40.642797, -79.882222], [40.645167, -79.882584], [40.645943, -79.882463]], "green": [[40.64582, -79.882396], [40.645818, -79.882439], [40.645828, -79.882497], [40.64584, -79.882522], [40.645861, -79.882538], [40.645889, -79.882557], [40.645912, -79.88257], [40.645928, -79.882589], [40.645952, -79.88261], [40.645983, -79.88261], [40.64602, -79.8826], [40.646048, -79.882575], [40.646064, -79.882551], [40.646075, -79.882508], [40.646079, -79.882465], [40.646077, -79.882425], [40.646062, -79.882393], [40.646038, -79.882369], [40.646001, -79.882361], [40.645963, -79.882356], [40.64594, -79.88235], [40.64591, -79.882342], [40.645887, -79.882334], [40.645865, -79.882333], [40.645834, -79.88235], [40.64582, -79.882396]]}, "5": {"path": [[40.643771, -79.881056], [40.644053, -79.881112], [40.644286, -79.880781], [40.645959, -79.87981], [40.646781, -79.878857]], "green": [[40.646653, -79.878985], [40.646644, -79.87895], [40.646646, -79.878905], [40.64666, -79.878881], [40.646681, -79.87885], [40.646695, -79.878833], [40.646715, -79.878804], [40.646729, -79.878783], [40.646742, -79.878757], [40.646753, -79.878748], [40.646765, -79.878734], [40.646781, -79.878714], [40.646797, -79.878704], [40.646812, -79.878693], [40.646828, -79.878693], [40.646845, -79.878693], [40.64686, -79.878695], [40.646875, -79.878702], [40.646886, -79.878721], [40.646896, -79.878741], [40.646903, -79.878764], [40.646904, -79.878783], [40.646902, -79.87881], [40.646894, -79.878831], [40.64688, -79.878849], [40.646865, -79.878865], [40.646855, -79.878882], [40.646841, -79.878902], [40.646839, -79.878919], [40.646831, -79.878939], [40.646813, -79.87896], [40.6468, -79.878978], [40.646784, -79.878994], [40.646768, -79.879004], [40.64675, -79.879011], [40.646734, -79.87902], [40.646716, -79.879022], [40.6467, -79.879019], [40.646679, -79.879004], [40.646664, -79.878997], [40.646653, -79.878985]]}, "6": {"path": [[40.646873, -79.877924], [40.646277, -79.878112], [40.645596, -79.878531]], "green": [[40.645703, -79.878424], [40.645714, -79.878459], [40.645723, -79.878491], [40.645726, -79.878535], [40.645722, -79.878555], [40.645719, -79.878575], [40.645707, -79.878589], [40.645696, -79.878606], [40.645677, -79.878628], [40.645655, -79.878638], [40.645642, -79.878643], [40.645622, -79.878649], [40.645603, -79.878659], [40.645585, -79.878663], [40.645564, -79.878668], [40.645543, -79.878671], [40.645525, -79.878669], [40.645507, -79.878662], [40.645487, -79.878654], [40.645478, -79.878637], [40.645469, -79.878621], [40.645465, -79.8786], [40.645463, -79.878584], [40.645468, -79.878552], [40.645481, -79.878517], [40.645489, -79.8785], [40.645499, -79.878481], [40.645512, -79.878465], [40.645526, -79.878449], [40.645539, -79.87844], [40.645552, -79.878431], [40.64557, -79.878419], [40.645583, -79.87841], [40.645603, -79.878403], [40.645614, -79.8784], [40.645629, -79.878394], [40.645651, -79.878396], [40.645668, -79.878397], [40.645678, -79.878401], [40.645691, -79.878408], [40.645703, -79.878424]]}, "7": {"path": [[40.645031, -79.878478], [40.645283, -79.878087], [40.645595, -79.877927], [40.648027, -79.875105]], "green": [[40.648069, -79.875264], [40.648081, -79.875254], [40.648096, -79.875227], [40.648103, -79.875207], [40.648109, -79.875174], [40.64811, -79.875144], [40.64811, -79.875114], [40.648109, -79.87509], [40.648107, -79.87507], [40.648105, -79.875051], [40.648099, -79.875023], [40.648091, -79.874997], [40.648081, -79.874974], [40.648068, -79.874945], [40.648059, -79.874929], [40.648049, -79.87492], [40.648033, -79.874914], [40.648022, -79.874912], [40.648005, -79.874912], [40.647988, -79.874919], [40.647975, -79.874928], [40.647963, -79.874953], [40.647953, -79.874974], [40.64795, -79.874996], [40.647949, -79.875028], [40.647951, -79.875054], [40.647954, -79.875077], [40.647959, -79.875105], [40.647961, -79.875127], [40.647965, -79.875148], [40.647969, -79.875168], [40.647969, -79.875187], [40.647973, -79.875205], [40.647973, -79.875236], [40.647982, -79.875254], [40.64799, -79.875265], [40.648001, -79.875271], [40.648011, -79.875281], [40.64802, -79.875284], [40.648041, -79.875282], [40.64806, -79.875273], [40.648069, -79.875264]]}, "8": {"path": [[40.648217, -79.874664], [40.64865, -79.87512], [40.649278, -79.876208]], "green": [[40.649226, -79.876066], [40.649242, -79.87606], [40.649254, -79.876054], [40.649275, -79.876049], [40.649285, -79.876048], [40.649297, -79.87605], [40.649308, -79.876055], [40.649321, -79.876062], [40.649331, -79.876069], [40.649341, -79.87608], [40.649351, -79.876092], [40.649358, -79.876105], [40.649363, -79.876112], [40.649366, -79.876126], [40.64937, -79.876139], [40.649369, -79.876151], [40.649369, -79.87617], [40.649368, -79.876184], [40.649365, -79.876201], [40.649364, -79.876219], [40.649361, -79.876236], [40.649358, -79.876255], [40.649355, -79.876271], [40.649348, -79.87629], [40.649343, -79.876308], [40.649341, -79.876317], [40.649334, -79.876328], [40.649328, -79.876343], [40.649322, -79.876355], [40.64931, -79.876369], [40.649298, -79.876376], [40.649283, -79.876385], [40.649275, -79.876384], [40.649258, -79.876385], [40.649248, -79.876385], [40.649232, -79.876377], [40.649222, -79.876365], [40.649217, -79.876353], [40.649209, -79.876338], [40.649197, -79.876315], [40.649195, -79.876293], [40.649191, -79.876275], [40.649185, -79.876257], [40.649177, -79.876239], [40.649173, -79.876218], [40.649166, -79.876193], [40.649163, -79.876164], [40.649164, -79.876138], [40.64917, -79.876108], [40.64918, -79.876091], [40.649191, -79.876077], [40.649201, -79.876072], [40.649226, -79.876066]]},