{"holes": {"3": {"path": [[40.281582, -75.9229], [40.283065, -75.923477], [40.284273, -75.921497]], "green": [[40.284348, -75.921393], [40.284309, -75.921369], [40.284256, -75.92137], [40.284205, -75.921417], [40.284166, -75.921487], [40.284156, -75.921564], [40.284163, -75.921595], [40.284182, -75.921618], [40.284207, -75.921632], [40.284264, -75.921626], [40.284311, -75.921592], [40.284348, -75.921551], [40.28437, -75.921502], [40.284376, -75.921438], [40.284366, -75.921411], [40.284348, -75.921393]]}, "5": {"path": [[40.283125, -75.918665], [40.280354, -75.920865]], "green": [[40.28043, -75.920777], [40.280399, -75.920745], [40.280363, -75.920724], [40.280327, -75.920733], [40.280285, -75.920754], [40.280254, -75.920788], [40.28024, -75.920867], [40.280239, -75.920927], [40.280254, -75.92099], [40.280295, -75.921036], [40.280339, -75.921042], [40.280391, -75.921013], [40.280433, -75.920957], [40.280447, -75.92091], [40.280451, -75.920861], [40.280439, -75.920807], [40.28043, -75.920777]]}, "6": {"path": [[40.279472, -75.921939], [40.278129, -75.920923], [40.277251, -75.920893]], "green": [[40.277355, -75.920859], [40.27735, -75.920831], [40.277333, -75.920809], [40.277303, -75.920792], [40.277264, -75.920794], [40.277205, -75.920807], [40.277161, -75.920816], [40.277132, -75.920843], [40.277109, -75.920873], [40.277095, -75.920922], [40.277104, -75.920973], [40.277133, -75.921], [40.277205, -75.921011], [40.277276, -75.921013], [40.277319, -75.920999], [40.277351, -75.920957], [40.277358, -75.920922], [40.277359, -75.920892], [40.277355, -75.920859]]}, "7": {"path": [[40.276828, -75.920404], [40.276068, -75.920581]], "green": [[40.276114, -75.920514], [40.276067, -75.920497], [40.276019, -75.920496], [40.275993, -75.920502], [40.275954, -75.920526], [40.275939, -75.920566], [40.27594, -75.920605], [40.275964, -75.920638], [40.275997, -75.920659], [40.276057, -75.920683], [40.276109, -75.920691], [40.276144, -75.92068], [40.276169, -75.920654], [40.276176, -75.920605], [40.276171, -75.920568], [40.276152, -75.920534], [40.276137, -75.920523], [40.276114, -75.920514]]}, "8": {"path": [[40.274573, -75.920238], [40.276166, -75.920059], [40.277547, -75.920103], [40.278569, -75.920345]], "green": [[40.278644, -75.920275], [40.278583, -75.920232], [40.278536, -75.920229], [40.278473, -75.920258], [40.278434, -75.920297], [40.278422, -75.920344], [40.278444, -75.920408], [40.278489, -75.920454], [40.278534, -75.920465], [40.278585, -75.92046], [40.278642, -75.920439], [40.278666, -75.920401], [40.278671, -75.920367], [40.278671, -75.920321], [40.278661, -75.9203], [40.278644, -75.920275]]}, "9": {"path": [[40.278511, -75.920715], [40.279639, -75.92142]], "green": [[40.279711, -75.921324], [40.279677, -75.921299], [40.279643, -75.921294], [40.27961, -75.921305], [40.279559, -75.921344], [40.279511, -75.921408], [40.279493, -75.921479], [40.279502, -75.921544], [40.279525, -75.921564], [40.279555, -75.921572], [40.279595, -75.921564], [40.279676, -75.921526], [40.279712, -75.921498], [40.279732, -75.921458], [40.279738, -75.921418], [40.279733, -75.921376], [40.279729, -75.921348], [40.279721, -75.921335], [40.279711, -75.921324]]}, "10": {"path": [[40.279103, -75.918792], [40.277639, -75.918004], [40.276891, -75.918047]], "green": [[40.276994, -75.917963], [40.276961, -75.917933], [40.276919, -75.917927], [40.276854, -75.91794], [40.276808, -75.917963], [40.276758, -75.918017], [40.276738, -75.918062], [40.276731, -75.918108], [40.276742, -75.918154], [40.276765, -75.918185], [40.276818, -75.918195], [40.276895, -75.918172], [40.276949, -75.918134], [40.276987, -75.918087], [40.277, -75.918064], [40.277009, -75.918035], [40.277009, -75.918007], [40.277004, -75.917985], [40.276994, -75.917963]]}, "11": {"path": [[40.27641, -75.9187], [40.275098, -75.919702], [40.273958, -75.919854]], "green": [[40.274061, -75.919775], [40.274033, -75.91974], [40.273987, -75.919716], [40.273954, -75.919717], [40.273912, -75.919732], [40.273881, -75.919757], [40.273859, -75.919788], [40.273844, -75.919856], [40.27384, -75.919896], [40.273843, -75.919934], [40.273862, -75.919972], [40.273893, -75.91999], [40.273933, -75.920006], [40.273986, -75.920004], [40.274044, -75.919971], [40.274062, -75.919933], [40.274077, -75.919859], [40.274075, -75.919812], [40.274061, -75.919775]]}, "12": {"path": [[40.273606, -75.919955], [40.272513, -75.917622], [40.271988, -75.917103]], "green": [[40.272072, -75.917019], [40.272021, -75.916977], [40.271983, -75.916975], [40.271938, -75.916986], [40.271899, -75.91703], [40.271871, -75.917095], [40.271864, -75.917171], [40.271878, -75.917211], [40.271907, -75.917235], [40.271944, -75.917235], [40.271978, -75.91723], [40.272029, -75.917198], [40.272075, -75.917146], [40.27209, -75.917113], [40.272089, -75.917063], [40.272084, -75.917044], [40.272072, -75.917019]]}, "13": {"path": [[40.271621, -75.916585], [40.272783, -75.915102], [40.273581, -75.91442]], "green": [[40.273629, -75.914287], [40.273586, -75.91427], [40.273552, -75.914275], [40.273518, -75.914286], [40.273483, -75.914326], [40.273467, -75.914369], [40.27346, -75.914421], [40.27346, -75.914469], [40.273468, -75.914511], [40.273486, -75.914562], [40.273514, -75.914593], [40.273545, -75.91461], [40.273581, -75.914605], [40.27363, -75.914578], [40.273674, -75.914524], [40.273697, -75.914473], [40.273701, -75.914434], [40.273696, -75.914382], [40.273684, -75.914348], [40.273666, -75.91432], [40.27365, -75.9143], [40.273629, -75.914287]]}, "15": {"path": [[40.275605, -75.913048], [40.278551, -75.910559]], "green": [[40.278624, -75.910456], [40.278589, -75.910437], [40.278522, -75.910452], [40.278458, -75.91051], [40.278424, -75.910562], [40.278416, -75.910611], [40.278425, -75.910653], [40.278454, -75.910685], [40.278504, -75.910691], [40.278561, -75.910679], [40.27862, -75.910639], [40.278648, -75.910594], [40.278656, -75.910537], [40.278652, -75.910502], [40.278643, -75.910473], [40.278624, -75.910456]]}, "16": {"path": [[40.279064, -75.910912], [40.278194, -75.91245], [40.278769, -75.914018]], "green": [[40.278808, -75.913892], [40.278782, -75.913865], [40.278755, -75.913855], [40.278733, -75.913853], [40.278704, -75.913876], [40.278686, -75.913913], [40.278674, -75.913967], [40.278677, -75.914053], [40.278711, -75.914175], [40.278744, -75.914243], [40.278788, -75.914264], [40.278809, -75.914252], [40.278833, -75.914215], [40.278842, -75.914126], [40.278841, -75.914015], [40.278831, -75.913952], [40.278821, -75.913922], [40.278808, -75.913892]]}, "17": {"path": [[40.278311, -75.914132], [40.279662, -75.917409]], "green": [[40.279746, -75.91736], [40.279724, -75.917314], [40.279703, -75.91729], [40.279679, -75.917272], [40.279649, -75.917273], [40.279624, -75.917284], [40.279603, -75.917299], [40.279569, -75.917345], [40.279544, -75.917396], [40.279542, -75.917455], [40.279556, -75.917501], [40.279578, -75.917526], [40.279603, -75.917542], [40.279633, -75.917545], [40.279669, -75.917541], [40.27971, -75.91752], [40.279739, -75.917497], [40.279756, -75.917464], [40.279764, -75.917425], [40.279756, -75.91739], [40.279746, -75.91736]]}}}