{"holes": {"1": {"path": [[40.094334, -75.234898], [40.092395, -75.234295], [40.091652, -75.234266]], "green": [[40.091757, -75.234253], [40.091761, -75.234289], [40.091752, -75.234327], [40.091739, -75.234351], [40.091707, -75.234373], [40.091668, -75.234382], [40.091631, -75.234381], [40.091592, -75.234371], [40.091566, -75.234353], [40.09154, -75.234313], [40.09153, -75.234262], [40.091527, -75.234207], [40.091544, -75.234151], [40.091571, -75.234129], [40.091605, -75.234125], [40.091682, -75.234154], [40.091713, -75.234174], [40.091739, -75.234204], [40.091757, -75.234253]]}, "2": {"path": [[40.091469, -75.234613], [40.087995, -75.233791]], "green": [[40.088101, -75.233836], [40.0881, -75.23387], [40.088075, -75.2339], [40.088017, -75.233926], [40.087977, -75.233917], [40.087945, -75.233892], [40.087913, -75.23386], [40.08789, -75.233811], [40.087891, -75.23376], [40.087901, -75.233663], [40.087915, -75.233642], [40.087932, -75.233639], [40.087997, -75.23366], [40.08801, -75.233673], [40.088059, -75.233763], [40.088096, -75.233804], [40.088101, -75.233836]]}, "3": {"path": [[40.087366, -75.233502], [40.091969, -75.233385]], "green": [[40.092066, -75.233496], [40.092051, -75.233513], [40.092031, -75.233525], [40.091986, -75.233537], [40.091906, -75.233516], [40.091818, -75.233506], [40.091789, -75.23332], [40.09179, -75.233301], [40.091798, -75.233287], [40.091854, -75.233266], [40.092009, -75.233224], [40.09203, -75.233225], [40.092047, -75.23324], [40.092059, -75.233267], [40.092083, -75.233398], [40.092084, -75.233429], [40.092066, -75.233496]]}, "4": {"path": [[40.092468, -75.233871], [40.091996, -75.231421]], "green": [[40.092134, -75.231478], [40.092134, -75.231509], [40.092118, -75.23153], [40.092065, -75.231551], [40.09204, -75.231551], [40.092016, -75.231535], [40.092, -75.231501], [40.091981, -75.231476], [40.09196, -75.231459], [40.091905, -75.231442], [40.091886, -75.231424], [40.091872, -75.231389], [40.091864, -75.231347], [40.091859, -75.231286], [40.09187, -75.231254], [40.091948, -75.231242], [40.092054, -75.231268], [40.092083, -75.231286], [40.092134, -75.231478]]}, "5": {"path": [[40.092409, -75.231265], [40.094065, -75.233465], [40.095758, -75.233301]], "green": [[40.095885, -75.23327], [40.095885, -75.233322], [40.095873, -75.233361], [40.095854, -75.233397], [40.095836, -75.233417], [40.095794, -75.233416], [40.095762, -75.233406], [40.095737, -75.233386], [40.095708, -75.233373], [40.095665, -75.233366], [40.095644, -75.233356], [40.095631, -75.233341], [40.095622, -75.23332], [40.095628, -75.233287], [40.095642, -75.23325], [40.095654, -75.233234], [40.09567, -75.233232], [40.095688, -75.23324], [40.095736, -75.233241], [40.095764, -75.233229], [40.095814, -75.233196], [40.095844, -75.233191], [40.095864, -75.233197], [40.095875, -75.233218], [40.095885, -75.23327]]}, "6": {"path": [[40.096195, -75.232649], [40.09551, -75.236544]], "green": [[40.095605, -75.236436], [40.095599, -75.236527], [40.095581, -75.236623], [40.095571, -75.236654], [40.095556, -75.23667], [40.095533, -75.236674], [40.095476, -75.236665], [40.095426, -75.236638], [40.095406, -75.236618], [40.095396, -75.236593], [40.095396, -75.236557], [40.095422, -75.236499], [40.095461, -75.236444], [40.095506, -75.236412], [40.095549, -75.236394], [40.095579, -75.236401], [40.095605, -75.236436]]}, "7": {"path": [[40.096597, -75.237329], [40.095857, -75.241895]], "green": [[40.095936, -75.241936], [40.095923, -75.242013], [40.095904, -75.242071], [40.095889, -75.242085], [40.095872, -75.242093], [40.095844, -75.242091], [40.095822, -75.242083], [40.095803, -75.242064], [40.095794, -75.242027], [40.095792, -75.241999], [40.095822, -75.241917], [40.095828, -75.241884], [40.095822, -75.24183], [40.095803, -75.241772], [40.095804, -75.241735], [40.09581, -75.241709], [40.095822, -75.241701], [40.095865, -75.241691], [40.095879, -75.241692], [40.095897, -75.24171], [40.095909, -75.241733], [40.095925, -75.241806], [40.095936, -75.241936]]}, "8": {"path": [[40.095106, -75.242609], [40.095786, -75.237535]], "green": [[40.095861, -75.23758], [40.095836, -75.237626], [40.09579, -75.237679], [40.095766, -75.237682], [40.095745, -75.237672], [40.095722, -75.237653], [40.0957, -75.237611], [40.095687, -75.237556], [40.095689, -75.237489], [40.095718, -75.237434], [40.095753, -75.237412], [40.095778, -75.237408], [40.095825, -75.237412], [40.095838, -75.237422], [40.095851, -75.237443], [40.095861, -75.237473], [40.095864, -75.237507], [40.095861, -75.23758]]}, "9": {"path": [[40.095591, -75.236797], [40.094581, -75.236559]], "green": [[40.094663, -75.236582], [40.094647, -75.236621], [40.094616, -75.236645], [40.09458, -75.236653], [40.094541, -75.236649], [40.094513, -75.236635], [40.094503, -75.236613], [40.094496, -75.236568], [40.094503, -75.236523], [40.094515, -75.2365], [40.09453, -75.236483], [40.094574, -75.236467], [40.094595, -75.236467], [40.09463, -75.236481], [40.094645, -75.236499], [40.094665, -75.236542], [40.094663, -75.236582]]}, "10": {"path": [[40.09424, -75.236511], [40.091147, -75.235919]], "green": [[40.091331, -75.235974], [40.091334, -75.236], [40.091328, -75.236035], [40.091309, -75.236044], [40.091286, -75.236042], [40.091247, -75.23604], [40.091061, -75.235997], [40.091021, -75.235973], [40.09101, -75.235958], [40.091, -75.235926], [40.090997, -75.235874], [40.091, -75.235847], [40.091006, -75.235822], [40.091035, -75.235768], [40.091043, -75.235756], [40.091058, -75.235749], [40.091166, -75.235793], [40.091227, -75.235884], [40.091331, -75.235974]]}, "11": {"path": [[40.091005, -75.236138], [40.088413, -75.235267], [40.086925, -75.235185]], "green": [[40.087041, -75.235154], [40.087041, -75.235201], [40.087021, -75.235231], [40.086987, -75.235244], [40.086907, -75.235346], [40.086878, -75.235338], [40.086854, -75.235312], [40.086829, -75.235276], [40.086815, -75.235246], [40.086812, -75.235207], [40.086824, -75.23514], [40.08684, -75.235093], [40.086876, -75.235045], [40.086913, -75.235033], [40.087011, -75.235043], [40.08703, -75.235086], [40.087041, -75.235154]]}, "12": {"path": [[40.08667, -75.234852], [40.087316, -75.233182]], "green": [[40.087402, -75.233198], [40.087376, -75.23326], [40.087356, -75.233286], [40.087331, -75.233305], [40.087291, -75.233321], [40.08727, -75.233316], [40.087253, -75.233302], [40.087228, -75.233271], [40.087196, -75.233206], [40.087193, -75.233177], [40.087207, -75.233155], [40.087232, -75.23313], [40.087313, -75.233067], [40.087333, -75.233044], [40.087353, -75.23304], [40.087371, -75.233051], [40.087385, -75.233071], [40.087407, -75.23311], [40.087412, -75.233128], [40.087402, -75.233198]]}, "13": {"path": [[40.086732, -75.232243], [40.08878, -75.231687], [40.089645, -75.232072]], "green": [[40.089742, -75.232146], [40.089728, -75.232167], [40.089692, -75.23218], [40.089642, -75.232169], [40.089596, -75.232147], [40.089538, -75.232102], [40.089523, -75.232087], [40.089519, -75.232068], [40.089523, -75.232044], [40.089532, -75.232028], [40.089549, -75.232014], [40.08959, -75.232], [40.089633, -75.231978], [40.089683, -75.231968], [40.089736, -75.231989], [40.089765, -75.232015], [40.089768, -75.232029], [40.089763, -75.232082], [40.089742, -75.232146]]}, "14": {"path": [[40.08914, -75.231007], [40.091712, -75.232862]], "green": [[40.091809, -75.232948], [40.091809, -75.232988], [40.091801, -75.233014], [40.091785, -75.233031], [40.091756, -75.23302], [40.091728, -75.232984], [40.091648, -75.232916], [40.091615, -75.232865], [40.091594, -75.232796], [40.091588, -75.23273], [40.091607, -75.232696], [40.09164, -75.232683], [40.091667, -75.232687], [40.09169, -75.232709], [40.091712, -75.232758], [40.091769, -75.232843], [40.091798, -75.232903], [40.091809, -75.232948]]}, "15": {"path": [[40.091609, -75.233155], [40.089298, -75.232573], [40.088195, -75.232882]],