{"holes": {"1": {"path": [[39.969746, -75.283487], [39.968602, -75.281668], [39.968115, -75.281347]], "green": [[39.968211, -75.281419], [39.968203, -75.281445], [39.968188, -75.281453], [39.96817, -75.28146], [39.968136, -75.281456], [39.968107, -75.28145], [39.968074, -75.281437], [39.968045, -75.281419], [39.96802, -75.281402], [39.967995, -75.281371], [39.967981, -75.281333], [39.967978, -75.281299], [39.96799, -75.281258], [39.968006, -75.281233], [39.968024, -75.281219], [39.968052, -75.28121], [39.968084, -75.281218], [39.968128, -75.28124], [39.968155, -75.281264], [39.968178, -75.281281], [39.968201, -75.281312], [39.968205, -75.281323], [39.968211, -75.28134], [39.968214, -75.281361], [39.968215, -75.281388], [39.968211, -75.281419]]}, "2": {"path": [[39.968487, -75.280462], [39.969275, -75.278635]], "green": [[39.969361, -75.278637], [39.969354, -75.278655], [39.969337, -75.278669], [39.969315, -75.278685], [39.969291, -75.278705], [39.969266, -75.278723], [39.969245, -75.278734], [39.969228, -75.278739], [39.969214, -75.278732], [39.969194, -75.278705], [39.969179, -75.278673], [39.969176, -75.278644], [39.969181, -75.278609], [39.969193, -75.278581], [39.969207, -75.278555], [39.969226, -75.278549], [39.969261, -75.278549], [39.969298, -75.278552], [39.969317, -75.278558], [39.969334, -75.278565], [39.969346, -75.278578], [39.969356, -75.278593], [39.969362, -75.278613], [39.969361, -75.278637]]}, "3": {"path": [[39.969899, -75.278116], [39.968903, -75.280529]], "green": [[39.968943, -75.280627], [39.968961, -75.28056], [39.968965, -75.280513], [39.968965, -75.280473], [39.968955, -75.280428], [39.968942, -75.280418], [39.968935, -75.280412], [39.968919, -75.280411], [39.968911, -75.280415], [39.968896, -75.280423], [39.968873, -75.280438], [39.968848, -75.280468], [39.968827, -75.280502], [39.96882, -75.280563], [39.968824, -75.280593], [39.968842, -75.28063], [39.96887, -75.280649], [39.96889, -75.280659], [39.968913, -75.280657], [39.968929, -75.280652], [39.968943, -75.280627]]}, "4": {"path": [[39.968495, -75.2809], [39.970347, -75.280982]], "green": [[39.97041, -75.280932], [39.970426, -75.28097], [39.970436, -75.280997], [39.970439, -75.281023], [39.970435, -75.281052], [39.970422, -75.28108], [39.970408, -75.281097], [39.970386, -75.281106], [39.970359, -75.281104], [39.970338, -75.281087], [39.970315, -75.281079], [39.970287, -75.281061], [39.970266, -75.281051], [39.970244, -75.281008], [39.970234, -75.280972], [39.970236, -75.280921], [39.970245, -75.280887], [39.970267, -75.280874], [39.970293, -75.280884], [39.970322, -75.280886], [39.970349, -75.280881], [39.970368, -75.280881], [39.970382, -75.280891], [39.970392, -75.280904], [39.97041, -75.280932]]}, "5": {"path": [[39.97029, -75.280436], [39.970329, -75.27796], [39.970117, -75.277329]], "green": [[39.970187, -75.277273], [39.970195, -75.277323], [39.970204, -75.277371], [39.970215, -75.27741], [39.970214, -75.277429], [39.970202, -75.277461], [39.970184, -75.277484], [39.97016, -75.277497], [39.970138, -75.277493], [39.97011, -75.277473], [39.970078, -75.277441], [39.970041, -75.277398], [39.970016, -75.277355], [39.969999, -75.277319], [39.969994, -75.277278], [39.970002, -75.277229], [39.97002, -75.277197], [39.970045, -75.277185], [39.970076, -75.277182], [39.970098, -75.277186], [39.970123, -75.277194], [39.970147, -75.277211], [39.970167, -75.277237], [39.970187, -75.277273]]}, "6": {"path": [[39.969857, -75.277847], [39.96944, -75.276842]], "green": [[39.969495, -75.276815], [39.969508, -75.276856], [39.969509, -75.276893], [39.969505, -75.276922], [39.969493, -75.27695], [39.969479, -75.276962], [39.969459, -75.276964], [39.969427, -75.276957], [39.969399, -75.27694], [39.969377, -75.276913], [39.969363, -75.276856], [39.969361, -75.27682], [39.969366, -75.276786], [39.969375, -75.276761], [39.969392, -75.276739], [39.969409, -75.276732], [39.969432, -75.276732], [39.96945, -75.276739], [39.969467, -75.276753], [39.969482, -75.276778], [39.969495, -75.276815]]}, "7": {"path": [[39.970257, -75.277183], [39.971536, -75.279036], [39.971792, -75.280237]], "green": [[39.971829, -75.280146], [39.971845, -75.280187], [39.971858, -75.280223], [39.971868, -75.280257], [39.971879, -75.280283], [39.971883, -75.280311], [39.971881, -75.280343], [39.971865, -75.280364], [39.971847, -75.280371], [39.971827, -75.280374], [39.971804, -75.280376], [39.971778, -75.28038], [39.971757, -75.280374], [39.971743, -75.280365], [39.971731, -75.280347], [39.971723, -75.280327], [39.971722, -75.2803], [39.971725, -75.280264], [39.971725, -75.280218], [39.971722, -75.280179], [39.971721, -75.280139], [39.97173, -75.280112], [39.97174, -75.280083], [39.971754, -75.280069], [39.971776, -75.280067], [39.971792, -75.280072], [39.971802, -75.28009], [39.971818, -75.280118], [39.971829, -75.280146]]}, "8": {"path": [[39.972079, -75.279641], [39.973392, -75.281066], [39.973987, -75.281376]], "green": [[39.974063, -75.281348], [39.974064, -75.281376], [39.974057, -75.281395], [39.974045, -75.281414], [39.97403, -75.281431], [39.974017, -75.281444], [39.973998, -75.281459], [39.973982, -75.281468], [39.973967, -75.28147], [39.973952, -75.281472], [39.973942, -75.281467], [39.973929, -75.281452], [39.973917, -75.281435], [39.973908, -75.28141], [39.973901, -75.281382], [39.9739, -75.281363], [39.973903, -75.281341], [39.973914, -75.281326], [39.973931, -75.281313], [39.973957, -75.281301], [39.973982, -75.281293], [39.974003, -75.281287], [39.974018, -75.281286], [39.974034, -75.281292], [39.974045, -75.2813], [39.974054, -75.281314], [39.974058, -75.281329], [39.974063, -75.281348]]}, "9": {"path": [[39.974285, -75.281405], [39.973422, -75.282148]], "green": [[39.973521, -75.282122], [39.973521, -75.282149], [39.973513, -75.282182], [39.973501, -75.282202], [39.973486, -75.282219], [39.97346, -75.282236], [39.973435, -75.282248], [39.973405, -75.282256], [39.973378, -75.282254], [39.973351, -75.282245], [39.973331, -75.282226], [39.973315, -75.282205], [39.973304, -75.282176], [39.973301, -75.28214], [39.97331, -75.282114], [39.973322, -75.282098], [39.97335, -75.282084], [39.973387, -75.282066], [39.973415, -75.282056], [39.973446, -75.282043], [39.973471, -75.282041], [39.973492, -75.282054], [39.973507, -75.28207], [39.973514, -75.282088], [39.973521, -75.282122]]}, "10": {"path": [[39.973622, -75.282907], [39.972585, -75.281306], [39.972246, -75.280323]], "green": [[39.972314, -75.28027], [39.972328, -75.280296], [39.972337, -75.280329], [39.972337, -75.280367], [39.97233, -75.280391], [39.972323, -75.280418], [39.972304, -75.280436], [39.972282, -75.280442], [39.972246, -75.280444], [39.972223, -75.280434], [39.972199, -75.280421], [39.972173, -75.280406], [39.972152, -75.280379], [39.97214, -75.28035], [39.972143, -75.280319], [39.97215, -75.280278], [39.972164, -75.280244], [39.972177, -75.280226], [39.972201, -75.280211], [39.972226, -75.28021], [39.972245, -75.280216], [39.972266, -75.280221], [39.972282, -75.280236], [39.972298, -75.28025], [39.972314, -75.28027]]}, "11": {"path": [[39.972027, -75.280246], [39.9716, -75.28193]], "green": [[39.971655, -75.281837], [39.971655, -75.281879], [39.97165, -75.28192], [39.971651, -75.281957], [39.971655, -75.281989], [39.971655, -75.282023], [39.971652, -75.282047], [39.971638, -75.282075], [39.971623, -75.282091], [39.971601, -75.282098], [39.971583, -75.282101], [39.971561, -75.282095], [39.971548, -75.282081], [39.971538, -75.282051], [39.97154, -75.282015], [39.971544, -75.281978], [39.971548, -75.281941], [39.971543, -75.281905], [39.971537, -75.281873], [39.97154, -75.28185], [39.97155, -75.281824], [39.971567, -75.281797], [39.971583, -75.281783], [39.971599, -75.281775], [39.971615, -75.281772], [39.971628, -75.281777], [39.971641, -75.281788], [39.971648, -75.281807], [39.971655, -75.281837]]}, "12": {"path": [[39.971871, -75.281784], [39.972364, -75.283648], [39.97283, -75.284119]],