{"holes": {"1": {"path": [[41.910409, -79.154619], [41.90994, -79.159022]], "green": [[41.909974, -79.158923], [41.909933, -79.158904], [41.909908, -79.158915], [41.909894, -79.158926], [41.909878, -79.158943], [41.909855, -79.159001], [41.909855, -79.159074], [41.909863, -79.159109], [41.909877, -79.159144], [41.909896, -79.159161], [41.909922, -79.159163], [41.909944, -79.159148], [41.909971, -79.159116], [41.909991, -79.159087], [41.910004, -79.159059], [41.91001, -79.159024], [41.910008, -79.158998], [41.910003, -79.158968], [41.909996, -79.158948], [41.909986, -79.158936], [41.909974, -79.158923]]}, "2": {"path": [[41.909482, -79.159024], [41.910194, -79.160625]], "green": [[41.910168, -79.160489], [41.910195, -79.160504], [41.910218, -79.160519], [41.910243, -79.160541], [41.910264, -79.16057], [41.910276, -79.160605], [41.91028, -79.160647], [41.91028, -79.160687], [41.910274, -79.160728], [41.910262, -79.160759], [41.91024, -79.16078], [41.910214, -79.16078], [41.910198, -79.160773], [41.910172, -79.160759], [41.910152, -79.16072], [41.910143, -79.160675], [41.91013, -79.160646], [41.910112, -79.160606], [41.910108, -79.160569], [41.910109, -79.160534], [41.910125, -79.160504], [41.910141, -79.160492], [41.910168, -79.160489]]}, "3": {"path": [[41.910447, -79.160455], [41.912332, -79.158798], [41.913456, -79.158243], [41.914235, -79.158061]], "green": [[41.914126, -79.158092], [41.914136, -79.158115], [41.914158, -79.158131], [41.91419, -79.158138], [41.914262, -79.158148], [41.914296, -79.158153], [41.914317, -79.158153], [41.914344, -79.158137], [41.91436, -79.15811], [41.914365, -79.15809], [41.914369, -79.158066], [41.914365, -79.158034], [41.914351, -79.158], [41.914324, -79.157976], [41.914281, -79.157969], [41.914245, -79.157971], [41.914207, -79.157973], [41.914173, -79.157976], [41.914144, -79.157985], [41.91413, -79.157997], [41.914121, -79.158023], [41.914118, -79.158057], [41.914121, -79.158076], [41.914126, -79.158092]]}, "4": {"path": [[41.91398, -79.157459], [41.915841, -79.158053], [41.916856, -79.158495]], "green": [[41.916913, -79.158384], [41.916944, -79.15841], [41.916973, -79.158453], [41.916985, -79.158502], [41.916979, -79.158563], [41.916951, -79.158595], [41.916921, -79.158616], [41.916875, -79.158616], [41.916822, -79.158603], [41.916779, -79.158585], [41.916759, -79.158564], [41.916733, -79.158525], [41.916727, -79.158484], [41.916733, -79.15845], [41.916754, -79.158405], [41.916798, -79.158386], [41.916847, -79.158379], [41.916913, -79.158384]]}, "5": {"path": [[41.917428, -79.158798], [41.916737, -79.157605]], "green": [[41.916738, -79.15747], [41.91677, -79.15747], [41.916792, -79.157484], [41.916805, -79.157505], [41.916818, -79.157528], [41.916827, -79.157566], [41.916829, -79.157607], [41.916828, -79.157654], [41.916821, -79.157695], [41.916809, -79.157709], [41.916804, -79.157723], [41.916786, -79.157743], [41.916753, -79.157755], [41.916726, -79.157745], [41.916692, -79.157729], [41.916673, -79.15772], [41.916651, -79.157689], [41.916635, -79.157644], [41.916632, -79.157606], [41.916635, -79.157575], [41.916646, -79.157541], [41.916658, -79.157513], [41.91667, -79.157503], [41.9167, -79.157482], [41.916738, -79.15747]]}, "6": {"path": [[41.916497, -79.157087], [41.91468, -79.157024], [41.913011, -79.155706]], "green": [[41.913102, -79.155769], [41.913098, -79.155736], [41.913093, -79.155707], [41.913087, -79.15568], [41.913074, -79.155658], [41.913051, -79.155625], [41.913024, -79.155603], [41.913008, -79.155592], [41.912983, -79.155589], [41.912962, -79.155592], [41.912943, -79.155602], [41.912925, -79.155621], [41.912913, -79.15564], [41.912905, -79.155655], [41.912903, -79.155676], [41.912906, -79.155695], [41.912917, -79.155718], [41.912946, -79.15575], [41.912976, -79.15578], [41.913012, -79.155815], [41.913035, -79.155824], [41.913057, -79.155826], [41.913072, -79.155823], [41.913087, -79.15581], [41.913095, -79.155794], [41.913102, -79.155769]]}, "7": {"path": [[41.912275, -79.155179], [41.913225, -79.156714]], "green": [[41.913171, -79.156608], [41.913207, -79.156594], [41.913235, -79.156595], [41.913263, -79.1566], [41.91329, -79.156615], [41.913307, -79.156638], [41.91332, -79.156661], [41.913328, -79.156706], [41.913328, -79.156729], [41.913324, -79.156752], [41.913313, -79.156786], [41.913298, -79.156808], [41.913281, -79.156824], [41.913261, -79.156834], [41.913241, -79.156835], [41.913224, -79.15683], [41.913207, -79.15682], [41.913174, -79.156798], [41.91314, -79.156775], [41.913128, -79.156756], [41.913121, -79.156736], [41.913117, -79.156711], [41.913119, -79.156685], [41.913129, -79.156647], [41.913143, -79.15662], [41.913171, -79.156608]]}, "8": {"path": [[41.913479, -79.157015], [41.911603, -79.157697], [41.910853, -79.158581]], "green": [[41.910782, -79.158499], [41.910812, -79.15847], [41.910832, -79.158457], [41.910852, -79.158455], [41.910878, -79.158457], [41.910897, -79.158464], [41.910919, -79.158482], [41.910938, -79.158507], [41.910945, -79.158531], [41.910951, -79.158562], [41.910948, -79.158604], [41.910942, -79.158641], [41.91093, -79.158675], [41.910917, -79.158701], [41.910887, -79.158724], [41.910855, -79.158735], [41.910823, -79.158732], [41.910793, -79.1587], [41.910771, -79.158672], [41.910758, -79.158642], [41.910752, -79.158614], [41.910752, -79.158581], [41.910759, -79.15854], [41.910782, -79.158499]]}, "9": {"path": [[41.910021, -79.159595], [41.91129, -79.156609], [41.911788, -79.154454]], "green": [[41.911859, -79.154553], [41.911879, -79.154504], [41.911885, -79.154454], [41.911881, -79.154405], [41.911868, -79.154357], [41.911843, -79.15432], [41.911818, -79.154298], [41.911788, -79.154295], [41.911755, -79.154303], [41.911733, -79.154319], [41.911714, -79.154341], [41.911702, -79.154381], [41.911694, -79.154415], [41.911689, -79.154453], [41.911694, -79.154506], [41.911715, -79.154553], [41.911738, -79.154583], [41.911768, -79.154597], [41.911792, -79.154604], [41.91182, -79.154602], [41.911841, -79.154586], [41.911859, -79.154553]]}, "14": {"path": [[41.912156, -79.15464], [41.915794, -79.155668]], "green": [[41.915741, -79.155538], [41.915767, -79.155524], [41.915793, -79.155515], [41.915822, -79.155529], [41.915835, -79.155541], [41.915851, -79.155559], [41.91587, -79.155618], [41.915886, -79.155672], [41.915891, -79.155713], [41.915884, -79.155754], [41.915867, -79.155786], [41.915832, -79.155809], [41.915804, -79.155821], [41.915786, -79.155814], [41.915772, -79.1558], [41.915764, -79.155784], [41.915757, -79.155765], [41.915751, -79.155742], [41.91575, -79.15572], [41.915754, -79.155697], [41.915751, -79.155666], [41.915732, -79.155629], [41.915723, -79.155607], [41.915725, -79.155562], [41.915741, -79.155538]]}, "15": {"path": [[41.916804, -79.155358], [41.9135, -79.154021], [41.912402, -79.153791]], "green": [[41.912337, -79.153879], [41.91235, -79.153886], [41.912369, -79.15389], [41.912408, -79.153889], [41.912436, -79.153884], [41.912465, -79.153875], [41.912484, -79.153861], [41.912502, -79.153839], [41.912513, -79.15382], [41.912517, -79.153796], [41.912517, -79.15378], [41.91251, -79.153758], [41.912499, -79.153738], [41.912489, -79.153726], [41.91246, -79.153709], [41.912428, -79.153695], [41.91241, -79.153687], [41.912394, -79.153687], [41.91238, -79.15369], [41.91236, -79.153696], [41.912347, -79.153705], [41.912333, -79.15372], [41.912321, -79.153737], [41.912314, -79.153752], [41.91231, -79.153779], [41.912309, -79.153804], [41.912312, -79.153831], [41.91232, -79.153858], [41.912328, -79.15387], [41.912337, -79.153879]]}, "16": {"path": [[41.91163, -79.153548], [41.911776, -79.151561]],