{"holes": {"1": {"path": [[39.998853, -75.481032], [40.001009, -75.479748], [40.001738, -75.478655]], "green": [[40.001871, -75.478587], [40.001853, -75.478563], [40.00183, -75.478548], [40.001767, -75.478549], [40.001708, -75.47855], [40.001666, -75.478551], [40.00163, -75.478559], [40.001609, -75.478575], [40.001598, -75.478603], [40.001592, -75.478636], [40.001592, -75.478667], [40.001599, -75.4787], [40.001614, -75.478728], [40.001638, -75.478751], [40.001657, -75.478764], [40.00168, -75.478771], [40.001725, -75.478772], [40.001773, -75.478767], [40.001815, -75.478758], [40.00185, -75.478737], [40.00187, -75.478711], [40.001882, -75.47868], [40.001884, -75.478648], [40.00188, -75.478617], [40.001871, -75.478587]]}, "2": {"path": [[40.001625, -75.479395], [40.003339, -75.478991], [40.004416, -75.478017], [40.005014, -75.478187]], "green": [[40.005116, -75.478158], [40.005081, -75.478137], [40.005039, -75.478112], [40.005006, -75.478081], [40.004968, -75.478051], [40.004934, -75.478048], [40.004905, -75.478063], [40.004888, -75.478084], [40.004879, -75.478104], [40.004878, -75.478123], [40.004878, -75.478149], [40.00489, -75.478182], [40.004914, -75.47823], [40.004933, -75.478264], [40.004955, -75.47829], [40.004983, -75.478309], [40.005015, -75.478312], [40.005061, -75.478309], [40.005095, -75.478301], [40.00512, -75.478287], [40.005138, -75.478267], [40.005145, -75.478246], [40.005148, -75.478225], [40.005144, -75.478202], [40.005136, -75.478179], [40.005116, -75.478158]]}, "3": {"path": [[40.005703, -75.478383], [40.003812, -75.479434]], "green": [[40.0038, -75.479302], [40.003769, -75.479322], [40.003742, -75.47935], [40.003722, -75.479389], [40.00371, -75.479424], [40.003702, -75.479459], [40.0037, -75.479505], [40.003702, -75.479547], [40.003714, -75.47958], [40.003729, -75.479597], [40.00375, -75.479607], [40.003772, -75.479605], [40.003804, -75.479592], [40.003837, -75.479568], [40.003872, -75.479539], [40.003895, -75.479513], [40.003915, -75.47948], [40.003932, -75.479439], [40.003937, -75.479394], [40.003932, -75.479346], [40.003919, -75.479309], [40.003902, -75.479284], [40.003875, -75.479277], [40.003849, -75.479277], [40.003826, -75.479287], [40.0038, -75.479302]]}, "4": {"path": [[40.003762, -75.479899], [40.005687, -75.479684], [40.006195, -75.479776], [40.006907, -75.480124]], "green": [[40.006953, -75.479983], [40.006932, -75.479983], [40.006909, -75.480001], [40.006894, -75.480015], [40.006879, -75.480038], [40.006865, -75.480064], [40.006852, -75.480084], [40.006838, -75.4801], [40.006816, -75.480126], [40.006793, -75.480147], [40.006771, -75.480173], [40.006763, -75.480196], [40.006762, -75.480219], [40.006763, -75.48024], [40.006769, -75.48026], [40.006782, -75.480277], [40.0068, -75.480287], [40.006824, -75.48029], [40.006855, -75.480283], [40.006888, -75.48027], [40.00693, -75.480248], [40.006972, -75.480217], [40.00701, -75.480179], [40.007044, -75.480136], [40.007059, -75.480108], [40.007068, -75.480079], [40.007067, -75.480052], [40.007061, -75.480032], [40.00705, -75.480018], [40.007031, -75.480005], [40.007008, -75.479995], [40.006978, -75.479988], [40.006953, -75.479983]]}, "5": {"path": [[40.007018, -75.480488], [40.008606, -75.479631], [40.009628, -75.478645], [40.010523, -75.479164]], "green": [[40.010594, -75.479034], [40.010549, -75.479042], [40.0105, -75.479055], [40.010462, -75.47907], [40.010445, -75.479086], [40.010423, -75.479116], [40.010412, -75.479141], [40.010404, -75.479176], [40.010399, -75.479202], [40.010401, -75.479233], [40.01041, -75.479255], [40.010427, -75.479274], [40.010449, -75.47929], [40.010479, -75.479294], [40.010514, -75.479296], [40.010548, -75.479287], [40.01059, -75.479267], [40.010619, -75.47924], [40.010638, -75.479212], [40.010649, -75.479169], [40.010654, -75.479128], [40.010653, -75.479096], [40.010643, -75.479064], [40.010625, -75.479042], [40.010594, -75.479034]]}, "6": {"path": [[40.010735, -75.479505], [40.008696, -75.480423], [40.008191, -75.480533], [40.006453, -75.48141]], "green": [[40.006528, -75.481324], [40.006505, -75.481318], [40.006472, -75.481315], [40.006447, -75.48132], [40.006418, -75.481329], [40.006387, -75.481332], [40.00635, -75.48133], [40.006327, -75.481331], [40.006311, -75.48134], [40.006301, -75.481358], [40.006295, -75.48138], [40.006295, -75.481406], [40.006304, -75.481433], [40.006324, -75.481465], [40.00635, -75.481497], [40.00637, -75.481517], [40.006389, -75.481525], [40.006419, -75.481527], [40.006449, -75.481525], [40.006475, -75.481517], [40.006511, -75.481508], [40.006539, -75.481501], [40.006563, -75.481496], [40.00658, -75.48148], [40.006591, -75.481456], [40.006597, -75.481436], [40.006595, -75.481413], [40.006585, -75.48139], [40.006573, -75.481368], [40.00656, -75.481347], [40.006546, -75.481328], [40.006528, -75.481324]]}, "7": {"path": [[40.006273, -75.480975], [40.004189, -75.481064], [40.003547, -75.48093]], "green": [[40.003633, -75.480826], [40.003617, -75.480797], [40.003597, -75.480773], [40.003574, -75.480755], [40.003545, -75.480742], [40.003519, -75.480749], [40.003499, -75.480769], [40.003477, -75.480793], [40.003455, -75.480842], [40.003441, -75.480873], [40.003429, -75.480907], [40.003427, -75.480946], [40.003431, -75.480982], [40.00344, -75.481015], [40.003451, -75.481043], [40.003468, -75.481066], [40.0035, -75.48109], [40.003529, -75.481103], [40.003549, -75.481109], [40.003565, -75.481104], [40.003581, -75.481089], [40.003591, -75.481072], [40.003599, -75.481049], [40.003603, -75.481013], [40.003612, -75.480984], [40.003628, -75.480952], [40.003637, -75.480931], [40.003642, -75.480905], [40.003642, -75.480877], [40.003639, -75.480848], [40.003633, -75.480826]]}, "8": {"path": [[40.003811, -75.480208], [40.002487, -75.479844]], "green": [[40.002501, -75.479908], [40.00252, -75.479916], [40.002541, -75.479928], [40.002562, -75.479939], [40.00258, -75.479943], [40.002597, -75.479938], [40.002612, -75.479921], [40.002619, -75.479901], [40.002621, -75.479884], [40.002621, -75.479865], [40.002613, -75.479841], [40.0026, -75.479817], [40.002581, -75.4798], [40.002554, -75.479784], [40.002523, -75.479764], [40.002491, -75.479747], [40.002467, -75.479732], [40.002444, -75.47972], [40.002422, -75.479716], [40.002402, -75.479724], [40.00239, -75.479741], [40.002384, -75.479759], [40.002381, -75.479775], [40.00238, -75.479795], [40.002381, -75.479813], [40.002384, -75.479832], [40.00239, -75.479849], [40.002396, -75.479862], [40.002405, -75.479876], [40.002412, -75.479885], [40.00242, -75.479892], [40.002427, -75.479895], [40.002452, -75.479896], [40.00247, -75.479899], [40.002486, -75.479904], [40.002501, -75.479908]]}, "9": {"path": [[40.002402, -75.479522], [40.000941, -75.480987], [39.999296, -75.48179]], "green": [[39.999381, -75.481774], [39.999396, -75.481759], [39.999406, -75.481736], [39.999416, -75.481702], [39.999415, -75.48167], [39.999403, -75.48163], [39.999384, -75.481589], [39.999365, -75.481563], [39.999341, -75.481549], [39.999314, -75.48155], [39.999288, -75.481563], [39.999262, -75.481586], [39.999241, -75.481623], [39.999224, -75.481663], [39.999213, -75.481699], [39.999206, -75.481737], [39.999205, -75.481783], [39.999207, -75.481817], [39.999208, -75.481839], [39.999208, -75.481865], [39.999206, -75.481892], [39.999205, -75.481914], [39.999209, -75.481932], [39.999218, -75.48195], [39.999231, -75.481967], [39.999244, -75.481976], [39.999264, -75.481983], [39.999282, -75.48198], [39.999294, -75.481972], [39.999305, -75.481959], [39.999313, -75.481944], [39.999321, -75.481925], [39.999323, -75.481889], [39.999326, -75.481847], [39.999333, -75.481821], [39.999348, -75.4818], [39.999363, -75.481785], [39.999381, -75.481774]]}, "10": {"path": [[39.99909, -75.483256], [40.001595, -75.482349], [40.002112, -75.481523]],