{"holes": {"1": {"path": [[40.129235, -75.17544], [40.127434, -75.176513], [40.126378, -75.176855]], "green": [[40.126529, -75.176843], [40.126532, -75.176865], [40.126534, -75.176884], [40.12653, -75.176904], [40.126525, -75.176919], [40.126514, -75.176932], [40.126496, -75.176948], [40.126484, -75.176955], [40.12647, -75.176959], [40.126453, -75.176963], [40.126418, -75.176968], [40.12639, -75.17697], [40.126369, -75.176972], [40.12636, -75.176973], [40.126349, -75.176974], [40.126326, -75.176979], [40.12631, -75.176981], [40.126294, -75.17698], [40.126284, -75.176974], [40.126272, -75.176965], [40.126254, -75.176947], [40.126244, -75.176927], [40.126234, -75.176902], [40.126228, -75.176878], [40.126225, -75.176853], [40.126224, -75.176819], [40.126226, -75.176798], [40.12623, -75.17678], [40.126238, -75.176764], [40.126249, -75.17675], [40.126259, -75.176744], [40.126274, -75.17674], [40.126293, -75.176739], [40.12631, -75.176745], [40.126323, -75.17675], [40.126336, -75.176756], [40.126351, -75.176765], [40.126367, -75.176773], [40.12638, -75.176777], [40.126393, -75.176778], [40.126419, -75.176776], [40.126441, -75.176774], [40.126467, -75.176766], [40.126474, -75.176765], [40.126484, -75.176767], [40.126493, -75.176774], [40.126504, -75.176787], [40.126514, -75.176802], [40.126521, -75.176817], [40.126529, -75.176843]]}, "2": {"path": [[40.125945, -75.17632], [40.125924, -75.179128], [40.125143, -75.18016]], "green": [[40.125198, -75.180191], [40.125192, -75.180208], [40.125186, -75.180233], [40.125179, -75.180254], [40.125164, -75.18028], [40.125152, -75.180294], [40.125139, -75.180306], [40.125126, -75.180313], [40.12511, -75.180315], [40.125092, -75.180313], [40.125075, -75.180306], [40.125061, -75.180294], [40.125045, -75.180272], [40.125038, -75.18025], [40.125034, -75.180226], [40.125033, -75.180202], [40.125037, -75.180176], [40.125053, -75.180127], [40.125065, -75.180094], [40.125078, -75.180066], [40.125092, -75.180043], [40.125106, -75.180026], [40.125127, -75.180012], [40.125155, -75.179998], [40.125179, -75.179993], [40.125201, -75.179997], [40.125215, -75.180006], [40.125225, -75.180019], [40.125231, -75.180037], [40.125235, -75.180063], [40.125234, -75.180084], [40.125231, -75.180104], [40.125223, -75.180132], [40.125215, -75.180154], [40.125206, -75.180173], [40.125198, -75.180191]]}, "3": {"path": [[40.1248, -75.18137], [40.12693, -75.179167], [40.12773, -75.178189]], "green": [[40.127832, -75.178204], [40.127819, -75.178231], [40.127806, -75.178253], [40.127791, -75.178273], [40.127777, -75.178287], [40.127761, -75.178299], [40.127742, -75.178311], [40.127722, -75.178322], [40.127707, -75.17833], [40.127694, -75.178334], [40.127684, -75.178334], [40.127662, -75.178328], [40.12764, -75.178314], [40.127624, -75.178297], [40.127615, -75.178283], [40.127611, -75.17827], [40.127612, -75.178247], [40.127617, -75.178203], [40.127628, -75.178161], [40.127639, -75.17813], [40.127662, -75.178082], [40.127689, -75.178041], [40.127707, -75.178023], [40.127723, -75.178013], [40.127734, -75.178011], [40.127745, -75.178012], [40.127759, -75.17802], [40.127782, -75.178039], [40.127804, -75.178068], [40.127817, -75.178087], [40.127825, -75.17811], [40.127833, -75.178141], [40.127836, -75.178164], [40.127836, -75.178184], [40.127832, -75.178204]]}, "4": {"path": [[40.128047, -75.178273], [40.127442, -75.179897]], "green": [[40.127476, -75.180022], [40.127459, -75.180033], [40.127432, -75.180044], [40.127404, -75.180049], [40.127378, -75.180049], [40.127351, -75.180043], [40.127336, -75.180036], [40.127325, -75.180026], [40.127314, -75.180013], [40.12731, -75.18], [40.127308, -75.179981], [40.127308, -75.179958], [40.12731, -75.17994], [40.127317, -75.179919], [40.12733, -75.179892], [40.127355, -75.179863], [40.127378, -75.179837], [40.127409, -75.1798], [40.127446, -75.179755], [40.127464, -75.179738], [40.127486, -75.179725], [40.127505, -75.179719], [40.127524, -75.179722], [40.127538, -75.179728], [40.127549, -75.179736], [40.127557, -75.179745], [40.127563, -75.179759], [40.127566, -75.179774], [40.127567, -75.179793], [40.127564, -75.179813], [40.127553, -75.179867], [40.127535, -75.179933], [40.12752, -75.179966], [40.127504, -75.179993], [40.12749, -75.180008], [40.127476, -75.180022]]}, "5": {"path": [[40.128, -75.179808], [40.126042, -75.181202], [40.124795, -75.18185]], "green": [[40.124909, -75.181826], [40.124908, -75.181846], [40.124905, -75.181869], [40.124901, -75.181885], [40.124891, -75.181907], [40.124884, -75.181918], [40.124861, -75.18194], [40.124846, -75.181951], [40.12483, -75.18196], [40.124813, -75.181967], [40.124797, -75.18197], [40.124755, -75.181973], [40.12473, -75.181971], [40.124717, -75.181966], [40.124704, -75.181959], [40.12469, -75.181947], [40.124678, -75.18193], [40.124672, -75.181914], [40.124664, -75.181885], [40.124663, -75.181863], [40.124665, -75.181839], [40.124671, -75.181813], [40.124682, -75.181787], [40.124693, -75.18177], [40.124704, -75.181755], [40.124714, -75.181747], [40.12474, -75.181737], [40.124802, -75.181723], [40.124826, -75.18172], [40.124845, -75.18172], [40.124862, -75.181724], [40.124879, -75.181736], [40.124892, -75.181753], [40.124901, -75.181773], [40.124905, -75.18179], [40.124908, -75.181808], [40.124909, -75.181826]]}, "6": {"path": [[40.124841, -75.182706], [40.123846, -75.181145]], "green": [[40.123862, -75.18128], [40.123849, -75.181282], [40.123832, -75.181283], [40.12382, -75.181282], [40.123808, -75.181279], [40.123788, -75.181265], [40.123767, -75.181247], [40.123752, -75.181229], [40.123745, -75.181213], [40.123739, -75.181201], [40.123735, -75.181183], [40.123734, -75.181158], [40.123736, -75.18114], [40.123741, -75.181116], [40.123752, -75.181077], [40.123768, -75.181048], [40.123782, -75.181027], [40.123802, -75.181005], [40.123827, -75.180985], [40.123854, -75.180976], [40.123875, -75.180978], [40.123895, -75.180985], [40.123902, -75.18099], [40.12391, -75.181], [40.123916, -75.181012], [40.123922, -75.181026], [40.123925, -75.181038], [40.123929, -75.181053], [40.123931, -75.181072], [40.123931, -75.18109], [40.123928, -75.181129], [40.123922, -75.181163], [40.123917, -75.181192], [40.123913, -75.181217], [40.123909, -75.181232], [40.123902, -75.181247], [40.123894, -75.181259], [40.123884, -75.181269], [40.123873, -75.181276], [40.123862, -75.18128]]}, "7": {"path": [[40.124287, -75.181211], [40.12522, -75.178198], [40.12502, -75.176088]], "green": [[40.125023, -75.176247], [40.125015, -75.176263], [40.125006, -75.176279], [40.124998, -75.176289], [40.124989, -75.176298], [40.124979, -75.176302], [40.124967, -75.176302], [40.124957, -75.176298], [40.124949, -75.176289], [40.124941, -75.17627], [40.124932, -75.176234], [40.124918, -75.176163], [40.12491, -75.176118], [40.124906, -75.176081], [40.124907, -75.176054], [40.12491, -75.176019], [40.124919, -75.175978], [40.12493, -75.175949], [40.124949, -75.175918], [40.124967, -75.175897], [40.124994, -75.175876], [40.125021, -75.175866], [40.125047, -75.175864], [40.125073, -75.175869], [40.125093, -75.175878], [40.125115, -75.175894], [40.125126, -75.175911], [40.125134, -75.175935], [40.125136, -75.175952], [40.125137, -75.175967], [40.125134, -75.175986], [40.12513, -75.176003], [40.12512, -75.176043], [40.125107, -75.176087], [40.125094, -75.176127], [40.125085, -75.176158], [40.125073, -75.176179], [40.125054, -75.176204], [40.125037, -75.176226], [40.125023, -75.176247]]}, "8": {"path": [[40.124322, -75.175587], [40.124267, -75.174313]],