{"holes": {"1": {"path": [[40.218845, -75.114568], [40.216764, -75.114488], [40.215896, -75.113887]], "green": [[40.215992, -75.113955], [40.215976, -75.113978], [40.215954, -75.113996], [40.215918, -75.114011], [40.215883, -75.114017], [40.215846, -75.114025], [40.215814, -75.114024], [40.215779, -75.114004], [40.215759, -75.113962], [40.215752, -75.113909], [40.215764, -75.113851], [40.215795, -75.113805], [40.215832, -75.113769], [40.215863, -75.113743], [40.215891, -75.113733], [40.215924, -75.113732], [40.215951, -75.113746], [40.215966, -75.113769], [40.215977, -75.113797], [40.215986, -75.113828], [40.215995, -75.11387], [40.215998, -75.113913], [40.215992, -75.113955]]}, "2": {"path": [[40.216075, -75.113495], [40.21816, -75.113731], [40.219095, -75.112908]], "green": [[40.219022, -75.113069], [40.219058, -75.113073], [40.219093, -75.113068], [40.219125, -75.113049], [40.219159, -75.113027], [40.219179, -75.113005], [40.219201, -75.11297], [40.219217, -75.11293], [40.219223, -75.112891], [40.219227, -75.112862], [40.219228, -75.112821], [40.21922, -75.112789], [40.219204, -75.11276], [40.219188, -75.11274], [40.219158, -75.11273], [40.219134, -75.112729], [40.219108, -75.112741], [40.219089, -75.11276], [40.219064, -75.112784], [40.219043, -75.112816], [40.219024, -75.112846], [40.219008, -75.112871], [40.218992, -75.11289], [40.21898, -75.112918], [40.21897, -75.112953], [40.218967, -75.11298], [40.21897, -75.113011], [40.21898, -75.113035], [40.219, -75.113059], [40.219022, -75.113069]]}, "3": {"path": [[40.21945, -75.112862], [40.220381, -75.111381]], "green": [[40.220411, -75.111487], [40.220443, -75.111466], [40.220482, -75.111447], [40.220507, -75.111428], [40.220524, -75.111404], [40.220532, -75.111374], [40.220536, -75.111342], [40.220527, -75.111306], [40.220515, -75.11128], [40.220495, -75.11126], [40.220472, -75.11125], [40.220449, -75.111242], [40.220421, -75.11124], [40.220399, -75.111243], [40.220373, -75.111249], [40.220352, -75.111259], [40.220323, -75.111276], [40.220298, -75.111291], [40.22028, -75.111313], [40.220265, -75.111339], [40.220252, -75.111366], [40.220246, -75.111395], [40.220244, -75.111419], [40.220244, -75.111451], [40.220252, -75.111475], [40.220263, -75.1115], [40.220281, -75.111519], [40.220303, -75.111531], [40.220347, -75.11153], [40.220369, -75.11152], [40.220389, -75.111507], [40.220411, -75.111487]]}, "4": {"path": [[40.220444, -75.110756], [40.217845, -75.113015]], "green": [[40.217968, -75.112999], [40.217963, -75.113028], [40.217957, -75.11306], [40.217947, -75.113104], [40.217934, -75.113139], [40.217915, -75.113166], [40.217897, -75.113176], [40.217871, -75.113182], [40.217845, -75.11318], [40.217816, -75.113168], [40.217793, -75.113156], [40.217773, -75.113145], [40.217752, -75.113133], [40.217726, -75.113114], [40.217716, -75.113095], [40.217702, -75.113069], [40.217699, -75.113041], [40.2177, -75.113013], [40.217707, -75.112986], [40.217716, -75.112959], [40.217733, -75.112935], [40.217755, -75.112915], [40.21778, -75.112897], [40.217808, -75.112882], [40.217835, -75.11287], [40.217862, -75.112859], [40.217891, -75.11285], [40.217915, -75.112853], [40.21793, -75.11286], [40.217953, -75.112883], [40.217963, -75.112904], [40.217968, -75.112923], [40.217973, -75.112954], [40.217968, -75.112999]]}, "5": {"path": [[40.216469, -75.113146], [40.220269, -75.110007]], "green": [[40.220205, -75.110188], [40.220235, -75.110193], [40.220263, -75.110185], [40.220292, -75.110171], [40.220322, -75.110146], [40.220346, -75.110115], [40.220362, -75.110085], [40.220373, -75.110054], [40.220383, -75.110021], [40.220391, -75.109987], [40.220393, -75.109944], [40.220384, -75.109907], [40.220369, -75.109879], [40.220351, -75.109858], [40.220331, -75.109843], [40.220307, -75.109829], [40.220273, -75.10982], [40.220248, -75.109824], [40.220221, -75.109838], [40.220202, -75.109859], [40.220185, -75.109886], [40.220171, -75.109935], [40.220163, -75.109978], [40.22016, -75.11002], [40.220155, -75.110061], [40.220155, -75.110095], [40.220163, -75.11013], [40.220179, -75.110158], [40.220205, -75.110188]]}, "6": {"path": [[40.220689, -75.108742], [40.217851, -75.10992]], "green": [[40.217939, -75.109987], [40.217929, -75.110013], [40.217912, -75.110026], [40.21789, -75.110044], [40.217868, -75.110053], [40.217849, -75.110062], [40.217823, -75.110065], [40.217805, -75.110062], [40.217784, -75.110059], [40.21776, -75.110045], [40.217742, -75.110027], [40.217729, -75.110001], [40.217722, -75.109972], [40.217726, -75.109941], [40.217737, -75.109899], [40.217751, -75.109865], [40.217767, -75.109833], [40.217784, -75.109799], [40.217807, -75.109779], [40.217829, -75.109765], [40.217855, -75.109755], [40.217873, -75.109752], [40.217883, -75.109751], [40.217907, -75.109766], [40.217923, -75.109785], [40.217938, -75.109813], [40.217948, -75.109846], [40.217953, -75.109871], [40.217955, -75.109904], [40.217952, -75.109944], [40.217946, -75.109966], [40.217939, -75.109987]]}, "7": {"path": [[40.217871, -75.1105], [40.219253, -75.110018]], "green": [[40.21911, -75.110097], [40.219122, -75.110134], [40.21914, -75.11016], [40.219163, -75.110179], [40.219191, -75.110182], [40.219219, -75.110175], [40.219251, -75.110164], [40.219286, -75.110152], [40.219315, -75.110136], [40.219348, -75.110114], [40.219379, -75.110089], [40.219401, -75.110064], [40.219417, -75.110026], [40.219426, -75.109995], [40.219425, -75.109963], [40.219413, -75.109936], [40.219393, -75.109908], [40.219371, -75.109892], [40.219344, -75.109885], [40.219312, -75.109888], [40.219285, -75.109892], [40.219266, -75.109899], [40.219242, -75.109903], [40.219214, -75.109903], [40.219187, -75.109908], [40.219163, -75.109921], [40.219147, -75.109924], [40.219131, -75.109951], [40.219119, -75.109974], [40.219109, -75.110006], [40.219105, -75.110061], [40.21911, -75.110097]]}, "9": {"path": [[40.215196, -75.113735], [40.216547, -75.115395], [40.217868, -75.115283]], "green": [[40.217725, -75.115331], [40.217725, -75.11528], [40.217752, -75.115238], [40.217781, -75.115198], [40.217816, -75.115168], [40.21785, -75.115138], [40.217887, -75.11511], [40.217921, -75.115093], [40.21796, -75.115086], [40.217987, -75.115103], [40.218007, -75.115149], [40.218018, -75.115198], [40.218012, -75.115252], [40.217998, -75.115306], [40.217984, -75.115334], [40.217957, -75.115366], [40.217934, -75.115397], [40.217907, -75.115415], [40.21788, -75.115425], [40.217857, -75.115434], [40.21783, -75.115432], [40.217798, -75.115422], [40.21777, -75.115404], [40.217748, -75.11538], [40.217734, -75.115357], [40.217725, -75.115331]]}, "10": {"path": [[40.219194, -75.115442], [40.221021, -75.11534], [40.222041, -75.114304]], "green": [[40.221999, -75.114436], [40.222021, -75.114443], [40.22205, -75.114449], [40.222081, -75.114445], [40.22211, -75.114438], [40.222134, -75.114426], [40.222153, -75.114407], [40.222166, -75.114388], [40.222179, -75.114358], [40.222185, -75.114327], [40.222188, -75.11429], [40.222185, -75.11426], [40.222178, -75.114234], [40.222167, -75.114212], [40.222148, -75.114195], [40.222124, -75.11418], [40.222105, -75.114176], [40.22208, -75.114171], [40.22205, -75.114172], [40.222027, -75.114169], [40.222002, -75.114174], [40.221982, -75.11418], [40.221961, -75.114187], [40.221943, -75.114197], [40.221923, -75.114216], [40.221908, -75.114236], [40.2219, -75.114264], [40.221894, -75.1143], [40.221897, -75.114327], [40.221902, -75.114346], [40.221918, -75.114368], [40.221933, -75.11439], [40.221953, -75.11441], [40.221973, -75.114425], [40.221999, -75.114436]]}, "11": {"path": [[40.222447, -75.11417], [40.223419, -75.112425]],