{"holes": {"1": {"path": [[40.262624, -76.962336], [40.264267, -76.963325], [40.265622, -76.963863]], "green": [[40.265615, -76.963713], [40.265651, -76.96372], [40.265678, -76.963765], [40.265691, -76.963834], [40.265714, -76.963883], [40.265725, -76.963934], [40.265718, -76.963984], [40.265687, -76.964028], [40.265654, -76.964033], [40.265614, -76.964024], [40.265597, -76.963998], [40.265574, -76.96394], [40.265536, -76.963886], [40.265511, -76.963838], [40.265513, -76.963784], [40.265529, -76.963744], [40.26557, -76.963711], [40.265615, -76.963713]]}, "2": {"path": [[40.266297, -76.963379], [40.264468, -76.962512], [40.262814, -76.96205]], "green": [[40.262802, -76.961956], [40.262858, -76.961967], [40.262894, -76.962011], [40.262902, -76.962073], [40.26289, -76.962121], [40.262856, -76.962156], [40.262809, -76.962148], [40.262746, -76.962126], [40.262732, -76.96208], [40.262732, -76.962025], [40.262749, -76.961984], [40.262802, -76.961956]]}, "4": {"path": [[40.264315, -76.961135], [40.265717, -76.961837], [40.266475, -76.963093]], "green": [[40.266533, -76.963017], [40.26655, -76.963041], [40.26656, -76.963086], [40.26656, -76.963129], [40.266549, -76.963162], [40.266527, -76.963185], [40.266494, -76.963195], [40.266418, -76.963182], [40.266394, -76.963158], [40.266382, -76.963133], [40.266377, -76.963092], [40.266382, -76.963048], [40.266402, -76.963023], [40.266434, -76.963003], [40.266512, -76.963009], [40.266533, -76.963017]]}, "5": {"path": [[40.266907, -76.963472], [40.266826, -76.961907]], "green": [[40.26692, -76.961895], [40.266926, -76.961861], [40.266925, -76.961815], [40.266907, -76.961768], [40.266881, -76.961754], [40.266847, -76.961755], [40.26682, -76.961776], [40.266773, -76.961841], [40.266728, -76.961892], [40.266715, -76.961938], [40.266718, -76.961969], [40.266731, -76.962012], [40.266758, -76.962051], [40.266781, -76.962063], [40.266802, -76.962058], [40.266821, -76.962049], [40.266902, -76.961926], [40.26692, -76.961895]]}, "6": {"path": [[40.26676, -76.961193], [40.265506, -76.960972], [40.264738, -76.960587], [40.264431, -76.960216]], "green": [[40.264447, -76.960078], [40.264474, -76.960096], [40.264487, -76.96014], [40.264496, -76.960218], [40.264507, -76.960278], [40.264501, -76.960321], [40.264484, -76.960355], [40.264457, -76.960375], [40.264434, -76.960375], [40.264408, -76.960366], [40.264386, -76.960339], [40.264371, -76.960299], [40.264347, -76.960181], [40.264348, -76.96014], [40.264364, -76.960104], [40.264385, -76.96008], [40.264417, -76.960071], [40.264447, -76.960078]]}, "7": {"path": [[40.264193, -76.959676], [40.265976, -76.960133], [40.266525, -76.960504]], "green": [[40.266591, -76.960353], [40.266615, -76.96036], [40.266644, -76.960393], [40.266663, -76.96044], [40.266661, -76.960477], [40.26665, -76.960513], [40.266619, -76.960544], [40.26657, -76.960571], [40.266525, -76.960608], [40.266496, -76.960648], [40.266467, -76.960664], [40.266424, -76.960654], [40.266395, -76.960623], [40.266377, -76.96058], [40.266374, -76.960539], [40.266382, -76.960496], [40.266421, -76.960468], [40.266476, -76.960435], [40.266561, -76.960363], [40.266591, -76.960353]]}, "8": {"path": [[40.266759, -76.95943], [40.264548, -76.959291]], "green": [[40.26467, -76.959314], [40.26467, -76.959281], [40.264658, -76.959243], [40.264627, -76.959199], [40.264537, -76.95914], [40.264487, -76.95913], [40.26444, -76.959152], [40.264417, -76.959196], [40.264415, -76.959253], [40.264429, -76.959296], [40.264448, -76.959339], [40.264466, -76.959398], [40.264498, -76.959426], [40.264536, -76.959433], [40.264595, -76.95941], [40.264643, -76.959368], [40.264657, -76.959341], [40.26467, -76.959314]]}, "9": {"path": [[40.264063, -76.959303], [40.263093, -76.960842], [40.262445, -76.961184]], "green": [[40.26249, -76.961066], [40.26251, -76.961079], [40.262536, -76.961119], [40.262549, -76.961156], [40.262553, -76.961205], [40.262542, -76.961254], [40.262517, -76.961292], [40.262483, -76.961318], [40.262434, -76.961331], [40.262382, -76.961322], [40.262348, -76.961297], [40.262327, -76.961246], [40.262324, -76.961201], [40.262329, -76.961147], [40.262354, -76.961096], [40.262399, -76.961066], [40.262447, -76.961057], [40.26249, -76.961066]]}, "10": {"path": [[40.250183, -76.938049], [40.248488, -76.93799], [40.247259, -76.937276]], "green": [[40.247191, -76.937093], [40.247221, -76.937093], [40.247243, -76.937102], [40.247264, -76.937123], [40.247279, -76.937155], [40.247285, -76.937193], [40.247293, -76.937224], [40.247309, -76.93725], [40.247332, -76.937276], [40.24736, -76.937296], [40.247377, -76.93733], [40.247377, -76.937371], [40.24737, -76.937403], [40.247351, -76.937444], [40.247325, -76.93748], [40.24729, -76.937488], [40.247252, -76.937471], [40.247235, -76.937447], [40.247212, -76.937404], [40.247199, -76.93735], [40.247172, -76.937306], [40.247149, -76.937275], [40.247137, -76.93722], [40.247144, -76.937177], [40.247165, -76.937122], [40.247191, -76.937093]]}, "11": {"path": [[40.258528, -76.959377], [40.260939, -76.960603]], "green": [[40.260961, -76.960483], [40.261004, -76.960539], [40.261025, -76.960582], [40.261038, -76.96062], [40.26104, -76.960659], [40.26103, -76.960698], [40.261012, -76.960721], [40.260987, -76.960734], [40.260963, -76.960729], [40.260943, -76.960709], [40.260914, -76.960682], [40.260883, -76.960668], [40.260853, -76.960653], [40.260835, -76.960633], [40.260827, -76.9606], [40.260833, -76.960572], [40.26087, -76.960497], [40.260895, -76.96047], [40.260916, -76.960462], [40.260939, -76.960465], [40.260961, -76.960483]]}, "12": {"path": [[40.261376, -76.960029], [40.260145, -76.95946], [40.259466, -76.959339], [40.258766, -76.958826]], "green": [[40.258865, -76.958697], [40.258889, -76.958723], [40.2589, -76.958767], [40.2589, -76.958808], [40.258885, -76.95885], [40.258854, -76.95887], [40.258812, -76.958898], [40.258776, -76.958934], [40.258747, -76.958973], [40.25872, -76.95899], [40.258694, -76.958987], [40.258651, -76.958956], [40.258627, -76.958918], [40.25862, -76.958887], [40.258626, -76.958849], [40.258642, -76.958818], [40.258676, -76.958793], [40.258719, -76.958772], [40.258754, -76.958737], [40.258772, -76.958706], [40.258798, -76.958681], [40.258835, -76.958677], [40.258865, -76.958697]]}, "13": {"path": [[40.258692, -76.958159], [40.261284, -76.959331]], "green": [[40.261343, -76.959251], [40.261383, -76.959329], [40.261387, -76.959367], [40.261378, -76.959408], [40.261355, -76.95944], [40.261318, -76.959469], [40.261284, -76.959473], [40.261254, -76.959465], [40.261227, -76.95944], [40.261193, -76.959375], [40.261176, -76.959319], [40.261178, -76.959276], [40.26119, -76.959239], [40.261224, -76.959216], [40.261261, -76.959205], [40.261294, -76.959209], [40.261319, -76.959223], [40.261343, -76.959251]]}, "14": {"path": [[40.26139, -76.95979], [40.262316, -76.959757]], "green": [[40.262334, -76.959636], [40.262359, -76.959643], [40.262374, -76.959662], [40.262389, -76.959704], [40.262401, -76.959828], [40.262396, -76.959859], [40.262378, -76.959881], [40.262357, -76.959887], [40.262331, -76.959883], [40.262311, -76.959871], [40.262296, -76.959843], [40.262265, -76.959801], [40.262242, -76.959779], [40.262228, -76.959754], [40.262224, -76.959727], [40.262233, -76.95969], [40.262256, -76.959665], [40.262289, -76.959642], [40.262334, -76.959636]]}, "15": {"path": [[40.262745, -76.959481], [40.259549, -76.957906], [40.258991, -76.957319]], "green": [[40.259063, -76.95728], [40.259071, -76.957309], [40.259076, -76.95736], [40.259071, -76.957404], [40.259055, -76.957437], [40.259018, -76.957456], [40.258978, -76.957452], [40.25894, -76.957435], [40.258921, -76.957415], [40.258902, -76.957373], [40.258883, -76.957288], [40.258885, -76.957252], [40.258902, -76.957218], [40.258925, -76.957203], [40.258967, -76.957201], [40.259013, -76.957216], [40.259037, -76.95723], [40.259054, -76.957251], [40.259063, -76.95728]]}, "16": {"path": [[40.25899, -76.956692], [40.261526, -76.958316]],