{"holes": {"1": {"path": [[40.271981, -76.383676], [40.273074, -76.381135], [40.273849, -76.379813]], "green": [[40.273853, -76.379965], [40.273962, -76.379746], [40.273979, -76.379684], [40.273968, -76.37963], [40.273947, -76.379603], [40.273908, -76.379608], [40.273868, -76.379627], [40.273824, -76.379703], [40.273787, -76.379758], [40.27375, -76.379854], [40.273741, -76.379888], [40.273754, -76.379926], [40.273768, -76.379953], [40.2738, -76.37997], [40.27382, -76.379973], [40.273844, -76.379974], [40.273853, -76.379965]]}, "2": {"path": [[40.274097, -76.37945], [40.274847, -76.377254], [40.274753, -76.375802]], "green": [[40.274801, -76.375947], [40.274774, -76.37598], [40.274744, -76.375985], [40.274706, -76.375972], [40.274684, -76.375955], [40.274666, -76.375921], [40.274654, -76.375884], [40.274664, -76.375778], [40.274667, -76.375724], [40.274673, -76.375687], [40.274701, -76.375657], [40.274739, -76.375609], [40.27477, -76.37559], [40.274797, -76.375597], [40.274816, -76.375634], [40.274827, -76.37568], [40.274835, -76.375738], [40.274838, -76.375797], [40.274832, -76.375853], [40.274819, -76.375911], [40.274801, -76.375947]]}, "3": {"path": [[40.275195, -76.374731], [40.272208, -76.37549], [40.271224, -76.374859]], "green": [[40.271379, -76.374872], [40.271386, -76.374842], [40.271388, -76.374801], [40.271375, -76.374757], [40.27135, -76.374741], [40.271243, -76.374745], [40.271136, -76.374743], [40.271072, -76.374769], [40.271055, -76.374798], [40.271042, -76.374847], [40.271042, -76.374897], [40.271059, -76.374966], [40.271088, -76.374984], [40.271148, -76.374976], [40.271218, -76.374944], [40.271257, -76.374926], [40.271299, -76.374927], [40.271344, -76.37491], [40.271379, -76.374872]]}, "4": {"path": [[40.270673, -76.376101], [40.27306, -76.376026], [40.274266, -76.375773]], "green": [[40.274236, -76.375879], [40.274268, -76.375852], [40.274307, -76.375818], [40.274341, -76.3758], [40.274382, -76.375754], [40.274397, -76.37571], [40.274395, -76.37566], [40.274369, -76.37563], [40.274328, -76.375621], [40.274277, -76.375638], [40.274247, -76.375662], [40.274209, -76.375712], [40.274175, -76.375763], [40.274161, -76.375804], [40.274161, -76.375842], [40.274174, -76.375875], [40.274187, -76.375891], [40.274206, -76.375893], [40.274236, -76.375879]]}, "5": {"path": [[40.274299, -76.376316], [40.27373, -76.377424]], "green": [[40.273752, -76.377516], [40.273799, -76.377495], [40.273835, -76.377441], [40.273844, -76.377392], [40.273834, -76.377352], [40.273808, -76.37731], [40.273772, -76.377296], [40.273728, -76.377294], [40.273674, -76.37733], [40.273623, -76.377398], [40.273612, -76.377435], [40.27361, -76.377466], [40.273629, -76.377501], [40.273684, -76.377522], [40.27373, -76.37752], [40.273752, -76.377516]]}, "6": {"path": [[40.27261, -76.377395], [40.27272, -76.380243], [40.272068, -76.381689]], "green": [[40.271966, -76.381818], [40.271994, -76.381852], [40.272042, -76.381857], [40.272084, -76.381847], [40.272137, -76.381788], [40.272165, -76.381724], [40.272176, -76.381676], [40.272168, -76.381614], [40.272157, -76.381568], [40.272133, -76.381548], [40.272103, -76.381541], [40.272083, -76.381546], [40.272062, -76.381549], [40.272041, -76.381562], [40.272012, -76.381614], [40.271974, -76.381705], [40.271964, -76.381781], [40.271966, -76.381818]]}, "7": {"path": [[40.272156, -76.382445], [40.27063, -76.380174], [40.269786, -76.378019]], "green": [[40.269818, -76.377833], [40.269859, -76.377869], [40.269869, -76.377931], [40.269856, -76.378051], [40.269812, -76.378171], [40.269792, -76.378197], [40.269773, -76.378203], [40.269752, -76.378199], [40.269733, -76.378172], [40.269722, -76.378135], [40.269715, -76.378116], [40.269733, -76.378048], [40.269756, -76.37796], [40.269773, -76.377904], [40.269786, -76.377854], [40.269795, -76.377843], [40.269818, -76.377833]]}, "8": {"path": [[40.269252, -76.378797], [40.269855, -76.380702]], "green": [[40.269953, -76.380762], [40.269891, -76.380827], [40.269823, -76.380854], [40.269777, -76.380833], [40.269748, -76.380787], [40.269739, -76.380743], [40.26976, -76.380662], [40.269785, -76.380608], [40.269834, -76.380568], [40.269851, -76.380568], [40.269887, -76.380568], [40.26992, -76.380615], [40.269943, -76.380666], [40.269961, -76.380712], [40.269953, -76.380762]]}, "9": {"path": [[40.268679, -76.382131], [40.270275, -76.383276], [40.271363, -76.384241]], "green": [[40.27145, -76.384286], [40.271437, -76.384349], [40.271405, -76.384413], [40.271362, -76.384436], [40.27132, -76.384412], [40.271292, -76.384367], [40.271279, -76.384285], [40.271281, -76.384259], [40.271288, -76.384166], [40.271298, -76.384145], [40.271308, -76.384125], [40.271326, -76.38411], [40.271357, -76.384103], [40.271392, -76.384099], [40.271417, -76.384118], [40.271431, -76.384157], [40.27145, -76.384214], [40.27145, -76.384286]]}, "10": {"path": [[40.268763, -76.385668], [40.266941, -76.387221], [40.266326, -76.388922]], "green": [[40.266457, -76.388906], [40.266459, -76.388876], [40.266442, -76.388832], [40.266414, -76.388801], [40.266386, -76.388786], [40.266352, -76.388793], [40.266335, -76.388808], [40.266316, -76.388834], [40.266272, -76.388862], [40.266237, -76.388879], [40.266179, -76.38891], [40.266161, -76.388936], [40.266158, -76.388992], [40.266177, -76.389021], [40.266208, -76.389048], [40.266236, -76.389063], [40.266323, -76.389049], [40.266342, -76.389016], [40.266379, -76.389016], [40.266421, -76.388999], [40.26645, -76.388953], [40.266457, -76.388906]]}, "11": {"path": [[40.267259, -76.387859], [40.26869, -76.38965], [40.26938, -76.390048]], "green": [[40.269464, -76.390096], [40.26943, -76.390094], [40.269398, -76.390098], [40.26937, -76.390129], [40.269342, -76.390165], [40.269315, -76.390169], [40.269274, -76.390152], [40.269255, -76.390121], [40.269241, -76.390083], [40.269243, -76.390036], [40.269252, -76.389986], [40.269279, -76.389939], [40.269321, -76.389911], [40.26936, -76.389908], [40.2694, -76.389937], [40.269431, -76.389966], [40.269445, -76.389991], [40.269479, -76.390003], [40.269494, -76.390018], [40.269501, -76.390048], [40.269501, -76.390068], [40.269487, -76.390094], [40.269464, -76.390096]]}, "13": {"path": [[40.270559, -76.391077], [40.268492, -76.392642], [40.266466, -76.392575]], "green": [[40.266601, -76.392629], [40.266614, -76.392602], [40.266615, -76.392558], [40.266585, -76.39251], [40.266521, -76.392473], [40.266429, -76.392437], [40.266348, -76.392431], [40.266316, -76.392471], [40.2663, -76.392533], [40.266305, -76.392587], [40.266323, -76.392627], [40.266368, -76.392673], [40.26642, -76.39265], [40.266477, -76.39265], [40.266526, -76.392664], [40.266578, -76.392652], [40.266601, -76.392629]]}, "14": {"path": [[40.265507, -76.391942], [40.264891, -76.390634], [40.263519, -76.390131]], "green": [[40.263599, -76.390219], [40.263578, -76.390241], [40.263542, -76.390245], [40.2635, -76.390211], [40.263427, -76.390183], [40.263393, -76.390151], [40.263382, -76.390092], [40.263394, -76.390019], [40.263424, -76.389996], [40.263472, -76.389996], [40.263509, -76.390014], [40.263534, -76.390052], [40.263552, -76.390089], [40.263588, -76.390112], [40.263615, -76.390139], [40.263622, -76.39018], [40.263616, -76.390206], [40.263599, -76.390219]]}, "15": {"path": [[40.263779, -76.390914], [40.266647, -76.393926]], "green": [[40.266726, -76.393978], [40.266698, -76.394045], [40.266656, -76.394081], [40.2666, -76.394091], [40.266543, -76.394051], [40.266499, -76.39398], [40.2665, -76.393918], [40.266531, -76.393857], [40.2666, -76.393781], [40.266664, -76.393755], [40.266717, -76.393779], [40.266747, -76.393825], [40.266751, -76.393859], [40.266748, -76.39391], [40.266726, -76.393978]]}, "16": {"path": [[40.267215, -76.393952], [40.269243, -76.393311], [40.270609, -76.391744]],