{"holes": {"1": {"path": [[40.305954, -75.12146], [40.306427, -75.119719], [40.30802, -75.116326]], "green": [[40.307944, -75.116431], [40.307952, -75.116439], [40.30796, -75.116441], [40.30798, -75.116443], [40.308003, -75.116443], [40.308059, -75.116439], [40.308077, -75.116436], [40.308089, -75.116428], [40.308098, -75.116412], [40.308104, -75.116383], [40.308106, -75.116343], [40.308107, -75.116321], [40.308106, -75.116287], [40.308104, -75.116262], [40.308101, -75.116238], [40.308093, -75.116223], [40.308078, -75.116209], [40.308057, -75.116193], [40.308038, -75.116186], [40.308026, -75.116187], [40.308008, -75.116193], [40.307991, -75.116206], [40.307975, -75.116226], [40.307963, -75.116248], [40.307957, -75.116271], [40.307948, -75.116301], [40.307942, -75.116333], [40.307934, -75.116362], [40.307934, -75.116383], [40.307938, -75.11641], [40.307944, -75.116431]]}, "2": {"path": [[40.307541, -75.115954], [40.30869, -75.115017]], "green": [[40.308596, -75.115092], [40.308618, -75.115118], [40.308638, -75.11514], [40.308654, -75.115146], [40.30867, -75.115149], [40.308687, -75.115142], [40.308703, -75.115134], [40.308722, -75.115126], [40.308762, -75.115114], [40.308773, -75.115103], [40.308782, -75.115084], [40.308793, -75.115049], [40.308798, -75.115017], [40.308796, -75.114986], [40.308793, -75.114964], [40.308785, -75.114945], [40.308773, -75.11492], [40.308757, -75.114901], [40.308746, -75.114891], [40.30873, -75.114883], [40.308708, -75.114878], [40.308685, -75.114875], [40.308664, -75.114883], [40.308641, -75.114903], [40.308624, -75.114929], [40.308606, -75.114956], [40.308583, -75.11499], [40.30857, -75.115019], [40.30857, -75.115042], [40.308582, -75.115068], [40.308596, -75.115092]]}, "3": {"path": [[40.308843, -75.114358], [40.309724, -75.11657], [40.309048, -75.118164]], "green": [[40.309108, -75.11804], [40.309126, -75.118057], [40.30914, -75.118104], [40.309149, -75.118166], [40.309141, -75.118214], [40.309131, -75.118239], [40.309114, -75.118253], [40.309081, -75.118278], [40.309056, -75.118286], [40.309036, -75.118299], [40.309015, -75.1183], [40.308996, -75.118295], [40.308977, -75.118269], [40.308969, -75.118241], [40.308967, -75.118213], [40.308963, -75.11817], [40.308963, -75.118141], [40.308969, -75.118122], [40.308979, -75.118103], [40.308996, -75.118085], [40.309019, -75.118065], [40.309046, -75.118044], [40.309068, -75.118035], [40.30909, -75.118032], [40.309108, -75.11804]]}, "4": {"path": [[40.308752, -75.118623], [40.310351, -75.121414]], "green": [[40.310243, -75.12149], [40.310257, -75.121509], [40.310278, -75.121527], [40.310302, -75.121535], [40.310322, -75.121535], [40.310355, -75.121525], [40.31039, -75.121516], [40.310427, -75.121505], [40.31045, -75.121485], [40.310462, -75.121463], [40.310472, -75.121429], [40.310475, -75.121396], [40.310474, -75.121365], [40.310465, -75.121336], [40.310453, -75.121312], [40.310433, -75.121296], [40.310411, -75.121286], [40.310381, -75.121284], [40.310347, -75.121288], [40.310318, -75.1213], [40.310287, -75.121321], [40.310267, -75.12134], [40.31025, -75.121364], [40.310241, -75.121388], [40.310234, -75.12142], [40.310234, -75.121463], [40.310243, -75.12149]]}, "5": {"path": [[40.309929, -75.122121], [40.309077, -75.120185]], "green": [[40.309151, -75.120201], [40.309149, -75.120224], [40.309141, -75.120259], [40.309131, -75.120278], [40.309117, -75.120294], [40.3091, -75.120304], [40.309079, -75.120307], [40.309055, -75.120299], [40.30903, -75.12028], [40.309004, -75.120254], [40.308982, -75.120213], [40.308971, -75.120165], [40.308975, -75.120129], [40.308985, -75.120099], [40.309008, -75.120072], [40.309029, -75.120059], [40.30906, -75.120047], [40.309097, -75.120057], [40.30912, -75.12008], [40.309137, -75.120102], [40.309149, -75.120148], [40.309151, -75.120173], [40.309151, -75.120201]]}, "6": {"path": [[40.308542, -75.118851], [40.308774, -75.120879], [40.309262, -75.122616]], "green": [[40.309362, -75.122598], [40.309365, -75.122626], [40.309364, -75.122657], [40.30935, -75.122679], [40.30933, -75.1227], [40.309319, -75.122713], [40.309308, -75.122725], [40.309296, -75.122734], [40.309289, -75.12274], [40.309275, -75.122741], [40.309265, -75.122741], [40.309257, -75.122737], [40.309248, -75.122728], [40.30924, -75.122718], [40.309236, -75.122698], [40.309232, -75.122679], [40.309226, -75.122658], [40.309219, -75.122644], [40.309209, -75.122626], [40.309199, -75.122607], [40.309191, -75.122587], [40.309188, -75.122575], [40.309186, -75.122556], [40.309187, -75.122539], [40.309189, -75.122522], [40.309194, -75.122505], [40.309204, -75.122491], [40.309214, -75.122477], [40.309224, -75.122469], [40.309239, -75.122464], [40.309255, -75.122465], [40.309273, -75.122477], [40.30931, -75.122519], [40.309348, -75.122575], [40.309362, -75.122598]]}, "7": {"path": [[40.308717, -75.123263], [40.308102, -75.119252]], "green": [[40.308062, -75.119383], [40.308082, -75.119399], [40.308099, -75.119404], [40.308123, -75.119406], [40.308146, -75.119393], [40.308159, -75.119378], [40.308172, -75.119349], [40.308183, -75.119316], [40.308193, -75.119287], [40.308197, -75.119269], [40.3082, -75.119243], [40.308198, -75.119215], [40.308192, -75.119201], [40.308182, -75.119179], [40.308161, -75.119155], [40.308134, -75.119131], [40.308106, -75.119113], [40.308076, -75.119102], [40.308058, -75.119098], [40.308035, -75.119102], [40.308021, -75.119118], [40.308014, -75.119135], [40.308009, -75.119154], [40.308008, -75.119175], [40.308017, -75.119219], [40.308034, -75.119271], [40.30804, -75.119291], [40.308047, -75.119316], [40.308053, -75.119366], [40.308062, -75.119383]]}, "8": {"path": [[40.308368, -75.118684], [40.309013, -75.116472], [40.308849, -75.115807]], "green": [[40.308938, -75.11587], [40.308935, -75.115891], [40.308928, -75.11591], [40.30892, -75.115923], [40.308904, -75.115931], [40.308882, -75.115933], [40.30882, -75.11593], [40.308795, -75.115927], [40.308773, -75.115915], [40.308754, -75.115895], [40.308748, -75.115876], [40.308745, -75.115843], [40.308749, -75.11582], [40.308757, -75.115776], [40.308763, -75.115749], [40.308772, -75.115722], [40.308783, -75.115701], [40.308797, -75.115688], [40.30882, -75.115679], [40.308839, -75.115678], [40.308863, -75.115678], [40.308887, -75.115686], [40.308913, -75.115699], [40.308926, -75.115712], [40.308939, -75.115737], [40.308943, -75.11576], [40.308942, -75.115791], [40.308938, -75.11587]]}, "9": {"path": [[40.308519, -75.116067], [40.307386, -75.118921], [40.306432, -75.121008]], "green": [[40.30639, -75.120953], [40.306368, -75.120987], [40.306351, -75.121015], [40.306342, -75.12104], [40.30634, -75.121067], [40.306345, -75.121084], [40.306358, -75.121102], [40.306376, -75.121109], [40.306393, -75.121111], [40.306409, -75.121111], [40.306429, -75.121103], [40.306445, -75.121094], [40.306464, -75.121074], [40.306482, -75.121058], [40.306499, -75.121033], [40.306509, -75.121016], [40.306516, -75.120998], [40.306519, -75.120969], [40.306519, -75.120938], [40.30651, -75.120911], [40.306499, -75.120892], [40.30648, -75.120881], [40.306456, -75.120884], [40.306429, -75.120898], [40.306403, -75.120927], [40.30639, -75.120953]]}, "10": {"path": [[40.3052, -75.12154], [40.305569, -75.119081], [40.306083, -75.117868]], "green": [[40.30601, -75.117922], [40.306013, -75.117948], [40.306021, -75.117962], [40.306036, -75.117977], [40.306056, -75.117984], [40.306083, -75.11798], [40.306105, -75.117964], [40.306128, -75.117937], [40.306146, -75.117911], [40.306158, -75.117885], [40.306163, -75.11786], [40.306166, -75.117829], [40.306161, -75.117805], [40.306151, -75.117787], [40.306136, -75.11777], [40.30612, -75.117761], [40.306102, -75.117758], [40.306081, -75.11776], [40.306055, -75.117769], [40.306038, -75.117788], [40.306026, -75.117816], [40.30602, -75.11785], [40.306012, -75.11789], [40.30601, -75.117922]]}, "11": {"path": [[40.305748, -75.117441], [40.304981, -75.119823], [40.304686, -75.121189]],