{"holes": {"1": {"path": [[39.877677, -77.007232], [39.877471, -77.004857], [39.877617, -77.003417]], "green": [[39.877647, -77.003508], [39.87761, -77.003515], [39.877584, -77.003507], [39.877557, -77.003494], [39.877532, -77.00348], [39.877513, -77.003448], [39.877513, -77.003406], [39.877525, -77.003372], [39.877553, -77.003343], [39.877574, -77.003326], [39.877608, -77.003313], [39.877633, -77.00331], [39.877662, -77.003318], [39.87769, -77.003338], [39.877708, -77.003369], [39.87771, -77.003397], [39.877707, -77.003427], [39.87769, -77.003472], [39.877675, -77.003488], [39.877647, -77.003508]]}, "2": {"path": [[39.876837, -77.003176], [39.875191, -77.002811], [39.874927, -77.001691]], "green": [[39.874959, -77.001797], [39.874973, -77.001758], [39.874987, -77.001699], [39.875006, -77.001632], [39.875016, -77.001587], [39.875012, -77.001543], [39.875002, -77.001516], [39.874977, -77.001497], [39.87495, -77.001493], [39.874914, -77.001505], [39.874896, -77.001521], [39.874871, -77.001568], [39.874848, -77.001641], [39.87484, -77.001683], [39.874836, -77.001729], [39.874842, -77.001801], [39.874853, -77.001834], [39.874873, -77.001867], [39.874896, -77.001874], [39.874926, -77.001872], [39.874941, -77.001852], [39.874952, -77.001827], [39.874959, -77.001797]]}, "3": {"path": [[39.87451, -77.000679], [39.8755, -76.996858]], "green": [[39.875565, -76.996893], [39.875574, -76.996862], [39.875578, -76.99683], [39.875582, -76.99681], [39.875581, -76.996776], [39.875562, -76.996743], [39.875542, -76.996714], [39.875527, -76.996714], [39.875501, -76.996712], [39.875481, -76.996721], [39.875463, -76.996735], [39.87544, -76.996759], [39.875424, -76.996793], [39.87541, -76.996834], [39.875399, -76.996892], [39.875402, -76.996934], [39.875407, -76.996968], [39.875424, -76.996987], [39.875452, -76.997008], [39.875483, -76.997008], [39.875507, -76.997001], [39.875527, -76.996985], [39.875542, -76.996958], [39.875556, -76.996921], [39.875565, -76.996893]]}, "5": {"path": [[39.874167, -76.998375], [39.874468, -76.996252], [39.872713, -76.995227]], "green": [[39.872789, -76.995294], [39.872783, -76.99531], [39.872776, -76.995324], [39.872764, -76.995341], [39.872749, -76.995359], [39.872724, -76.995377], [39.87269, -76.995383], [39.872657, -76.995376], [39.872639, -76.995365], [39.872617, -76.995346], [39.872598, -76.995312], [39.872589, -76.99527], [39.872589, -76.995216], [39.872597, -76.995176], [39.87261, -76.995135], [39.872633, -76.995101], [39.872651, -76.995092], [39.872674, -76.995088], [39.872697, -76.995086], [39.872711, -76.99509], [39.872726, -76.995097], [39.872739, -76.995105], [39.872753, -76.995115], [39.872764, -76.99513], [39.872773, -76.995147], [39.872785, -76.995173], [39.87279, -76.995194], [39.872792, -76.995216], [39.872793, -76.995235], [39.872792, -76.995255], [39.872791, -76.995274], [39.872789, -76.995294]]}, "6": {"path": [[39.872269, -76.994904], [39.870773, -76.998354]], "green": [[39.870891, -76.998373], [39.870891, -76.998396], [39.870881, -76.998424], [39.870866, -76.998446], [39.87085, -76.99846], [39.870834, -76.998472], [39.870806, -76.998482], [39.870776, -76.998484], [39.870753, -76.998481], [39.870724, -76.998481], [39.870705, -76.998469], [39.870682, -76.998456], [39.870667, -76.998441], [39.870649, -76.99841], [39.870636, -76.998384], [39.870632, -76.998359], [39.870632, -76.998314], [39.870647, -76.998285], [39.870662, -76.998256], [39.870682, -76.99824], [39.870699, -76.998222], [39.870723, -76.998223], [39.870753, -76.998223], [39.87077, -76.998227], [39.87079, -76.998237], [39.870815, -76.998252], [39.870829, -76.998262], [39.870851, -76.998269], [39.870862, -76.998283], [39.870879, -76.998312], [39.870886, -76.998337], [39.870889, -76.998351], [39.870891, -76.998373]]}, "9": {"path": [[39.875019, -77.004182], [39.876167, -77.006798], [39.876567, -77.008028]], "green": [[39.87666, -77.008065], [39.876657, -77.008115], [39.876641, -77.008158], [39.876609, -77.008179], [39.876572, -77.008191], [39.876531, -77.008182], [39.876499, -77.008154], [39.876475, -77.008113], [39.876456, -77.008058], [39.876453, -77.008011], [39.876458, -77.007961], [39.87648, -77.007928], [39.876505, -77.007895], [39.876533, -77.00788], [39.876565, -77.007879], [39.876593, -77.007891], [39.876615, -77.00791], [39.876639, -77.007948], [39.876652, -77.007988], [39.876658, -77.00802], [39.87666, -77.008065]]}, "10": {"path": [[39.875841, -77.008419], [39.87514, -77.005849], [39.874255, -77.004736]], "green": [[39.874327, -77.004812], [39.874305, -77.00484], [39.87428, -77.004861], [39.874263, -77.00487], [39.874244, -77.004875], [39.874219, -77.004876], [39.874194, -77.00487], [39.874164, -77.004844], [39.874145, -77.004807], [39.874135, -77.004765], [39.874134, -77.004714], [39.874145, -77.004659], [39.874173, -77.004619], [39.874211, -77.004587], [39.874246, -77.004568], [39.874291, -77.00456], [39.87432, -77.004582], [39.874339, -77.004606], [39.874351, -77.004638], [39.874357, -77.004677], [39.874358, -77.00471], [39.874347, -77.004774], [39.874327, -77.004812]]}, "11": {"path": [[39.873592, -77.00478], [39.874251, -77.003326]], "green": [[39.874239, -77.00348], [39.874218, -77.003493], [39.874191, -77.00349], [39.874177, -77.003468], [39.874166, -77.003427], [39.874165, -77.003383], [39.874174, -77.003317], [39.874194, -77.003258], [39.87422, -77.003212], [39.874244, -77.003169], [39.874272, -77.003149], [39.874302, -77.003144], [39.874323, -77.003161], [39.874336, -77.003195], [39.874339, -77.003232], [39.874332, -77.003274], [39.874311, -77.003312], [39.874294, -77.00335], [39.874276, -77.003404], [39.87426, -77.003446], [39.874239, -77.00348]]}, "12": {"path": [[39.873053, -77.003333], [39.871374, -77.003142], [39.870331, -77.003317]], "green": [[39.870454, -77.003377], [39.870433, -77.003397], [39.870399, -77.003414], [39.870351, -77.003439], [39.870292, -77.003463], [39.870248, -77.003472], [39.870215, -77.003462], [39.870196, -77.003452], [39.870178, -77.003433], [39.870169, -77.003396], [39.870168, -77.003366], [39.870177, -77.003327], [39.87019, -77.003286], [39.870215, -77.003252], [39.870233, -77.003229], [39.870259, -77.003206], [39.870292, -77.003188], [39.87035, -77.003174], [39.87039, -77.003161], [39.87042, -77.003162], [39.870449, -77.003174], [39.870469, -77.003203], [39.870481, -77.003226], [39.870489, -77.00327], [39.870483, -77.003309], [39.870472, -77.003338], [39.870454, -77.003377]]}, "13": {"path": [[39.869231, -77.002928], [39.871183, -77.006174]], "green": [[39.871279, -77.006254], [39.871265, -77.00628], [39.871238, -77.006306], [39.871207, -77.006311], [39.871174, -77.006302], [39.871143, -77.006286], [39.871121, -77.006268], [39.871105, -77.006242], [39.871089, -77.006201], [39.871073, -77.00615], [39.871069, -77.006102], [39.871083, -77.006055], [39.871099, -77.00603], [39.871126, -77.006024], [39.871164, -77.006024], [39.871191, -77.006029], [39.871226, -77.006071], [39.871253, -77.006104], [39.871274, -77.006134], [39.871285, -77.006173], [39.871286, -77.006222], [39.871279, -77.006254]]}, "14": {"path": [[39.870498, -77.00697], [39.868955, -77.00602], [39.868234, -77.006003]], "green": [[39.868261, -77.006139], [39.868232, -77.006139], [39.868193, -77.00613], [39.868162, -77.006113], [39.868132, -77.006083], [39.8681, -77.006051], [39.868084, -77.006018], [39.868072, -77.005972], [39.86808, -77.005928], [39.868106, -77.005899], [39.868135, -77.005877], [39.868156, -77.005867], [39.868183, -77.005857], [39.868215, -77.005863], [39.868254, -77.005881], [39.868288, -77.005887], [39.868324, -77.005906], [39.868344, -77.005929], [39.868362, -77.00595], [39.868372, -77.005982], [39.868372, -77.00601], [39.868365, -77.006038], [39.86835, -77.006067], [39.868326, -77.006099], [39.868302, -77.006123], [39.868279, -77.006134], [39.868261, -77.006139]]}, "15": {"path": [[39.866964, -77.00643], [39.868084, -77.003234], [39.869137, -77.001698]],