{"holes": {"1": {"path": [[41.214714, -78.74464], [41.214243, -78.742376], [41.213649, -78.741199]], "green": [[41.213739, -78.741197], [41.213741, -78.741257], [41.213721, -78.741307], [41.213684, -78.741365], [41.213636, -78.741376], [41.213598, -78.741362], [41.213562, -78.741321], [41.213547, -78.741254], [41.213544, -78.741167], [41.213551, -78.741064], [41.213583, -78.741038], [41.213628, -78.741024], [41.21367, -78.741047], [41.213707, -78.741084], [41.213729, -78.74113], [41.213739, -78.741197]]}, "2": {"path": [[41.214073, -78.740984], [41.216349, -78.741489], [41.217736, -78.742072]], "green": [[41.217851, -78.74207], [41.217841, -78.742127], [41.2178, -78.742188], [41.217742, -78.742215], [41.217673, -78.742194], [41.217641, -78.742161], [41.217615, -78.742116], [41.217607, -78.742036], [41.217631, -78.741974], [41.217681, -78.741936], [41.217744, -78.741942], [41.217788, -78.741966], [41.217833, -78.742011], [41.217851, -78.74207]]}, "3": {"path": [[41.216663, -78.741031], [41.218495, -78.741503], [41.220401, -78.744194]], "green": [[41.220527, -78.744272], [41.220515, -78.744212], [41.220487, -78.744166], [41.220458, -78.744124], [41.220424, -78.744076], [41.220391, -78.744047], [41.220359, -78.744053], [41.220323, -78.744079], [41.220298, -78.744106], [41.220278, -78.744146], [41.220275, -78.744184], [41.220288, -78.74423], [41.220322, -78.744269], [41.220366, -78.744297], [41.220411, -78.744327], [41.220459, -78.744325], [41.220507, -78.744313], [41.220527, -78.744272]]}, "4": {"path": [[41.220542, -78.744551], [41.220917, -78.745852]], "green": [[41.221015, -78.745932], [41.221008, -78.745954], [41.22099, -78.74598], [41.220946, -78.745985], [41.220899, -78.745943], [41.22086, -78.745902], [41.22083, -78.745869], [41.220803, -78.745831], [41.220788, -78.745789], [41.220806, -78.745746], [41.220829, -78.745711], [41.220862, -78.745709], [41.220903, -78.745725], [41.220945, -78.745769], [41.220985, -78.745818], [41.22101, -78.745848], [41.221021, -78.745891], [41.221015, -78.745932]]}, "5": {"path": [[41.220625, -78.746875], [41.219115, -78.746077], [41.218071, -78.745173]], "green": [[41.218168, -78.745221], [41.21816, -78.745255], [41.21814, -78.745292], [41.218119, -78.745315], [41.21809, -78.745324], [41.218052, -78.745306], [41.218022, -78.745269], [41.217999, -78.745225], [41.217974, -78.745177], [41.217958, -78.745147], [41.217947, -78.745106], [41.21795, -78.745062], [41.217969, -78.745034], [41.217998, -78.745032], [41.21803, -78.745048], [41.218064, -78.745071], [41.218112, -78.745092], [41.218143, -78.745111], [41.218162, -78.74514], [41.21817, -78.74517], [41.218172, -78.745196], [41.218168, -78.745221]]}, "6": {"path": [[41.218398, -78.744773], [41.220045, -78.745673], [41.220827, -78.746377]], "green": [[41.220968, -78.746361], [41.220949, -78.746402], [41.22092, -78.746456], [41.220892, -78.746492], [41.220869, -78.74651], [41.22084, -78.746509], [41.220811, -78.746495], [41.220774, -78.746476], [41.220744, -78.746461], [41.220711, -78.746444], [41.220682, -78.746427], [41.220675, -78.746392], [41.220684, -78.746344], [41.220704, -78.746302], [41.220736, -78.746267], [41.220773, -78.746244], [41.220816, -78.746233], [41.22086, -78.746241], [41.220904, -78.746261], [41.22094, -78.746293], [41.220965, -78.746316], [41.220968, -78.746361]]}, "7": {"path": [[41.219957, -78.744753], [41.218699, -78.743377], [41.216248, -78.742299]], "green": [[41.216345, -78.742261], [41.216328, -78.742219], [41.216296, -78.74219], [41.216266, -78.742174], [41.216229, -78.742162], [41.216189, -78.74217], [41.216156, -78.74219], [41.21613, -78.742243], [41.216127, -78.742314], [41.216148, -78.742371], [41.216178, -78.74241], [41.216226, -78.742442], [41.216263, -78.742461], [41.216305, -78.742459], [41.216338, -78.74241], [41.216353, -78.742339], [41.216345, -78.742261]]}, "8": {"path": [[41.215694, -78.74398], [41.217296, -78.743551]], "green": [[41.217376, -78.743529], [41.217378, -78.743583], [41.217371, -78.743641], [41.217345, -78.743679], [41.217311, -78.743705], [41.217261, -78.743721], [41.217224, -78.743709], [41.217196, -78.743679], [41.217185, -78.743628], [41.217185, -78.743574], [41.217197, -78.743511], [41.217225, -78.74345], [41.217263, -78.74341], [41.217313, -78.743401], [41.217335, -78.743399], [41.21735, -78.74341], [41.217362, -78.743441], [41.217368, -78.743471], [41.217376, -78.743529]]}, "9": {"path": [[41.218302, -78.744285], [41.216272, -78.745185]], "green": [[41.216425, -78.745217], [41.216413, -78.745146], [41.216386, -78.745088], [41.216367, -78.745045], [41.216335, -78.745017], [41.2163, -78.745017], [41.216249, -78.745057], [41.216216, -78.745094], [41.216168, -78.74514], [41.216121, -78.74519], [41.21607, -78.745263], [41.216068, -78.745326], [41.216118, -78.745348], [41.21619, -78.745326], [41.216254, -78.745261], [41.216308, -78.745236], [41.216353, -78.74526], [41.216398, -78.745262], [41.216425, -78.745217]]}, "10": {"path": [[41.21567, -78.747818], [41.217224, -78.747633]], "green": [[41.217304, -78.747669], [41.217286, -78.747711], [41.217246, -78.747736], [41.217208, -78.747731], [41.21717, -78.747708], [41.217151, -78.747687], [41.217141, -78.74767], [41.217138, -78.747648], [41.217138, -78.747603], [41.217153, -78.747568], [41.217179, -78.747534], [41.217222, -78.747524], [41.217265, -78.747536], [41.217284, -78.74755], [41.217304, -78.747587], [41.217314, -78.747634], [41.217304, -78.747669]]}, "11": {"path": [[41.219497, -78.747973], [41.217868, -78.748336], [41.216829, -78.748404]], "green": [[41.216889, -78.748374], [41.216898, -78.74842], [41.216898, -78.748479], [41.216894, -78.74853], [41.216864, -78.748568], [41.216815, -78.748577], [41.216782, -78.748577], [41.216757, -78.748547], [41.216745, -78.7485], [41.21675, -78.748439], [41.216761, -78.748348], [41.216768, -78.748287], [41.216787, -78.748243], [41.216821, -78.748213], [41.216849, -78.748224], [41.216877, -78.748252], [41.216886, -78.748325], [41.216889, -78.748374]]}, "12": {"path": [[41.216905, -78.749184], [41.218574, -78.748822], [41.219644, -78.74919]], "green": [[41.219628, -78.749104], [41.219662, -78.749089], [41.219707, -78.749122], [41.21972, -78.749158], [41.219729, -78.749205], [41.219723, -78.749256], [41.219688, -78.749311], [41.219641, -78.749305], [41.219601, -78.749291], [41.219572, -78.749252], [41.21956, -78.749195], [41.21957, -78.749148], [41.219589, -78.74912], [41.219628, -78.749104]]}, "13": {"path": [[41.219612, -78.748424], [41.220693, -78.747286]], "green": [[41.220774, -78.747281], [41.220765, -78.747314], [41.220749, -78.747351], [41.220733, -78.747385], [41.220712, -78.747415], [41.220677, -78.747428], [41.220649, -78.747426], [41.220623, -78.747408], [41.220609, -78.747382], [41.220601, -78.74733], [41.220601, -78.747277], [41.220616, -78.747226], [41.220629, -78.747187], [41.220645, -78.747153], [41.220683, -78.747137], [41.220716, -78.747144], [41.220751, -78.747166], [41.220772, -78.747197], [41.220781, -78.747229], [41.220774, -78.747281]]}, "14": {"path": [[41.219922, -78.747464], [41.218345, -78.747346], [41.217352, -78.747086]], "green": [[41.217449, -78.747092], [41.217437, -78.747036], [41.217414, -78.747003], [41.217377, -78.746984], [41.217314, -78.746971], [41.217283, -78.746975], [41.217251, -78.747001], [41.217232, -78.747038], [41.217232, -78.747085], [41.217255, -78.747129], [41.217295, -78.747153], [41.217334, -78.747185], [41.217376, -78.747197], [41.217411, -78.747202], [41.217432, -78.747174], [41.217446, -78.747143], [41.217449, -78.747092]]}, "15": {"path": [[41.217459, -78.746647], [41.216141, -78.746695], [41.21542, -78.745676]],