{"holes": {"1": {"path": [[41.495297, -75.10375], [41.496765, -75.101434], [41.497639, -75.100921]], "green": [[41.497704, -75.100944], [41.497688, -75.100964], [41.497667, -75.100991], [41.497651, -75.10102], [41.497636, -75.101041], [41.497619, -75.101067], [41.497605, -75.101078], [41.49759, -75.101082], [41.497571, -75.101086], [41.497554, -75.101084], [41.497538, -75.101081], [41.497526, -75.101071], [41.497514, -75.101056], [41.497509, -75.10104], [41.497504, -75.101015], [41.497509, -75.100991], [41.497516, -75.10097], [41.497527, -75.100952], [41.497538, -75.10094], [41.497552, -75.100928], [41.497569, -75.100913], [41.497585, -75.100909], [41.497601, -75.100905], [41.497615, -75.100893], [41.497629, -75.100872], [41.49764, -75.100845], [41.497651, -75.100822], [41.497662, -75.100803], [41.497673, -75.100783], [41.497682, -75.100767], [41.497696, -75.100751], [41.497712, -75.100747], [41.497726, -75.100751], [41.497734, -75.100763], [41.497742, -75.100776], [41.497751, -75.100798], [41.497756, -75.100815], [41.497758, -75.100834], [41.497758, -75.100849], [41.497751, -75.100865], [41.497741, -75.100886], [41.497732, -75.100899], [41.49772, -75.100915], [41.497704, -75.100944]]}, "2": {"path": [[41.499034, -75.100135], [41.498472, -75.102986], [41.498414, -75.104174]], "green": [[41.498505, -75.104123], [41.498511, -75.104147], [41.498511, -75.104189], [41.498507, -75.104229], [41.498497, -75.104278], [41.498481, -75.104323], [41.498468, -75.104348], [41.498454, -75.104366], [41.498437, -75.104375], [41.498418, -75.104367], [41.498406, -75.104348], [41.498399, -75.104323], [41.498396, -75.104294], [41.498394, -75.104267], [41.498388, -75.104246], [41.498378, -75.104234], [41.498364, -75.104218], [41.498343, -75.104195], [41.498327, -75.104179], [41.498319, -75.104157], [41.498315, -75.104131], [41.498315, -75.104109], [41.498321, -75.104087], [41.498331, -75.104063], [41.498346, -75.104037], [41.498364, -75.104021], [41.498382, -75.10401], [41.498399, -75.104005], [41.498418, -75.10401], [41.498432, -75.104021], [41.498448, -75.10404], [41.49846, -75.104064], [41.498472, -75.104079], [41.498487, -75.104096], [41.498505, -75.104123]]}, "3": {"path": [[41.497535, -75.105442], [41.49688, -75.108301], [41.497921, -75.110581]], "green": [[41.498048, -75.110609], [41.498037, -75.110622], [41.498021, -75.110634], [41.498, -75.110643], [41.497977, -75.110657], [41.49795, -75.110677], [41.497929, -75.110693], [41.497906, -75.110705], [41.49789, -75.11071], [41.497875, -75.11071], [41.497855, -75.110705], [41.497832, -75.110696], [41.497815, -75.110686], [41.497802, -75.110674], [41.49779, -75.110653], [41.49778, -75.110624], [41.497777, -75.110592], [41.497782, -75.110567], [41.49779, -75.110548], [41.497799, -75.110533], [41.497811, -75.110526], [41.497833, -75.110519], [41.497859, -75.110518], [41.497879, -75.110513], [41.497904, -75.110503], [41.497923, -75.110488], [41.49794, -75.110477], [41.497957, -75.110465], [41.497973, -75.11046], [41.497986, -75.110458], [41.498002, -75.110462], [41.498019, -75.110474], [41.49803, -75.110488], [41.49804, -75.11051], [41.498047, -75.110533], [41.498052, -75.110555], [41.498054, -75.11058], [41.498048, -75.110609]]}, "4": {"path": [[41.496999, -75.111685], [41.496217, -75.113131]], "green": [[41.496305, -75.113053], [41.496303, -75.113078], [41.496305, -75.113103], [41.496308, -75.113135], [41.49631, -75.113161], [41.496306, -75.113185], [41.496297, -75.113202], [41.49628, -75.113218], [41.496251, -75.113251], [41.496227, -75.113281], [41.496202, -75.113303], [41.496187, -75.113316], [41.496171, -75.113325], [41.496157, -75.11333], [41.496142, -75.113331], [41.49613, -75.113327], [41.496118, -75.113314], [41.496109, -75.113292], [41.496106, -75.11327], [41.496107, -75.113251], [41.496111, -75.113227], [41.49612, -75.113205], [41.496133, -75.113174], [41.496143, -75.113151], [41.496154, -75.113125], [41.49616, -75.113106], [41.496168, -75.11308], [41.496176, -75.113057], [41.496185, -75.113033], [41.496193, -75.113009], [41.496202, -75.11299], [41.496213, -75.112969], [41.496224, -75.112955], [41.496236, -75.112948], [41.496251, -75.112942], [41.496263, -75.112944], [41.496275, -75.112949], [41.496285, -75.11296], [41.496294, -75.112978], [41.4963, -75.112994], [41.496303, -75.113012], [41.496305, -75.113031], [41.496305, -75.113053]]}, "5": {"path": [[41.496744, -75.113784], [41.49637, -75.116488], [41.496665, -75.117082]], "green": [[41.496764, -75.117178], [41.496758, -75.1172], [41.496743, -75.117225], [41.496729, -75.117238], [41.496714, -75.117248], [41.496697, -75.117248], [41.496676, -75.117239], [41.496659, -75.117227], [41.49664, -75.117213], [41.496618, -75.117198], [41.496603, -75.117188], [41.496588, -75.117169], [41.496577, -75.117138], [41.496576, -75.117104], [41.496573, -75.117075], [41.496572, -75.117049], [41.496566, -75.11702], [41.496561, -75.116992], [41.496561, -75.116967], [41.496566, -75.116944], [41.496578, -75.116928], [41.496594, -75.116917], [41.49661, -75.116913], [41.496628, -75.116921], [41.496642, -75.116933], [41.496658, -75.116951], [41.496674, -75.116969], [41.496685, -75.116983], [41.496702, -75.116997], [41.496716, -75.11701], [41.496728, -75.117023], [41.496739, -75.117041], [41.496749, -75.117058], [41.496756, -75.11708], [41.49676, -75.117099], [41.496763, -75.117119], [41.496766, -75.117144], [41.496764, -75.117178]]}, "6": {"path": [[41.496521, -75.117727], [41.494387, -75.118228], [41.49333, -75.117734]], "green": [[41.49344, -75.117823], [41.493432, -75.117841], [41.493419, -75.117859], [41.493403, -75.117872], [41.493388, -75.117878], [41.493372, -75.117878], [41.493353, -75.117876], [41.493334, -75.117868], [41.493314, -75.117852], [41.493299, -75.117832], [41.493285, -75.117814], [41.493272, -75.117801], [41.493258, -75.117789], [41.493246, -75.117778], [41.493235, -75.117764], [41.493225, -75.117746], [41.493217, -75.117727], [41.493212, -75.11771], [41.493212, -75.11769], [41.493213, -75.11767], [41.493221, -75.117652], [41.493234, -75.117634], [41.493246, -75.11762], [41.493258, -75.11761], [41.49327, -75.1176], [41.493284, -75.117594], [41.493297, -75.117592], [41.493314, -75.11759], [41.49333, -75.117594], [41.493342, -75.117604], [41.493352, -75.117616], [41.493358, -75.117634], [41.493366, -75.117657], [41.49337, -75.117672], [41.493379, -75.117696], [41.493386, -75.117715], [41.493395, -75.117728], [41.493403, -75.117736], [41.493418, -75.117746], [41.493428, -75.117758], [41.493436, -75.117772], [41.493442, -75.117789], [41.493443, -75.117804], [41.49344, -75.117823]]}, "7": {"path": [[41.492918, -75.116446], [41.494006, -75.113649], [41.495004, -75.111861]], "green": [[41.495079, -75.111981], [41.495077, -75.112001], [41.495071, -75.112019], [41.495062, -75.112034], [41.495052, -75.112043], [41.495039, -75.112048], [41.495025, -75.112049], [41.495013, -75.112046], [41.495001, -75.112042], [41.494989, -75.112035], [41.494976, -75.112025], [41.494962, -75.112009], [41.494953, -75.111988], [41.494947, -75.111964], [41.494944, -75.111937], [41.494945, -75.111911], [41.494947, -75.111887], [41.494949, -75.111862], [41.494948, -75.111835], [41.494945, -75.111811], [41.494939, -75.111783], [41.494934, -75.111759], [41.49493, -75.111735], [41.494929, -75.111711], [41.49493, -75.111687], [41.494939, -75.111668], [41.494954, -75.11166], [41.49497, -75.111658], [41.49498, -75.111658], [41.49499, -75.11166], [41.495001, -75.111665], [41.495013, -75.111676], [41.495021, -75.111688], [41.49503, -75.111706], [41.495036, -75.111726], [41.495036, -75.11175], [41.495035, -75.111787], [41.495036, -75.11181], [41.495039, -75.111832], [41.495045, -75.111851], [41.495054, -75.111874], [41.49506, -75.111892], [41.495069, -75.11191], [41.495075, -75.111926], [41.495078, -75.111943], [41.49508, -75.111962], [41.495079, -75.111981]]}, "8": {"path": [[41.494296, -75.111589], [41.495242, -75.110446]],