{"holes": {"1": {"path": [[40.23453, -79.676843], [40.231678, -79.677091], [40.230827, -79.67698], [40.230174, -79.67656]], "green": [[40.230143, -79.676631], [40.230122, -79.676605], [40.230109, -79.676575], [40.230094, -79.676542], [40.230083, -79.676516], [40.230084, -79.676468], [40.23009, -79.676435], [40.230107, -79.67641], [40.23013, -79.676399], [40.230162, -79.676408], [40.230191, -79.676418], [40.230219, -79.676447], [40.230244, -79.67647], [40.230267, -79.676544], [40.230263, -79.676574], [40.230257, -79.676601], [40.230246, -79.676618], [40.230239, -79.676635], [40.23023, -79.676649], [40.230217, -79.676659], [40.230206, -79.676667], [40.230193, -79.676677], [40.230175, -79.676675], [40.230162, -79.676661], [40.230151, -79.676649], [40.230143, -79.676631]]}, "2": {"path": [[40.229366, -79.676391], [40.230925, -79.678005], [40.232203, -79.678052]], "green": [[40.232083, -79.678127], [40.232083, -79.678151], [40.232099, -79.678168], [40.23211, -79.678173], [40.232124, -79.67819], [40.232139, -79.6782], [40.232149, -79.678207], [40.232162, -79.678207], [40.232174, -79.678202], [40.232193, -79.678196], [40.23221, -79.678185], [40.232227, -79.678174], [40.232244, -79.67817], [40.232257, -79.678163], [40.232274, -79.678149], [40.232287, -79.67814], [40.232301, -79.678122], [40.232312, -79.678102], [40.23232, -79.678086], [40.232326, -79.678065], [40.232327, -79.678037], [40.232325, -79.678015], [40.232321, -79.677995], [40.232313, -79.677973], [40.232304, -79.677958], [40.232297, -79.677939], [40.232288, -79.677922], [40.232275, -79.677906], [40.232261, -79.677898], [40.232249, -79.677896], [40.232233, -79.677898], [40.232217, -79.677903], [40.232205, -79.67791], [40.232194, -79.677917], [40.232181, -79.677926], [40.232165, -79.677938], [40.232151, -79.677949], [40.232137, -79.677971], [40.232126, -79.677984], [40.232113, -79.677987], [40.232099, -79.677992], [40.232095, -79.678], [40.232098, -79.678022], [40.232096, -79.678065], [40.232089, -79.678103], [40.232083, -79.678127]]}, "3": {"path": [[40.233197, -79.678081], [40.233915, -79.678129], [40.234547, -79.677854]], "green": [[40.234612, -79.677945], [40.23462, -79.677913], [40.234636, -79.677884], [40.23465, -79.677861], [40.23466, -79.677835], [40.234667, -79.677814], [40.234662, -79.677787], [40.234651, -79.677766], [40.234638, -79.677758], [40.234623, -79.677755], [40.234599, -79.677748], [40.234575, -79.67775], [40.23456, -79.67775], [40.234536, -79.677744], [40.234509, -79.677743], [40.234488, -79.677739], [40.234463, -79.677746], [40.234448, -79.677751], [40.234431, -79.677763], [40.23442, -79.677796], [40.234414, -79.677819], [40.234411, -79.677843], [40.234427, -79.677868], [40.234443, -79.677886], [40.234463, -79.677907], [40.234488, -79.67792], [40.234507, -79.677935], [40.234517, -79.677964], [40.234534, -79.67798], [40.234547, -79.677991], [40.234563, -79.678], [40.234579, -79.678006], [40.234598, -79.678004], [40.234609, -79.677978], [40.234612, -79.677945]]}, "4": {"path": [[40.234144, -79.676474], [40.231784, -79.675983], [40.230546, -79.675277]], "green": [[40.230706, -79.67521], [40.230683, -79.675185], [40.23065, -79.675155], [40.230619, -79.675137], [40.230579, -79.675124], [40.230535, -79.675123], [40.2305, -79.675126], [40.230468, -79.67514], [40.230444, -79.675151], [40.230429, -79.675188], [40.230422, -79.67522], [40.230424, -79.675255], [40.230435, -79.675287], [40.230443, -79.675311], [40.230454, -79.675332], [40.230465, -79.675352], [40.230475, -79.675383], [40.230493, -79.675413], [40.230511, -79.675437], [40.230536, -79.67545], [40.230556, -79.675443], [40.230581, -79.675448], [40.230592, -79.675453], [40.230612, -79.675392], [40.230637, -79.675329], [40.23066, -79.675277], [40.230685, -79.675236], [40.230706, -79.67521]]}, "5": {"path": [[40.230692, -79.6746], [40.229429, -79.673383], [40.229151, -79.67192]], "green": [[40.229263, -79.671948], [40.229266, -79.671924], [40.229259, -79.671893], [40.229253, -79.671868], [40.229234, -79.671841], [40.229221, -79.671822], [40.229205, -79.671806], [40.229179, -79.671785], [40.229158, -79.671766], [40.229128, -79.671752], [40.229112, -79.671762], [40.229097, -79.671767], [40.229077, -79.671786], [40.229066, -79.671814], [40.22906, -79.67184], [40.22905, -79.671857], [40.229044, -79.671889], [40.229039, -79.671913], [40.229036, -79.671942], [40.229047, -79.671959], [40.229067, -79.67197], [40.229082, -79.671981], [40.229097, -79.671993], [40.229109, -79.672009], [40.229118, -79.672026], [40.229127, -79.672034], [40.229133, -79.672049], [40.22914, -79.672069], [40.229167, -79.672066], [40.229182, -79.67205], [40.229204, -79.672031], [40.229218, -79.672018], [40.229231, -79.672002], [40.229245, -79.671988], [40.229256, -79.671964], [40.229263, -79.671948]]}, "6": {"path": [[40.229865, -79.672155], [40.231163, -79.674089], [40.232328, -79.675243]], "green": [[40.232269, -79.675376], [40.232288, -79.675405], [40.232319, -79.675434], [40.232347, -79.675442], [40.232379, -79.675442], [40.232401, -79.675429], [40.232415, -79.6754], [40.232417, -79.675357], [40.232417, -79.675309], [40.23241, -79.675268], [40.232405, -79.675223], [40.232404, -79.675188], [40.232395, -79.675145], [40.232387, -79.675123], [40.232362, -79.675094], [40.23234, -79.675067], [40.232321, -79.675048], [40.232303, -79.675029], [40.232278, -79.675029], [40.232253, -79.675033], [40.23224, -79.67511], [40.232217, -79.675164], [40.232222, -79.675227], [40.232229, -79.675272], [40.232245, -79.675326], [40.232269, -79.675376]]}, "7": {"path": [[40.23296, -79.675013], [40.230182, -79.671416]], "green": [[40.230219, -79.671566], [40.230232, -79.67154], [40.230244, -79.671507], [40.230257, -79.671489], [40.230263, -79.671467], [40.230258, -79.671443], [40.230258, -79.671413], [40.230257, -79.671379], [40.230255, -79.671351], [40.230248, -79.671311], [40.230239, -79.671293], [40.230223, -79.671273], [40.230202, -79.671265], [40.23019, -79.671263], [40.230172, -79.671268], [40.230157, -79.671276], [40.230142, -79.67128], [40.230131, -79.671292], [40.230122, -79.671316], [40.230114, -79.671338], [40.230111, -79.671363], [40.230102, -79.671386], [40.230101, -79.671422], [40.230101, -79.67144], [40.230098, -79.671472], [40.230108, -79.671508], [40.23012, -79.671542], [40.230139, -79.671557], [40.230153, -79.671569], [40.230177, -79.671578], [40.230198, -79.671569], [40.230219, -79.671566]]}, "8": {"path": [[40.230211, -79.670755], [40.231522, -79.670798], [40.231709, -79.670666]], "green": [[40.231715, -79.670784], [40.231734, -79.670788], [40.231753, -79.670788], [40.231773, -79.67078], [40.231789, -79.670772], [40.231801, -79.670761], [40.231812, -79.670742], [40.231817, -79.670716], [40.231817, -79.670693], [40.231804, -79.670664], [40.231788, -79.670645], [40.231769, -79.670617], [40.231755, -79.670587], [40.231747, -79.670558], [40.23173, -79.670526], [40.23171, -79.670513], [40.231679, -79.670513], [40.231655, -79.670518], [40.231634, -79.67052], [40.231617, -79.670535], [40.231603, -79.670564], [40.231595, -79.670598], [40.231594, -79.670625], [40.2316, -79.670647], [40.231624, -79.670687], [40.231634, -79.670704], [40.231645, -79.670721], [40.231668, -79.670744], [40.231689, -79.670765], [40.231698, -79.670774], [40.231715, -79.670784]]}, "9": {"path": [[40.231999, -79.671539], [40.233869, -79.674957]],