{"holes": {"1": {"path": [[40.20784, -75.385723], [40.208231, -75.383318], [40.208202, -75.382319]], "green": [[40.208285, -75.382371], [40.208266, -75.382402], [40.208238, -75.382424], [40.208215, -75.382436], [40.208176, -75.382437], [40.208134, -75.382417], [40.208103, -75.38239], [40.208082, -75.382355], [40.208075, -75.382321], [40.208076, -75.382276], [40.20809, -75.382243], [40.208125, -75.382216], [40.208168, -75.382205], [40.208203, -75.38221], [40.20823, -75.382216], [40.208258, -75.382234], [40.208275, -75.382251], [40.208286, -75.382276], [40.208292, -75.382295], [40.208295, -75.382329], [40.208292, -75.382352], [40.208285, -75.382371]]}, "3": {"path": [[40.21071, -75.377831], [40.211548, -75.376511]], "green": [[40.211628, -75.376566], [40.211612, -75.376593], [40.211599, -75.376608], [40.211561, -75.376621], [40.211518, -75.376623], [40.211491, -75.376621], [40.211476, -75.376609], [40.211468, -75.376579], [40.211463, -75.376536], [40.211462, -75.376495], [40.211464, -75.376459], [40.21147, -75.376441], [40.211485, -75.376412], [40.211503, -75.376399], [40.211523, -75.37639], [40.211546, -75.376391], [40.211582, -75.37641], [40.211607, -75.376435], [40.211624, -75.376465], [40.211633, -75.376491], [40.211635, -75.376513], [40.211634, -75.376539], [40.211628, -75.376566]]}, "4": {"path": [[40.211663, -75.376904], [40.210389, -75.379445], [40.209306, -75.380386]], "green": [[40.209399, -75.380427], [40.209386, -75.380459], [40.209353, -75.380488], [40.209318, -75.380517], [40.209286, -75.380533], [40.209251, -75.380538], [40.20922, -75.380522], [40.209199, -75.380497], [40.209184, -75.380475], [40.209176, -75.380436], [40.209179, -75.380397], [40.209192, -75.380367], [40.209231, -75.38032], [40.209262, -75.380293], [40.209278, -75.380278], [40.209297, -75.380264], [40.209309, -75.380258], [40.209329, -75.380256], [40.209345, -75.380261], [40.209368, -75.380279], [40.209386, -75.380301], [40.209395, -75.380318], [40.209402, -75.380355], [40.209403, -75.380376], [40.209404, -75.3804], [40.209399, -75.380427]]}, "5": {"path": [[40.209055, -75.380665], [40.208107, -75.381865]], "green": [[40.208197, -75.381882], [40.208184, -75.381914], [40.208161, -75.381943], [40.208129, -75.38197], [40.208102, -75.381981], [40.208073, -75.381982], [40.208042, -75.381969], [40.208024, -75.381959], [40.208009, -75.381936], [40.208002, -75.381918], [40.208002, -75.381901], [40.208006, -75.381876], [40.208018, -75.38184], [40.20806, -75.381777], [40.208084, -75.381751], [40.208112, -75.381736], [40.208133, -75.381734], [40.208155, -75.381735], [40.208179, -75.381762], [40.208193, -75.381789], [40.208198, -75.381813], [40.2082, -75.381848], [40.208197, -75.381882]]}, "6": {"path": [[40.208479, -75.382954], [40.209963, -75.380547], [40.210835, -75.379891]], "green": [[40.21093, -75.379936], [40.210907, -75.379986], [40.210881, -75.380014], [40.210854, -75.380023], [40.210822, -75.380021], [40.210789, -75.380011], [40.210753, -75.379988], [40.210733, -75.37997], [40.21072, -75.379957], [40.210715, -75.379938], [40.210711, -75.379915], [40.210711, -75.379894], [40.210717, -75.379869], [40.210735, -75.379833], [40.210755, -75.379807], [40.210787, -75.379784], [40.210821, -75.379771], [40.21085, -75.37977], [40.210872, -75.379774], [40.210894, -75.379784], [40.21091, -75.379796], [40.21092, -75.379808], [40.210929, -75.379828], [40.210934, -75.379853], [40.210937, -75.379875], [40.210938, -75.379893], [40.210937, -75.379916], [40.21093, -75.379936]]}, "7": {"path": [[40.210363, -75.382533], [40.209741, -75.38467]], "green": [[40.209822, -75.384742], [40.209805, -75.384777], [40.209783, -75.384805], [40.209752, -75.384822], [40.209715, -75.384823], [40.209694, -75.384819], [40.209673, -75.384804], [40.209658, -75.384786], [40.209649, -75.384768], [40.20964, -75.384735], [40.20964, -75.384694], [40.209647, -75.38463], [40.209656, -75.38458], [40.209673, -75.384542], [40.209698, -75.384517], [40.20972, -75.384506], [40.209738, -75.384505], [40.209765, -75.384511], [40.209793, -75.38452], [40.209826, -75.384545], [40.209842, -75.38458], [40.209848, -75.384614], [40.20984, -75.384674], [40.209832, -75.384706], [40.209822, -75.384742]]}, "8": {"path": [[40.20916, -75.384717], [40.210253, -75.381259]], "green": [[40.210337, -75.381308], [40.210309, -75.38135], [40.210268, -75.381379], [40.210247, -75.381383], [40.210227, -75.381383], [40.210212, -75.38138], [40.210196, -75.381363], [40.210184, -75.381344], [40.210181, -75.381336], [40.210168, -75.381303], [40.210155, -75.381247], [40.210152, -75.381188], [40.210166, -75.381139], [40.210201, -75.381104], [40.210243, -75.381096], [40.210285, -75.381103], [40.210315, -75.381125], [40.210338, -75.38116], [40.210348, -75.381192], [40.210353, -75.381232], [40.210348, -75.381274], [40.210337, -75.381308]]}, "9": {"path": [[40.209914, -75.381325], [40.208946, -75.383517], [40.208585, -75.38467]], "green": [[40.208669, -75.384684], [40.208638, -75.38472], [40.208611, -75.384756], [40.208594, -75.384776], [40.208575, -75.384787], [40.208558, -75.384795], [40.20854, -75.384793], [40.208529, -75.38479], [40.208516, -75.384778], [40.208503, -75.384763], [40.208495, -75.384746], [40.208489, -75.384714], [40.208487, -75.384678], [40.208491, -75.384634], [40.2085, -75.384588], [40.208514, -75.384553], [40.208536, -75.384533], [40.208559, -75.384521], [40.208603, -75.384528], [40.208631, -75.384539], [40.20866, -75.384565], [40.208677, -75.384593], [40.208686, -75.384615], [40.208688, -75.384635], [40.208686, -75.384653], [40.208681, -75.38467], [40.208669, -75.384684]]}, "10": {"path": [[40.207516, -75.385713], [40.207733, -75.383409], [40.207519, -75.382304]], "green": [[40.207552, -75.382426], [40.20754, -75.382443], [40.207522, -75.382455], [40.207505, -75.382453], [40.207481, -75.382442], [40.207465, -75.382419], [40.207453, -75.382387], [40.207448, -75.382359], [40.207444, -75.382314], [40.207445, -75.382254], [40.207445, -75.382207], [40.207449, -75.382178], [40.207462, -75.382156], [40.207485, -75.382138], [40.207512, -75.382138], [40.207536, -75.382144], [40.207559, -75.382162], [40.207574, -75.382188], [40.207585, -75.38221], [40.207592, -75.382244], [40.207592, -75.382285], [40.207585, -75.382327], [40.20758, -75.382353], [40.20757, -75.382391], [40.207564, -75.382403], [40.207552, -75.382426]]}, "11": {"path": [[40.207209, -75.382087], [40.207426, -75.380449]], "green": [[40.207512, -75.38048], [40.207503, -75.38052], [40.207483, -75.380554], [40.207456, -75.380578], [40.20742, -75.380589], [40.207388, -75.380579], [40.207365, -75.380567], [40.207346, -75.380542], [40.207333, -75.380511], [40.207335, -75.380455], [40.207346, -75.380416], [40.207355, -75.38039], [40.207369, -75.380364], [40.207385, -75.380345], [40.207404, -75.380332], [40.207425, -75.380324], [40.207456, -75.380329], [40.207471, -75.380339], [40.207488, -75.380358], [40.207505, -75.380394], [40.207514, -75.38043], [40.207512, -75.38048]]}, "12": {"path": [[40.208554, -75.379961], [40.211278, -75.376115]], "green": [[40.211382, -75.37615], [40.211372, -75.376174], [40.211352, -75.376195], [40.211332, -75.376207], [40.211307, -75.376208], [40.21128, -75.376198], [40.211256, -75.376188], [40.211236, -75.376186], [40.211213, -75.376185], [40.21119, -75.376189], [40.211169, -75.376183], [40.211154, -75.376165], [40.21115, -75.376139], [40.211152, -75.376119], [40.21116, -75.376088], [40.211211, -75.376015], [40.211247, -75.375979], [40.211266, -75.375975], [40.21129, -75.375979], [40.211307, -75.37599], [40.211335, -75.376011], [40.211358, -75.376039], [40.211372, -75.376064], [40.211382, -75.376088], [40.211385, -75.376121], [40.211382, -75.37615]]}, "13": {"path": [[40.210902, -75.375873], [40.20973, -75.377462], [40.208157, -75.378821]],