{"holes": {"1": {"path": [[47.589202, -122.702063], [47.587794, -122.702467]], "green": [[47.587803, -122.702372], [47.587835, -122.702382], [47.587863, -122.702382], [47.587891, -122.702382], [47.587913, -122.702408], [47.587925, -122.702463], [47.587919, -122.702522], [47.587899, -122.702567], [47.587872, -122.702604], [47.587842, -122.702635], [47.587802, -122.702647], [47.587756, -122.702628], [47.587714, -122.702585], [47.587673, -122.702533], [47.587649, -122.702489], [47.587647, -122.702438], [47.587664, -122.702383], [47.587699, -122.70234], [47.587733, -122.702332], [47.587763, -122.702339], [47.587803, -122.702372]]}, "3": {"path": [[47.589444, -122.699411], [47.587708, -122.700514], [47.586488, -122.700653]], "green": [[47.586593, -122.700697], [47.586574, -122.700766], [47.586523, -122.700801], [47.586453, -122.700801], [47.586392, -122.700768], [47.586353, -122.700692], [47.586357, -122.700603], [47.586382, -122.700525], [47.586433, -122.700501], [47.586483, -122.700531], [47.586531, -122.700552], [47.586569, -122.700585], [47.58659, -122.700628], [47.586593, -122.700697]]}, "4": {"path": [[47.586322, -122.700092], [47.584601, -122.700118], [47.583161, -122.700454]], "green": [[47.583159, -122.70037], [47.58318, -122.700365], [47.58321, -122.700367], [47.583246, -122.700396], [47.58327, -122.70043], [47.583282, -122.700476], [47.583278, -122.700532], [47.583259, -122.700564], [47.583236, -122.700591], [47.583198, -122.700601], [47.583155, -122.700587], [47.583115, -122.700584], [47.583075, -122.700582], [47.583043, -122.70053], [47.583034, -122.700446], [47.58305, -122.700378], [47.583076, -122.700345], [47.583095, -122.70033], [47.583123, -122.700338], [47.58314, -122.700361], [47.583159, -122.70037]]}, "5": {"path": [[47.583068, -122.70088], [47.58571, -122.701046], [47.587189, -122.701971]], "green": [[47.587174, -122.702088], [47.587133, -122.702076], [47.587099, -122.702057], [47.587078, -122.702021], [47.587073, -122.701958], [47.587083, -122.701899], [47.587101, -122.701859], [47.587129, -122.701841], [47.587163, -122.701833], [47.587195, -122.701837], [47.587225, -122.701861], [47.587255, -122.701876], [47.587282, -122.701896], [47.587296, -122.701936], [47.587299, -122.701994], [47.587291, -122.702034], [47.587266, -122.702068], [47.587244, -122.702093], [47.58721, -122.702101], [47.587174, -122.702088]]}, "6": {"path": [[47.586814, -122.70231], [47.585877, -122.703763]], "green": [[47.585862, -122.703656], [47.585815, -122.703671], [47.585787, -122.703684], [47.585765, -122.703719], [47.585751, -122.703769], [47.585763, -122.703821], [47.585783, -122.703872], [47.585819, -122.703892], [47.585873, -122.703899], [47.585926, -122.703896], [47.585975, -122.703862], [47.586002, -122.703824], [47.586027, -122.703762], [47.586014, -122.703701], [47.585974, -122.703651], [47.585918, -122.703639], [47.585862, -122.703656]]}, "7": {"path": [[47.585854, -122.704207], [47.587652, -122.703561], [47.589092, -122.703292]], "green": [[47.589056, -122.703395], [47.589018, -122.703366], [47.588999, -122.703327], [47.588991, -122.703276], [47.589002, -122.70321], [47.589036, -122.703172], [47.589085, -122.703152], [47.589138, -122.703155], [47.589182, -122.703186], [47.589201, -122.703247], [47.589205, -122.70332], [47.589182, -122.70338], [47.589137, -122.703398], [47.58909, -122.7034], [47.589056, -122.703395]]}, "8": {"path": [[47.588213, -122.704069], [47.589912, -122.704359], [47.590465, -122.705149]], "green": [[47.590519, -122.705237], [47.590496, -122.705269], [47.590462, -122.705295], [47.590423, -122.705292], [47.590385, -122.705261], [47.590364, -122.705185], [47.590385, -122.705095], [47.590417, -122.705033], [47.590439, -122.705016], [47.59045, -122.705006], [47.590491, -122.705003], [47.590529, -122.705035], [47.590546, -122.705091], [47.590543, -122.705181], [47.590519, -122.705237]]}, "9": {"path": [[47.590947, -122.704801], [47.590237, -122.702933], [47.588749, -122.702738]], "green": [[47.588862, -122.702699], [47.588845, -122.702645], [47.588816, -122.702613], [47.588773, -122.702609], [47.588722, -122.702615], [47.588682, -122.702626], [47.588651, -122.70266], [47.588626, -122.702705], [47.58862, -122.70276], [47.588638, -122.702819], [47.588667, -122.702859], [47.588721, -122.70288], [47.588765, -122.70288], [47.588797, -122.702868], [47.588834, -122.702832], [47.58886, -122.702782], [47.588862, -122.702699]]}, "10": {"path": [[47.590554, -122.701616], [47.592416, -122.700563], [47.593775, -122.701359]], "green": [[47.593757, -122.701221], [47.593819, -122.70124], [47.593862, -122.701247], [47.593898, -122.70128], [47.593915, -122.701325], [47.593922, -122.701389], [47.593905, -122.701444], [47.593872, -122.70148], [47.593832, -122.701496], [47.593787, -122.701491], [47.593751, -122.701491], [47.593705, -122.701504], [47.593658, -122.701487], [47.593629, -122.701432], [47.593636, -122.701358], [47.593643, -122.701286], [47.593671, -122.701229], [47.593712, -122.701209], [47.593757, -122.701221]]}, "11": {"path": [[47.5936, -122.70186], [47.593221, -122.705001], [47.593254, -122.70844]], "green": [[47.593325, -122.708543], [47.593302, -122.708576], [47.593265, -122.708583], [47.593229, -122.708578], [47.593201, -122.708558], [47.593166, -122.708524], [47.593144, -122.708476], [47.593141, -122.708396], [47.593165, -122.708342], [47.593193, -122.708299], [47.593241, -122.708286], [47.593257, -122.708292], [47.593282, -122.708304], [47.593311, -122.708327], [47.593335, -122.708372], [47.593349, -122.708429], [47.593348, -122.708491], [47.593325, -122.708543]]}, "12": {"path": [[47.593716, -122.70726], [47.59456, -122.708691], [47.595525, -122.70902]], "green": [[47.595521, -122.709113], [47.595485, -122.709099], [47.595455, -122.709077], [47.595442, -122.709017], [47.595449, -122.708968], [47.595471, -122.708929], [47.595508, -122.708909], [47.595557, -122.708915], [47.59559, -122.70895], [47.595605, -122.708985], [47.595606, -122.709034], [47.595587, -122.709073], [47.595557, -122.709104], [47.595521, -122.709113]]}, "13": {"path": [[47.595568, -122.708613], [47.594398, -122.707496], [47.593877, -122.706676]], "green": [[47.593955, -122.706577], [47.593945, -122.706673], [47.593954, -122.706743], [47.593958, -122.706795], [47.593948, -122.706815], [47.59393, -122.706852], [47.593892, -122.706882], [47.593831, -122.70687], [47.593789, -122.706827], [47.593772, -122.706774], [47.593765, -122.70668], [47.593772, -122.70658], [47.593785, -122.706515], [47.593822, -122.706482], [47.593864, -122.70648], [47.593914, -122.706503], [47.593943, -122.706534], [47.593955, -122.706577]]}, "14": {"path": [[47.593626, -122.706501], [47.593898, -122.702021]], "green": [[47.593964, -122.702063], [47.593949, -122.702095], [47.593932, -122.702127], [47.593905, -122.702159], [47.593871, -122.70217], [47.593844, -122.702155], [47.593824, -122.702123], [47.593816, -122.702078], [47.593813, -122.702009], [47.593813, -122.701932], [47.593834, -122.701887], [47.593872, -122.701868], [47.593908, -122.701864], [47.593943, -122.701883], [47.593964, -122.701914], [47.593975, -122.701966], [47.593971, -122.702023], [47.593964, -122.702063]]}, "15": {"path": [[47.594383, -122.701757], [47.594297, -122.706524]], "green": [[47.59426, -122.706668], [47.594238, -122.706631], [47.594226, -122.706577], [47.594236, -122.706538], [47.59425, -122.706519], [47.59426, -122.706474], [47.594255, -122.706424], [47.594259, -122.706372], [47.594285, -122.706346], [47.594317, -122.706346], [47.594349, -122.706359], [47.594375, -122.706404], [47.594389, -122.706476], [47.594385, -122.706582], [47.594373, -122.706659], [47.594341, -122.706693], [47.594296, -122.706695], [47.59426, -122.706668]]}, "16": {"path": [[47.594733, -122.706844], [47.594841, -122.703321]],