{"holes": {"1": {"path": [[47.81553, -122.330306], [47.813798, -122.330271], [47.813399, -122.328504]], "green": [[47.813435, -122.328669], [47.813447, -122.328664], [47.81346, -122.328661], [47.813468, -122.32865], [47.81348, -122.328637], [47.813488, -122.32862], [47.813496, -122.328604], [47.813502, -122.32858], [47.813505, -122.328568], [47.813503, -122.328524], [47.813488, -122.328472], [47.813461, -122.328435], [47.813429, -122.328393], [47.813412, -122.328362], [47.813399, -122.328327], [47.813383, -122.328293], [47.813362, -122.328279], [47.813338, -122.328274], [47.813315, -122.328285], [47.81329, -122.328315], [47.813279, -122.328347], [47.813279, -122.328383], [47.813288, -122.328404], [47.813307, -122.328433], [47.81332, -122.328447], [47.813335, -122.328484], [47.813348, -122.328526], [47.813359, -122.328576], [47.813372, -122.328628], [47.813382, -122.328648], [47.813391, -122.328658], [47.813397, -122.328665], [47.813412, -122.328672], [47.813435, -122.328669]]}, "2": {"path": [[47.812968, -122.326714], [47.811507, -122.326515]], "green": [[47.811465, -122.326599], [47.811481, -122.3266], [47.811499, -122.326604], [47.811517, -122.326616], [47.811536, -122.326631], [47.811558, -122.326641], [47.811576, -122.326639], [47.811601, -122.32663], [47.811617, -122.326616], [47.811633, -122.326594], [47.811645, -122.326567], [47.81165, -122.326539], [47.81165, -122.326515], [47.81165, -122.326501], [47.811646, -122.326482], [47.811643, -122.326473], [47.81163, -122.326451], [47.811614, -122.326434], [47.811589, -122.326417], [47.811566, -122.326413], [47.811546, -122.326413], [47.811534, -122.326409], [47.811517, -122.326397], [47.811494, -122.326375], [47.811473, -122.326359], [47.811453, -122.326354], [47.811427, -122.326353], [47.811402, -122.326376], [47.81138, -122.326404], [47.811365, -122.326432], [47.811352, -122.326472], [47.811349, -122.326502], [47.811351, -122.326543], [47.811361, -122.326578], [47.811378, -122.326604], [47.811395, -122.326618], [47.81141, -122.326621], [47.811431, -122.326611], [47.811446, -122.326604], [47.811465, -122.326599]]}, "3": {"path": [[47.81099, -122.326342], [47.81102, -122.329822]], "green": [[47.811088, -122.329942], [47.811096, -122.329897], [47.811101, -122.329827], [47.811094, -122.329787], [47.811081, -122.329745], [47.811071, -122.329731], [47.811062, -122.329719], [47.811052, -122.329708], [47.811047, -122.329705], [47.811042, -122.329701], [47.811025, -122.329691], [47.810998, -122.329688], [47.810974, -122.329694], [47.810954, -122.329714], [47.810937, -122.32974], [47.81093, -122.329774], [47.810926, -122.32982], [47.810932, -122.329878], [47.81094, -122.329905], [47.81096, -122.329951], [47.810979, -122.329987], [47.811011, -122.330012], [47.811043, -122.33001], [47.81107, -122.329992], [47.811088, -122.329942]]}, "4": {"path": [[47.810721, -122.330041], [47.81108, -122.331315]], "green": [[47.811184, -122.331401], [47.81119, -122.331376], [47.811189, -122.331342], [47.811183, -122.331313], [47.811174, -122.331291], [47.811164, -122.331268], [47.811151, -122.331241], [47.811137, -122.331219], [47.811125, -122.331207], [47.811116, -122.33119], [47.811103, -122.331184], [47.811082, -122.33118], [47.811064, -122.331184], [47.811041, -122.331213], [47.811034, -122.331217], [47.811024, -122.331223], [47.811006, -122.331237], [47.810986, -122.331246], [47.810974, -122.331259], [47.81096, -122.33128], [47.810952, -122.331316], [47.810951, -122.331356], [47.810958, -122.33139], [47.810978, -122.331408], [47.810998, -122.331422], [47.811021, -122.331434], [47.811048, -122.331437], [47.81108, -122.331434], [47.811108, -122.331433], [47.811137, -122.331431], [47.81116, -122.33143], [47.811175, -122.331419], [47.811184, -122.331401]]}, "5": {"path": [[47.811543, -122.331538], [47.811521, -122.327254]], "green": [[47.811544, -122.327409], [47.811563, -122.327353], [47.811585, -122.327312], [47.811604, -122.32728], [47.811624, -122.327254], [47.811648, -122.327222], [47.811664, -122.327184], [47.811663, -122.327147], [47.811647, -122.327114], [47.811625, -122.327105], [47.811595, -122.3271], [47.811563, -122.327105], [47.811543, -122.327107], [47.811519, -122.327097], [47.811492, -122.327088], [47.811463, -122.327087], [47.811439, -122.327103], [47.811418, -122.327129], [47.81141, -122.327158], [47.811408, -122.327205], [47.811416, -122.32724], [47.811426, -122.327286], [47.811431, -122.327331], [47.811436, -122.327357], [47.811444, -122.327398], [47.811449, -122.327408], [47.811464, -122.327425], [47.811487, -122.32743], [47.811505, -122.327434], [47.811521, -122.327432], [47.811532, -122.327423], [47.811544, -122.327409]]}, "6": {"path": [[47.812087, -122.327219], [47.812097, -122.331307]], "green": [[47.81216, -122.33147], [47.812159, -122.331413], [47.812165, -122.331372], [47.81218, -122.331336], [47.812191, -122.331315], [47.812198, -122.331268], [47.812195, -122.331209], [47.812183, -122.331168], [47.812171, -122.331148], [47.812165, -122.331137], [47.812159, -122.331128], [47.812154, -122.331124], [47.812131, -122.331108], [47.812098, -122.331096], [47.812067, -122.3311], [47.812043, -122.331129], [47.812027, -122.331162], [47.812018, -122.331179], [47.812013, -122.331194], [47.812008, -122.331211], [47.811992, -122.331254], [47.811982, -122.331294], [47.811978, -122.331328], [47.81198, -122.331389], [47.81199, -122.331438], [47.812007, -122.331479], [47.812038, -122.331527], [47.812067, -122.331545], [47.812094, -122.331549], [47.812122, -122.331543], [47.81214, -122.331535], [47.812159, -122.331509], [47.81216, -122.33147]]}, "7": {"path": [[47.812569, -122.331333], [47.812653, -122.327328]], "green": [[47.812629, -122.327535], [47.812635, -122.327534], [47.812646, -122.327528], [47.812665, -122.327518], [47.812684, -122.327501], [47.81269, -122.327496], [47.812709, -122.32748], [47.812725, -122.327461], [47.812736, -122.32744], [47.812741, -122.327418], [47.812742, -122.327386], [47.812733, -122.327358], [47.812729, -122.327347], [47.812722, -122.32733], [47.812717, -122.327306], [47.812713, -122.327285], [47.812714, -122.32726], [47.812719, -122.327241], [47.812723, -122.327224], [47.812725, -122.327202], [47.812725, -122.327175], [47.812721, -122.327152], [47.812716, -122.327132], [47.812709, -122.327109], [47.812696, -122.327094], [47.812683, -122.327086], [47.812666, -122.327076], [47.812645, -122.327077], [47.81263, -122.327083], [47.812615, -122.327098], [47.812604, -122.327124], [47.812599, -122.327151], [47.812597, -122.327181], [47.812595, -122.327216], [47.812594, -122.327231], [47.812593, -122.327249], [47.812593, -122.32729], [47.812591, -122.327317], [47.812585, -122.327341], [47.812581, -122.327363], [47.812576, -122.327386], [47.812574, -122.327403], [47.812574, -122.327423], [47.812575, -122.327431], [47.812577, -122.327449], [47.812583, -122.32747], [47.81259, -122.327487], [47.812599, -122.327504], [47.812605, -122.327511], [47.812611, -122.327519], [47.812619, -122.327527], [47.812629, -122.327535]]}, "8": {"path": [[47.812996, -122.327908], [47.813049, -122.330447]],