{"holes": {"1": {"path": [[48.051696, -122.232662], [48.052292, -122.230405], [48.05231, -122.228937]], "green": [[48.052399, -122.228963], [48.05239, -122.228999], [48.052378, -122.22903], [48.052367, -122.229056], [48.052361, -122.229094], [48.052357, -122.229125], [48.052344, -122.229156], [48.052329, -122.229177], [48.052315, -122.229192], [48.052299, -122.229198], [48.052277, -122.229195], [48.052256, -122.229184], [48.052242, -122.229171], [48.052225, -122.229147], [48.052214, -122.22912], [48.052203, -122.229076], [48.052195, -122.229037], [48.05219, -122.22897], [48.052191, -122.228926], [48.052195, -122.228888], [48.0522, -122.228846], [48.052206, -122.228814], [48.052214, -122.228781], [48.052226, -122.228759], [48.05224, -122.228739], [48.052254, -122.228731], [48.052272, -122.228727], [48.052286, -122.228727], [48.0523, -122.22873], [48.052317, -122.228735], [48.052333, -122.228739], [48.052352, -122.228751], [48.052369, -122.228763], [48.052381, -122.228775], [48.052392, -122.228793], [48.0524, -122.228812], [48.052407, -122.228843], [48.052409, -122.228871], [48.05241, -122.228894], [48.052409, -122.228914], [48.052406, -122.228936], [48.052403, -122.228949], [48.052399, -122.228963]]}, "2": {"path": [[48.052578, -122.227775], [48.055227, -122.228122], [48.055964, -122.227928]], "green": [[48.056075, -122.227951], [48.056072, -122.227991], [48.056066, -122.228021], [48.056052, -122.228056], [48.056038, -122.228087], [48.056014, -122.22811], [48.055991, -122.228116], [48.05597, -122.228109], [48.055951, -122.228088], [48.055937, -122.228064], [48.055921, -122.228037], [48.055905, -122.228019], [48.055884, -122.228013], [48.055867, -122.227999], [48.055851, -122.227977], [48.05584, -122.227953], [48.055831, -122.22793], [48.055828, -122.227907], [48.055826, -122.227881], [48.055831, -122.227845], [48.055839, -122.227829], [48.055855, -122.227815], [48.055893, -122.227787], [48.055959, -122.227755], [48.055982, -122.227752], [48.055999, -122.227755], [48.056012, -122.227763], [48.056025, -122.227774], [48.056038, -122.227792], [48.056048, -122.227813], [48.056058, -122.227842], [48.056064, -122.227865], [48.056069, -122.22789], [48.056075, -122.227926], [48.056075, -122.227951]]}, "3": {"path": [[48.051595, -122.236735], [48.051635, -122.233725]], "green": [[48.051761, -122.233725], [48.051748, -122.23376], [48.051733, -122.233809], [48.051717, -122.233858], [48.051696, -122.233892], [48.051643, -122.233985], [48.05162, -122.233998], [48.051589, -122.234005], [48.051558, -122.234003], [48.051533, -122.233999], [48.05151, -122.233975], [48.051501, -122.233934], [48.051502, -122.233885], [48.051507, -122.233828], [48.051513, -122.233789], [48.051539, -122.233709], [48.051554, -122.233682], [48.051561, -122.233657], [48.051562, -122.233631], [48.051557, -122.233606], [48.051551, -122.233578], [48.051543, -122.233536], [48.051557, -122.233461], [48.051607, -122.233443], [48.051659, -122.233469], [48.051688, -122.23349], [48.051715, -122.233515], [48.051742, -122.233538], [48.051762, -122.233568], [48.051772, -122.233602], [48.051776, -122.233637], [48.051776, -122.233671], [48.051769, -122.233702], [48.051761, -122.233725]]}, "4": {"path": [[48.055788, -122.22946], [48.054138, -122.228699], [48.052605, -122.228475]], "green": [[48.052731, -122.228487], [48.05274, -122.228514], [48.05274, -122.228541], [48.052741, -122.228571], [48.052734, -122.228612], [48.05272, -122.228647], [48.052701, -122.22866], [48.05268, -122.228668], [48.05266, -122.228672], [48.052631, -122.228675], [48.052605, -122.228672], [48.052586, -122.228659], [48.052562, -122.228644], [48.052545, -122.228628], [48.052526, -122.228607], [48.052508, -122.228581], [48.052494, -122.22856], [48.052485, -122.228541], [48.052476, -122.228523], [48.052469, -122.228496], [48.052463, -122.22847], [48.052461, -122.228448], [48.052463, -122.228422], [48.052471, -122.228388], [48.052481, -122.228374], [48.05249, -122.228362], [48.052504, -122.228345], [48.052522, -122.228332], [48.052539, -122.228317], [48.052557, -122.228305], [48.052573, -122.228303], [48.05259, -122.228303], [48.052605, -122.228302], [48.052625, -122.228303], [48.052642, -122.228311], [48.052658, -122.22832], [48.052673, -122.228337], [48.052686, -122.228364], [48.052694, -122.228384], [48.052704, -122.228408], [48.052711, -122.228429], [48.052718, -122.228448], [48.052726, -122.228473], [48.052731, -122.228487]]}, "5": {"path": [[48.052691, -122.229264], [48.052897, -122.231696], [48.052022, -122.232978]], "green": [[48.052115, -122.233072], [48.052104, -122.233103], [48.052092, -122.233129], [48.052082, -122.233148], [48.052069, -122.233164], [48.052054, -122.233178], [48.052039, -122.233184], [48.052023, -122.233184], [48.051997, -122.233176], [48.05198, -122.233164], [48.051959, -122.233146], [48.051946, -122.233131], [48.05193, -122.233107], [48.051918, -122.233074], [48.05191, -122.233041], [48.051903, -122.233009], [48.051898, -122.232968], [48.051896, -122.23293], [48.051899, -122.232894], [48.051901, -122.232859], [48.051907, -122.232829], [48.051933, -122.232789], [48.051951, -122.232776], [48.051991, -122.232761], [48.052015, -122.232762], [48.052033, -122.232766], [48.05205, -122.232767], [48.052063, -122.232777], [48.052078, -122.232797], [48.052089, -122.232819], [48.0521, -122.232845], [48.052107, -122.232869], [48.052112, -122.232899], [48.052117, -122.23293], [48.05212, -122.232966], [48.052121, -122.232989], [48.052123, -122.233015], [48.052119, -122.233046], [48.052115, -122.233072]]}, "6": {"path": [[48.051491, -122.232602], [48.051836, -122.22969], [48.051859, -122.22828]], "green": [[48.05195, -122.228285], [48.051953, -122.228332], [48.05195, -122.228382], [48.05194, -122.22842], [48.051927, -122.228451], [48.051912, -122.228477], [48.051889, -122.2285], [48.051868, -122.228508], [48.051842, -122.228506], [48.051814, -122.228502], [48.051795, -122.228486], [48.051772, -122.228462], [48.051758, -122.228433], [48.051748, -122.228408], [48.05174, -122.228373], [48.051739, -122.228285], [48.051744, -122.228254], [48.051756, -122.2282], [48.05177, -122.22815], [48.051781, -122.228118], [48.051795, -122.228097], [48.051809, -122.228082], [48.051831, -122.228071], [48.051852, -122.228067], [48.051874, -122.228068], [48.051891, -122.228074], [48.051909, -122.228092], [48.051924, -122.228117], [48.051934, -122.228143], [48.051941, -122.228169], [48.051947, -122.228202], [48.051951, -122.228242], [48.051953, -122.228265], [48.05195, -122.228285]]}, "7": {"path": [[48.05174, -122.227771], [48.050451, -122.228749], [48.05024, -122.23262]], "green": [[48.050314, -122.232699], [48.050314, -122.232724], [48.050316, -122.232746], [48.050319, -122.232766], [48.050322, -122.232796], [48.050322, -122.232823], [48.050314, -122.232849], [48.050303, -122.232868], [48.050289, -122.23288], [48.050277, -122.232885], [48.050262, -122.232885], [48.050243, -122.232877], [48.050226, -122.232868], [48.050211, -122.232852], [48.050199, -122.232834], [48.050181, -122.232814], [48.050169, -122.232797], [48.050155, -122.232779], [48.050145, -122.232759], [48.050135, -122.232734], [48.050127, -122.232707], [48.05012, -122.232676], [48.050115, -122.232648], [48.050109, -122.232604], [48.050106, -122.232576], [48.050108, -122.232554], [48.050108, -122.232521], [48.05011, -122.232493], [48.050115, -122.232457], [48.050126, -122.232432], [48.050139, -122.232404], [48.050153, -122.232379], [48.050168, -122.232365], [48.050181, -122.232352], [48.050198, -122.23234], [48.050235, -122.232337], [48.050252, -122.232341], [48.05027, -122.232346], [48.050288, -122.232356], [48.05031, -122.232383], [48.050325, -122.232405], [48.050335, -122.232429], [48.050346, -122.232459], [48.050354, -122.232491], [48.050355, -122.232526], [48.050355, -122.232552], [48.050352, -122.232579], [48.050345, -122.232602], [48.050334, -122.232624], [48.050327, -122.232642], [48.050321, -122.23266], [48.050314, -122.232679], [48.050314, -122.232699]]},