{"holes": {"1": {"path": [[47.611138, -122.160522], [47.614285, -122.160566]], "green": [[47.614418, -122.160555], [47.614395, -122.160596], [47.614359, -122.160657], [47.614333, -122.160708], [47.614285, -122.16072], [47.614248, -122.160689], [47.614216, -122.16061], [47.614192, -122.160584], [47.61418, -122.160571], [47.614178, -122.160569], [47.614155, -122.160555], [47.614151, -122.160526], [47.614174, -122.160471], [47.614247, -122.160445], [47.614304, -122.160465], [47.614343, -122.160465], [47.614396, -122.16049], [47.614424, -122.160514], [47.614418, -122.160555]]}, "2": {"path": [[47.614929, -122.160211], [47.613674, -122.159739]], "green": [[47.613632, -122.159614], [47.613673, -122.159685], [47.613733, -122.159724], [47.61378, -122.159706], [47.613808, -122.159714], [47.613828, -122.159734], [47.613831, -122.159793], [47.613815, -122.15982], [47.613765, -122.159865], [47.613723, -122.159865], [47.613688, -122.159834], [47.613651, -122.159799], [47.613612, -122.159793], [47.613563, -122.159785], [47.613545, -122.159777], [47.613521, -122.159726], [47.613526, -122.159669], [47.613555, -122.159643], [47.613591, -122.159612], [47.613632, -122.159614]]}, "3": {"path": [[47.614281, -122.159372], [47.616454, -122.160859], [47.616822, -122.162311]], "green": [[47.616819, -122.162105], [47.616845, -122.162136], [47.616869, -122.16216], [47.616877, -122.162199], [47.616875, -122.162233], [47.616876, -122.162276], [47.616892, -122.162305], [47.6169, -122.16235], [47.616886, -122.162396], [47.616887, -122.16251], [47.616864, -122.162549], [47.61682, -122.162555], [47.616797, -122.162528], [47.616776, -122.1625], [47.616779, -122.162447], [47.616762, -122.162406], [47.616733, -122.162372], [47.616728, -122.162334], [47.616749, -122.162269], [47.616785, -122.16225], [47.616794, -122.162202], [47.616793, -122.162167], [47.616797, -122.162121], [47.616819, -122.162105]]}, "4": {"path": [[47.616992, -122.163852], [47.615938, -122.161812], [47.614742, -122.161247]], "green": [[47.614711, -122.16114], [47.614769, -122.161142], [47.614809, -122.161163], [47.614842, -122.161196], [47.614858, -122.161236], [47.614857, -122.161271], [47.614839, -122.16131], [47.614806, -122.161346], [47.614768, -122.161337], [47.614736, -122.161326], [47.614718, -122.161335], [47.614688, -122.161333], [47.614652, -122.161307], [47.614644, -122.161276], [47.614633, -122.161234], [47.614636, -122.161199], [47.614678, -122.161146], [47.614711, -122.16114]]}, "5": {"path": [[47.614666, -122.161719], [47.612693, -122.161177], [47.611749, -122.161056]], "green": [[47.611784, -122.160944], [47.61186, -122.161007], [47.611875, -122.161029], [47.611883, -122.161053], [47.611883, -122.161089], [47.611872, -122.161109], [47.611854, -122.161129], [47.611819, -122.161138], [47.611779, -122.161139], [47.611727, -122.161162], [47.611683, -122.161162], [47.611645, -122.161144], [47.611609, -122.161105], [47.611598, -122.161064], [47.611599, -122.161022], [47.611616, -122.160967], [47.611651, -122.160935], [47.611709, -122.160928], [47.611784, -122.160944]]}, "6": {"path": [[47.611284, -122.16086], [47.610954, -122.163447]], "green": [[47.61097, -122.163313], [47.611, -122.163296], [47.611029, -122.163288], [47.611073, -122.163297], [47.611084, -122.163333], [47.61107, -122.163399], [47.61104, -122.163453], [47.610985, -122.163625], [47.610942, -122.163665], [47.610868, -122.163671], [47.610835, -122.163637], [47.610812, -122.163565], [47.610824, -122.163483], [47.61086, -122.163426], [47.610905, -122.163391], [47.61097, -122.163313]]}, "7": {"path": [[47.610904, -122.163885], [47.614795, -122.163201]], "green": [[47.614826, -122.163085], [47.614852, -122.163119], [47.614877, -122.163133], [47.614914, -122.163163], [47.614926, -122.163205], [47.614926, -122.163237], [47.614905, -122.163302], [47.614868, -122.163342], [47.614838, -122.16335], [47.614801, -122.163335], [47.614759, -122.163342], [47.614723, -122.163314], [47.614687, -122.163291], [47.614663, -122.163241], [47.614662, -122.163208], [47.614675, -122.163172], [47.614705, -122.163151], [47.61473, -122.163121], [47.614746, -122.163088], [47.614772, -122.163067], [47.6148, -122.163069], [47.614826, -122.163085]]}, "8": {"path": [[47.613774, -122.164116], [47.615482, -122.163691], [47.616547, -122.163869]], "green": [[47.616512, -122.163711], [47.616539, -122.163687], [47.616572, -122.163706], [47.616612, -122.163776], [47.616617, -122.163828], [47.616632, -122.163877], [47.616659, -122.163916], [47.616662, -122.163967], [47.616621, -122.164068], [47.616592, -122.164094], [47.616565, -122.164085], [47.61652, -122.164041], [47.616503, -122.163961], [47.616481, -122.163917], [47.616457, -122.163872], [47.616436, -122.163826], [47.616433, -122.163758], [47.616465, -122.163719], [47.616512, -122.163711]]}, "9": {"path": [[47.616313, -122.163137], [47.614358, -122.162305], [47.611674, -122.161967]], "green": [[47.611646, -122.161844], [47.611695, -122.161859], [47.611723, -122.161888], [47.611746, -122.161915], [47.611776, -122.161932], [47.611789, -122.161961], [47.611791, -122.161995], [47.611783, -122.162018], [47.611773, -122.162035], [47.611743, -122.162044], [47.611723, -122.162059], [47.611704, -122.16209], [47.61166, -122.16212], [47.611624, -122.162108], [47.611558, -122.162041], [47.611531, -122.162003], [47.611537, -122.161967], [47.611565, -122.161942], [47.611591, -122.161886], [47.611608, -122.161865], [47.611618, -122.161848], [47.611646, -122.161844]]}, "10": {"path": [[47.609857, -122.160952], [47.606653, -122.160092]], "green": [[47.606769, -122.160052], [47.606766, -122.160166], [47.606742, -122.160204], [47.606698, -122.160231], [47.606669, -122.160214], [47.606647, -122.16019], [47.606617, -122.160185], [47.606584, -122.160195], [47.606559, -122.160187], [47.606544, -122.160149], [47.606552, -122.160102], [47.606552, -122.160055], [47.606561, -122.160013], [47.606583, -122.15999], [47.606613, -122.159988], [47.606639, -122.160002], [47.606667, -122.159993], [47.606697, -122.15998], [47.606721, -122.15998], [47.606754, -122.160013], [47.606769, -122.160052]]}, "11": {"path": [[47.606464, -122.160522], [47.606698, -122.162939]], "green": [[47.606746, -122.162891], [47.606795, -122.162906], [47.606817, -122.162955], [47.606818, -122.163025], [47.606801, -122.163073], [47.606749, -122.163127], [47.606719, -122.163125], [47.606679, -122.163064], [47.606669, -122.163016], [47.606647, -122.162974], [47.606613, -122.16293], [47.60659, -122.162884], [47.606585, -122.162817], [47.606604, -122.16276], [47.606623, -122.162756], [47.606657, -122.162772], [47.606746, -122.162891]]}, "13": {"path": [[47.609914, -122.16575], [47.60808, -122.165094], [47.607101, -122.163995]], "green": [[47.60719, -122.164033], [47.607203, -122.164073], [47.607192, -122.164099], [47.607164, -122.164109], [47.607141, -122.164099], [47.607108, -122.164104], [47.607078, -122.164087], [47.607058, -122.164058], [47.60703, -122.164034], [47.606996, -122.163995], [47.606985, -122.163942], [47.606992, -122.163894], [47.607017, -122.163859], [47.607048, -122.163848], [47.607091, -122.163849], [47.607124, -122.163871], [47.60715, -122.163926], [47.607168, -122.163987], [47.60719, -122.164033]]}, "14": {"path": [[47.607164, -122.163379], [47.608652, -122.164781], [47.609643, -122.165011]], "green": [[47.609687, -122.164965], [47.609718, -122.164981], [47.609738, -122.165015], [47.609741, -122.165047], [47.609736, -122.165088], [47.609713, -122.165141], [47.609677, -122.165159], [47.609638, -122.165149], [47.609629, -122.165106], [47.609615, -122.165069], [47.609585, -122.165026], [47.609553, -122.165014], [47.609537, -122.164983], [47.609543, -122.164943], [47.60957, -122.164904], [47.609587, -122.16488], [47.609618, -122.164874], [47.609648, -122.164899], [47.609687, -122.164965]]}, "15": {"path": [[47.609102, -122.164026], [47.60774, -122.16312]],