{"holes": {"2": {"path": [[47.083314, -122.939397], [47.083244, -122.938004]], "green": [[47.083315, -122.938122], [47.083308, -122.938146], [47.083289, -122.938161], [47.083258, -122.938159], [47.083232, -122.938147], [47.083209, -122.938122], [47.083198, -122.938095], [47.083194, -122.938061], [47.083186, -122.938033], [47.083175, -122.937991], [47.083166, -122.93795], [47.083164, -122.937916], [47.083169, -122.937887], [47.083181, -122.937863], [47.083198, -122.937849], [47.083217, -122.937845], [47.083235, -122.937849], [47.083252, -122.93786], [47.083264, -122.937877], [47.083272, -122.937909], [47.083276, -122.937936], [47.083277, -122.937968], [47.083281, -122.938], [47.083288, -122.938027], [47.083297, -122.938051], [47.083305, -122.93807], [47.083313, -122.938095], [47.083315, -122.938122]]}, "3": {"path": [[47.082945, -122.938097], [47.081007, -122.940571], [47.080454, -122.940912]], "green": [[47.080533, -122.940867], [47.08054, -122.940915], [47.080532, -122.940964], [47.080505, -122.941012], [47.080472, -122.941035], [47.08041, -122.941042], [47.080372, -122.94102], [47.080355, -122.940979], [47.080352, -122.940923], [47.08037, -122.94088], [47.0804, -122.940839], [47.080427, -122.94081], [47.080457, -122.940799], [47.08049, -122.940805], [47.080517, -122.940832], [47.080533, -122.940867]]}, "5": {"path": [[47.077425, -122.940345], [47.076998, -122.941618], [47.075947, -122.942624]], "green": [[47.076031, -122.942623], [47.076019, -122.942694], [47.075991, -122.94275], [47.075948, -122.942783], [47.075904, -122.942779], [47.075866, -122.942752], [47.07584, -122.942699], [47.07583, -122.942634], [47.075846, -122.942566], [47.075882, -122.94251], [47.075933, -122.942479], [47.075974, -122.942483], [47.076001, -122.942502], [47.07602, -122.942535], [47.07603, -122.942577], [47.076031, -122.942623]]}, "6": {"path": [[47.075956, -122.943025], [47.077443, -122.942329], [47.078647, -122.942393], [47.079654, -122.942111]], "green": [[47.079727, -122.942192], [47.079752, -122.942153], [47.079761, -122.9421], [47.079752, -122.942048], [47.079726, -122.942002], [47.079682, -122.941984], [47.079617, -122.941987], [47.079561, -122.942005], [47.079537, -122.942049], [47.079535, -122.942095], [47.079552, -122.942146], [47.079585, -122.942183], [47.079614, -122.942209], [47.079654, -122.94222], [47.079689, -122.942216], [47.079727, -122.942192]]}, "8": {"path": [[47.083794, -122.939109], [47.084899, -122.938731], [47.085284, -122.938473]], "green": [[47.085364, -122.938494], [47.085371, -122.938446], [47.085363, -122.938404], [47.085343, -122.938356], [47.085312, -122.938333], [47.085273, -122.938343], [47.085233, -122.938372], [47.085199, -122.938412], [47.085184, -122.938453], [47.085182, -122.938497], [47.085194, -122.938553], [47.085219, -122.938585], [47.085254, -122.938604], [47.085292, -122.938595], [47.085326, -122.93857], [47.085348, -122.938535], [47.085364, -122.938494]]}, "9": {"path": [[47.085547, -122.938322], [47.084794, -122.937824], [47.084623, -122.937579]], "green": [[47.0847, -122.937697], [47.084713, -122.937635], [47.084716, -122.937576], [47.084714, -122.93752], [47.084699, -122.937451], [47.084668, -122.937407], [47.084633, -122.937386], [47.084593, -122.93739], [47.084554, -122.937418], [47.084522, -122.937461], [47.084509, -122.937523], [47.084511, -122.93757], [47.084527, -122.937638], [47.084555, -122.937691], [47.084582, -122.937727], [47.084609, -122.937746], [47.084647, -122.937746], [47.084676, -122.937729], [47.0847, -122.937697]]}, "10": {"path": [[47.085319, -122.936443], [47.085935, -122.938041], [47.0858, -122.939559]], "green": [[47.08587, -122.939587], [47.085878, -122.939517], [47.085876, -122.939454], [47.085855, -122.939401], [47.08582, -122.939375], [47.085796, -122.939376], [47.08578, -122.939396], [47.085757, -122.939451], [47.085737, -122.939511], [47.085718, -122.939559], [47.085713, -122.939602], [47.08572, -122.939649], [47.085734, -122.939691], [47.085756, -122.939719], [47.085788, -122.939725], [47.08582, -122.93971], [47.085846, -122.939673], [47.085861, -122.939633], [47.08587, -122.939587]]}, "11": {"path": [[47.08555, -122.938843], [47.082763, -122.940552], [47.08229, -122.940593]], "green": [[47.082361, -122.940631], [47.082319, -122.94068], [47.082278, -122.940721], [47.082235, -122.940732], [47.082191, -122.940709], [47.082168, -122.940672], [47.082157, -122.940624], [47.082167, -122.940566], [47.0822, -122.940514], [47.08224, -122.940484], [47.082284, -122.940472], [47.082326, -122.940477], [47.082363, -122.940495], [47.082392, -122.940527], [47.082399, -122.940554], [47.082398, -122.940584], [47.082386, -122.940605], [47.082361, -122.940631]]}, "12": {"path": [[47.082967, -122.940781], [47.079912, -122.943035]], "green": [[47.079896, -122.942917], [47.079858, -122.942937], [47.079832, -122.942976], [47.079816, -122.943027], [47.079816, -122.943098], [47.079828, -122.943151], [47.079858, -122.943193], [47.079898, -122.943207], [47.079937, -122.943197], [47.079972, -122.943162], [47.079996, -122.943104], [47.080005, -122.943051], [47.080001, -122.942993], [47.079978, -122.942948], [47.079954, -122.94292], [47.079944, -122.942916], [47.079931, -122.942913], [47.079896, -122.942917]]}, "13": {"path": [[47.080131, -122.943313], [47.081119, -122.942876], [47.081406, -122.942578]], "green": [[47.081503, -122.942552], [47.081477, -122.94261], [47.081447, -122.942653], [47.081436, -122.942662], [47.081422, -122.94271], [47.081401, -122.942736], [47.081359, -122.942745], [47.08132, -122.942724], [47.081299, -122.942685], [47.081291, -122.942636], [47.081299, -122.942563], [47.081317, -122.942494], [47.08135, -122.942443], [47.08139, -122.942413], [47.081431, -122.942408], [47.081467, -122.942424], [47.081491, -122.942459], [47.081505, -122.942506], [47.081503, -122.942552]]}, "14": {"path": [[47.081673, -122.942484], [47.085338, -122.939612]], "green": [[47.08542, -122.939591], [47.085422, -122.939634], [47.085413, -122.939676], [47.0854, -122.939716], [47.085376, -122.939749], [47.085343, -122.939765], [47.085312, -122.939759], [47.085278, -122.939741], [47.085256, -122.939703], [47.085245, -122.939658], [47.085248, -122.939609], [47.085255, -122.939567], [47.08527, -122.939534], [47.08529, -122.939509], [47.085314, -122.939494], [47.085338, -122.939491], [47.085341, -122.93949], [47.085366, -122.939498], [47.085389, -122.939518], [47.085409, -122.93955], [47.08542, -122.939591]]}, "15": {"path": [[47.085147, -122.940806], [47.08497, -122.943617], [47.085332, -122.944653], [47.086199, -122.945869]], "green": [[47.086297, -122.945858], [47.086303, -122.945887], [47.086301, -122.945926], [47.086283, -122.945976], [47.086259, -122.946003], [47.086232, -122.946014], [47.086193, -122.946011], [47.086165, -122.945998], [47.086138, -122.945971], [47.086118, -122.945931], [47.086102, -122.945884], [47.086091, -122.945834], [47.086095, -122.945791], [47.086104, -122.945756], [47.086118, -122.945731], [47.086143, -122.945719], [47.086184, -122.945732], [47.086221, -122.945757], [47.086255, -122.945789], [47.086277, -122.945817], [47.086297, -122.945858]]}, "16": {"path": [[47.086657, -122.945262], [47.085702, -122.943572], [47.085757, -122.940826]], "green": [[47.085784, -122.940976], [47.085813, -122.940947], [47.085839, -122.940903], [47.085851, -122.940845], [47.085851, -122.940775], [47.085833, -122.940709], [47.085802, -122.940665], [47.085768, -122.940651], [47.085736, -122.940663], [47.085704, -122.940688], [47.085673, -122.940727], [47.085654, -122.940799], [47.085655, -122.940864], [47.085675, -122.940918], [47.085707, -122.940957], [47.085744, -122.940979], [47.085784, -122.940976]]}, "17": {"path": [[47.085242, -122.940085], [47.086838, -122.939831]],