{"holes": {"1": {"path": [[47.783036, -122.322748], [47.784192, -122.324191], [47.784459, -122.325129]], "green": [[47.784549, -122.325101], [47.784505, -122.325052], [47.784443, -122.324994], [47.784404, -122.324971], [47.784371, -122.324979], [47.784347, -122.324988], [47.784331, -122.325011], [47.78432, -122.32505], [47.784321, -122.3251], [47.784333, -122.325137], [47.784363, -122.325173], [47.784415, -122.325213], [47.784449, -122.325245], [47.784474, -122.325262], [47.7845, -122.325267], [47.784521, -122.325262], [47.784543, -122.325248], [47.784558, -122.325223], [47.784568, -122.325187], [47.784568, -122.325159], [47.784564, -122.325135], [47.784557, -122.325114], [47.784549, -122.325101]]}, "2": {"path": [[47.784201, -122.325939], [47.782686, -122.324285]], "green": [[47.782782, -122.324243], [47.782775, -122.324229], [47.782758, -122.32421], [47.782736, -122.324189], [47.782708, -122.324163], [47.782684, -122.324143], [47.782664, -122.324131], [47.782649, -122.324127], [47.782631, -122.324128], [47.782617, -122.324137], [47.782601, -122.324147], [47.782584, -122.324166], [47.782571, -122.324192], [47.782561, -122.324223], [47.782554, -122.324253], [47.782549, -122.324292], [47.782552, -122.324321], [47.782566, -122.324341], [47.782587, -122.324358], [47.782608, -122.324373], [47.782625, -122.324382], [47.782642, -122.324388], [47.782663, -122.324391], [47.782685, -122.324393], [47.782705, -122.324403], [47.782729, -122.324415], [47.78274, -122.324417], [47.78275, -122.324415], [47.782763, -122.324416], [47.782778, -122.324407], [47.782797, -122.324381], [47.782803, -122.324357], [47.782801, -122.324326], [47.782798, -122.324302], [47.782794, -122.324281], [47.782784, -122.324261], [47.782782, -122.324243]]}, "3": {"path": [[47.782727, -122.325023], [47.780993, -122.324154], [47.780891, -122.322712]], "green": [[47.781004, -122.322682], [47.780997, -122.322657], [47.780989, -122.322635], [47.780976, -122.32261], [47.780961, -122.32259], [47.780947, -122.322573], [47.780931, -122.32256], [47.780913, -122.32255], [47.780888, -122.322545], [47.780874, -122.322549], [47.780857, -122.322557], [47.780843, -122.322573], [47.78083, -122.322586], [47.780813, -122.322611], [47.7808, -122.322632], [47.780786, -122.32266], [47.780776, -122.322684], [47.780772, -122.322705], [47.780769, -122.322738], [47.780769, -122.322769], [47.780772, -122.322791], [47.78078, -122.322814], [47.780795, -122.322832], [47.78081, -122.322841], [47.780824, -122.322843], [47.780846, -122.32284], [47.780865, -122.322835], [47.780878, -122.322829], [47.780892, -122.322824], [47.780913, -122.322821], [47.780925, -122.322823], [47.780943, -122.322822], [47.780955, -122.322817], [47.780967, -122.322808], [47.78098, -122.322797], [47.780991, -122.322783], [47.780999, -122.322762], [47.781003, -122.322734], [47.781005, -122.322707], [47.781004, -122.322682]]}, "4": {"path": [[47.781318, -122.322251], [47.780383, -122.321651]], "green": [[47.780436, -122.321543], [47.780421, -122.321525], [47.780402, -122.321507], [47.780385, -122.321491], [47.78037, -122.321476], [47.780353, -122.321462], [47.780332, -122.321459], [47.780319, -122.321464], [47.780306, -122.321473], [47.780296, -122.321486], [47.780286, -122.321509], [47.78028, -122.321535], [47.780278, -122.321563], [47.780279, -122.321593], [47.78028, -122.321635], [47.780281, -122.321667], [47.780283, -122.321695], [47.780285, -122.321722], [47.780288, -122.321742], [47.780295, -122.321763], [47.780307, -122.321777], [47.780324, -122.321787], [47.780337, -122.321795], [47.780355, -122.321799], [47.78037, -122.321805], [47.780385, -122.321811], [47.780403, -122.321815], [47.780421, -122.321817], [47.780436, -122.321817], [47.780456, -122.32181], [47.780465, -122.321798], [47.780475, -122.321784], [47.780483, -122.321767], [47.780489, -122.321741], [47.780492, -122.321719], [47.780493, -122.321691], [47.78049, -122.321671], [47.780485, -122.321647], [47.780478, -122.321627], [47.78047, -122.321607], [47.780464, -122.321591], [47.780457, -122.321574], [47.780448, -122.32156], [47.780436, -122.321543]]}, "5": {"path": [[47.780471, -122.323325], [47.779775, -122.324921], [47.778435, -122.325601]], "green": [[47.77852, -122.325702], [47.778509, -122.32571], [47.778497, -122.325717], [47.778483, -122.325718], [47.778469, -122.325716], [47.778455, -122.325713], [47.778442, -122.325707], [47.77843, -122.325705], [47.778415, -122.325705], [47.778403, -122.325707], [47.778392, -122.325713], [47.778379, -122.32572], [47.778367, -122.325721], [47.778354, -122.325722], [47.778343, -122.325717], [47.778329, -122.325712], [47.77832, -122.325702], [47.77831, -122.325689], [47.778305, -122.325676], [47.7783, -122.325661], [47.778295, -122.325642], [47.778294, -122.325623], [47.778294, -122.325595], [47.778298, -122.32557], [47.778305, -122.325548], [47.778316, -122.325529], [47.778327, -122.325513], [47.77834, -122.325502], [47.778352, -122.325496], [47.778367, -122.325485], [47.778385, -122.325478], [47.778395, -122.325472], [47.778404, -122.325469], [47.778419, -122.325466], [47.778431, -122.325463], [47.778446, -122.325462], [47.778462, -122.325461], [47.778473, -122.325462], [47.778487, -122.325468], [47.778499, -122.325475], [47.778511, -122.325484], [47.77852, -122.325492], [47.778526, -122.325499], [47.778534, -122.325512], [47.778541, -122.325521], [47.778547, -122.325534], [47.77855, -122.325542], [47.778555, -122.325555], [47.778558, -122.325575], [47.778559, -122.325593], [47.77856, -122.325612], [47.778558, -122.325631], [47.778553, -122.325648], [47.778545, -122.325665], [47.778537, -122.325679], [47.778529, -122.325694], [47.77852, -122.325702]]}, "6": {"path": [[47.778079, -122.325114], [47.779514, -122.323992], [47.780324, -122.322598]], "green": [[47.780423, -122.322552], [47.780414, -122.322529], [47.780396, -122.3225], [47.78038, -122.322482], [47.780354, -122.322464], [47.780327, -122.322458], [47.780295, -122.32246], [47.780274, -122.322468], [47.780257, -122.322483], [47.780246, -122.322496], [47.780233, -122.322522], [47.780226, -122.322547], [47.78022, -122.322592], [47.78022, -122.322629], [47.780225, -122.322669], [47.780236, -122.322705], [47.780255, -122.322725], [47.78028, -122.322747], [47.780305, -122.322756], [47.780329, -122.322753], [47.780359, -122.322743], [47.780386, -122.322727], [47.780403, -122.322699], [47.780422, -122.322666], [47.780432, -122.322629], [47.780431, -122.322584], [47.780423, -122.322552]]}, "7": {"path": [[47.779615, -122.323134], [47.778714, -122.324195]], "green": [[47.778842, -122.324079], [47.778831, -122.324066], [47.778811, -122.324054], [47.778779, -122.324051], [47.778742, -122.324057], [47.778709, -122.324081], [47.778683, -122.324104], [47.778654, -122.324139], [47.778617, -122.324175], [47.778588, -122.324207], [47.778562, -122.324247], [47.778554, -122.324286], [47.778559, -122.324327], [47.778572, -122.324359], [47.778595, -122.324377], [47.77863, -122.324374], [47.778666, -122.324342], [47.778701, -122.324297], [47.77874, -122.324251], [47.778782, -122.324221], [47.778812, -122.324215], [47.778844, -122.324197], [47.778865, -122.324166], [47.778868, -122.324117], [47.778842, -122.324079]]}, "8": {"path": [[47.778614, -122.323865], [47.779791, -122.321637], [47.780777, -122.320515]],