{"holes": {"1": {"path": [[35.977752, -84.326071], [35.976487, -84.322025]], "green": [[35.976515, -84.322165], [35.976553, -84.32214], [35.976566, -84.322099], [35.976568, -84.322035], [35.976549, -84.321941], [35.976524, -84.321899], [35.976506, -84.321877], [35.976474, -84.321867], [35.976443, -84.321876], [35.97642, -84.321891], [35.976406, -84.321928], [35.976409, -84.321974], [35.976429, -84.322108], [35.976445, -84.322133], [35.976464, -84.322157], [35.976489, -84.322164], [35.976515, -84.322165]]}, "2": {"path": [[35.976604, -84.321487], [35.978376, -84.324541]], "green": [[35.978372, -84.324669], [35.978421, -84.32465], [35.978461, -84.324608], [35.978482, -84.324548], [35.978483, -84.324492], [35.978461, -84.324438], [35.978419, -84.324407], [35.978384, -84.324399], [35.978349, -84.3244], [35.978317, -84.324428], [35.9783, -84.324474], [35.97828, -84.324568], [35.978284, -84.324609], [35.978302, -84.324638], [35.978329, -84.324661], [35.978372, -84.324669]]}, "3": {"path": [[35.978526, -84.323568], [35.979463, -84.324554]], "green": [[35.979436, -84.32465], [35.979464, -84.32465], [35.979496, -84.324632], [35.979568, -84.32456], [35.979576, -84.324516], [35.979572, -84.324493], [35.979536, -84.324434], [35.979504, -84.324431], [35.979475, -84.324454], [35.979429, -84.324497], [35.979397, -84.324516], [35.979376, -84.324542], [35.979369, -84.324581], [35.979377, -84.324617], [35.979396, -84.324641], [35.979436, -84.32465]]}, "4": {"path": [[35.978967, -84.324685], [35.980498, -84.325647], [35.981868, -84.326868]], "green": [[35.981931, -84.327003], [35.981967, -84.327003], [35.981996, -84.32698], [35.98201, -84.326943], [35.982009, -84.326908], [35.981997, -84.326862], [35.981863, -84.326732], [35.981823, -84.326727], [35.981747, -84.326739], [35.981735, -84.326756], [35.981729, -84.326795], [35.981741, -84.326827], [35.981761, -84.326862], [35.981782, -84.326887], [35.981931, -84.327003]]}, "5": {"path": [[35.9813, -84.327163], [35.980214, -84.326484], [35.979383, -84.325634]], "green": [[35.979381, -84.325733], [35.979366, -84.325767], [35.979338, -84.325786], [35.979313, -84.325782], [35.979282, -84.325752], [35.979266, -84.325714], [35.979262, -84.325623], [35.979273, -84.325571], [35.97931, -84.325534], [35.979347, -84.325527], [35.979382, -84.325525], [35.979408, -84.325515], [35.979444, -84.325514], [35.979474, -84.325523], [35.979496, -84.325548], [35.979504, -84.325583], [35.979502, -84.325617], [35.979477, -84.325637], [35.979434, -84.325649], [35.979409, -84.325671], [35.979381, -84.325733]]}, "6": {"path": [[35.979113, -84.325394], [35.979209, -84.327957], [35.97852, -84.329801]], "green": [[35.978474, -84.329961], [35.978446, -84.329959], [35.978421, -84.329937], [35.978407, -84.329903], [35.978413, -84.329742], [35.978432, -84.329695], [35.978458, -84.329671], [35.978573, -84.329628], [35.978605, -84.329637], [35.978625, -84.329659], [35.978639, -84.329697], [35.978639, -84.329757], [35.978622, -84.329797], [35.978579, -84.329859], [35.978508, -84.329946], [35.978474, -84.329961]]}, "7": {"path": [[35.978368, -84.328377], [35.976915, -84.333647]], "green": [[35.976848, -84.3338], [35.976899, -84.333818], [35.97695, -84.333809], [35.977001, -84.333763], [35.977034, -84.333677], [35.977041, -84.333624], [35.977025, -84.333574], [35.976978, -84.333494], [35.976936, -84.333476], [35.976906, -84.333477], [35.976887, -84.333507], [35.976879, -84.333538], [35.976886, -84.333585], [35.976883, -84.333607], [35.976874, -84.333636], [35.976851, -84.333669], [35.976832, -84.333694], [35.976821, -84.333746], [35.976848, -84.3338]]}, "8": {"path": [[35.976501, -84.333884], [35.976576, -84.332629], [35.976794, -84.331614]], "green": [[35.976771, -84.331775], [35.976823, -84.331718], [35.976856, -84.331661], [35.976904, -84.331611], [35.976939, -84.331542], [35.976955, -84.331483], [35.976924, -84.331433], [35.976868, -84.331425], [35.97674, -84.331456], [35.9767, -84.331485], [35.976668, -84.33154], [35.976656, -84.331598], [35.976686, -84.331755], [35.976708, -84.331779], [35.976741, -84.331781], [35.976771, -84.331775]]}, "9": {"path": [[35.976232, -84.33163], [35.978472, -84.326748]], "green": [[35.97855, -84.326832], [35.978585, -84.326817], [35.978607, -84.326779], [35.978608, -84.326718], [35.978576, -84.326685], [35.978507, -84.326646], [35.978395, -84.326615], [35.97836, -84.326628], [35.978337, -84.326659], [35.978328, -84.3267], [35.978345, -84.326739], [35.978417, -84.32685], [35.978438, -84.32686], [35.978479, -84.326857], [35.97855, -84.326832]]}, "10": {"path": [[35.977561, -84.326848], [35.975727, -84.330201]], "green": [[35.975749, -84.330326], [35.975792, -84.330308], [35.975842, -84.330268], [35.975875, -84.330196], [35.975882, -84.330132], [35.975863, -84.330091], [35.975772, -84.330051], [35.975739, -84.33006], [35.975699, -84.330077], [35.975662, -84.330086], [35.975615, -84.330115], [35.975594, -84.330157], [35.975594, -84.330218], [35.975611, -84.330264], [35.975634, -84.330296], [35.975695, -84.330325], [35.975723, -84.330329], [35.975749, -84.330326]]}, "11": {"path": [[35.975865, -84.33064], [35.976092, -84.33472]], "green": [[35.976071, -84.334861], [35.976112, -84.334867], [35.97615, -84.334849], [35.976187, -84.334802], [35.976201, -84.334747], [35.976189, -84.334675], [35.976164, -84.334615], [35.97613, -84.334586], [35.976096, -84.33457], [35.976055, -84.334578], [35.976016, -84.33459], [35.975993, -84.334627], [35.97599, -84.334675], [35.97601, -84.334793], [35.97603, -84.334827], [35.976071, -84.334861]]}, "12": {"path": [[35.976062, -84.335199], [35.974494, -84.335153], [35.973053, -84.33426]], "green": [[35.973008, -84.334393], [35.973035, -84.3344], [35.973068, -84.334392], [35.973118, -84.334365], [35.973144, -84.334341], [35.973161, -84.334286], [35.973144, -84.33421], [35.973129, -84.33411], [35.973106, -84.334086], [35.973091, -84.334088], [35.973067, -84.334097], [35.973053, -84.334127], [35.973034, -84.334192], [35.973019, -84.334214], [35.972995, -84.334237], [35.972974, -84.334261], [35.972963, -84.334302], [35.972964, -84.334343], [35.972983, -84.334372], [35.973008, -84.334393]]}, "13": {"path": [[35.972802, -84.33468], [35.971451, -84.334311], [35.970011, -84.334423]], "green": [[35.969982, -84.334493], [35.970012, -84.334508], [35.970045, -84.334508], [35.970081, -84.334491], [35.970109, -84.334463], [35.970115, -84.334433], [35.970109, -84.33441], [35.97009, -84.334382], [35.97, -84.334312], [35.969978, -84.334308], [35.969957, -84.334322], [35.96994, -84.334342], [35.969929, -84.33438], [35.969933, -84.334418], [35.969947, -84.334449], [35.96997, -84.334483], [35.969982, -84.334493]]}, "14": {"path": [[35.969739, -84.334212], [35.972024, -84.331524], [35.97305, -84.330861]], "green": [[35.973079, -84.330951], [35.973114, -84.330962], [35.973155, -84.330952], [35.973183, -84.330918], [35.97319, -84.330883], [35.973173, -84.330827], [35.973147, -84.3308], [35.973017, -84.330741], [35.972983, -84.330743], [35.97296, -84.330759], [35.972938, -84.330798], [35.972931, -84.330835], [35.972932, -84.330862], [35.972948, -84.330887], [35.972965, -84.330903], [35.973079, -84.330951]]}, "15": {"path": [[35.972717, -84.331706], [35.972023, -84.33349]], "green": [[35.972051, -84.333644], [35.972082, -84.333632], [35.972106, -84.333603], [35.97212, -84.333561], [35.972115, -84.333512], [35.972094, -84.333474], [35.972071, -84.333436], [35.972065, -84.333403], [35.972058, -84.333361], [35.97204, -84.333334], [35.972014, -84.333319], [35.971984, -84.33332], [35.971955, -84.333355], [35.971936, -84.333392], [35.971922, -84.333438], [35.971917, -84.333479], [35.971931, -84.333535], [35.971964, -84.333589], [35.971992, -84.333623], [35.97201, -84.333637], [35.972051, -84.333644]]}, "16": {"path": [[35.972302, -84.333921], [35.97442, -84.330678]],