{"holes": {"1": {"path": [[36.347415, -86.561635], [36.347235, -86.564016], [36.346557, -86.564816]], "green": [[36.346628, -86.56478], [36.346617, -86.564826], [36.346609, -86.56487], [36.346598, -86.564912], [36.346582, -86.56494], [36.346556, -86.564951], [36.346535, -86.564951], [36.346508, -86.564936], [36.346487, -86.564902], [36.346476, -86.56485], [36.346468, -86.564812], [36.346463, -86.564776], [36.346466, -86.56475], [36.34648, -86.564738], [36.346497, -86.564727], [36.346592, -86.564711], [36.346615, -86.564714], [36.346629, -86.564723], [36.346634, -86.564741], [36.346634, -86.564756], [36.346628, -86.56478]]}, "2": {"path": [[36.346431, -86.565498], [36.347716, -86.56502]], "green": [[36.347807, -86.565006], [36.3478, -86.56503], [36.347787, -86.565055], [36.347773, -86.565077], [36.347742, -86.565119], [36.347707, -86.56517], [36.347673, -86.565189], [36.347649, -86.565182], [36.347634, -86.565153], [36.347633, -86.565103], [36.347644, -86.56507], [36.347645, -86.565037], [36.347639, -86.564999], [36.347636, -86.564944], [36.347653, -86.564919], [36.347678, -86.564897], [36.347705, -86.564888], [36.347732, -86.564886], [36.34776, -86.564894], [36.347775, -86.564913], [36.347793, -86.56495], [36.347804, -86.564982], [36.347807, -86.565006]]}, "3": {"path": [[36.348426, -86.565571], [36.349729, -86.566618], [36.350289, -86.568224]], "green": [[36.350336, -86.568152], [36.350341, -86.568177], [36.350347, -86.5682], [36.350353, -86.568222], [36.350357, -86.568246], [36.350351, -86.568273], [36.350337, -86.568308], [36.350308, -86.56833], [36.350287, -86.56835], [36.350259, -86.568359], [36.350234, -86.568358], [36.350215, -86.568334], [36.350199, -86.568307], [36.350197, -86.568278], [36.350211, -86.568236], [36.350246, -86.568196], [36.350257, -86.568157], [36.350264, -86.568134], [36.350274, -86.568099], [36.350294, -86.568091], [36.350317, -86.568092], [36.350332, -86.568112], [36.350336, -86.568152]]}, "4": {"path": [[36.351005, -86.568078], [36.351667, -86.565604], [36.350964, -86.564021]], "green": [[36.350969, -86.563898], [36.350995, -86.563937], [36.351016, -86.564003], [36.351031, -86.564045], [36.351042, -86.564091], [36.351035, -86.564128], [36.351019, -86.564175], [36.350985, -86.564191], [36.350952, -86.564181], [36.350929, -86.564146], [36.350918, -86.564086], [36.350916, -86.564032], [36.350905, -86.563999], [36.350892, -86.563936], [36.350904, -86.563882], [36.350927, -86.563869], [36.350948, -86.563876], [36.350969, -86.563898]]}, "5": {"path": [[36.35079, -86.56581], [36.350579, -86.567293]], "green": [[36.350628, -86.567184], [36.350633, -86.567226], [36.350634, -86.56727], [36.350637, -86.567306], [36.350645, -86.567336], [36.350645, -86.567366], [36.350638, -86.5674], [36.350614, -86.567431], [36.350579, -86.567438], [36.350545, -86.567437], [36.350518, -86.567417], [36.350491, -86.567388], [36.350486, -86.56735], [36.350497, -86.567321], [36.350511, -86.567294], [36.350522, -86.56727], [36.350532, -86.567212], [36.350548, -86.567171], [36.350576, -86.567149], [36.3506, -86.567148], [36.35062, -86.567155], [36.350628, -86.567184]]}, "6": {"path": [[36.350125, -86.566428], [36.349365, -86.564388], [36.349166, -86.56279]], "green": [[36.349166, -86.562664], [36.349189, -86.562681], [36.3492, -86.562702], [36.349208, -86.562727], [36.349212, -86.562752], [36.349214, -86.562775], [36.349216, -86.562795], [36.34922, -86.562811], [36.349225, -86.562831], [36.349228, -86.562856], [36.349222, -86.562885], [36.349212, -86.562903], [36.349195, -86.56292], [36.349175, -86.562925], [36.349157, -86.562924], [36.349143, -86.562917], [36.349129, -86.562898], [36.349112, -86.562868], [36.349097, -86.562841], [36.349092, -86.562816], [36.349083, -86.562763], [36.349092, -86.56272], [36.349106, -86.562691], [36.34912, -86.562674], [36.349137, -86.562663], [36.349153, -86.562661], [36.349166, -86.562664]]}, "7": {"path": [[36.322303, -86.575718], [36.322136, -86.577684]], "green": [[36.322242, -86.577747], [36.322246, -86.577735], [36.322249, -86.577716], [36.322249, -86.577696], [36.322246, -86.577679], [36.32224, -86.577663], [36.322228, -86.577636], [36.322213, -86.577617], [36.322186, -86.57759], [36.322166, -86.577572], [36.322146, -86.577558], [36.322132, -86.577551], [36.3221, -86.577552], [36.322085, -86.577554], [36.322076, -86.577558], [36.322067, -86.577563], [36.322059, -86.577575], [36.322052, -86.577583], [36.322047, -86.577595], [36.322038, -86.577622], [36.322036, -86.577658], [36.322037, -86.577671], [36.322039, -86.577702], [36.322043, -86.577714], [36.322052, -86.577732], [36.322058, -86.577741], [36.322065, -86.577749], [36.322072, -86.577755], [36.322083, -86.577764], [36.322098, -86.577774], [36.322112, -86.577782], [36.322132, -86.577792], [36.32215, -86.5778], [36.322167, -86.577803], [36.322189, -86.577801], [36.32221, -86.57779], [36.32222, -86.577782], [36.322231, -86.577768], [36.322242, -86.577747]]}, "8": {"path": [[36.348398, -86.561285], [36.348742, -86.564783]], "green": [[36.348674, -86.564728], [36.348682, -86.564758], [36.348691, -86.564803], [36.348695, -86.564827], [36.348705, -86.564855], [36.34873, -86.564892], [36.348759, -86.564922], [36.348787, -86.564932], [36.348813, -86.564919], [36.348825, -86.564892], [36.348824, -86.56487], [36.348815, -86.564838], [36.348806, -86.564799], [36.348791, -86.564728], [36.348785, -86.564712], [36.348765, -86.564682], [36.348751, -86.564661], [36.348722, -86.564648], [36.348695, -86.564654], [36.348678, -86.564673], [36.348667, -86.564702], [36.348674, -86.564728]]}, "9": {"path": [[36.348284, -86.56492], [36.347949, -86.562748], [36.34797, -86.561168]], "green": [[36.348045, -86.561052], [36.348059, -86.561075], [36.348062, -86.561107], [36.348045, -86.561154], [36.348028, -86.561207], [36.348018, -86.561253], [36.348, -86.561288], [36.347974, -86.561316], [36.347949, -86.561312], [36.347929, -86.561305], [36.34791, -86.56129], [36.347898, -86.561249], [36.347886, -86.561213], [36.347871, -86.561171], [36.347874, -86.561151], [36.347881, -86.561137], [36.347904, -86.561107], [36.347965, -86.561036], [36.348, -86.561018], [36.348022, -86.56103], [36.348045, -86.561052]]}, "10": {"path": [[36.3449, -86.561461], [36.345623, -86.562692], [36.345708, -86.564567]], "green": [[36.345785, -86.564524], [36.34577, -86.564565], [36.345757, -86.564599], [36.345744, -86.564641], [36.345734, -86.564672], [36.345718, -86.564693], [36.34569, -86.564703], [36.345675, -86.5647], [36.345653, -86.564681], [36.345644, -86.564655], [36.345646, -86.564624], [36.345648, -86.564597], [36.345643, -86.564564], [36.345637, -86.56453], [36.345637, -86.564498], [36.345648, -86.564477], [36.345678, -86.564455], [36.345714, -86.564451], [36.345744, -86.564455], [36.345766, -86.564462], [36.34578, -86.564477], [36.345788, -86.564499], [36.345785, -86.564524]]}, "11": {"path": [[36.345455, -86.564936], [36.344005, -86.560404]], "green": [[36.344087, -86.560332], [36.344092, -86.560354], [36.344091, -86.560382], [36.344084, -86.56042], [36.344084, -86.560451], [36.344084, -86.560496], [36.344084, -86.560523], [36.344068, -86.560552], [36.344043, -86.560561], [36.344021, -86.560552], [36.343996, -86.56053], [36.343976, -86.560508], [36.343955, -86.560494], [36.343928, -86.560473], [36.343909, -86.560454], [36.343895, -86.560436], [36.343875, -86.560402], [36.343871, -86.560376], [36.343883, -86.560337], [36.343904, -86.560315], [36.343943, -86.560286], [36.343972, -86.560271], [36.343991, -86.56027], [36.344013, -86.560278], [36.344042, -86.560293], [36.344071, -86.560312], [36.344081, -86.560322], [36.344087, -86.560332]]}, "12": {"path": [[36.343658, -86.560193], [36.344332, -86.563122], [36.34505, -86.565138]],