{"holes": {"1": {"path": [[40.721282, -96.692296], [40.719212, -96.69261], [40.717856, -96.692467]], "green": [[40.717918, -96.692582], [40.717897, -96.692584], [40.717873, -96.692585], [40.717851, -96.692586], [40.71783, -96.692587], [40.71781, -96.692592], [40.717785, -96.692594], [40.717767, -96.692588], [40.717753, -96.692578], [40.717739, -96.692557], [40.71773, -96.692522], [40.717725, -96.692482], [40.717723, -96.692439], [40.717723, -96.692403], [40.717731, -96.692371], [40.717742, -96.692354], [40.717758, -96.692343], [40.717776, -96.692337], [40.717798, -96.692338], [40.717819, -96.692344], [40.717839, -96.692351], [40.717858, -96.692352], [40.71788, -96.692346], [40.717902, -96.692341], [40.717924, -96.692345], [40.717944, -96.692353], [40.717958, -96.692366], [40.717971, -96.69239], [40.71798, -96.692424], [40.717982, -96.692454], [40.717981, -96.692482], [40.717976, -96.69251], [40.717969, -96.692535], [40.717957, -96.692551], [40.717946, -96.692565], [40.717938, -96.692575], [40.717918, -96.692582]]}, "2": {"path": [[40.717734, -96.693402], [40.71642, -96.692379]], "green": [[40.716527, -96.692414], [40.716515, -96.692447], [40.716508, -96.692472], [40.716502, -96.692494], [40.71649, -96.692514], [40.716475, -96.692529], [40.716457, -96.692539], [40.716437, -96.692539], [40.71642, -96.69253], [40.716405, -96.692512], [40.716392, -96.692492], [40.716377, -96.692472], [40.71636, -96.692454], [40.716337, -96.692432], [40.716314, -96.692409], [40.716291, -96.692382], [40.716275, -96.692353], [40.716266, -96.692328], [40.716265, -96.692301], [40.716272, -96.692273], [40.716288, -96.692255], [40.716314, -96.692241], [40.716344, -96.692233], [40.716382, -96.692234], [40.71642, -96.692239], [40.716451, -96.692239], [40.716485, -96.692246], [40.71651, -96.692255], [40.716529, -96.692272], [40.716539, -96.692301], [40.71654, -96.692328], [40.716538, -96.692355], [40.716532, -96.692388], [40.716527, -96.692414]]}, "3": {"path": [[40.716623, -96.693144], [40.714654, -96.691403], [40.713725, -96.69089]], "green": [[40.713749, -96.691014], [40.713729, -96.690992], [40.713708, -96.690962], [40.713675, -96.690948], [40.713637, -96.69094], [40.71361, -96.69092], [40.713586, -96.690885], [40.713572, -96.690831], [40.713573, -96.690776], [40.713589, -96.690743], [40.713618, -96.690723], [40.713657, -96.690715], [40.713693, -96.69072], [40.713726, -96.690737], [40.713761, -96.690758], [40.713801, -96.690784], [40.713828, -96.690812], [40.713841, -96.690856], [40.713849, -96.690911], [40.713848, -96.690973], [40.71384, -96.691014], [40.713832, -96.691024], [40.713822, -96.691037], [40.713794, -96.691036], [40.713766, -96.691027], [40.713749, -96.691014]]}, "4": {"path": [[40.714293, -96.690552], [40.712651, -96.690173]], "green": [[40.712496, -96.690174], [40.712504, -96.690126], [40.712521, -96.690087], [40.712545, -96.690065], [40.712586, -96.690046], [40.712628, -96.690039], [40.712665, -96.690031], [40.712698, -96.690023], [40.712738, -96.690037], [40.712782, -96.690059], [40.712815, -96.69009], [40.712829, -96.690122], [40.712829, -96.69017], [40.712811, -96.690204], [40.712798, -96.690214], [40.712785, -96.690221], [40.712766, -96.690228], [40.712748, -96.690236], [40.712718, -96.690264], [40.712688, -96.690295], [40.712658, -96.690302], [40.712618, -96.690297], [40.712584, -96.690294], [40.712547, -96.690279], [40.712524, -96.690269], [40.71251, -96.69025], [40.7125, -96.690223], [40.712496, -96.6902], [40.712496, -96.690174]]}, "5": {"path": [[40.712828, -96.688041], [40.712843, -96.683379]], "green": [[40.712875, -96.683559], [40.712857, -96.683572], [40.712829, -96.683573], [40.712805, -96.683565], [40.712786, -96.683552], [40.712778, -96.683545], [40.712768, -96.683536], [40.712754, -96.683514], [40.712745, -96.683484], [40.71274, -96.683454], [40.712742, -96.68342], [40.712747, -96.683387], [40.712748, -96.683356], [40.712747, -96.683328], [40.712743, -96.683305], [40.712739, -96.683279], [40.71274, -96.683255], [40.712749, -96.683232], [40.712759, -96.683218], [40.712775, -96.683206], [40.712792, -96.683198], [40.712818, -96.683192], [40.712846, -96.683191], [40.71287, -96.683196], [40.712887, -96.683202], [40.712902, -96.683219], [40.712918, -96.683242], [40.712932, -96.683261], [40.712949, -96.68329], [40.712963, -96.683314], [40.712971, -96.683342], [40.712973, -96.683366], [40.712969, -96.683384], [40.712959, -96.683405], [40.712947, -96.683418], [40.712933, -96.683435], [40.712921, -96.683458], [40.712911, -96.683486], [40.712902, -96.683511], [40.712889, -96.683536], [40.712875, -96.683559]]}, "6": {"path": [[40.712735, -96.682843], [40.714958, -96.683394], [40.716981, -96.6849]], "green": [[40.716876, -96.684929], [40.716863, -96.684897], [40.716862, -96.684856], [40.716873, -96.684825], [40.716882, -96.684812], [40.716888, -96.684803], [40.716917, -96.684794], [40.71694, -96.684792], [40.716965, -96.684796], [40.716994, -96.684805], [40.717027, -96.684808], [40.717054, -96.684807], [40.71708, -96.684806], [40.717104, -96.684816], [40.717128, -96.684836], [40.717139, -96.684876], [40.717136, -96.684915], [40.717128, -96.684953], [40.717101, -96.684984], [40.717071, -96.685004], [40.717041, -96.685018], [40.717003, -96.685024], [40.716981, -96.685029], [40.71696, -96.685024], [40.716937, -96.685007], [40.716924, -96.684992], [40.71691, -96.68497], [40.716897, -96.684953], [40.716887, -96.68494], [40.716876, -96.684929]]}, "7": {"path": [[40.716558, -96.687007], [40.713526, -96.68533]], "green": [[40.713496, -96.68548], [40.713479, -96.68549], [40.713454, -96.685489], [40.71343, -96.685479], [40.713405, -96.68545], [40.713389, -96.685411], [40.71338, -96.685376], [40.713379, -96.685332], [40.713393, -96.685293], [40.713417, -96.685246], [40.713447, -96.685202], [40.713473, -96.685173], [40.713499, -96.68516], [40.713532, -96.685157], [40.713563, -96.685156], [40.713597, -96.685165], [40.713624, -96.685185], [40.713646, -96.685205], [40.713649, -96.685217], [40.713653, -96.685231], [40.713656, -96.685262], [40.71365, -96.68529], [40.713639, -96.685317], [40.713613, -96.685347], [40.713594, -96.685362], [40.713575, -96.685379], [40.713569, -96.685386], [40.713562, -96.685393], [40.713549, -96.685405], [40.713537, -96.68543], [40.713521, -96.685456], [40.713507, -96.685472], [40.713496, -96.68548]]}, "8": {"path": [[40.713233, -96.687457], [40.71514, -96.6889], [40.71657, -96.688971]], "green": [[40.716688, -96.68905], [40.716676, -96.689084], [40.716656, -96.689111], [40.716635, -96.689131], [40.716612, -96.689135], [40.716583, -96.689124], [40.716554, -96.689119], [40.716526, -96.68912], [40.716502, -96.689118], [40.716481, -96.689112], [40.716462, -96.689102], [40.716447, -96.689087], [40.716439, -96.68905], [40.716433, -96.688997], [40.716435, -96.688941], [40.716434, -96.688913], [40.716439, -96.688875], [40.716449, -96.688851], [40.716461, -96.688829], [40.716478, -96.688814], [40.716499, -96.688806], [40.716516, -96.688805], [40.716534, -96.68881], [40.716554, -96.688819], [40.716571, -96.688836], [40.716592, -96.688858], [40.716608, -96.688876], [40.716626, -96.688891], [40.716644, -96.6889], [40.71667, -96.688905], [40.71669, -96.688923], [40.716701, -96.688936], [40.716707, -96.688957], [40.716709, -96.688976], [40.716705, -96.689001], [40.716699, -96.689024], [40.716688, -96.68905]]}, "9": {"path": [[40.716633, -96.691713], [40.718666, -96.691473], [40.721351, -96.69172]],