{"holes": {"1": {"path": [[42.714688, -102.469724], [42.712841, -102.469069], [42.712121, -102.469322]], "green": [[42.712165, -102.469433], [42.712178, -102.469406], [42.712188, -102.469377], [42.712193, -102.46935], [42.712195, -102.469323], [42.712193, -102.46929], [42.712184, -102.469247], [42.712172, -102.469215], [42.712152, -102.46919], [42.712129, -102.469178], [42.71211, -102.469177], [42.712093, -102.469184], [42.712075, -102.469196], [42.71206, -102.469217], [42.712047, -102.469247], [42.71204, -102.469279], [42.712038, -102.469313], [42.712042, -102.46936], [42.712055, -102.469396], [42.712073, -102.469427], [42.712092, -102.469445], [42.712112, -102.469453], [42.712128, -102.469454], [42.712147, -102.469451], [42.712165, -102.469433]]}, "2": {"path": [[42.711953, -102.468869], [42.709379, -102.469171]], "green": [[42.709435, -102.469262], [42.709447, -102.46924], [42.709457, -102.469211], [42.709462, -102.469175], [42.709462, -102.469145], [42.709456, -102.469101], [42.709446, -102.469076], [42.709431, -102.469057], [42.709412, -102.469047], [42.709384, -102.469045], [42.709361, -102.469054], [42.709327, -102.469078], [42.709301, -102.4691], [42.70929, -102.469118], [42.709284, -102.469135], [42.709284, -102.469163], [42.709289, -102.469196], [42.709304, -102.469231], [42.709323, -102.469259], [42.709343, -102.46928], [42.709365, -102.469291], [42.709388, -102.469291], [42.70941, -102.469282], [42.709435, -102.469262]]}, "3": {"path": [[42.708951, -102.46905], [42.708887, -102.470526]], "green": [[42.708921, -102.470636], [42.708944, -102.47062], [42.70896, -102.470602], [42.708973, -102.470578], [42.708983, -102.470551], [42.708987, -102.470524], [42.708987, -102.470504], [42.708983, -102.47048], [42.708976, -102.470458], [42.708962, -102.470436], [42.708944, -102.470418], [42.708921, -102.470404], [42.708896, -102.470398], [42.708875, -102.470398], [42.708845, -102.470404], [42.708821, -102.470416], [42.708802, -102.470436], [42.708787, -102.470464], [42.708776, -102.470496], [42.708773, -102.470532], [42.708779, -102.470567], [42.708791, -102.470595], [42.708803, -102.470617], [42.708821, -102.470633], [42.708845, -102.470643], [42.708868, -102.470647], [42.708895, -102.470646], [42.708921, -102.470636]]}, "4": {"path": [[42.709038, -102.470963], [42.711728, -102.469991]], "green": [[42.711747, -102.470126], [42.711765, -102.470121], [42.711784, -102.470107], [42.711801, -102.47008], [42.71181, -102.470045], [42.711811, -102.470017], [42.711809, -102.469979], [42.711801, -102.469942], [42.711793, -102.469914], [42.711778, -102.469889], [42.711761, -102.469869], [42.711741, -102.469856], [42.711723, -102.46985], [42.711703, -102.469852], [42.711688, -102.469861], [42.711672, -102.469877], [42.711662, -102.469897], [42.711656, -102.469917], [42.711652, -102.469939], [42.711652, -102.469965], [42.71166, -102.469999], [42.711668, -102.470031], [42.711674, -102.470061], [42.711681, -102.470082], [42.711697, -102.470105], [42.711718, -102.470121], [42.711733, -102.470125], [42.711747, -102.470126]]}, "5": {"path": [[42.712348, -102.469987], [42.710947, -102.47133], [42.709126, -102.471898]], "green": [[42.709231, -102.472001], [42.709247, -102.471981], [42.709264, -102.471955], [42.709274, -102.471926], [42.709279, -102.471896], [42.709278, -102.471864], [42.709274, -102.471835], [42.709266, -102.471808], [42.709255, -102.471784], [42.709239, -102.471761], [42.709224, -102.471749], [42.709196, -102.471737], [42.709167, -102.471733], [42.709133, -102.471732], [42.709106, -102.471738], [42.709083, -102.471748], [42.709057, -102.471766], [42.70903, -102.471794], [42.70901, -102.471815], [42.708989, -102.471845], [42.708976, -102.471868], [42.708971, -102.471887], [42.70897, -102.471906], [42.708973, -102.471926], [42.708978, -102.471946], [42.708987, -102.471965], [42.708999, -102.471987], [42.709012, -102.471997], [42.709029, -102.472003], [42.709053, -102.472006], [42.709079, -102.472009], [42.709093, -102.472015], [42.709119, -102.472024], [42.709143, -102.472031], [42.709166, -102.472035], [42.709184, -102.472034], [42.709209, -102.472025], [42.709231, -102.472001]]}, "6": {"path": [[42.70909, -102.472929], [42.710528, -102.473257]], "green": [[42.710592, -102.473218], [42.710594, -102.473194], [42.710596, -102.473174], [42.710594, -102.473158], [42.710587, -102.473138], [42.710574, -102.473121], [42.710557, -102.473105], [42.710535, -102.473095], [42.710514, -102.473099], [42.710497, -102.47311], [42.71048, -102.473128], [42.710466, -102.47315], [42.710455, -102.473184], [42.710448, -102.473217], [42.710443, -102.473254], [42.710441, -102.473308], [42.710446, -102.473347], [42.710455, -102.473373], [42.710469, -102.473394], [42.710484, -102.473408], [42.710505, -102.473418], [42.710521, -102.473419], [42.710539, -102.473415], [42.710556, -102.473403], [42.710571, -102.473385], [42.71058, -102.473366], [42.710586, -102.473343], [42.710588, -102.473312], [42.710589, -102.473267], [42.710592, -102.473218]]}, "7": {"path": [[42.709654, -102.472582], [42.711734, -102.471798], [42.714024, -102.470205]], "green": [[42.713962, -102.470235], [42.713959, -102.47018], [42.713959, -102.470134], [42.713966, -102.4701], [42.713976, -102.470077], [42.713988, -102.470063], [42.714002, -102.470054], [42.714017, -102.470051], [42.714032, -102.470052], [42.714046, -102.470058], [42.714064, -102.470072], [42.71408, -102.470099], [42.714092, -102.470136], [42.714097, -102.470189], [42.714098, -102.470248], [42.714095, -102.470282], [42.714088, -102.470307], [42.71408, -102.470329], [42.714066, -102.470343], [42.714049, -102.47035], [42.714031, -102.470353], [42.714014, -102.470348], [42.713997, -102.470336], [42.713984, -102.470319], [42.713975, -102.470302], [42.713967, -102.470273], [42.713962, -102.470235]]}}}