{"holes": {"1": {"path": [[40.635343, -98.386661], [40.636856, -98.388248], [40.638728, -98.38885]], "green": [[40.635238, -98.391479], [40.635227, -98.391463], [40.635208, -98.391449], [40.635186, -98.391441], [40.635165, -98.391441], [40.635145, -98.391443], [40.635121, -98.391459], [40.635098, -98.391482], [40.635086, -98.391506], [40.635078, -98.391535], [40.635074, -98.391569], [40.635075, -98.391601], [40.635083, -98.391636], [40.635094, -98.391662], [40.635112, -98.391685], [40.635137, -98.391701], [40.635158, -98.391707], [40.635181, -98.391707], [40.635203, -98.391697], [40.635221, -98.391675], [40.635235, -98.39165], [40.635244, -98.391624], [40.63525, -98.391589], [40.635252, -98.391569], [40.635252, -98.391543], [40.63525, -98.391524], [40.635248, -98.391511], [40.635245, -98.391496], [40.635238, -98.391479]]}, "2": {"path": [[40.634596, -98.391599], [40.635367, -98.389152], [40.635174, -98.387348]], "green": [[40.635249, -98.387363], [40.635255, -98.387323], [40.635253, -98.387296], [40.635243, -98.387261], [40.635227, -98.387234], [40.63521, -98.387216], [40.635183, -98.387207], [40.635146, -98.387205], [40.635114, -98.387219], [40.635085, -98.38725], [40.635072, -98.387282], [40.635067, -98.387325], [40.63507, -98.387369], [40.635085, -98.387413], [40.635105, -98.387442], [40.635133, -98.387469], [40.635157, -98.387477], [40.635171, -98.387477], [40.63519, -98.387472], [40.635208, -98.387459], [40.635222, -98.387438], [40.635235, -98.38741], [40.635245, -98.387384], [40.635249, -98.387363]]}, "3": {"path": [[40.635069, -98.386826], [40.635614, -98.385084]], "green": [[40.635669, -98.384998], [40.635653, -98.384976], [40.63563, -98.384965], [40.635607, -98.384963], [40.635581, -98.384975], [40.635562, -98.384991], [40.635542, -98.385018], [40.635523, -98.385063], [40.63552, -98.385104], [40.63552, -98.385146], [40.635534, -98.38519], [40.635546, -98.385206], [40.635572, -98.385218], [40.635595, -98.385226], [40.635624, -98.385218], [40.635651, -98.385192], [40.635675, -98.385169], [40.635691, -98.385129], [40.635698, -98.385098], [40.635698, -98.385056], [40.635688, -98.385029], [40.63568, -98.385013], [40.635669, -98.384998]]}, "4": {"path": [[40.636375, -98.38477], [40.638108, -98.385271], [40.638943, -98.386519], [40.639747, -98.387356]], "green": [[40.6398, -98.387266], [40.639781, -98.387254], [40.63975, -98.387253], [40.639717, -98.38726], [40.639692, -98.38727], [40.639675, -98.38728], [40.63966, -98.387297], [40.639649, -98.387322], [40.639646, -98.387347], [40.639646, -98.387378], [40.639652, -98.387416], [40.639664, -98.387442], [40.639682, -98.387464], [40.639711, -98.387483], [40.639742, -98.387493], [40.639771, -98.387492], [40.639807, -98.387473], [40.639828, -98.387441], [40.63984, -98.387411], [40.639843, -98.387376], [40.639845, -98.387337], [40.63984, -98.387312], [40.639826, -98.387288], [40.639813, -98.387274], [40.6398, -98.387266]]}, "5": {"path": [[40.639984, -98.386907], [40.638641, -98.38504], [40.638491, -98.383349]], "green": [[40.638558, -98.38325], [40.638543, -98.383235], [40.638526, -98.383225], [40.638501, -98.38322], [40.63846, -98.383229], [40.638429, -98.383249], [40.638407, -98.383275], [40.638388, -98.3833], [40.63838, -98.383333], [40.638379, -98.38338], [40.638386, -98.383432], [40.638403, -98.383469], [40.638425, -98.383491], [40.638452, -98.383507], [40.638478, -98.383505], [40.638503, -98.383492], [40.63853, -98.383474], [40.638558, -98.383438], [40.638577, -98.383401], [40.638589, -98.383362], [40.638589, -98.383314], [40.638583, -98.383283], [40.63857, -98.383264], [40.638558, -98.38325]]}, "6": {"path": [[40.6383, -98.382764], [40.636703, -98.383022]], "green": [[40.636803, -98.382957], [40.636775, -98.382926], [40.63674, -98.382909], [40.636715, -98.382901], [40.636685, -98.382897], [40.63666, -98.382898], [40.636633, -98.382907], [40.636612, -98.382925], [40.636594, -98.382955], [40.636581, -98.38298], [40.636575, -98.383024], [40.636579, -98.383063], [40.636592, -98.383101], [40.636615, -98.383136], [40.636641, -98.383159], [40.63667, -98.383171], [40.636696, -98.383175], [40.636726, -98.383164], [40.636758, -98.383142], [40.636783, -98.38311], [40.636801, -98.383076], [40.636812, -98.383043], [40.636814, -98.383027], [40.636815, -98.383001], [40.636811, -98.382979], [40.636803, -98.382957]]}, "7": {"path": [[40.636015, -98.382629], [40.634336, -98.383715], [40.633791, -98.385313], [40.633661, -98.386851]], "green": [[40.633744, -98.386804], [40.633723, -98.386768], [40.633699, -98.386739], [40.633685, -98.386724], [40.633677, -98.386719], [40.633655, -98.386717], [40.633636, -98.386719], [40.633599, -98.386729], [40.633573, -98.386753], [40.633552, -98.386783], [40.633541, -98.386823], [40.633538, -98.386873], [40.633548, -98.386916], [40.633567, -98.386948], [40.633601, -98.386979], [40.633631, -98.386995], [40.63366, -98.387004], [40.633688, -98.386998], [40.633717, -98.386985], [40.633739, -98.386962], [40.633751, -98.386932], [40.633756, -98.386899], [40.633756, -98.386865], [40.633754, -98.386836], [40.633744, -98.386804]]}, "8": {"path": [[40.634141, -98.386539], [40.635141, -98.384577]], "green": [[40.635238, -98.384579], [40.635241, -98.384546], [40.635236, -98.384514], [40.635225, -98.384489], [40.635204, -98.384471], [40.635185, -98.384458], [40.635162, -98.384446], [40.635135, -98.384446], [40.635116, -98.384448], [40.635094, -98.384457], [40.635069, -98.384476], [40.635053, -98.384492], [40.635042, -98.384519], [40.635038, -98.384552], [40.635037, -98.384598], [40.635044, -98.384652], [40.635056, -98.384698], [40.635064, -98.384708], [40.635082, -98.384724], [40.635108, -98.384731], [40.635134, -98.384725], [40.635161, -98.384708], [40.635187, -98.384683], [40.635209, -98.384657], [40.635226, -98.384629], [40.635234, -98.384606], [40.635238, -98.384579]]}, "9": {"path": [[40.636316, -98.385059], [40.638003, -98.386345], [40.639012, -98.387691]], "green": [[40.639108, -98.387659], [40.639094, -98.387639], [40.639078, -98.387629], [40.639052, -98.38761], [40.639024, -98.387605], [40.63899, -98.3876], [40.638958, -98.387598], [40.638941, -98.387599], [40.63892, -98.387603], [40.638899, -98.387608], [40.638884, -98.387616], [40.638873, -98.38764], [40.638873, -98.387673], [40.638879, -98.387703], [40.638905, -98.387745], [40.638928, -98.387773], [40.638964, -98.387802], [40.638998, -98.387823], [40.639037, -98.387831], [40.639075, -98.38783], [40.639105, -98.387808], [40.639122, -98.387776], [40.639127, -98.387742], [40.639128, -98.387712], [40.639124, -98.387689], [40.639118, -98.387675], [40.639108, -98.387659]]}, "10": {"path": [[40.63925, -98.390371], [40.636049, -98.394186]], "green": [[40.635932, -98.394206], [40.635932, -98.394175], [40.635937, -98.394149], [40.635943, -98.39413], [40.635952, -98.394111], [40.635971, -98.394089], [40.635993, -98.394072], [40.636017, -98.394062], [40.636035, -98.39405], [40.636065, -98.394046], [40.636086, -98.394047], [40.636107, -98.394051], [40.636124, -98.394058], [40.636142, -98.394076], [40.636148, -98.394085], [40.636159, -98.394112], [40.636164, -98.394145], [40.636164, -98.394173], [40.636159, -98.394225], [40.63615, -98.394253], [40.63614, -98.394286], [40.636126, -98.394309], [40.636112, -98.394327], [40.63609, -98.39434], [40.636073, -98.394345], [40.636042, -98.394344], [40.636013, -98.394334], [40.63599, -98.394319], [40.635972, -98.394301], [40.635952, -98.394273], [40.635943, -98.394246], [40.635932, -98.394206]]}, "11": {"path": [[40.635647, -98.394468], [40.637076, -98.396375], [40.637743, -98.397519]],