{"holes": {"1": {"path": [[41.774479, -103.330636], [41.775809, -103.3293], [41.777678, -103.3279]], "green": [[41.777591, -103.327998], [41.777609, -103.328029], [41.77763, -103.328048], [41.77767, -103.328059], [41.777723, -103.328062], [41.777754, -103.328049], [41.777786, -103.328017], [41.777808, -103.327974], [41.777816, -103.327938], [41.777817, -103.327903], [41.777805, -103.327857], [41.777765, -103.327775], [41.777731, -103.327733], [41.777704, -103.32772], [41.777681, -103.327722], [41.777654, -103.327735], [41.777633, -103.327768], [41.777612, -103.327794], [41.777594, -103.327813], [41.777577, -103.327843], [41.777569, -103.327877], [41.777569, -103.327915], [41.777578, -103.327961], [41.777591, -103.327998]]}, "2": {"path": [[41.777775, -103.328664], [41.77883, -103.330331], [41.778907, -103.331549]], "green": [[41.779024, -103.331476], [41.779024, -103.331435], [41.779013, -103.331411], [41.778997, -103.331404], [41.778873, -103.331413], [41.778842, -103.331421], [41.778833, -103.331431], [41.778827, -103.331445], [41.778821, -103.331466], [41.778821, -103.331495], [41.778827, -103.331534], [41.778827, -103.331575], [41.778821, -103.331641], [41.778822, -103.33167], [41.778832, -103.331692], [41.778848, -103.331707], [41.778866, -103.33171], [41.778887, -103.331706], [41.778981, -103.331663], [41.779007, -103.331647], [41.779021, -103.33162], [41.779028, -103.331585], [41.779024, -103.331476]]}, "3": {"path": [[41.779448, -103.332095], [41.779528, -103.330279]], "green": [[41.779589, -103.330437], [41.779575, -103.330456], [41.779556, -103.330467], [41.779531, -103.330467], [41.779495, -103.33045], [41.779463, -103.330426], [41.779452, -103.330407], [41.779444, -103.330382], [41.779443, -103.330348], [41.779448, -103.330317], [41.779452, -103.330288], [41.779446, -103.330247], [41.779438, -103.330204], [41.779434, -103.330168], [41.77944, -103.33014], [41.779455, -103.330113], [41.779477, -103.330098], [41.779525, -103.330084], [41.779564, -103.330083], [41.779596, -103.330098], [41.779622, -103.330129], [41.779645, -103.330169], [41.779654, -103.330198], [41.779656, -103.330243], [41.779648, -103.330299], [41.779615, -103.330382], [41.779589, -103.330437]]}, "5": {"path": [[41.779787, -103.324722], [41.776765, -103.32514]], "green": [[41.776782, -103.325302], [41.776797, -103.32527], [41.776812, -103.325246], [41.776838, -103.325224], [41.776895, -103.325191], [41.776911, -103.325177], [41.776922, -103.325155], [41.776926, -103.325136], [41.776925, -103.325117], [41.776917, -103.325092], [41.7769, -103.325065], [41.776859, -103.325033], [41.776776, -103.324975], [41.776751, -103.324946], [41.776734, -103.324936], [41.776713, -103.324929], [41.776692, -103.324925], [41.776669, -103.324932], [41.776655, -103.32495], [41.776647, -103.324974], [41.776645, -103.325009], [41.776654, -103.325087], [41.776663, -103.325137], [41.776663, -103.325161], [41.776662, -103.325229], [41.776669, -103.325286], [41.776682, -103.325319], [41.776698, -103.325343], [41.77672, -103.325355], [41.776743, -103.32535], [41.776763, -103.325333], [41.776782, -103.325302]]}, "6": {"path": [[41.776788, -103.325843], [41.778284, -103.326498], [41.779303, -103.325436]], "green": [[41.779346, -103.325543], [41.779321, -103.325564], [41.779292, -103.325586], [41.779276, -103.325594], [41.77925, -103.325592], [41.779217, -103.325579], [41.77919, -103.325552], [41.779171, -103.325521], [41.779159, -103.325485], [41.779157, -103.32545], [41.779168, -103.325412], [41.779196, -103.325367], [41.779252, -103.325319], [41.779293, -103.325299], [41.779317, -103.325282], [41.779334, -103.325268], [41.779348, -103.325265], [41.779369, -103.325267], [41.779386, -103.325282], [41.779409, -103.325328], [41.779425, -103.32538], [41.77943, -103.325418], [41.779428, -103.325453], [41.77942, -103.32548], [41.779386, -103.325512], [41.779346, -103.325543]]}, "7": {"path": [[41.779334, -103.326192], [41.77925, -103.328331]], "green": [[41.779327, -103.328469], [41.7792, -103.328501], [41.779177, -103.328507], [41.779157, -103.328502], [41.779136, -103.328482], [41.779123, -103.328462], [41.779117, -103.328424], [41.7791, -103.328296], [41.779101, -103.328268], [41.779108, -103.328244], [41.779123, -103.328215], [41.779154, -103.32818], [41.779177, -103.328162], [41.779196, -103.328157], [41.779217, -103.328158], [41.779233, -103.328164], [41.779269, -103.32819], [41.779344, -103.328234], [41.779371, -103.328257], [41.779385, -103.328275], [41.779391, -103.32829], [41.779394, -103.328317], [41.77939, -103.328353], [41.779384, -103.328388], [41.779378, -103.328417], [41.779367, -103.328439], [41.77935, -103.328458], [41.779327, -103.328469]]}, "8": {"path": [[41.779169, -103.329577], [41.778171, -103.327275], [41.776797, -103.326708]], "green": [[41.776808, -103.32689], [41.776875, -103.326847], [41.776898, -103.326823], [41.776915, -103.326793], [41.776922, -103.326756], [41.776921, -103.326685], [41.776917, -103.326655], [41.776908, -103.326633], [41.776894, -103.326615], [41.776858, -103.326589], [41.776804, -103.326555], [41.776775, -103.326534], [41.776753, -103.326519], [41.776733, -103.326513], [41.776723, -103.326517], [41.776713, -103.326525], [41.776699, -103.32656], [41.776684, -103.32663], [41.77668, -103.326705], [41.77669, -103.326777], [41.776709, -103.326837], [41.776727, -103.326873], [41.776747, -103.326889], [41.776766, -103.326897], [41.776784, -103.326896], [41.776808, -103.32689]]}, "9": {"path": [[41.777164, -103.327585], [41.774984, -103.329398], [41.774013, -103.329641]], "green": [[41.774111, -103.329659], [41.774121, -103.329627], [41.774132, -103.329589], [41.774139, -103.329566], [41.774139, -103.32954], [41.77413, -103.329509], [41.774105, -103.329479], [41.77407, -103.329459], [41.774036, -103.329448], [41.774, -103.329446], [41.77397, -103.329452], [41.773927, -103.329481], [41.773899, -103.329534], [41.773884, -103.329581], [41.773876, -103.329643], [41.773875, -103.32969], [41.77388, -103.329727], [41.773889, -103.329758], [41.773903, -103.329778], [41.773932, -103.329803], [41.77396, -103.329817], [41.773986, -103.329819], [41.774013, -103.329816], [41.774037, -103.329804], [41.774056, -103.329792], [41.774075, -103.329762], [41.774094, -103.329721], [41.774111, -103.329659]]}}}