{"holes": {"1": {"path": [[40.600705, -97.852178], [40.598384, -97.852272], [40.598056, -97.851589]], "green": [[40.598056, -97.85171], [40.59811, -97.851709], [40.59814, -97.851701], [40.598162, -97.851686], [40.598183, -97.851656], [40.598191, -97.851614], [40.598187, -97.851564], [40.598158, -97.851508], [40.598118, -97.851466], [40.598073, -97.851428], [40.598024, -97.851417], [40.597988, -97.851441], [40.597954, -97.851472], [40.597937, -97.851507], [40.597929, -97.851549], [40.597933, -97.851608], [40.597943, -97.85164], [40.597971, -97.851682], [40.598008, -97.851708], [40.598056, -97.85171]]}, "2": {"path": [[40.597322, -97.850993], [40.597704, -97.852577]], "green": [[40.597714, -97.852689], [40.597762, -97.852683], [40.597794, -97.85266], [40.597815, -97.852626], [40.597822, -97.852583], [40.59782, -97.852543], [40.597803, -97.852484], [40.597763, -97.85244], [40.597724, -97.852428], [40.597667, -97.852444], [40.597628, -97.852475], [40.597599, -97.852521], [40.597589, -97.852556], [40.597588, -97.852593], [40.597595, -97.852628], [40.597613, -97.85266], [40.597655, -97.852687], [40.597714, -97.852689]]}, "3": {"path": [[40.59732, -97.853295], [40.599282, -97.852785], [40.600955, -97.852734], [40.601467, -97.852892]], "green": [[40.601457, -97.852993], [40.601504, -97.852984], [40.601543, -97.852964], [40.601565, -97.852942], [40.601571, -97.85291], [40.601568, -97.852884], [40.601557, -97.852844], [40.60153, -97.852808], [40.601491, -97.852779], [40.601458, -97.852772], [40.601419, -97.852788], [40.601388, -97.852812], [40.601366, -97.852848], [40.60136, -97.852884], [40.601368, -97.852919], [40.601387, -97.852949], [40.601412, -97.852976], [40.601457, -97.852993]]}, "4": {"path": [[40.601016, -97.851264], [40.60289, -97.852215], [40.603938, -97.852499]], "green": [[40.603958, -97.852614], [40.604006, -97.852602], [40.60403, -97.852576], [40.604044, -97.852539], [40.604048, -97.852484], [40.604045, -97.852434], [40.60403, -97.852386], [40.604004, -97.852351], [40.603953, -97.852346], [40.603909, -97.852362], [40.603869, -97.852395], [40.603848, -97.852432], [40.603837, -97.852465], [40.603834, -97.852507], [40.603837, -97.852556], [40.603849, -97.852588], [40.603868, -97.85261], [40.603899, -97.852618], [40.603958, -97.852614]]}, "9": {"path": [[40.597456, -97.850002], [40.599494, -97.849792], [40.601069, -97.850347]], "green": [[40.601061, -97.850471], [40.601088, -97.850458], [40.601127, -97.850436], [40.601156, -97.850415], [40.601186, -97.850383], [40.601199, -97.850351], [40.601202, -97.850298], [40.601191, -97.850263], [40.601166, -97.850224], [40.601139, -97.850207], [40.601079, -97.850201], [40.601034, -97.850208], [40.600995, -97.850232], [40.600965, -97.850265], [40.600942, -97.850308], [40.600937, -97.850355], [40.600944, -97.8504], [40.600966, -97.850432], [40.600986, -97.85045], [40.60102, -97.850469], [40.601061, -97.850471]]}}}