{"holes": {"1": {"path": [[35.318225, -97.507299], [35.316335, -97.506265], [35.314326, -97.506511]], "green": [[35.314479, -97.506513], [35.314476, -97.506489], [35.314463, -97.506467], [35.314431, -97.506451], [35.314397, -97.506434], [35.314361, -97.50641], [35.31434, -97.506382], [35.314327, -97.506359], [35.314307, -97.506325], [35.314293, -97.506298], [35.314276, -97.506276], [35.314249, -97.506275], [35.314236, -97.506288], [35.314224, -97.506324], [35.314221, -97.50636], [35.314217, -97.506409], [35.314216, -97.506469], [35.314212, -97.506554], [35.314214, -97.506624], [35.314217, -97.506653], [35.314224, -97.506681], [35.314237, -97.506708], [35.314255, -97.506725], [35.314277, -97.506736], [35.3143, -97.506731], [35.314318, -97.506709], [35.314336, -97.506677], [35.314354, -97.506646], [35.314378, -97.506617], [35.314406, -97.506596], [35.314434, -97.506577], [35.314459, -97.506558], [35.314476, -97.506537], [35.314479, -97.506513]]}, "3": {"path": [[35.315636, -97.505885], [35.317586, -97.506194], [35.318191, -97.506887]], "green": [[35.318125, -97.506812], [35.318139, -97.506798], [35.318154, -97.506788], [35.318173, -97.50678], [35.318193, -97.506773], [35.318219, -97.506775], [35.31824, -97.506781], [35.318259, -97.506793], [35.318276, -97.506816], [35.318289, -97.506845], [35.318296, -97.506874], [35.318297, -97.506918], [35.318291, -97.506952], [35.318279, -97.506985], [35.318262, -97.507009], [35.318238, -97.507022], [35.318214, -97.507024], [35.318183, -97.507013], [35.318152, -97.506998], [35.318128, -97.506981], [35.318104, -97.506959], [35.318089, -97.506938], [35.318078, -97.506912], [35.318077, -97.506875], [35.318095, -97.506841], [35.318125, -97.506812]]}, "4": {"path": [[35.318608, -97.506844], [35.319346, -97.505768]], "green": [[35.319434, -97.505803], [35.319451, -97.505789], [35.319474, -97.505776], [35.319493, -97.505763], [35.319513, -97.505747], [35.319532, -97.505726], [35.319537, -97.505704], [35.319538, -97.505676], [35.319532, -97.505654], [35.319513, -97.50564], [35.319481, -97.505621], [35.319451, -97.505611], [35.319422, -97.505607], [35.319389, -97.505606], [35.319347, -97.505612], [35.319311, -97.505623], [35.319283, -97.505633], [35.319258, -97.505654], [35.319244, -97.505667], [35.319228, -97.505689], [35.319213, -97.505713], [35.319201, -97.505739], [35.31919, -97.505769], [35.31918, -97.505806], [35.319173, -97.505841], [35.319171, -97.505877], [35.319178, -97.505908], [35.31919, -97.505927], [35.319209, -97.50594], [35.319226, -97.505947], [35.31925, -97.505947], [35.319281, -97.505937], [35.319308, -97.505919], [35.319326, -97.505905], [35.31935, -97.50588], [35.319373, -97.505856], [35.319396, -97.505834], [35.319419, -97.505814], [35.319434, -97.505803]]}, "5": {"path": [[35.31952, -97.505269], [35.317227, -97.505482], [35.316336, -97.505328]], "green": [[35.316421, -97.505411], [35.316437, -97.505385], [35.316449, -97.505354], [35.316458, -97.505314], [35.316455, -97.505281], [35.31644, -97.50525], [35.316421, -97.505224], [35.316395, -97.505203], [35.316354, -97.505184], [35.316313, -97.505182], [35.316273, -97.505185], [35.316238, -97.505218], [35.316216, -97.505258], [35.316202, -97.505303], [35.316198, -97.505352], [35.316203, -97.505401], [35.316218, -97.505446], [35.316249, -97.505469], [35.316293, -97.505475], [35.316348, -97.505462], [35.316392, -97.505447], [35.316421, -97.505411]]}, "6": {"path": [[35.316581, -97.504961], [35.314466, -97.50504], [35.313736, -97.505871]], "green": [[35.313642, -97.505814], [35.31371, -97.505776], [35.313769, -97.505749], [35.313801, -97.505745], [35.313824, -97.505747], [35.313848, -97.505768], [35.313863, -97.505799], [35.313872, -97.505831], [35.313875, -97.50587], [35.313868, -97.505909], [35.313849, -97.505933], [35.313822, -97.505956], [35.313784, -97.505975], [35.313728, -97.505986], [35.313669, -97.505987], [35.313621, -97.50598], [35.313591, -97.505961], [35.313561, -97.505937], [35.313553, -97.505901], [35.313571, -97.505862], [35.313642, -97.505814]]}, "7": {"path": [[35.313151, -97.505974], [35.314487, -97.504097], [35.315255, -97.503903]], "green": [[35.315173, -97.50376], [35.315209, -97.503746], [35.315251, -97.503738], [35.315283, -97.503746], [35.315306, -97.503764], [35.315336, -97.50379], [35.315358, -97.503819], [35.315377, -97.503859], [35.315386, -97.503899], [35.315391, -97.503941], [35.315383, -97.503977], [35.315374, -97.504003], [35.315354, -97.504039], [35.315341, -97.504055], [35.315325, -97.504066], [35.315303, -97.504069], [35.315282, -97.50406], [35.315264, -97.504037], [35.315244, -97.504], [35.315231, -97.503973], [35.315214, -97.50395], [35.315203, -97.50394], [35.31518, -97.503925], [35.315158, -97.503913], [35.315127, -97.503899], [35.315107, -97.503882], [35.315094, -97.503854], [35.315098, -97.503819], [35.315115, -97.503793], [35.315173, -97.50376]]}, "8": {"path": [[35.31544, -97.503401], [35.313226, -97.503933], [35.312859, -97.505697]], "green": [[35.312849, -97.505808], [35.312884, -97.505811], [35.312915, -97.50581], [35.312946, -97.505809], [35.312964, -97.505799], [35.31298, -97.505783], [35.312987, -97.505758], [35.31298, -97.505732], [35.312954, -97.505696], [35.312927, -97.505671], [35.312903, -97.505645], [35.312885, -97.505614], [35.312869, -97.505571], [35.312861, -97.505557], [35.312846, -97.505544], [35.312829, -97.505537], [35.312803, -97.505537], [35.312783, -97.505555], [35.312768, -97.505593], [35.312742, -97.505673], [35.312737, -97.505707], [35.312737, -97.505739], [35.31275, -97.50577], [35.312771, -97.50579], [35.312809, -97.505803], [35.312849, -97.505808]]}, "9": {"path": [[35.314443, -97.506979], [35.316589, -97.507018], [35.31774, -97.507629]], "green": [[35.317839, -97.507666], [35.317845, -97.507628], [35.317852, -97.50758], [35.317856, -97.507535], [35.317847, -97.5075], [35.31783, -97.507476], [35.317805, -97.507464], [35.317763, -97.507462], [35.317707, -97.507467], [35.317657, -97.507486], [35.317625, -97.507508], [35.317598, -97.50754], [35.317585, -97.507589], [35.317591, -97.507645], [35.317611, -97.507706], [35.317645, -97.507758], [35.317678, -97.507794], [35.31771, -97.507818], [35.317749, -97.507824], [35.317778, -97.507812], [35.317798, -97.507792], [35.317818, -97.507746], [35.317839, -97.507666]]}, "10": {"path": [[35.31955, -97.509521], [35.316992, -97.509416], [35.31548, -97.509682]], "green": [[35.315537, -97.509777], [35.315576, -97.50972], [35.315594, -97.509693], [35.315603, -97.509667], [35.315606, -97.509641], [35.315605, -97.509617], [35.315599, -97.509594], [35.315573, -97.509564], [35.315542, -97.509551], [35.315511, -97.509545], [35.315473, -97.509535], [35.315448, -97.509535], [35.315441, -97.509535], [35.315417, -97.509542], [35.315399, -97.509557], [35.315387, -97.509572], [35.315378, -97.5096], [35.315375, -97.509639], [35.315378, -97.509688], [35.315386, -97.509767], [35.315395, -97.50981], [35.315402, -97.509827], [35.315413, -97.50984], [35.31543, -97.509849], [35.31545, -97.50985], [35.315467, -97.509845], [35.315483, -97.509831], [35.315506, -97.50981], [35.315537, -97.509777]]}, "11": {"path": [[35.316432, -97.509995], [35.314481, -97.510661], [35.313593, -97.510725]], "green": [[35.313678, -97.510812], [35.313698, -97.510769], [35.313718, -97.510732], [35.313729, -97.51071], [35.313737, -97.510682], [35.313738, -97.51066], [35.313734, -97.51064], [35.313722, -97.510622], [35.313701, -97.510604], [35.31367, -97.510583], [35.313635, -97.510562], [35.313605, -97.510551], [35.313579, -97.510548], [35.313549, -97.51055], [35.313526, -97.510561], [35.313508, -97.510578], [35.313493, -97.510599], [35.313483, -97.510625], [35.313473, -97.510663], [35.31347, -97.510708], [35.31347, -97.510748], [35.313472, -97.510799], [35.31348, -97.51083], [35.31349, -97.51086], [35.313505, -97.510888], [35.313522, -97.51091], [35.313543, -97.510924], [35.313564, -97.510931], [35.313584, -97.510928], [35.313603, -97.510918], [35.313628, -97.51089], [35.313678, -97.510812]]},