{"holes": {"1": {"path": [[33.798645, -118.097226], [33.799321, -118.095591], [33.80048, -118.094695]], "green": [[33.800491, -118.094783], [33.80051, -118.094769], [33.800529, -118.094756], [33.800549, -118.09473], [33.800561, -118.094709], [33.800568, -118.094679], [33.800566, -118.094653], [33.800558, -118.094629], [33.800547, -118.094606], [33.800532, -118.094592], [33.800517, -118.094582], [33.800499, -118.094577], [33.800478, -118.09458], [33.800451, -118.094592], [33.800428, -118.094611], [33.800408, -118.094638], [33.800393, -118.094668], [33.800388, -118.094705], [33.800391, -118.094732], [33.800401, -118.094757], [33.800413, -118.094775], [33.80043, -118.094789], [33.800445, -118.094795], [33.800463, -118.094796], [33.800478, -118.094791], [33.800491, -118.094783]]}, "2": {"path": [[33.800251, -118.095546], [33.802758, -118.09341]], "green": [[33.802682, -118.093423], [33.80269, -118.093397], [33.802699, -118.093371], [33.802719, -118.093345], [33.802746, -118.09332], [33.802777, -118.0933], [33.802807, -118.093292], [33.802834, -118.093305], [33.802849, -118.093323], [33.802864, -118.09335], [33.802859, -118.0934], [33.802844, -118.093421], [33.802828, -118.093434], [33.80281, -118.093448], [33.802791, -118.093478], [33.802764, -118.0935], [33.802743, -118.093509], [33.802716, -118.093508], [33.802695, -118.093493], [33.802684, -118.093481], [33.802677, -118.093461], [33.80268, -118.093437], [33.802682, -118.093423]]}, "3": {"path": [[33.802994, -118.092926], [33.80363, -118.091732]], "green": [[33.803595, -118.091812], [33.803636, -118.091802], [33.803662, -118.091808], [33.803691, -118.091811], [33.803719, -118.091807], [33.803734, -118.091781], [33.803735, -118.091758], [33.80373, -118.091734], [33.803716, -118.091705], [33.803713, -118.091677], [33.803714, -118.091651], [33.803709, -118.091627], [33.803692, -118.091609], [33.803674, -118.091601], [33.803654, -118.091608], [33.80363, -118.091627], [33.803609, -118.091645], [33.80358, -118.091669], [33.803548, -118.091697], [33.803514, -118.091712], [33.803494, -118.091745], [33.803489, -118.091772], [33.803504, -118.091811], [33.803524, -118.09183], [33.803559, -118.091827], [33.803578, -118.091818], [33.803595, -118.091812]]}, "4": {"path": [[33.805116, -118.092356], [33.806348, -118.094015], [33.808497, -118.095101]], "green": [[33.808417, -118.095139], [33.808417, -118.095081], [33.808421, -118.095039], [33.808442, -118.095011], [33.808472, -118.094984], [33.808511, -118.094975], [33.808529, -118.094974], [33.80855, -118.094981], [33.808569, -118.094999], [33.808574, -118.095021], [33.808588, -118.095058], [33.808586, -118.09511], [33.808571, -118.095153], [33.808559, -118.095176], [33.808541, -118.095192], [33.808519, -118.095202], [33.808494, -118.095208], [33.808467, -118.095216], [33.808446, -118.09521], [33.808424, -118.095187], [33.808417, -118.095161], [33.808417, -118.095139]]}, "5": {"path": [[33.809916, -118.09475], [33.807693, -118.093796], [33.806761, -118.093275]], "green": [[33.806731, -118.093364], [33.806766, -118.093358], [33.806808, -118.093356], [33.806845, -118.093358], [33.806872, -118.093352], [33.806905, -118.093322], [33.806919, -118.093274], [33.806903, -118.093227], [33.80687, -118.093192], [33.806838, -118.093167], [33.806797, -118.093165], [33.806762, -118.09316], [33.80672, -118.093155], [33.806674, -118.093167], [33.806633, -118.093189], [33.806613, -118.093227], [33.806605, -118.093285], [33.806627, -118.093349], [33.806662, -118.093374], [33.806703, -118.093373], [33.806731, -118.093364]]}, "6": {"path": [[33.806848, -118.092851], [33.808844, -118.093217], [33.809759, -118.092991]], "green": [[33.809694, -118.093103], [33.809659, -118.09307], [33.809646, -118.093023], [33.80966, -118.092977], [33.809669, -118.092935], [33.809679, -118.092906], [33.809709, -118.092877], [33.809771, -118.09286], [33.809824, -118.092869], [33.809864, -118.092888], [33.809897, -118.092936], [33.809897, -118.092993], [33.809874, -118.093034], [33.809833, -118.093067], [33.80979, -118.093096], [33.809742, -118.093109], [33.809694, -118.093103]]}, "7": {"path": [[33.803909, -118.092177], [33.802882, -118.094599], [33.801247, -118.095426]], "green": [[33.805195, -118.091979], [33.805207, -118.091946], [33.80523, -118.091915], [33.805267, -118.091897], [33.805304, -118.091894], [33.805361, -118.091933], [33.805407, -118.091968], [33.805425, -118.092003], [33.805428, -118.092038], [33.805406, -118.092085], [33.805367, -118.09213], [33.805337, -118.092163], [33.805308, -118.092174], [33.805278, -118.092167], [33.805249, -118.092134], [33.805215, -118.092085], [33.805201, -118.09203], [33.805195, -118.091979]]}, "9": {"path": [[33.800093, -118.095924], [33.798931, -118.097579]], "green": [[33.798909, -118.097677], [33.798943, -118.097675], [33.798972, -118.097668], [33.799011, -118.097659], [33.799049, -118.097631], [33.799075, -118.097584], [33.799084, -118.097517], [33.799056, -118.097464], [33.799022, -118.097455], [33.798992, -118.097459], [33.798937, -118.097467], [33.798881, -118.097479], [33.79886, -118.097484], [33.798844, -118.097498], [33.798819, -118.097544], [33.798813, -118.097587], [33.798816, -118.097632], [33.798831, -118.097654], [33.79885, -118.097667], [33.798875, -118.097674], [33.798909, -118.097677]]}, "10": {"path": [[33.797718, -118.097084], [33.797212, -118.094838], [33.79714, -118.092101]], "green": [[33.79712, -118.092197], [33.797093, -118.092165], [33.797066, -118.092131], [33.797045, -118.092104], [33.79703, -118.092076], [33.797027, -118.092044], [33.797037, -118.09201], [33.797055, -118.091988], [33.797093, -118.091947], [33.79716, -118.091947], [33.797207, -118.091971], [33.797247, -118.092018], [33.797266, -118.092072], [33.797265, -118.092145], [33.797259, -118.092186], [33.797228, -118.092228], [33.797192, -118.092243], [33.797145, -118.092241], [33.79712, -118.092197]]}, "11": {"path": [[33.797671, -118.09137], [33.799674, -118.091731], [33.800728, -118.091669]], "green": [[33.800774, -118.091764], [33.800805, -118.091735], [33.800817, -118.091706], [33.800823, -118.091662], [33.800817, -118.091632], [33.800803, -118.091601], [33.800783, -118.091578], [33.800746, -118.091541], [33.800697, -118.091539], [33.800656, -118.091566], [33.800625, -118.091621], [33.800612, -118.091673], [33.800615, -118.091711], [33.800633, -118.091741], [33.800672, -118.091761], [33.800727, -118.091775], [33.800774, -118.091764]]}, "13": {"path": [[33.802372, -118.092239], [33.800348, -118.092377], [33.799152, -118.092995]], "green": [[33.799017, -118.093021], [33.799021, -118.092977], [33.799036, -118.092932], [33.799072, -118.092901], [33.799128, -118.09287], [33.799169, -118.092867], [33.799213, -118.092862], [33.799258, -118.092861], [33.799292, -118.092883], [33.799306, -118.092927], [33.799297, -118.092981], [33.799279, -118.093015], [33.79924, -118.093047], [33.799214, -118.093075], [33.799199, -118.093099], [33.799155, -118.093127], [33.799116, -118.093133], [33.799081, -118.093124], [33.799053, -118.0931], [33.79903, -118.093062], [33.799017, -118.093021]]}, "14": {"path": [[33.799456, -118.093538], [33.802278, -118.092686]], "green": [[33.802218, -118.092772], [33.802199, -118.092759], [33.802181, -118.092739], [33.802166, -118.0927], [33.802182, -118.092658], [33.802203, -118.092627], [33.802249, -118.092577], [33.802278, -118.092559], [33.802316, -118.092555], [33.802354, -118.092578], [33.802372, -118.092595], [33.802382, -118.092638], [33.802382, -118.092674], [33.802371, -118.092702], [33.802352, -118.092734], [33.802329, -118.092759], [33.8023, -118.092774], [33.80227, -118.092779], [33.802246, -118.092779], [33.802218, -118.092772]]}, "15": {"path": [[33.802576, -118.093091], [33.799678, -118.094202]],