{"holes": {"1": {"path": [[34.43404, -119.610761], [34.432274, -119.609771], [34.431556, -119.608456]], "green": [[34.431627, -119.608528], [34.431644, -119.608503], [34.431654, -119.608485], [34.431661, -119.608462], [34.431665, -119.608434], [34.431662, -119.608403], [34.431654, -119.608379], [34.431643, -119.60836], [34.431629, -119.608346], [34.431613, -119.608335], [34.431598, -119.608329], [34.431584, -119.608326], [34.431571, -119.608329], [34.431559, -119.608337], [34.431546, -119.608348], [34.431537, -119.608354], [34.431526, -119.608357], [34.431512, -119.608362], [34.431496, -119.608375], [34.431484, -119.608396], [34.431472, -119.608418], [34.431463, -119.608443], [34.431458, -119.608481], [34.43145, -119.608538], [34.431452, -119.608561], [34.431458, -119.608583], [34.431469, -119.608598], [34.431482, -119.608611], [34.431495, -119.608617], [34.431515, -119.608616], [34.431536, -119.608611], [34.431563, -119.608594], [34.431593, -119.608564], [34.431627, -119.608528]]}, "2": {"path": [[34.431476, -119.609017], [34.430394, -119.609807]], "green": [[34.430312, -119.60991], [34.430325, -119.609927], [34.430341, -119.609938], [34.430358, -119.609943], [34.430374, -119.609941], [34.430388, -119.609935], [34.430402, -119.609923], [34.430413, -119.609908], [34.430424, -119.609888], [34.430433, -119.609861], [34.430445, -119.609822], [34.430458, -119.60979], [34.43047, -119.609764], [34.430487, -119.609731], [34.430491, -119.60972], [34.430492, -119.609707], [34.43049, -119.609698], [34.430485, -119.60969], [34.430478, -119.609686], [34.430463, -119.609687], [34.430448, -119.609696], [34.430425, -119.609714], [34.43041, -119.609723], [34.430397, -119.609729], [34.430382, -119.609735], [34.43036, -119.60974], [34.430336, -119.609749], [34.430317, -119.609761], [34.430302, -119.609781], [34.430292, -119.60981], [34.430292, -119.609842], [34.430297, -119.609874], [34.430303, -119.609892], [34.430312, -119.60991]]}, "3": {"path": [[34.429951, -119.609153], [34.430732, -119.606992], [34.431351, -119.605848]], "green": [[34.431382, -119.605933], [34.431414, -119.605896], [34.431436, -119.605865], [34.43145, -119.605838], [34.431459, -119.605818], [34.431463, -119.605801], [34.431462, -119.605787], [34.431458, -119.605772], [34.431447, -119.605754], [34.431435, -119.605742], [34.43142, -119.605735], [34.431379, -119.605734], [34.431341, -119.605738], [34.431313, -119.60575], [34.431298, -119.605759], [34.431281, -119.605777], [34.431269, -119.605799], [34.431259, -119.605824], [34.431252, -119.605856], [34.431249, -119.605884], [34.431251, -119.605908], [34.431256, -119.605928], [34.431265, -119.605944], [34.431279, -119.605958], [34.431293, -119.605967], [34.431312, -119.605971], [34.431331, -119.60597], [34.431357, -119.605956], [34.431382, -119.605933]]}, "4": {"path": [[34.431813, -119.605304], [34.432707, -119.607485], [34.433363, -119.607802]], "green": [[34.43339, -119.607866], [34.433445, -119.607857], [34.433462, -119.607851], [34.433477, -119.607843], [34.433489, -119.607831], [34.433496, -119.607818], [34.4335, -119.607801], [34.433498, -119.607782], [34.433493, -119.607764], [34.433482, -119.607748], [34.433465, -119.607735], [34.433446, -119.607728], [34.433425, -119.607727], [34.433403, -119.60773], [34.433377, -119.607739], [34.433357, -119.607749], [34.433333, -119.607759], [34.433315, -119.607765], [34.433298, -119.607766], [34.433266, -119.607773], [34.433245, -119.607781], [34.433229, -119.607795], [34.433221, -119.607812], [34.433217, -119.607828], [34.433218, -119.607845], [34.433222, -119.607858], [34.433231, -119.60787], [34.433244, -119.607879], [34.43326, -119.607883], [34.43339, -119.607866]]}, "5": {"path": [[34.433383, -119.608166], [34.43402, -119.606972]], "green": [[34.434072, -119.607015], [34.434084, -119.607004], [34.434095, -119.606989], [34.434111, -119.606966], [34.43412, -119.606949], [34.434125, -119.606936], [34.434128, -119.60692], [34.434126, -119.606905], [34.434122, -119.606889], [34.434114, -119.606879], [34.434103, -119.60687], [34.434089, -119.606867], [34.434074, -119.606867], [34.434053, -119.60687], [34.434024, -119.60688], [34.433989, -119.606901], [34.433961, -119.606926], [34.433939, -119.606948], [34.433919, -119.606975], [34.433909, -119.606989], [34.433906, -119.607002], [34.433905, -119.607015], [34.433906, -119.607029], [34.433911, -119.607042], [34.433917, -119.607052], [34.433926, -119.607061], [34.433939, -119.607067], [34.433953, -119.607067], [34.433962, -119.607065], [34.433994, -119.607052], [34.434047, -119.607028], [34.434059, -119.607022], [34.434072, -119.607015]]}, "6": {"path": [[34.434866, -119.607173], [34.433664, -119.605102], [34.432704, -119.605079]], "green": [[34.432723, -119.605186], [34.432742, -119.605189], [34.432758, -119.60519], [34.432768, -119.605189], [34.432778, -119.605184], [34.432786, -119.605177], [34.432792, -119.605168], [34.432796, -119.605155], [34.432796, -119.605144], [34.432793, -119.605129], [34.432781, -119.605109], [34.432754, -119.605067], [34.43274, -119.605044], [34.432731, -119.605027], [34.432722, -119.605003], [34.432714, -119.604978], [34.432705, -119.604954], [34.432697, -119.604941], [34.432688, -119.604935], [34.432679, -119.604932], [34.432668, -119.604931], [34.432657, -119.604934], [34.432648, -119.604941], [34.432636, -119.604961], [34.432609, -119.605033], [34.432598, -119.605078], [34.432597, -119.605099], [34.4326, -119.605118], [34.432606, -119.605133], [34.432619, -119.605148], [34.43264, -119.605161], [34.432681, -119.605176], [34.432723, -119.605186]]}, "7": {"path": [[34.432796, -119.604686], [34.434627, -119.604061], [34.435377, -119.603645]], "green": [[34.435444, -119.603747], [34.435452, -119.60373], [34.43546, -119.603706], [34.435469, -119.603661], [34.435473, -119.603625], [34.435472, -119.603602], [34.435469, -119.603585], [34.435461, -119.603569], [34.435444, -119.603558], [34.435424, -119.603547], [34.435399, -119.603545], [34.43537, -119.603547], [34.435335, -119.603547], [34.435306, -119.603548], [34.435294, -119.60355], [34.435281, -119.603555], [34.435272, -119.603562], [34.435266, -119.603574], [34.435264, -119.60359], [34.435266, -119.603609], [34.435273, -119.603626], [34.435293, -119.603654], [34.43531, -119.603683], [34.435334, -119.603727], [34.435358, -119.603757], [34.43538, -119.603771], [34.435398, -119.603775], [34.435412, -119.603775], [34.435423, -119.60377], [34.435436, -119.60376], [34.435444, -119.603747]]}, "8": {"path": [[34.435837, -119.602326], [34.435743, -119.60498], [34.436317, -119.605478]], "green": [[34.436387, -119.605537], [34.436383, -119.605498], [34.436383, -119.605462], [34.436386, -119.605429], [34.436387, -119.605412], [34.436385, -119.605398], [34.436378, -119.605384], [34.436366, -119.605374], [34.436348, -119.605367], [34.436333, -119.605368], [34.436312, -119.605373], [34.436287, -119.605384], [34.436273, -119.605389], [34.436253, -119.605394], [34.436222, -119.605403], [34.436207, -119.605414], [34.436198, -119.605431], [34.436192, -119.605456], [34.436192, -119.605479], [34.436199, -119.605499], [34.436214, -119.605523], [34.436265, -119.605567], [34.436334, -119.605617], [34.436349, -119.605624], [34.43636, -119.605624], [34.436372, -119.605619], [34.436381, -119.605608], [34.436389, -119.605589], [34.436389, -119.605567], [34.436387, -119.605537]]}, "9": {"path": [[34.436747, -119.605724], [34.43557, -119.607797], [34.43443, -119.609286]],