{"holes": {"1": {"path": [[33.609228, -117.622463], [33.610147, -117.621693], [33.611307, -117.621063], [33.612651, -117.621155], [33.613022, -117.621368]], "green": [[33.612932, -117.621423], [33.612949, -117.621443], [33.612965, -117.621456], [33.612983, -117.621469], [33.613003, -117.621478], [33.613022, -117.621487], [33.61304, -117.621491], [33.613061, -117.621492], [33.613079, -117.621491], [33.613094, -117.621486], [33.613103, -117.621479], [33.613113, -117.62147], [33.61312, -117.621457], [33.613125, -117.621441], [33.613129, -117.621419], [33.613132, -117.62139], [33.613135, -117.621372], [33.613141, -117.621356], [33.613146, -117.621341], [33.613149, -117.621325], [33.613148, -117.621311], [33.613146, -117.621298], [33.613135, -117.621288], [33.613122, -117.62128], [33.613105, -117.62128], [33.61309, -117.621284], [33.613071, -117.621292], [33.613052, -117.621296], [33.613036, -117.621297], [33.613022, -117.621296], [33.613007, -117.621294], [33.612987, -117.621291], [33.612967, -117.621285], [33.612951, -117.62128], [33.612938, -117.621276], [33.612923, -117.621276], [33.612911, -117.621279], [33.612902, -117.621285], [33.612893, -117.621306], [33.61289, -117.621323], [33.612887, -117.621341], [33.612888, -117.621358], [33.612891, -117.621372], [33.612898, -117.621387], [33.612907, -117.621401], [33.612917, -117.62141], [33.612932, -117.621423]]}, "2": {"path": [[33.613387, -117.621652], [33.614291, -117.620649], [33.61451, -117.620013], [33.615421, -117.619619]], "green": [[33.61536, -117.619708], [33.615398, -117.619695], [33.615433, -117.619694], [33.61547, -117.619701], [33.615494, -117.619697], [33.615515, -117.619678], [33.615525, -117.619651], [33.615527, -117.619604], [33.61553, -117.61956], [33.615533, -117.619521], [33.615525, -117.619495], [33.615503, -117.619482], [33.615459, -117.61948], [33.615405, -117.619493], [33.615368, -117.619527], [33.615307, -117.619595], [33.615298, -117.619619], [33.615297, -117.619646], [33.615301, -117.619672], [33.615314, -117.61969], [33.615335, -117.619708], [33.61536, -117.619708]]}, "4": {"path": [[33.619616, -117.619125], [33.620604, -117.617285], [33.62072, -117.616229], [33.620457, -117.615751]], "green": [[33.620441, -117.61587], [33.620516, -117.615889], [33.620548, -117.615891], [33.620575, -117.615876], [33.620589, -117.615848], [33.620592, -117.615823], [33.620588, -117.615799], [33.620576, -117.615781], [33.620484, -117.615691], [33.620449, -117.615645], [33.620428, -117.615622], [33.620403, -117.61561], [33.620376, -117.615608], [33.620357, -117.61561], [33.620341, -117.615622], [33.620329, -117.615642], [33.62034, -117.615708], [33.620366, -117.615775], [33.6204, -117.615831], [33.620441, -117.61587]]}, "5": {"path": [[33.620534, -117.615236], [33.620054, -117.615189], [33.619482, -117.615676], [33.61948, -117.61613]], "green": [[33.619399, -117.616237], [33.619418, -117.616262], [33.619455, -117.616276], [33.619495, -117.616269], [33.619535, -117.616268], [33.619563, -117.616258], [33.619602, -117.616212], [33.619611, -117.61617], [33.6196, -117.616127], [33.619558, -117.616006], [33.619541, -117.615984], [33.619511, -117.615976], [33.619486, -117.615982], [33.619454, -117.615996], [33.619423, -117.616017], [33.619396, -117.616023], [33.619384, -117.616037], [33.619381, -117.616064], [33.619384, -117.616197], [33.619399, -117.616237]]}, "6": {"path": [[33.618874, -117.616348], [33.615796, -117.617412]], "green": [[33.615767, -117.617491], [33.615842, -117.617501], [33.615882, -117.617509], [33.615905, -117.617504], [33.615922, -117.617491], [33.615931, -117.617469], [33.61593, -117.617444], [33.615921, -117.617415], [33.615899, -117.617386], [33.615871, -117.617368], [33.615859, -117.617341], [33.615836, -117.617314], [33.615824, -117.617299], [33.615803, -117.617299], [33.615757, -117.617336], [33.615725, -117.617351], [33.615685, -117.617364], [33.615662, -117.61738], [33.615649, -117.617393], [33.615646, -117.617409], [33.61565, -117.617428], [33.615663, -117.617446], [33.615698, -117.617469], [33.615767, -117.617491]]}, "7": {"path": [[33.615109, -117.616763], [33.615526, -117.617879], [33.615228, -117.618673]], "green": [[33.615189, -117.618828], [33.61522, -117.618818], [33.615253, -117.618784], [33.615282, -117.618735], [33.615308, -117.618705], [33.615318, -117.618679], [33.615316, -117.61866], [33.615301, -117.618627], [33.615282, -117.618571], [33.615271, -117.618536], [33.615254, -117.618527], [33.615234, -117.618528], [33.615217, -117.618538], [33.615206, -117.618555], [33.6152, -117.618578], [33.61519, -117.618616], [33.615164, -117.618659], [33.61515, -117.618688], [33.615148, -117.618728], [33.615152, -117.618793], [33.615164, -117.61882], [33.615189, -117.618828]]}, "8": {"path": [[33.615353, -117.619166], [33.612664, -117.618579], [33.610907, -117.618728]], "green": [[33.610856, -117.618829], [33.610916, -117.618812], [33.610973, -117.618809], [33.610999, -117.618798], [33.611018, -117.618775], [33.611021, -117.618752], [33.611012, -117.618721], [33.610996, -117.61869], [33.610983, -117.618646], [33.610963, -117.618621], [33.610916, -117.618601], [33.610867, -117.618598], [33.610845, -117.618606], [33.610826, -117.618637], [33.610814, -117.618686], [33.610811, -117.618737], [33.610812, -117.618779], [33.61082, -117.618808], [33.610835, -117.618827], [33.610856, -117.618829]]}, "9": {"path": [[33.609991, -117.618606], [33.609315, -117.619817], [33.608836, -117.620197], [33.608103, -117.621624]], "green": [[33.60806, -117.621719], [33.608106, -117.621717], [33.608141, -117.62172], [33.608174, -117.621717], [33.608189, -117.621699], [33.608193, -117.621667], [33.608202, -117.621613], [33.608216, -117.621552], [33.608213, -117.621527], [33.608198, -117.621508], [33.608169, -117.621505], [33.608075, -117.621514], [33.608059, -117.621522], [33.60805, -117.621534], [33.608044, -117.621559], [33.60804, -117.621592], [33.608025, -117.621621], [33.60801, -117.621645], [33.608005, -117.621668], [33.608011, -117.621694], [33.608025, -117.621711], [33.60806, -117.621719]]}, "10": {"path": [[33.608372, -117.622816], [33.606519, -117.624017], [33.605867, -117.623976]], "green": [[33.605797, -117.624029], [33.605831, -117.624023], [33.605853, -117.624027], [33.605875, -117.624041], [33.605909, -117.62407], [33.60593, -117.624074], [33.605949, -117.62407], [33.605967, -117.62405], [33.605982, -117.624022], [33.605987, -117.623993], [33.605982, -117.623966], [33.605974, -117.623948], [33.60596, -117.623928], [33.605943, -117.623915], [33.605919, -117.623904], [33.605866, -117.623884], [33.605856, -117.623877], [33.605819, -117.623871], [33.605806, -117.623875], [33.605795, -117.623885], [33.605785, -117.6239], [33.605769, -117.623943], [33.60576, -117.623983], [33.605758, -117.624004], [33.605764, -117.624021], [33.605778, -117.62403], [33.605797, -117.624029]]}, "11": {"path": [[33.606289, -117.624786], [33.605318, -117.624211], [33.602703, -117.625286], [33.602166, -117.625241]], "green": [[33.602164, -117.625395], [33.602183, -117.625403], [33.602213, -117.625396], [33.602236, -117.625381], [33.602268, -117.625322], [33.60229, -117.625234], [33.602285, -117.625204], [33.602268, -117.625172], [33.602245, -117.62515], [33.602218, -117.625136], [33.602195, -117.625133], [33.602179, -117.625143], [33.602162, -117.625154], [33.602084, -117.625155], [33.602062, -117.625163], [33.602051, -117.625174], [33.602037, -117.625192], [33.602037, -117.625211], [33.602045, -117.62524], [33.602109, -117.625313], [33.602164, -117.625395]]}, "12": {"path": [[33.60216, -117.625764], [33.600753, -117.627043], [33.599737, -117.627437]],