{"holes": {"1": {"path": [[37.77109, -121.950397], [37.77354, -121.951533]], "green": [[37.773441, -121.951538], [37.773464, -121.951602], [37.77348, -121.951649], [37.773509, -121.951679], [37.773559, -121.951699], [37.773618, -121.951687], [37.773671, -121.951655], [37.773703, -121.951594], [37.773691, -121.951549], [37.773623, -121.951422], [37.773591, -121.951376], [37.773558, -121.951369], [37.773525, -121.951369], [37.773451, -121.951408], [37.773426, -121.951439], [37.77343, -121.951484], [37.773441, -121.951538]]}, "2": {"path": [[37.774225, -121.951201], [37.776267, -121.949943], [37.777798, -121.949175], [37.778323, -121.948751]], "green": [[37.778336, -121.948823], [37.778366, -121.948841], [37.778409, -121.948837], [37.778436, -121.948823], [37.778447, -121.948796], [37.77844, -121.94876], [37.778413, -121.948684], [37.778402, -121.948671], [37.778377, -121.948671], [37.778334, -121.948663], [37.778307, -121.948652], [37.778263, -121.948654], [37.778234, -121.948666], [37.778206, -121.9487], [37.778197, -121.948738], [37.778201, -121.948762], [37.778227, -121.948793], [37.77826, -121.948808], [37.778288, -121.948807], [37.778306, -121.948805], [37.778336, -121.948823]]}, "3": {"path": [[37.777926, -121.948483], [37.779474, -121.947687]], "green": [[37.779596, -121.947661], [37.779608, -121.947704], [37.779603, -121.947739], [37.779577, -121.947781], [37.779548, -121.947798], [37.779506, -121.947802], [37.779472, -121.947793], [37.779382, -121.947759], [37.779359, -121.947725], [37.779349, -121.947687], [37.779345, -121.947644], [37.779354, -121.947609], [37.779379, -121.947577], [37.779404, -121.94756], [37.779437, -121.947557], [37.779537, -121.947619], [37.779596, -121.947661]]}, "4": {"path": [[37.781404, -121.947819], [37.78379, -121.947752]], "green": [[37.783928, -121.947686], [37.783921, -121.947648], [37.783891, -121.947618], [37.783845, -121.947624], [37.783818, -121.947652], [37.783803, -121.947673], [37.783776, -121.947681], [37.783743, -121.947686], [37.783709, -121.9477], [37.783686, -121.947722], [37.783651, -121.94778], [37.783638, -121.947828], [37.783648, -121.947868], [37.783673, -121.947893], [37.78371, -121.947911], [37.783741, -121.947908], [37.783786, -121.947873], [37.783828, -121.947821], [37.783853, -121.947786], [37.783889, -121.947766], [37.783918, -121.947725], [37.783928, -121.947686]]}, "5": {"path": [[37.784106, -121.948367], [37.782885, -121.948785]], "green": [[37.78301, -121.948731], [37.78295, -121.948696], [37.782833, -121.948634], [37.782811, -121.94863], [37.782791, -121.948636], [37.782777, -121.948659], [37.782771, -121.948681], [37.782774, -121.948697], [37.782786, -121.948746], [37.782792, -121.948781], [37.782786, -121.948824], [37.782784, -121.94886], [37.782785, -121.948884], [37.782796, -121.948906], [37.782809, -121.948918], [37.782836, -121.948922], [37.78288, -121.948887], [37.78291, -121.948857], [37.782931, -121.948848], [37.782974, -121.94885], [37.782996, -121.948847], [37.783012, -121.948836], [37.783024, -121.948821], [37.783028, -121.948797], [37.783028, -121.948772], [37.783023, -121.94875], [37.78301, -121.948731]]}, "6": {"path": [[37.782553, -121.949508], [37.780985, -121.948364], [37.779977, -121.948427]], "green": [[37.780091, -121.948434], [37.780085, -121.948408], [37.780068, -121.948382], [37.780048, -121.948363], [37.780018, -121.948342], [37.779989, -121.948327], [37.779958, -121.94832], [37.779933, -121.948324], [37.779905, -121.948335], [37.779877, -121.948356], [37.779852, -121.948383], [37.779845, -121.948404], [37.779845, -121.948428], [37.779854, -121.948452], [37.779872, -121.948482], [37.779895, -121.948503], [37.779925, -121.948516], [37.779959, -121.948521], [37.779995, -121.948518], [37.780024, -121.948515], [37.780055, -121.948506], [37.780074, -121.948493], [37.780083, -121.948481], [37.780091, -121.94846], [37.780091, -121.948434]]}, "7": {"path": [[37.779591, -121.948559], [37.778157, -121.950541], [37.777129, -121.950923], [37.776357, -121.951408]], "green": [[37.776333, -121.951474], [37.776376, -121.95149], [37.776407, -121.951498], [37.776442, -121.951487], [37.776465, -121.951457], [37.776474, -121.951415], [37.776472, -121.951386], [37.776432, -121.951337], [37.776396, -121.951301], [37.776371, -121.951285], [37.776311, -121.951317], [37.776258, -121.951351], [37.77623, -121.951366], [37.776221, -121.951412], [37.776252, -121.951433], [37.776289, -121.951449], [37.776333, -121.951474]]}, "8": {"path": [[37.776231, -121.952955], [37.774414, -121.952745], [37.773217, -121.95211]], "green": [[37.773137, -121.952109], [37.773154, -121.952144], [37.773193, -121.952167], [37.77322, -121.952206], [37.773236, -121.952235], [37.77328, -121.95225], [37.773305, -121.952229], [37.773317, -121.952199], [37.773322, -121.952141], [37.773305, -121.952098], [37.773246, -121.951979], [37.773218, -121.951939], [37.773186, -121.951943], [37.773163, -121.951993], [37.773138, -121.952045], [37.773127, -121.952076], [37.773137, -121.952109]]}, "9": {"path": [[37.773238, -121.953055], [37.77179, -121.951249], [37.77069, -121.950865]], "green": [[37.770597, -121.95087], [37.770617, -121.950899], [37.770658, -121.950931], [37.770699, -121.950966], [37.770738, -121.950981], [37.770765, -121.950982], [37.770795, -121.950952], [37.770799, -121.950926], [37.770795, -121.950886], [37.770778, -121.950856], [37.770761, -121.950831], [37.770714, -121.950802], [37.77067, -121.950754], [37.770637, -121.950728], [37.77061, -121.950731], [37.770594, -121.950771], [37.770589, -121.950826], [37.770597, -121.95087]]}, "10": {"path": [[37.768595, -121.949475], [37.766968, -121.949801]], "green": [[37.766852, -121.949872], [37.766875, -121.94991], [37.766922, -121.949918], [37.766961, -121.949916], [37.76698, -121.94991], [37.767, -121.949884], [37.767039, -121.949828], [37.767068, -121.949814], [37.767098, -121.94978], [37.767101, -121.949741], [37.767089, -121.949702], [37.767069, -121.949688], [37.767047, -121.949684], [37.766986, -121.949707], [37.766945, -121.949705], [37.766913, -121.949695], [37.766868, -121.94975], [37.766854, -121.949798], [37.766849, -121.94984], [37.766852, -121.949872]]}, "11": {"path": [[37.765963, -121.948413], [37.764082, -121.947829], [37.76324, -121.946945]], "green": [[37.763219, -121.947028], [37.763232, -121.947062], [37.763252, -121.947092], [37.763279, -121.947103], [37.763308, -121.947097], [37.763332, -121.947072], [37.763339, -121.94705], [37.763334, -121.946993], [37.763309, -121.946913], [37.763302, -121.946888], [37.763289, -121.946836], [37.763277, -121.946792], [37.763267, -121.946777], [37.763246, -121.946769], [37.763224, -121.94678], [37.763207, -121.946823], [37.763192, -121.946846], [37.763169, -121.946877], [37.763155, -121.946903], [37.76315, -121.946923], [37.763153, -121.946944], [37.763166, -121.946966], [37.763199, -121.946987], [37.76321, -121.946998], [37.763218, -121.947022], [37.763219, -121.947028]]}, "12": {"path": [[37.761744, -121.945381], [37.760165, -121.943465], [37.759631, -121.942421]], "green": [[37.759568, -121.942467], [37.759591, -121.942507], [37.759614, -121.94254], [37.75964, -121.942555], [37.75967, -121.942567], [37.759691, -121.942566], [37.759715, -121.942552], [37.759727, -121.942511], [37.75972, -121.942461], [37.759717, -121.942418], [37.759707, -121.942377], [37.759692, -121.942344], [37.759667, -121.942307], [37.759651, -121.942266], [37.759627, -121.942262], [37.759611, -121.942266], [37.759593, -121.942305], [37.759574, -121.942334], [37.759544, -121.942354], [37.759535, -121.942386], [37.759543, -121.942425], [37.759552, -121.942442], [37.759568, -121.942467]]}, "15": {"path": [[37.765298, -121.938952], [37.765757, -121.940543]],