{"holes": {"2": {"path": [[34.046382, -118.414349], [34.048053, -118.411564], [34.048529, -118.410378]], "green": [[34.048514, -118.410518], [34.04853, -118.410514], [34.048556, -118.4105], [34.048576, -118.410472], [34.048592, -118.410425], [34.048607, -118.410382], [34.048611, -118.410331], [34.048604, -118.410298], [34.048581, -118.410266], [34.048561, -118.410247], [34.048545, -118.410242], [34.04853, -118.410247], [34.048506, -118.41026], [34.048487, -118.410283], [34.048475, -118.410302], [34.048464, -118.410336], [34.048464, -118.41036], [34.048467, -118.410401], [34.048475, -118.410439], [34.048483, -118.410476], [34.048495, -118.410505], [34.048514, -118.410518]]}, "4": {"path": [[34.047854, -118.411019], [34.046156, -118.413447], [34.045872, -118.415416]], "green": [[34.04595, -118.415479], [34.045946, -118.415532], [34.045937, -118.415563], [34.045916, -118.415587], [34.045887, -118.415594], [34.045859, -118.41559], [34.045827, -118.415564], [34.045808, -118.415524], [34.045777, -118.415453], [34.045755, -118.415355], [34.045756, -118.415304], [34.04577, -118.415263], [34.045787, -118.415241], [34.045811, -118.415238], [34.04586, -118.415259], [34.045907, -118.415286], [34.045939, -118.41531], [34.045954, -118.41533], [34.045962, -118.415362], [34.045956, -118.415419], [34.04595, -118.415479]]}, "5": {"path": [[34.045661, -118.415987], [34.044657, -118.414182], [34.04321, -118.413857]], "green": [[34.043301, -118.413903], [34.043293, -118.413927], [34.043276, -118.413954], [34.043244, -118.413973], [34.043197, -118.413978], [34.043107, -118.413977], [34.043074, -118.413959], [34.043047, -118.413917], [34.043043, -118.413866], [34.043052, -118.413807], [34.04308, -118.413776], [34.043122, -118.413752], [34.043162, -118.413742], [34.043207, -118.413758], [34.043234, -118.413768], [34.043275, -118.413773], [34.043306, -118.413777], [34.043321, -118.413792], [34.043331, -118.413819], [34.043328, -118.413855], [34.043314, -118.413879], [34.043301, -118.413903]]}, "6": {"path": [[34.043984, -118.413394], [34.044779, -118.410995], [34.04494, -118.409751]], "green": [[34.045008, -118.409656], [34.045019, -118.409708], [34.045015, -118.409765], [34.045004, -118.409836], [34.044991, -118.40988], [34.044973, -118.409915], [34.044948, -118.409928], [34.044902, -118.409913], [34.044877, -118.409877], [34.044866, -118.409812], [34.044847, -118.409743], [34.044839, -118.409703], [34.044849, -118.409667], [34.044879, -118.409628], [34.044927, -118.409603], [34.044967, -118.409599], [34.044993, -118.409622], [34.045008, -118.409656]]}, "7": {"path": [[34.046077, -118.399613], [34.045999, -118.401691], [34.046324, -118.402823]], "green": [[34.046322, -118.402943], [34.046382, -118.402944], [34.046427, -118.402912], [34.046442, -118.402891], [34.046451, -118.402851], [34.046451, -118.402822], [34.046442, -118.402798], [34.046401, -118.402754], [34.046285, -118.402687], [34.046238, -118.40268], [34.046209, -118.402689], [34.046186, -118.40272], [34.046187, -118.402743], [34.0462, -118.402777], [34.046261, -118.402895], [34.046304, -118.402937], [34.046322, -118.402943]]}, "8": {"path": [[34.043427, -118.411859], [34.042559, -118.41395]], "green": [[34.042609, -118.414007], [34.042575, -118.414053], [34.042549, -118.414075], [34.042524, -118.414081], [34.042492, -118.414075], [34.042465, -118.414058], [34.042442, -118.414019], [34.042428, -118.413969], [34.042434, -118.413931], [34.042464, -118.413909], [34.042511, -118.413893], [34.042551, -118.413866], [34.042588, -118.413828], [34.042614, -118.413808], [34.042637, -118.413814], [34.042659, -118.413836], [34.042666, -118.413874], [34.042659, -118.413917], [34.04264, -118.413954], [34.042622, -118.413982], [34.042609, -118.414007]]}, "9": {"path": [[34.042319, -118.414433], [34.044238, -118.415946], [34.044776, -118.416694]], "green": [[34.044683, -118.416681], [34.044685, -118.41665], [34.044683, -118.41662], [34.044678, -118.416569], [34.044686, -118.416545], [34.044708, -118.41653], [34.044739, -118.416533], [34.044758, -118.416542], [34.044778, -118.416567], [34.044811, -118.416584], [34.044846, -118.416604], [34.044867, -118.41662], [34.044879, -118.416638], [34.044892, -118.416667], [34.044894, -118.416693], [34.044892, -118.416744], [34.044892, -118.416775], [34.044886, -118.416808], [34.044869, -118.416826], [34.044843, -118.416832], [34.044813, -118.416824], [34.04479, -118.416819], [34.04476, -118.416818], [34.044733, -118.416813], [34.04471, -118.416814], [34.044692, -118.416812], [34.044677, -118.416781], [34.044678, -118.416725], [34.044683, -118.416681]]}}}