{"holes": {"1": {"path": [[33.635796, -116.239783], [33.633753, -116.238957], [33.632363, -116.239068]], "green": [[33.632473, -116.239029], [33.632467, -116.239053], [33.632458, -116.239075], [33.632439, -116.239094], [33.632407, -116.239123], [33.632378, -116.239148], [33.632351, -116.239169], [33.632325, -116.239188], [33.632305, -116.239196], [33.632287, -116.239196], [33.632264, -116.239185], [33.63225, -116.23917], [33.632241, -116.239144], [33.632239, -116.239113], [33.632248, -116.239088], [33.632267, -116.239059], [33.632289, -116.239025], [33.63231, -116.238992], [33.632328, -116.238971], [33.63235, -116.238956], [33.632376, -116.238949], [33.632416, -116.238946], [33.632445, -116.23895], [33.632462, -116.238968], [33.632475, -116.238994], [33.632475, -116.239014], [33.632473, -116.239029]]}, "4": {"path": [[33.63467, -116.241848], [33.631543, -116.241559]], "green": [[33.631439, -116.241501], [33.631439, -116.241482], [33.631446, -116.241463], [33.631456, -116.241445], [33.63147, -116.241433], [33.63149, -116.241423], [33.631504, -116.241423], [33.631519, -116.241433], [33.631531, -116.241443], [33.631543, -116.241459], [33.631556, -116.241477], [33.631569, -116.241487], [33.631581, -116.241497], [33.631598, -116.241501], [33.631617, -116.241508], [33.631634, -116.241521], [33.631645, -116.241535], [33.631653, -116.241549], [33.63166, -116.241567], [33.631665, -116.241591], [33.631665, -116.241607], [33.63166, -116.241626], [33.631652, -116.241642], [33.631643, -116.241654], [33.631628, -116.241663], [33.631613, -116.241668], [33.631595, -116.24167], [33.631579, -116.241668], [33.631563, -116.24166], [33.631548, -116.241652], [33.631535, -116.241645], [33.631521, -116.24164], [33.631503, -116.241638], [33.631488, -116.241639], [33.631477, -116.241639], [33.631464, -116.241632], [33.631453, -116.24162], [33.631446, -116.241601], [33.631447, -116.24158], [33.631446, -116.241551], [33.631442, -116.241527], [33.631439, -116.241501]]}, "5": {"path": [[33.631243, -116.240902], [33.631552, -116.238718]], "green": [[33.631448, -116.238669], [33.631446, -116.238645], [33.631448, -116.238623], [33.631451, -116.238604], [33.631464, -116.238584], [33.631481, -116.238573], [33.631497, -116.238568], [33.631521, -116.238568], [33.63154, -116.238581], [33.631557, -116.2386], [33.631568, -116.238607], [33.631588, -116.238613], [33.631612, -116.23862], [33.631637, -116.238637], [33.631647, -116.238651], [33.631655, -116.238669], [33.631658, -116.238692], [33.631657, -116.23872], [33.631659, -116.238753], [33.631656, -116.238791], [33.631652, -116.238817], [33.631642, -116.238842], [33.631629, -116.238873], [33.631615, -116.238887], [33.631601, -116.238894], [33.631585, -116.238894], [33.631569, -116.238889], [33.631551, -116.238875], [33.631537, -116.23886], [33.631526, -116.238833], [33.631511, -116.238802], [33.631498, -116.238775], [33.631483, -116.238752], [33.631472, -116.238732], [33.631462, -116.238714], [33.631453, -116.238693], [33.631448, -116.238669]]}, "6": {"path": [[33.631369, -116.238134], [33.633434, -116.238238], [33.635311, -116.238932]], "green": [[33.63519, -116.238891], [33.635203, -116.238871], [33.635223, -116.238856], [33.635249, -116.238842], [33.635275, -116.238833], [33.6353, -116.238831], [33.635326, -116.238831], [33.635343, -116.238833], [33.635365, -116.23883], [33.635388, -116.238822], [33.635411, -116.238819], [33.635436, -116.238822], [33.635455, -116.238834], [33.635465, -116.238851], [33.635469, -116.23887], [33.635463, -116.238895], [33.635449, -116.238925], [33.63544, -116.238938], [33.635423, -116.238955], [33.635409, -116.238973], [33.635398, -116.238996], [33.635378, -116.239024], [33.635365, -116.23904], [33.635343, -116.239051], [33.635316, -116.239064], [33.635285, -116.239071], [33.635261, -116.239072], [33.635237, -116.239066], [33.635213, -116.239052], [33.635198, -116.23904], [33.635186, -116.239022], [33.635176, -116.239], [33.635167, -116.238973], [33.635167, -116.238948], [33.635169, -116.238931], [33.635177, -116.238906], [33.63519, -116.238891]]}, "9": {"path": [[33.638342, -116.236736], [33.636556, -116.237818], [33.636527, -116.239854]], "green": [[33.636503, -116.239688], [33.636523, -116.239689], [33.63655, -116.239698], [33.636571, -116.23972], [33.636592, -116.239744], [33.636611, -116.239795], [33.636623, -116.239834], [33.636628, -116.239885], [33.636628, -116.239922], [33.636615, -116.23996], [33.636595, -116.239993], [33.636575, -116.240011], [33.636549, -116.24003], [33.636525, -116.240035], [33.636503, -116.240034], [33.636484, -116.240014], [33.636469, -116.239981], [33.636457, -116.239944], [33.636449, -116.23989], [33.636446, -116.239839], [33.636435, -116.239799], [33.636432, -116.239744], [33.636445, -116.239718], [33.636473, -116.239692], [33.636503, -116.239688]]}, "10": {"path": [[33.636754, -116.24127], [33.639298, -116.240853], [33.640609, -116.240816]], "green": [[33.640512, -116.240776], [33.640533, -116.240763], [33.64058, -116.240751], [33.640628, -116.240737], [33.640651, -116.240722], [33.640685, -116.240713], [33.640708, -116.240714], [33.640723, -116.240735], [33.640729, -116.240763], [33.640725, -116.240794], [33.640708, -116.240833], [33.640684, -116.240876], [33.640659, -116.2409], [33.640633, -116.24092], [33.640614, -116.240932], [33.640572, -116.240939], [33.640543, -116.240922], [33.640518, -116.240895], [33.640496, -116.240864], [33.640492, -116.240832], [33.640495, -116.240801], [33.640512, -116.240776]]}, "13": {"path": [[33.639458, -116.235379], [33.637328, -116.235292], [33.636171, -116.234966]], "green": [[33.636262, -116.234983], [33.636253, -116.234944], [33.636237, -116.234891], [33.636218, -116.234871], [33.636194, -116.234859], [33.636156, -116.234848], [33.636119, -116.23485], [33.636086, -116.234867], [33.636066, -116.234892], [33.63606, -116.234921], [33.636058, -116.234956], [33.63607, -116.235], [33.636097, -116.235034], [33.636123, -116.235057], [33.636156, -116.235071], [33.636187, -116.235074], [33.636219, -116.235074], [33.636243, -116.235062], [33.636256, -116.235039], [33.636262, -116.235014], [33.636262, -116.234983]]}, "14": {"path": [[33.635776, -116.234334], [33.63927, -116.234633], [33.640737, -116.235434]], "green": [[33.640626, -116.235334], [33.640638, -116.235325], [33.640657, -116.235322], [33.640689, -116.235327], [33.640718, -116.235327], [33.64075, -116.235333], [33.640789, -116.235341], [33.640833, -116.235366], [33.640851, -116.235386], [33.640863, -116.235405], [33.640867, -116.235433], [33.640863, -116.235458], [33.640852, -116.235489], [33.640839, -116.235517], [33.640826, -116.235546], [33.640812, -116.235563], [33.6408, -116.235574], [33.640779, -116.235577], [33.64076, -116.235568], [33.640741, -116.235551], [33.64073, -116.235531], [33.64072, -116.235509], [33.640705, -116.23548], [33.64069, -116.235462], [33.640671, -116.235444], [33.640651, -116.235429], [33.640634, -116.235415], [33.640623, -116.235392], [33.640618, -116.235373], [33.640618, -116.235348], [33.640626, -116.235334]]}, "15": {"path": [[33.641197, -116.235157], [33.640972, -116.236797]], "green": [[33.641074, -116.236802], [33.641068, -116.236821], [33.641055, -116.236841], [33.641036, -116.236857], [33.641019, -116.23687], [33.641006, -116.236882], [33.640991, -116.236902], [33.640976, -116.236917], [33.64096, -116.236926], [33.640945, -116.23693], [33.640922, -116.236925], [33.640908, -116.236913], [33.64089, -116.236892], [33.640879, -116.236872], [33.640867, -116.236839], [33.640863, -116.23681], [33.64086, -116.23678], [33.640867, -116.236746], [33.640875, -116.236723], [33.640893, -116.2367], [33.640914, -116.236679], [33.640938, -116.236669], [33.640964, -116.236661], [33.640988, -116.236664], [33.640998, -116.236674], [33.641007, -116.23669], [33.641021, -116.23671], [33.641037, -116.236727], [33.641057, -116.236749], [33.641068, -116.236764], [33.641073, -116.236782], [33.641074, -116.236802]]},