{"holes": {"1": {"path": [[35.354257, -120.840166], [35.354704, -120.837702], [35.354811, -120.835348]], "green": [[35.354895, -120.835398], [35.354884, -120.835431], [35.354864, -120.835457], [35.35484, -120.835469], [35.35481, -120.835471], [35.354774, -120.835462], [35.354749, -120.835448], [35.354732, -120.835432], [35.354714, -120.835407], [35.354701, -120.835357], [35.354701, -120.835336], [35.354711, -120.83531], [35.354722, -120.835295], [35.354739, -120.83528], [35.354758, -120.83527], [35.354785, -120.835256], [35.354811, -120.835244], [35.354833, -120.835245], [35.354841, -120.835253], [35.354848, -120.83526], [35.354855, -120.835272], [35.35486, -120.835281], [35.354862, -120.835302], [35.354866, -120.835323], [35.354876, -120.835343], [35.354887, -120.835356], [35.354893, -120.835377], [35.354895, -120.835398]]}, "2": {"path": [[35.354465, -120.835271], [35.353846, -120.839582]], "green": [[35.35391, -120.83955], [35.353908, -120.839503], [35.353899, -120.839473], [35.353867, -120.839445], [35.353833, -120.839445], [35.353793, -120.839471], [35.353783, -120.839489], [35.353774, -120.839511], [35.353762, -120.839551], [35.353761, -120.839587], [35.353766, -120.839626], [35.353786, -120.839665], [35.353805, -120.839686], [35.353828, -120.839702], [35.353857, -120.839706], [35.353879, -120.839698], [35.353899, -120.839685], [35.353912, -120.839663], [35.353923, -120.839628], [35.35392, -120.839589], [35.35391, -120.83955]]}, "3": {"path": [[35.353037, -120.83892], [35.353476, -120.83689], [35.353805, -120.835882]], "green": [[35.353728, -120.835929], [35.35373, -120.835905], [35.353736, -120.835881], [35.353741, -120.835862], [35.353748, -120.835845], [35.353752, -120.835829], [35.353757, -120.835814], [35.353763, -120.835801], [35.353769, -120.835788], [35.353777, -120.835776], [35.353786, -120.835768], [35.353797, -120.83576], [35.353808, -120.835754], [35.353826, -120.835751], [35.353845, -120.83575], [35.353859, -120.835761], [35.353872, -120.835771], [35.353881, -120.835782], [35.35389, -120.835799], [35.353894, -120.835813], [35.353896, -120.835827], [35.353896, -120.835846], [35.353891, -120.835864], [35.353883, -120.835884], [35.353874, -120.8359], [35.353859, -120.835934], [35.353851, -120.835956], [35.353843, -120.835977], [35.353838, -120.835993], [35.353831, -120.836008], [35.353816, -120.836023], [35.353799, -120.836031], [35.353783, -120.836031], [35.353768, -120.836024], [35.353753, -120.836015], [35.353742, -120.836], [35.353735, -120.835986], [35.35373, -120.835971], [35.353727, -120.83595], [35.353728, -120.835929]]}, "4": {"path": [[35.354195, -120.835159], [35.354725, -120.834138]], "green": [[35.354701, -120.834222], [35.354685, -120.834211], [35.354672, -120.834192], [35.354661, -120.834176], [35.354653, -120.834159], [35.354651, -120.834139], [35.354652, -120.834121], [35.354657, -120.834105], [35.354664, -120.83409], [35.354671, -120.834076], [35.354679, -120.834063], [35.354697, -120.834041], [35.354714, -120.834032], [35.354732, -120.834025], [35.354758, -120.834027], [35.354774, -120.834035], [35.354786, -120.834051], [35.35479, -120.834066], [35.354787, -120.834098], [35.354786, -120.834132], [35.354788, -120.834153], [35.354788, -120.834173], [35.354785, -120.834187], [35.354781, -120.8342], [35.354774, -120.834212], [35.354766, -120.834222], [35.354749, -120.834232], [35.35473, -120.834236], [35.354715, -120.83423], [35.354701, -120.834222]]}, "5": {"path": [[35.355211, -120.834601], [35.356528, -120.835586], [35.357437, -120.835984]], "green": [[35.357394, -120.83607], [35.357371, -120.83606], [35.357349, -120.836046], [35.357336, -120.836025], [35.35733, -120.836011], [35.357327, -120.835997], [35.357325, -120.835976], [35.35733, -120.835953], [35.357338, -120.835933], [35.357355, -120.835917], [35.357372, -120.83591], [35.35739, -120.835909], [35.35741, -120.835909], [35.357437, -120.835911], [35.357463, -120.835905], [35.357484, -120.835899], [35.357506, -120.835892], [35.357524, -120.835897], [35.357545, -120.835906], [35.357561, -120.835933], [35.357572, -120.835965], [35.35757, -120.836006], [35.357556, -120.836043], [35.357539, -120.836065], [35.357517, -120.836081], [35.357487, -120.83609], [35.357456, -120.836084], [35.357427, -120.836077], [35.357394, -120.83607]]}, "6": {"path": [[35.357814, -120.83567], [35.357222, -120.83808], [35.357427, -120.839351]], "green": [[35.357368, -120.839302], [35.357373, -120.83929], [35.357378, -120.839278], [35.357389, -120.83926], [35.357405, -120.839247], [35.357423, -120.839235], [35.357437, -120.839231], [35.357453, -120.839233], [35.357464, -120.839235], [35.357475, -120.83924], [35.357486, -120.839249], [35.357498, -120.839261], [35.357507, -120.839273], [35.357517, -120.839291], [35.357521, -120.83931], [35.357521, -120.839327], [35.357515, -120.839345], [35.357506, -120.839359], [35.357497, -120.839372], [35.357479, -120.8394], [35.357474, -120.83941], [35.35747, -120.839421], [35.357464, -120.839438], [35.357455, -120.839453], [35.357446, -120.839466], [35.357433, -120.839476], [35.357418, -120.839481], [35.357403, -120.839481], [35.357385, -120.83947], [35.35737, -120.839455], [35.357362, -120.839444], [35.357356, -120.839431], [35.357352, -120.839413], [35.357349, -120.839396], [35.357348, -120.839381], [35.357348, -120.839366], [35.357349, -120.83935], [35.357354, -120.839335], [35.35736, -120.839318], [35.357368, -120.839302]]}, "7": {"path": [[35.356986, -120.839725], [35.35668, -120.837547], [35.357146, -120.8366]], "green": [[35.357187, -120.836701], [35.357146, -120.836702], [35.357101, -120.836705], [35.357081, -120.836699], [35.357071, -120.836687], [35.357062, -120.836673], [35.357054, -120.83666], [35.357047, -120.836644], [35.357044, -120.836624], [35.357046, -120.836604], [35.35705, -120.836581], [35.357058, -120.836561], [35.357068, -120.836548], [35.357078, -120.83654], [35.357092, -120.836535], [35.357122, -120.836532], [35.357149, -120.836518], [35.357176, -120.8365], [35.3572, -120.836488], [35.357222, -120.836482], [35.357237, -120.836491], [35.357253, -120.836507], [35.357259, -120.836529], [35.357257, -120.836567], [35.357255, -120.836616], [35.357254, -120.836646], [35.357247, -120.836675], [35.357219, -120.836696], [35.357187, -120.836701]]}, "8": {"path": [[35.356918, -120.836369], [35.355198, -120.83533]], "green": [[35.355284, -120.835387], [35.355276, -120.835404], [35.355265, -120.835415], [35.355254, -120.835426], [35.355241, -120.835434], [35.355223, -120.83544], [35.355201, -120.835437], [35.355177, -120.835433], [35.355143, -120.835414], [35.355121, -120.835396], [35.355105, -120.835375], [35.355101, -120.83536], [35.355098, -120.835347], [35.355095, -120.835322], [35.355094, -120.835298], [35.355098, -120.835276], [35.355106, -120.835257], [35.355117, -120.835239], [35.35513, -120.835226], [35.355158, -120.835214], [35.355191, -120.835213], [35.355219, -120.835221], [35.355239, -120.835234], [35.35525, -120.835246], [35.355259, -120.83526], [35.355271, -120.835276], [35.35528, -120.835294], [35.355285, -120.835312], [35.355286, -120.835328], [35.355286, -120.835362], [35.355284, -120.835387]]}, "9": {"path": [[35.355232, -120.835883], [35.355177, -120.838544], [35.354622, -120.840132]],