{"holes": {"1": {"path": [[37.339975, -120.581834], [37.341828, -120.583324], [37.343725, -120.583231]], "green": [[37.343715, -120.583349], [37.343702, -120.583337], [37.34369, -120.583324], [37.343676, -120.583308], [37.343659, -120.583295], [37.34364, -120.583284], [37.343623, -120.58327], [37.343607, -120.583255], [37.343596, -120.583238], [37.34359, -120.583215], [37.343592, -120.583196], [37.343597, -120.583177], [37.343609, -120.583158], [37.343619, -120.583146], [37.343632, -120.583136], [37.343645, -120.583132], [37.343661, -120.583131], [37.343678, -120.583128], [37.343693, -120.583123], [37.343709, -120.583113], [37.343725, -120.583106], [37.343744, -120.583106], [37.343764, -120.583109], [37.343784, -120.583115], [37.3438, -120.583127], [37.343817, -120.583143], [37.343828, -120.58316], [37.343838, -120.583183], [37.343845, -120.58321], [37.343849, -120.583237], [37.343851, -120.58326], [37.343851, -120.583284], [37.343845, -120.583304], [37.343837, -120.583325], [37.343827, -120.583342], [37.343812, -120.583353], [37.343794, -120.583362], [37.343775, -120.583365], [37.343755, -120.583365], [37.343737, -120.583362], [37.343715, -120.583349]]}, "2": {"path": [[37.344065, -120.583232], [37.345862, -120.583185], [37.347003, -120.583733]], "green": [[37.346931, -120.583854], [37.346917, -120.583833], [37.346908, -120.583799], [37.346912, -120.583764], [37.346926, -120.583721], [37.346935, -120.583683], [37.346943, -120.583648], [37.34695, -120.583621], [37.346964, -120.583596], [37.346982, -120.583578], [37.347006, -120.583563], [37.347027, -120.583563], [37.34705, -120.583568], [37.347069, -120.583584], [37.347082, -120.583607], [37.347091, -120.583639], [37.3471, -120.583674], [37.347103, -120.583709], [37.347099, -120.583743], [37.347091, -120.583771], [37.347075, -120.583805], [37.347052, -120.583833], [37.347036, -120.583851], [37.347017, -120.583871], [37.347001, -120.583882], [37.346978, -120.583888], [37.346961, -120.583883], [37.346946, -120.583871], [37.346931, -120.583854]]}, "3": {"path": [[37.347287, -120.583405], [37.34577, -120.581455], [37.345041, -120.579543]], "green": [[37.345059, -120.579636], [37.345071, -120.57962], [37.345092, -120.579598], [37.345106, -120.579577], [37.345117, -120.579556], [37.345124, -120.579535], [37.34513, -120.579503], [37.345127, -120.579475], [37.345118, -120.579447], [37.345101, -120.579425], [37.345079, -120.579413], [37.345047, -120.579402], [37.345018, -120.5794], [37.344992, -120.579408], [37.344976, -120.579425], [37.344967, -120.579446], [37.344963, -120.579471], [37.344966, -120.579497], [37.344976, -120.579525], [37.344987, -120.579559], [37.344992, -120.579594], [37.344996, -120.579633], [37.344999, -120.57965], [37.345006, -120.579661], [37.345016, -120.579669], [37.345028, -120.579669], [37.345039, -120.579666], [37.345048, -120.579657], [37.345059, -120.579636]]}, "4": {"path": [[37.344648, -120.57965], [37.344964, -120.581874]], "green": [[37.344964, -120.581968], [37.344952, -120.581935], [37.344937, -120.58191], [37.34492, -120.581892], [37.344897, -120.581877], [37.344869, -120.581865], [37.344848, -120.581851], [37.344841, -120.581834], [37.344839, -120.581809], [37.344847, -120.581789], [37.344862, -120.58177], [37.344881, -120.581759], [37.344903, -120.581749], [37.344927, -120.581745], [37.34495, -120.581748], [37.344977, -120.581756], [37.345001, -120.581776], [37.345031, -120.581804], [37.345055, -120.581833], [37.345069, -120.581857], [37.34508, -120.581889], [37.345085, -120.58192], [37.345082, -120.58195], [37.345074, -120.581975], [37.345058, -120.581994], [37.345034, -120.582006], [37.345008, -120.582008], [37.344988, -120.582004], [37.344974, -120.581989], [37.344964, -120.581968]]}, "5": {"path": [[37.34431, -120.582824], [37.344131, -120.581009], [37.344235, -120.579574]], "green": [[37.344283, -120.579641], [37.344294, -120.579632], [37.344306, -120.579621], [37.344316, -120.579607], [37.344325, -120.579592], [37.34433, -120.579571], [37.344331, -120.579556], [37.344331, -120.579541], [37.344326, -120.579521], [37.344316, -120.579507], [37.344301, -120.579495], [37.344281, -120.579486], [37.344257, -120.579482], [37.344232, -120.579479], [37.344215, -120.579479], [37.344197, -120.579483], [37.34418, -120.579492], [37.344165, -120.579501], [37.34415, -120.579518], [37.344138, -120.579534], [37.344131, -120.579553], [37.344131, -120.579578], [37.344134, -120.579598], [37.344142, -120.57962], [37.344154, -120.579637], [37.344165, -120.579649], [37.344179, -120.579663], [37.344196, -120.579674], [37.34422, -120.579675], [37.34424, -120.57967], [37.344259, -120.579659], [37.344283, -120.579641]]}, "6": {"path": [[37.343764, -120.579405], [37.340348, -120.580247]], "green": [[37.34041, -120.580339], [37.340392, -120.580355], [37.34036, -120.58037], [37.340332, -120.58037], [37.340308, -120.580362], [37.340286, -120.580343], [37.340265, -120.580321], [37.34025, -120.580297], [37.340242, -120.580268], [37.34024, -120.580236], [37.340245, -120.580205], [37.340258, -120.580172], [37.340272, -120.580151], [37.340293, -120.580132], [37.34032, -120.580118], [37.340345, -120.580118], [37.340373, -120.580125], [37.340396, -120.580139], [37.340418, -120.580155], [37.34043, -120.580175], [37.340444, -120.580203], [37.340448, -120.580234], [37.340445, -120.58027], [37.340434, -120.580305], [37.340422, -120.580326], [37.34041, -120.580339]]}, "7": {"path": [[37.340267, -120.580698], [37.341901, -120.580571], [37.343535, -120.579931]], "green": [[37.343577, -120.580024], [37.343595, -120.580016], [37.34361, -120.579996], [37.343618, -120.579972], [37.343621, -120.579946], [37.343618, -120.57992], [37.343611, -120.579892], [37.343603, -120.579869], [37.343588, -120.579845], [37.343571, -120.579827], [37.343554, -120.579818], [37.343535, -120.579812], [37.34351, -120.579816], [37.343491, -120.579827], [37.343475, -120.579843], [37.343463, -120.579866], [37.343452, -120.579893], [37.343447, -120.579917], [37.343444, -120.57994], [37.343447, -120.579963], [37.343457, -120.579988], [37.343473, -120.580007], [37.343493, -120.580021], [37.343516, -120.580029], [37.343538, -120.580032], [37.343562, -120.58003], [37.343577, -120.580024]]}, "9": {"path": [[37.34398, -120.582512], [37.341727, -120.582509], [37.340382, -120.581573]], "green": [[37.34041, -120.581667], [37.340385, -120.58167], [37.340358, -120.58167], [37.340331, -120.581662], [37.340304, -120.581647], [37.340286, -120.581627], [37.340276, -120.581603], [37.340271, -120.581575], [37.340273, -120.581551], [37.340283, -120.581531], [37.340296, -120.581512], [37.340319, -120.58149], [37.34034, -120.581477], [37.340361, -120.581468], [37.340385, -120.581463], [37.340406, -120.581469], [37.340426, -120.581481], [37.34044, -120.581493], [37.340453, -120.581511], [37.340463, -120.581531], [37.340468, -120.58155], [37.340472, -120.581574], [37.340472, -120.581596], [37.340469, -120.581619], [37.340459, -120.581638], [37.340443, -120.581653], [37.340431, -120.581661], [37.34041, -120.581667]]}, "10": {"path": [[37.339538, -120.582501], [37.341434, -120.585124]], "green": [[37.341411, -120.585237], [37.341382, -120.585224], [37.341362, -120.585212], [37.34134, -120.585185], [37.341329, -120.585157], [37.341324, -120.585121], [37.341333, -120.585081], [37.341344, -120.585053], [37.341355, -120.585029], [37.341367, -120.58501], [37.34139, -120.584993], [37.341417, -120.584989], [37.341436, -120.584996], [37.341452, -120.585009], [37.341481, -120.585027], [37.341502, -120.585042], [37.341523, -120.585062], [37.341536, -120.585089], [37.341543, -120.58512], [37.341542, -120.585147], [37.341535, -120.585174], [37.34152, -120.585201], [37.341503, -120.58522], [37.341484, -120.585235], [37.341462, -120.585244], [37.341438, -120.585244], [37.341411, -120.585237]]}, "11": {"path": [[37.341755, -120.58528], [37.343258, -120.584848], [37.344698, -120.58499]],