{"holes": {"1": {"path": [[37.652125, -121.677725], [37.653009, -121.681682], [37.652347, -121.683588]], "green": [[37.652398, -121.683669], [37.65239, -121.683704], [37.652383, -121.683735], [37.652377, -121.683753], [37.652371, -121.683766], [37.652361, -121.683775], [37.652349, -121.683781], [37.652333, -121.683785], [37.65232, -121.683784], [37.652306, -121.68378], [37.652292, -121.683772], [37.652277, -121.683759], [37.652264, -121.683745], [37.652252, -121.683732], [37.652244, -121.683719], [37.652236, -121.683704], [37.652232, -121.683687], [37.65223, -121.683669], [37.652228, -121.683647], [37.652229, -121.683624], [37.652232, -121.683603], [37.652234, -121.683584], [37.652239, -121.683565], [37.652245, -121.683548], [37.652253, -121.68353], [37.652262, -121.683513], [37.652277, -121.683491], [37.652291, -121.683472], [37.652305, -121.683456], [37.652321, -121.683441], [37.652339, -121.683429], [37.652355, -121.683421], [37.652371, -121.683416], [37.652382, -121.683415], [37.652394, -121.683417], [37.652405, -121.68342], [37.652414, -121.683424], [37.652423, -121.683431], [37.652433, -121.683441], [37.652441, -121.683452], [37.652449, -121.683464], [37.652453, -121.683474], [37.652454, -121.683486], [37.652452, -121.683499], [37.65245, -121.683512], [37.652445, -121.683524], [37.652441, -121.683536], [37.652435, -121.683549], [37.652429, -121.683563], [37.652422, -121.683579], [37.652416, -121.683596], [37.65241, -121.683616], [37.652405, -121.683638], [37.652398, -121.683669]]}, "8": {"path": [[37.654458, -121.678839], [37.655492, -121.680231]], "green": [[37.655603, -121.680136], [37.655606, -121.680153], [37.655607, -121.680173], [37.655606, -121.680195], [37.655601, -121.680221], [37.655592, -121.680246], [37.655582, -121.680271], [37.655565, -121.680307], [37.655554, -121.680324], [37.65554, -121.680342], [37.655523, -121.680361], [37.655509, -121.680374], [37.655493, -121.680387], [37.65548, -121.6804], [37.655462, -121.680414], [37.655447, -121.680421], [37.655427, -121.680428], [37.65541, -121.680428], [37.655397, -121.680423], [37.655383, -121.680413], [37.655372, -121.680393], [37.655364, -121.680371], [37.65536, -121.680342], [37.65536, -121.680315], [37.655362, -121.680291], [37.655364, -121.680268], [37.65537, -121.680246], [37.655379, -121.680223], [37.655388, -121.680203], [37.655406, -121.680174], [37.655432, -121.680133], [37.655454, -121.680103], [37.655471, -121.68008], [37.655481, -121.680069], [37.65549, -121.680063], [37.655502, -121.680059], [37.655515, -121.680058], [37.655528, -121.680059], [37.655542, -121.680061], [37.655555, -121.680066], [37.655566, -121.680073], [37.655579, -121.680085], [37.655588, -121.680097], [37.655594, -121.680107], [37.6556, -121.680122], [37.655603, -121.680136]]}, "12": {"path": [[37.651348, -121.68496], [37.648541, -121.685888], [37.648173, -121.685575]], "green": [[37.648298, -121.685655], [37.648294, -121.685671], [37.648286, -121.685688], [37.648277, -121.685701], [37.648266, -121.685717], [37.648255, -121.685724], [37.648242, -121.685727], [37.648225, -121.685726], [37.648208, -121.68572], [37.648193, -121.685706], [37.648183, -121.685696], [37.648165, -121.685681], [37.64815, -121.685672], [37.64813, -121.685662], [37.648106, -121.685653], [37.648087, -121.685647], [37.648068, -121.685645], [37.648052, -121.685642], [37.648038, -121.685634], [37.648028, -121.685618], [37.648024, -121.685599], [37.648023, -121.685568], [37.648027, -121.685538], [37.648034, -121.68552], [37.64804, -121.685503], [37.64805, -121.685487], [37.648063, -121.685474], [37.648076, -121.685461], [37.648087, -121.685452], [37.648097, -121.685445], [37.648109, -121.685437], [37.648121, -121.685433], [37.648133, -121.685431], [37.648144, -121.685431], [37.64816, -121.685431], [37.648173, -121.685437], [37.648185, -121.685444], [37.648194, -121.685454], [37.648201, -121.685466], [37.64821, -121.685479], [37.64822, -121.685495], [37.648231, -121.68551], [37.648243, -121.685522], [37.64826, -121.685541], [37.648271, -121.685552], [37.648281, -121.685564], [37.648288, -121.685576], [37.648294, -121.685586], [37.648297, -121.685598], [37.648301, -121.685615], [37.648302, -121.685636], [37.648298, -121.685655]]}, "14": {"path": [[37.647029, -121.680677], [37.647467, -121.678582]], "green": [[37.647501, -121.678462], [37.647479, -121.678457], [37.647461, -121.678458], [37.647443, -121.678461], [37.647421, -121.678466], [37.647399, -121.678477], [37.647381, -121.678493], [37.647364, -121.678509], [37.647353, -121.678523], [37.647345, -121.678545], [37.64734, -121.678566], [37.64734, -121.678589], [37.647344, -121.678609], [37.647354, -121.678631], [37.647365, -121.67865], [37.647379, -121.678663], [37.647395, -121.678678], [37.647413, -121.67869], [37.647434, -121.678693], [37.647452, -121.678695], [37.647471, -121.678695], [37.647491, -121.678697], [37.647506, -121.678697], [37.647521, -121.678694], [37.647535, -121.678688], [37.647549, -121.67868], [37.647561, -121.678667], [37.647569, -121.67865], [37.647576, -121.67863], [37.64758, -121.678603], [37.647581, -121.678579], [37.647581, -121.678559], [37.647575, -121.678532], [37.647565, -121.678513], [37.647552, -121.678493], [37.647535, -121.678481], [37.64752, -121.678469], [37.647501, -121.678462]]}, "15": {"path": [[37.654516, -121.683404], [37.654215, -121.68047], [37.653871, -121.678801]], "green": [[37.653844, -121.678648], [37.653967, -121.678718], [37.653988, -121.678734], [37.654, -121.678749], [37.654007, -121.678764], [37.654011, -121.678787], [37.654013, -121.678819], [37.654012, -121.678849], [37.65401, -121.678882], [37.654005, -121.67891], [37.653997, -121.678933], [37.653988, -121.678948], [37.653974, -121.678961], [37.653962, -121.678967], [37.653949, -121.67897], [37.653934, -121.678966], [37.653918, -121.678956], [37.653897, -121.678937], [37.653845, -121.67889], [37.653824, -121.678869], [37.653811, -121.678857], [37.6538, -121.678842], [37.65379, -121.67883], [37.653777, -121.678816], [37.653761, -121.678805], [37.653746, -121.678792], [37.653739, -121.678778], [37.653738, -121.67876], [37.653738, -121.678737], [37.653741, -121.678718], [37.653746, -121.678694], [37.653754, -121.678673], [37.653766, -121.678657], [37.653781, -121.678648], [37.653796, -121.678641], [37.65381, -121.67864], [37.653827, -121.678641], [37.653844, -121.678648]]}, "16": {"path": [[37.647107, -121.677718], [37.649229, -121.678313], [37.650701, -121.679499]], "green": [[37.650664, -121.679608], [37.650643, -121.67959], [37.65062, -121.67956], [37.650604, -121.679532], [37.65059, -121.679504], [37.650579, -121.679478], [37.650575, -121.679455], [37.650577, -121.679419], [37.650583, -121.679389], [37.650589, -121.679367], [37.6506, -121.679357], [37.650615, -121.679351], [37.650633, -121.67935], [37.650648, -121.679355], [37.650664, -121.679368], [37.650675, -121.679386], [37.650686, -121.679409], [37.650697, -121.679431], [37.650711, -121.679456], [37.650736, -121.679469], [37.650755, -121.679471], [37.650773, -121.679471], [37.650789, -121.679476], [37.650805, -121.679484], [37.650821, -121.679498], [37.650831, -121.679518], [37.650836, -121.679545], [37.650834, -121.679571], [37.650827, -121.679591], [37.650819, -121.679608], [37.650802, -121.679622], [37.650783, -121.67963], [37.650762, -121.679635], [37.650737, -121.679635], [37.650714, -121.679631], [37.650692, -121.679624], [37.650664, -121.679608]]}, "18": {"path": [[37.656759, -121.685249], [37.654602, -121.685013], [37.652504, -121.685137]],