{"holes": {"1": {"path": [[36.592296, -121.871501], [36.590178, -121.872438], [36.588338, -121.873042]], "green": [[36.588426, -121.872941], [36.588433, -121.872957], [36.588437, -121.872978], [36.588434, -121.873002], [36.588423, -121.873021], [36.588409, -121.873037], [36.588393, -121.873051], [36.588378, -121.873068], [36.588369, -121.87308], [36.588359, -121.873097], [36.588349, -121.873121], [36.588336, -121.873145], [36.58832, -121.873169], [36.5883, -121.87318], [36.588283, -121.873183], [36.588267, -121.873181], [36.588251, -121.87317], [36.588241, -121.873158], [36.588228, -121.873136], [36.588221, -121.873107], [36.588223, -121.873078], [36.588231, -121.873051], [36.588243, -121.873028], [36.588262, -121.87301], [36.588284, -121.872999], [36.588314, -121.872987], [36.588335, -121.872972], [36.588354, -121.872946], [36.588361, -121.872934], [36.588373, -121.872926], [36.588391, -121.872922], [36.588408, -121.872926], [36.588417, -121.872932], [36.588426, -121.872941]]}, "2": {"path": [[36.588448, -121.872595], [36.586974, -121.871705], [36.586615, -121.870516]], "green": [[36.586667, -121.870582], [36.586671, -121.870597], [36.586666, -121.870612], [36.586655, -121.870621], [36.586642, -121.870623], [36.586631, -121.870617], [36.586619, -121.870606], [36.586611, -121.870596], [36.586591, -121.870579], [36.586563, -121.870559], [36.586543, -121.870544], [36.586529, -121.870526], [36.586523, -121.870502], [36.586522, -121.870479], [36.586529, -121.870446], [36.586541, -121.87042], [36.586562, -121.870402], [36.586585, -121.870391], [36.586614, -121.870388], [36.586638, -121.870394], [36.586654, -121.87041], [36.586663, -121.870428], [36.586665, -121.870449], [36.58666, -121.87047], [36.586655, -121.870499], [36.586654, -121.870524], [36.586658, -121.870547], [36.586661, -121.870565], [36.586667, -121.870582]]}, "3": {"path": [[36.5865, -121.870069], [36.583466, -121.870538]], "green": [[36.583524, -121.870448], [36.583537, -121.870457], [36.58355, -121.870481], [36.583561, -121.870513], [36.583566, -121.870547], [36.583565, -121.870567], [36.583556, -121.870597], [36.583542, -121.870614], [36.58352, -121.870629], [36.583503, -121.870645], [36.583479, -121.870661], [36.583458, -121.87067], [36.583441, -121.870675], [36.583421, -121.870677], [36.583403, -121.870672], [36.583383, -121.870655], [36.583365, -121.870627], [36.583351, -121.870584], [36.583346, -121.870537], [36.583352, -121.870486], [36.583372, -121.870451], [36.583401, -121.870428], [36.583421, -121.870417], [36.583439, -121.870413], [36.583458, -121.870413], [36.583474, -121.870422], [36.583487, -121.870433], [36.583505, -121.870442], [36.583524, -121.870448]]}, "4": {"path": [[36.583237, -121.87044], [36.581776, -121.870799]], "green": [[36.581853, -121.870695], [36.581871, -121.870729], [36.581876, -121.870776], [36.581871, -121.870813], [36.581855, -121.870841], [36.581843, -121.870859], [36.581835, -121.870879], [36.581824, -121.870902], [36.581805, -121.870919], [36.581778, -121.870933], [36.581747, -121.870946], [36.581723, -121.870944], [36.581709, -121.870937], [36.5817, -121.870926], [36.581695, -121.870905], [36.581695, -121.870878], [36.581698, -121.870846], [36.5817, -121.870815], [36.581699, -121.870784], [36.581703, -121.870757], [36.581715, -121.870736], [36.58173, -121.870723], [36.581748, -121.870708], [36.581759, -121.870692], [36.581768, -121.870676], [36.58178, -121.870665], [36.581794, -121.87066], [36.581814, -121.870668], [36.581835, -121.870677], [36.581853, -121.870695]]}, "5": {"path": [[36.58249, -121.870364], [36.580543, -121.870164], [36.579853, -121.869847]], "green": [[36.579944, -121.869884], [36.579945, -121.869896], [36.579943, -121.869908], [36.579937, -121.869919], [36.579927, -121.869924], [36.579914, -121.869924], [36.579903, -121.869924], [36.579885, -121.869923], [36.579863, -121.869927], [36.57983, -121.869928], [36.579802, -121.869927], [36.579775, -121.869918], [36.579753, -121.869901], [36.579742, -121.869876], [36.579739, -121.869852], [36.579739, -121.869833], [36.579741, -121.869817], [36.579743, -121.869804], [36.579749, -121.869785], [36.579766, -121.869761], [36.579782, -121.86975], [36.579802, -121.869741], [36.579825, -121.869739], [36.579847, -121.869742], [36.579867, -121.869751], [36.579885, -121.869763], [36.579897, -121.869776], [36.579904, -121.869793], [36.579911, -121.869812], [36.579915, -121.869831], [36.579923, -121.86985], [36.579933, -121.869869], [36.579938, -121.869875], [36.579944, -121.869884]]}, "6": {"path": [[36.580258, -121.869547], [36.581863, -121.869511]], "green": [[36.581948, -121.869491], [36.581952, -121.869522], [36.581947, -121.869564], [36.581934, -121.869593], [36.58192, -121.869611], [36.581901, -121.869625], [36.581879, -121.869631], [36.581857, -121.869628], [36.581838, -121.86962], [36.581816, -121.869607], [36.581795, -121.869579], [36.581782, -121.86956], [36.581776, -121.869546], [36.581777, -121.869532], [36.581781, -121.869512], [36.58179, -121.869495], [36.581798, -121.869475], [36.581804, -121.869457], [36.581808, -121.869439], [36.581815, -121.869425], [36.581829, -121.869412], [36.581849, -121.869407], [36.581872, -121.869406], [36.58189, -121.869411], [36.581907, -121.869418], [36.581923, -121.869432], [36.581936, -121.869449], [36.581943, -121.869473], [36.581948, -121.869491]]}, "7": {"path": [[36.581912, -121.868929], [36.57884, -121.869232]], "green": [[36.578977, -121.869215], [36.578981, -121.869231], [36.578981, -121.869246], [36.578974, -121.869263], [36.578963, -121.869276], [36.57895, -121.869281], [36.578936, -121.869288], [36.578916, -121.8693], [36.578896, -121.869317], [36.578884, -121.869332], [36.578874, -121.869348], [36.578857, -121.869369], [36.57884, -121.869381], [36.578827, -121.869385], [36.578816, -121.869382], [36.578806, -121.869376], [36.578795, -121.869363], [36.578787, -121.869337], [36.578774, -121.869299], [36.578765, -121.86928], [36.578746, -121.869263], [36.578721, -121.869244], [36.578705, -121.869228], [36.578698, -121.869211], [36.578693, -121.869191], [36.578694, -121.869167], [36.5787, -121.869141], [36.578707, -121.869118], [36.578717, -121.869101], [36.578732, -121.869089], [36.578751, -121.869082], [36.578775, -121.86908], [36.578799, -121.869091], [36.57882, -121.869109], [36.578835, -121.869132], [36.578851, -121.869156], [36.578868, -121.869175], [36.578884, -121.869185], [36.5789, -121.869188], [36.578921, -121.869186], [36.578938, -121.869186], [36.578953, -121.86919], [36.578968, -121.8692], [36.578977, -121.869215]]}, "8": {"path": [[36.578625, -121.869607], [36.580141, -121.87096], [36.581437, -121.871216]], "green": [[36.581508, -121.871174], [36.581512, -121.871191], [36.581519, -121.871208], [36.581526, -121.871228], [36.581529, -121.871251], [36.581526, -121.871274], [36.581517, -121.871299], [36.581498, -121.871323], [36.581471, -121.871334], [36.581446, -121.871336], [36.581423, -121.871329], [36.581412, -121.871317], [36.581396, -121.871303], [36.581379, -121.871293], [36.581358, -121.871285], [36.581346, -121.871279], [36.581337, -121.871266], [36.581333, -121.871243], [36.581333, -121.871219], [36.581338, -121.871203], [36.58135, -121.871193], [36.581366, -121.871181], [36.58138, -121.871165], [36.581391, -121.871146], [36.581404, -121.871125], [36.581422, -121.871104], [36.581441, -121.871091], [36.581461, -121.871091], [36.581478, -121.8711], [36.581493, -121.871116], [36.581503, -121.871136], [36.581506, -121.871154], [36.581508, -121.871174]]}, "9": {"path": [[36.581739, -121.871326], [36.584626, -121.871457], [36.586016, -121.870787]],