{"holes": {"1": {"path": [[38.247391, -121.286776], [38.247428, -121.282595]], "green": [[38.24748, -121.2827], [38.247486, -121.282677], [38.247491, -121.282653], [38.247493, -121.282621], [38.247494, -121.282593], [38.247495, -121.282566], [38.247499, -121.282543], [38.247502, -121.282516], [38.247504, -121.282497], [38.247502, -121.282479], [38.247498, -121.282465], [38.247488, -121.282451], [38.247477, -121.282442], [38.247463, -121.282434], [38.247447, -121.28243], [38.247428, -121.28243], [38.247413, -121.282433], [38.247393, -121.282444], [38.247377, -121.28246], [38.247363, -121.282484], [38.24735, -121.282515], [38.24734, -121.282553], [38.247332, -121.282596], [38.247329, -121.282638], [38.247329, -121.282662], [38.247332, -121.282682], [38.247339, -121.282703], [38.247347, -121.282717], [38.247357, -121.282729], [38.247371, -121.282738], [38.247405, -121.282749], [38.247422, -121.282752], [38.247436, -121.282751], [38.247448, -121.282746], [38.24746, -121.282736], [38.247471, -121.282721], [38.24748, -121.2827]]}, "2": {"path": [[38.247028, -121.282712], [38.246027, -121.284584], [38.244986, -121.284711]], "green": [[38.245069, -121.284748], [38.24508, -121.284718], [38.245085, -121.284698], [38.245087, -121.284677], [38.245087, -121.284657], [38.245083, -121.284638], [38.245077, -121.284622], [38.245067, -121.284606], [38.245054, -121.284593], [38.245041, -121.284583], [38.245024, -121.284578], [38.245008, -121.284578], [38.244992, -121.28458], [38.244974, -121.284585], [38.244952, -121.284598], [38.24493, -121.284615], [38.244905, -121.284638], [38.244889, -121.284658], [38.244875, -121.284682], [38.244867, -121.28471], [38.244865, -121.284734], [38.244868, -121.284757], [38.244875, -121.284781], [38.244885, -121.284801], [38.244899, -121.284818], [38.244914, -121.284829], [38.244929, -121.284837], [38.244948, -121.284841], [38.244965, -121.28484], [38.244982, -121.284837], [38.244997, -121.284832], [38.245014, -121.284821], [38.245032, -121.284806], [38.245046, -121.28479], [38.245058, -121.28477], [38.245069, -121.284748]]}, "3": {"path": [[38.245192, -121.284222], [38.243426, -121.284486], [38.240717, -121.284321]], "green": [[38.240828, -121.284345], [38.240827, -121.284322], [38.240823, -121.284299], [38.240812, -121.284271], [38.240798, -121.284248], [38.240783, -121.284231], [38.240759, -121.284213], [38.24073, -121.284198], [38.240709, -121.284193], [38.240682, -121.284191], [38.240665, -121.284192], [38.240649, -121.284198], [38.240633, -121.28421], [38.240618, -121.284227], [38.240607, -121.284246], [38.2406, -121.28427], [38.240598, -121.284295], [38.240599, -121.284316], [38.240603, -121.284335], [38.24061, -121.284353], [38.240621, -121.28437], [38.240637, -121.284382], [38.240657, -121.284395], [38.240678, -121.284408], [38.240698, -121.284424], [38.240718, -121.284436], [38.240739, -121.284442], [38.240756, -121.284442], [38.240773, -121.284437], [38.240788, -121.284429], [38.240801, -121.284417], [38.240813, -121.2844], [38.24082, -121.284386], [38.240826, -121.284367], [38.240828, -121.284345]]}, "4": {"path": [[38.240582, -121.283929], [38.242242, -121.283626], [38.24349, -121.283692]], "green": [[38.243573, -121.283804], [38.243584, -121.283783], [38.243591, -121.283765], [38.243595, -121.283744], [38.243595, -121.283721], [38.243591, -121.283695], [38.243582, -121.283668], [38.243565, -121.283629], [38.243549, -121.283598], [38.243537, -121.283579], [38.243525, -121.283566], [38.243512, -121.283557], [38.243498, -121.283551], [38.243482, -121.283549], [38.243465, -121.28355], [38.243448, -121.283555], [38.243429, -121.283567], [38.243411, -121.283583], [38.243392, -121.283609], [38.24338, -121.283632], [38.243374, -121.283654], [38.243371, -121.283677], [38.243373, -121.283701], [38.243378, -121.283724], [38.243387, -121.283746], [38.2434, -121.283766], [38.243421, -121.283789], [38.24345, -121.283807], [38.243491, -121.283826], [38.243509, -121.283832], [38.243527, -121.283834], [38.243545, -121.283829], [38.24356, -121.28382], [38.243573, -121.283804]]}, "5": {"path": [[38.243475, -121.284063], [38.244742, -121.283629]], "green": [[38.244821, -121.283654], [38.244823, -121.283627], [38.244823, -121.283605], [38.244821, -121.283588], [38.244816, -121.283569], [38.244808, -121.283554], [38.244799, -121.283542], [38.244786, -121.283531], [38.244771, -121.283522], [38.244756, -121.283517], [38.24474, -121.283517], [38.244723, -121.283521], [38.244708, -121.283528], [38.244692, -121.283543], [38.244675, -121.283561], [38.244662, -121.283584], [38.244653, -121.283608], [38.244649, -121.283628], [38.244648, -121.283645], [38.24465, -121.283662], [38.244655, -121.283677], [38.244662, -121.283691], [38.244674, -121.283704], [38.24469, -121.283716], [38.244706, -121.283725], [38.244722, -121.283731], [38.244739, -121.283733], [38.244755, -121.283732], [38.24477, -121.283727], [38.244785, -121.283719], [38.244797, -121.283707], [38.244808, -121.283692], [38.244816, -121.283673], [38.244821, -121.283654]]}, "6": {"path": [[38.244345, -121.283265], [38.240744, -121.282893]], "green": [[38.240799, -121.282973], [38.240817, -121.282948], [38.240829, -121.282927], [38.240836, -121.28291], [38.240842, -121.282892], [38.240845, -121.282876], [38.240845, -121.282862], [38.240843, -121.282849], [38.240836, -121.282834], [38.240826, -121.282821], [38.240811, -121.282806], [38.240792, -121.282794], [38.240773, -121.28279], [38.240749, -121.282788], [38.240711, -121.28279], [38.240691, -121.282794], [38.240675, -121.2828], [38.240662, -121.28281], [38.24065, -121.282824], [38.240641, -121.282842], [38.240635, -121.282863], [38.240634, -121.282883], [38.240636, -121.282907], [38.240642, -121.28293], [38.240652, -121.28295], [38.240665, -121.282968], [38.240682, -121.282984], [38.2407, -121.282994], [38.24072, -121.283], [38.240739, -121.283001], [38.240759, -121.282999], [38.240774, -121.282993], [38.240787, -121.282985], [38.240799, -121.282973]]}, "7": {"path": [[38.24062, -121.282451], [38.242224, -121.282324]], "green": [[38.242314, -121.282384], [38.242325, -121.28235], [38.242329, -121.282326], [38.24233, -121.282304], [38.24233, -121.282283], [38.242322, -121.282261], [38.242309, -121.282242], [38.242288, -121.282221], [38.242266, -121.282206], [38.242242, -121.282198], [38.24221, -121.282198], [38.242183, -121.2822], [38.242163, -121.282204], [38.242144, -121.282218], [38.242124, -121.282241], [38.242109, -121.282264], [38.242102, -121.282284], [38.2421, -121.282314], [38.242104, -121.28234], [38.242113, -121.282367], [38.242134, -121.282399], [38.242159, -121.282426], [38.242183, -121.282443], [38.242208, -121.282455], [38.242227, -121.282457], [38.242247, -121.282454], [38.242265, -121.282445], [38.242283, -121.28243], [38.242299, -121.282411], [38.242314, -121.282384]]}, "8": {"path": [[38.242705, -121.282372], [38.244385, -121.282829], [38.246663, -121.282517]], "green": [[38.246761, -121.282578], [38.246768, -121.282552], [38.24677, -121.282526], [38.24677, -121.282497], [38.246766, -121.282466], [38.246759, -121.28244], [38.246749, -121.282418], [38.246737, -121.282402], [38.24672, -121.282389], [38.246699, -121.282384], [38.246674, -121.282384], [38.246649, -121.28239], [38.246617, -121.282404], [38.246591, -121.282422], [38.246569, -121.282449], [38.246557, -121.282467], [38.24655, -121.282487], [38.246547, -121.282505], [38.246547, -121.282522], [38.246549, -121.282539], [38.246554, -121.282555], [38.246561, -121.282571], [38.246575, -121.282589], [38.246597, -121.282609], [38.246623, -121.282627], [38.246653, -121.282639], [38.246671, -121.282643], [38.24669, -121.282642], [38.246711, -121.282634], [38.246728, -121.282624], [38.246745, -121.282605], [38.246761, -121.282578]]}, "9": {"path": [[38.247113, -121.282946], [38.246724, -121.286282]],