{"holes": {"1": {"path": [[33.729211, -118.34905], [33.730605, -118.347047], [33.731178, -118.346495]], "green": [[33.731252, -118.346568], [33.731252, -118.346507], [33.731254, -118.346459], [33.731251, -118.346424], [33.731236, -118.346385], [33.731218, -118.346363], [33.7312, -118.346353], [33.731174, -118.346344], [33.731143, -118.346342], [33.731118, -118.346348], [33.731101, -118.34636], [33.731094, -118.346377], [33.731093, -118.346406], [33.7311, -118.346446], [33.731111, -118.346505], [33.731117, -118.346555], [33.731125, -118.346595], [33.731133, -118.346629], [33.731147, -118.346648], [33.731174, -118.346662], [33.731192, -118.346662], [33.731221, -118.346643], [33.731239, -118.346623], [33.731249, -118.346595], [33.731252, -118.346568]]}, "2": {"path": [[33.725001, -118.32639], [33.725853, -118.327171]], "green": [[33.725867, -118.327228], [33.725855, -118.327228], [33.725835, -118.327225], [33.725812, -118.327219], [33.725799, -118.327207], [33.725787, -118.327197], [33.725781, -118.327177], [33.725781, -118.327142], [33.72579, -118.327108], [33.725812, -118.327093], [33.725845, -118.327086], [33.725879, -118.327093], [33.725907, -118.32711], [33.725921, -118.32713], [33.725926, -118.327155], [33.725926, -118.327189], [33.725918, -118.327206], [33.725894, -118.327222], [33.725867, -118.327228]]}, "5": {"path": [[33.727877, -118.337787], [33.729434, -118.340544], [33.729899, -118.341707]], "green": [[33.72996, -118.341819], [33.729965, -118.341755], [33.729972, -118.341698], [33.729976, -118.341653], [33.729976, -118.341613], [33.729964, -118.341567], [33.729945, -118.341532], [33.729919, -118.341508], [33.729898, -118.341506], [33.72987, -118.34151], [33.729851, -118.341528], [33.729838, -118.341559], [33.729835, -118.341592], [33.729836, -118.341635], [33.729836, -118.341688], [33.729836, -118.341724], [33.72983, -118.341763], [33.729829, -118.341812], [33.729837, -118.341837], [33.729852, -118.341863], [33.729876, -118.341883], [33.729903, -118.341893], [33.729924, -118.341892], [33.729943, -118.341884], [33.729955, -118.341859], [33.72996, -118.341819]]}, "7": {"path": [[33.728994, -118.349025], [33.72869, -118.346005], [33.728438, -118.344473], [33.729145, -118.34401]], "green": [[33.729189, -118.344194], [33.729208, -118.344138], [33.729228, -118.344075], [33.729246, -118.344026], [33.729257, -118.343967], [33.729256, -118.343938], [33.729245, -118.343908], [33.729216, -118.34386], [33.729189, -118.343819], [33.729158, -118.343791], [33.729134, -118.34378], [33.729107, -118.343782], [33.729084, -118.343798], [33.729068, -118.343814], [33.729056, -118.343847], [33.729057, -118.343885], [33.729069, -118.343927], [33.72908, -118.343973], [33.729084, -118.344034], [33.729085, -118.34409], [33.729084, -118.344129], [33.729089, -118.344172], [33.729099, -118.344206], [33.729112, -118.34423], [33.729135, -118.344243], [33.729158, -118.344237], [33.729173, -118.344223], [33.729189, -118.344194]]}, "8": {"path": [[33.730184, -118.339767], [33.729593, -118.339665]], "green": [[33.729724, -118.339759], [33.729728, -118.339735], [33.729718, -118.339694], [33.729695, -118.339641], [33.729674, -118.339602], [33.72965, -118.33957], [33.729622, -118.339545], [33.7296, -118.339541], [33.72957, -118.339544], [33.729538, -118.339542], [33.729503, -118.339536], [33.729474, -118.339535], [33.729454, -118.339541], [33.729441, -118.33956], [33.729436, -118.339586], [33.72944, -118.339615], [33.72945, -118.339639], [33.729471, -118.339666], [33.729504, -118.339686], [33.72955, -118.339706], [33.729576, -118.339725], [33.729603, -118.339758], [33.729627, -118.339791], [33.729648, -118.339805], [33.729667, -118.33981], [33.729683, -118.339808], [33.729702, -118.339794], [33.729713, -118.339779], [33.729724, -118.339759]]}, "12": {"path": [[33.726793, -118.340507], [33.72801, -118.342052], [33.728103, -118.343972]], "green": [[33.728317, -118.344059], [33.728308, -118.34402], [33.728293, -118.343975], [33.72828, -118.343938], [33.728262, -118.343912], [33.728239, -118.343899], [33.72821, -118.343895], [33.728178, -118.343901], [33.728156, -118.343906], [33.728129, -118.343908], [33.728103, -118.343908], [33.72808, -118.34391], [33.728052, -118.343895], [33.728031, -118.343872], [33.728012, -118.343857], [33.727997, -118.343836], [33.727979, -118.34381], [33.727964, -118.343798], [33.727944, -118.343796], [33.727928, -118.343799], [33.727912, -118.343818], [33.727899, -118.343841], [33.727888, -118.343877], [33.727892, -118.343906], [33.7279, -118.343928], [33.727919, -118.343941], [33.727952, -118.343952], [33.727972, -118.343967], [33.727998, -118.343991], [33.728022, -118.344027], [33.728042, -118.344061], [33.728054, -118.344081], [33.728069, -118.344102], [33.728082, -118.344118], [33.728098, -118.344128], [33.728111, -118.34413], [33.728127, -118.344117], [33.728134, -118.344095], [33.728147, -118.344069], [33.728166, -118.344052], [33.728198, -118.344047], [33.728219, -118.34405], [33.728244, -118.344064], [33.728257, -118.344079], [33.728278, -118.344096], [33.728294, -118.344096], [33.728308, -118.344086], [33.728317, -118.344059]]}, "13": {"path": [[33.727581, -118.342945], [33.72616, -118.340314], [33.725367, -118.339613]], "green": [[33.725537, -118.339707], [33.725549, -118.339685], [33.725551, -118.339657], [33.725546, -118.339631], [33.725529, -118.339604], [33.725499, -118.339574], [33.725476, -118.339542], [33.725465, -118.339524], [33.725445, -118.339515], [33.72541, -118.339516], [33.725373, -118.339513], [33.725322, -118.339504], [33.725286, -118.339495], [33.725266, -118.339497], [33.725248, -118.33951], [33.725228, -118.339521], [33.725201, -118.339526], [33.72518, -118.339526], [33.725171, -118.339535], [33.725167, -118.339554], [33.72517, -118.339585], [33.72518, -118.339617], [33.725198, -118.339648], [33.725226, -118.339677], [33.725258, -118.339692], [33.725297, -118.339697], [33.725352, -118.339703], [33.725382, -118.33971], [33.725431, -118.339727], [33.725464, -118.339741], [33.725487, -118.339743], [33.72551, -118.339737], [33.725526, -118.339724], [33.725537, -118.339707]]}, "14": {"path": [[33.725277, -118.338661], [33.726819, -118.340117], [33.728072, -118.340605], [33.728632, -118.341232]], "green": [[33.728726, -118.341347], [33.728712, -118.341288], [33.728701, -118.341221], [33.728696, -118.341159], [33.728695, -118.341113], [33.728691, -118.341076], [33.728682, -118.341051], [33.72866, -118.34104], [33.728623, -118.34103], [33.728598, -118.34103], [33.728575, -118.341044], [33.728549, -118.34107], [33.728534, -118.341098], [33.728529, -118.341124], [33.728529, -118.341157], [33.728528, -118.341192], [33.728525, -118.341227], [33.728528, -118.341258], [33.728536, -118.341283], [33.728564, -118.34131], [33.728602, -118.341347], [33.728625, -118.341375], [33.728641, -118.341394], [33.728655, -118.341407], [33.72867, -118.341417], [33.728694, -118.341415], [33.728713, -118.341402], [33.728726, -118.34138], [33.728728, -118.341363], [33.728726, -118.341347]]}, "15": {"path": [[33.728425, -118.341606], [33.72731, -118.340748]], "green": [[33.727419, -118.340794], [33.72743, -118.340775], [33.727434, -118.340751], [33.727431, -118.340733], [33.727418, -118.340714], [33.727398, -118.340701], [33.727365, -118.340688], [33.727326, -118.340671], [33.7273, -118.340664], [33.727268, -118.340664], [33.727238, -118.34067], [33.727216, -118.340679], [33.727189, -118.340698], [33.727177, -118.340716], [33.727172, -118.340735], [33.727173, -118.340753], [33.727187, -118.340773], [33.72721, -118.340783], [33.72724, -118.340785], [33.727272, -118.340784], [33.727296, -118.340788], [33.727316, -118.340801], [33.727335, -118.340814], [33.727356, -118.340826], [33.727376, -118.340826], [33.727396, -118.340815], [33.727419, -118.340794]]}, "16": {"path": [[33.727328, -118.344421], [33.728391, -118.347239], [33.729288, -118.34925]],