{"holes": {"1": {"path": [[37.622059, -121.757069], [37.621797, -121.753708], [37.62154, -121.752199]], "green": [[37.62158, -121.752373], [37.621599, -121.752355], [37.621618, -121.75233], [37.62163, -121.752305], [37.621637, -121.752274], [37.621634, -121.752196], [37.621622, -121.752145], [37.62161, -121.752113], [37.621584, -121.752051], [37.621575, -121.752023], [37.621563, -121.752001], [37.621546, -121.75199], [37.621529, -121.751987], [37.621507, -121.751991], [37.621491, -121.752005], [37.621463, -121.752037], [37.621462, -121.752065], [37.621463, -121.752093], [37.621493, -121.75217], [37.621494, -121.752194], [37.621488, -121.752211], [37.621479, -121.75226], [37.62148, -121.752285], [37.621483, -121.752308], [37.621493, -121.75235], [37.621502, -121.752363], [37.621515, -121.752376], [37.62153, -121.752378], [37.621547, -121.752378], [37.62158, -121.752373]]}, "2": {"path": [[37.621099, -121.752181], [37.622153, -121.749314]], "green": [[37.62224, -121.749374], [37.622226, -121.749341], [37.622209, -121.74931], [37.622191, -121.749269], [37.622184, -121.749243], [37.622176, -121.749221], [37.622156, -121.749176], [37.622145, -121.749164], [37.622132, -121.749158], [37.622111, -121.74916], [37.622086, -121.749183], [37.622067, -121.74921], [37.622058, -121.749242], [37.622054, -121.749277], [37.622055, -121.749303], [37.622065, -121.749333], [37.622081, -121.749358], [37.622108, -121.749395], [37.622138, -121.749433], [37.622161, -121.749457], [37.622185, -121.749459], [37.622207, -121.749455], [37.622228, -121.74944], [37.622239, -121.749426], [37.622245, -121.749396], [37.62224, -121.749374]]}, "3": {"path": [[37.621699, -121.74925], [37.622391, -121.74822]], "green": [[37.622421, -121.748333], [37.62246, -121.748277], [37.622501, -121.748228], [37.622518, -121.7482], [37.622524, -121.748164], [37.622515, -121.748131], [37.622495, -121.748097], [37.622474, -121.74809], [37.622448, -121.748087], [37.622432, -121.748094], [37.622414, -121.748107], [37.622397, -121.748116], [37.622349, -121.748123], [37.622329, -121.748134], [37.622315, -121.748148], [37.622302, -121.748174], [37.622296, -121.748201], [37.622295, -121.748234], [37.622297, -121.748254], [37.622299, -121.748275], [37.622309, -121.748311], [37.622326, -121.748329], [37.622334, -121.748335], [37.622341, -121.748341], [37.62236, -121.74835], [37.622376, -121.74835], [37.622405, -121.748343], [37.622421, -121.748333]]}, "4": {"path": [[37.622753, -121.747761], [37.622512, -121.752089]], "green": [[37.622548, -121.752248], [37.622565, -121.752245], [37.622584, -121.752234], [37.622598, -121.752213], [37.622612, -121.752178], [37.622617, -121.752143], [37.622616, -121.752111], [37.62261, -121.752066], [37.622599, -121.752031], [37.622585, -121.752008], [37.622562, -121.751983], [37.622541, -121.751963], [37.622524, -121.751949], [37.622507, -121.75194], [37.622484, -121.751937], [37.622459, -121.751938], [37.622445, -121.751942], [37.62243, -121.751948], [37.622417, -121.751959], [37.622405, -121.751976], [37.622397, -121.752028], [37.622399, -121.752052], [37.622419, -121.752098], [37.622445, -121.752136], [37.622464, -121.752186], [37.622476, -121.752208], [37.622489, -121.752226], [37.622504, -121.752239], [37.622525, -121.752248], [37.622548, -121.752248]]}, "5": {"path": [[37.622664, -121.753371], [37.623392, -121.749724], [37.623122, -121.747409]], "green": [[37.62309, -121.747556], [37.623117, -121.74753], [37.623133, -121.747504], [37.623158, -121.747456], [37.623182, -121.747424], [37.623202, -121.747408], [37.623218, -121.747389], [37.623231, -121.747366], [37.62324, -121.747342], [37.623237, -121.747314], [37.623227, -121.747283], [37.62321, -121.747264], [37.623193, -121.74725], [37.623159, -121.74725], [37.623062, -121.74728], [37.62303, -121.747301], [37.623003, -121.74734], [37.622993, -121.747415], [37.622995, -121.74746], [37.623007, -121.747493], [37.623031, -121.74753], [37.623042, -121.747543], [37.623066, -121.747559], [37.62309, -121.747556]]}, "6": {"path": [[37.623368, -121.74669], [37.624495, -121.748938], [37.624789, -121.749861]], "green": [[37.624747, -121.749974], [37.624728, -121.749962], [37.624714, -121.749949], [37.624703, -121.74993], [37.624691, -121.749903], [37.624683, -121.749872], [37.624681, -121.749843], [37.624681, -121.749817], [37.624685, -121.749791], [37.624692, -121.74976], [37.624703, -121.749733], [37.624717, -121.749712], [37.624727, -121.7497], [37.624751, -121.74969], [37.624774, -121.749686], [37.624795, -121.749689], [37.624808, -121.749694], [37.624823, -121.749709], [37.624836, -121.749729], [37.624841, -121.749742], [37.624846, -121.749785], [37.624855, -121.749832], [37.624861, -121.749854], [37.62488, -121.7499], [37.624893, -121.749937], [37.624898, -121.749961], [37.624897, -121.749974], [37.624889, -121.749997], [37.624882, -121.750005], [37.624871, -121.750013], [37.624847, -121.750016], [37.624835, -121.750015], [37.624825, -121.750009], [37.624814, -121.749994], [37.624747, -121.749974]]}, "7": {"path": [[37.625145, -121.750087], [37.626759, -121.750346], [37.626998, -121.750508]], "green": [[37.627129, -121.750503], [37.627118, -121.75048], [37.627105, -121.75046], [37.627091, -121.750443], [37.627045, -121.750422], [37.627022, -121.75041], [37.626951, -121.750354], [37.626927, -121.750341], [37.6269, -121.750341], [37.62688, -121.750346], [37.626864, -121.750359], [37.626853, -121.750373], [37.626846, -121.750413], [37.626848, -121.750434], [37.626856, -121.750459], [37.626865, -121.750478], [37.626889, -121.750513], [37.626904, -121.750543], [37.626915, -121.75056], [37.626927, -121.750572], [37.626944, -121.750581], [37.626959, -121.750584], [37.626973, -121.750591], [37.627, -121.750626], [37.62703, -121.750652], [37.627048, -121.750657], [37.627064, -121.750654], [37.627088, -121.750646], [37.627106, -121.750632], [37.62712, -121.750612], [37.62713, -121.750592], [37.627138, -121.75057], [37.627139, -121.750544], [37.627135, -121.750522], [37.627129, -121.750503]]}, "8": {"path": [[37.62618, -121.751316], [37.628813, -121.751708], [37.630997, -121.752329]], "green": [[37.631054, -121.752473], [37.631034, -121.752465], [37.631016, -121.752455], [37.630978, -121.752419], [37.630905, -121.752377], [37.630884, -121.752361], [37.630866, -121.752343], [37.630854, -121.752329], [37.630842, -121.752309], [37.630831, -121.752287], [37.630827, -121.752273], [37.630827, -121.752261], [37.630831, -121.752248], [37.630838, -121.752235], [37.63085, -121.752224], [37.630863, -121.752217], [37.630878, -121.752211], [37.630912, -121.752209], [37.63096, -121.752198], [37.63098, -121.752196], [37.631002, -121.752205], [37.631011, -121.75221], [37.631067, -121.752263], [37.63108, -121.752272], [37.631119, -121.752291], [37.631128, -121.752298], [37.631141, -121.75232], [37.631144, -121.752328], [37.631147, -121.75234], [37.631151, -121.752367], [37.631151, -121.752378], [37.631146, -121.752402], [37.631138, -121.752424], [37.631124, -121.752444], [37.631105, -121.752462], [37.631083, -121.752472], [37.631074, -121.752474], [37.631054, -121.752473]]}, "9": {"path": [[37.631316, -121.751523], [37.634658, -121.754457]],