{"holes": {"1": {"path": [[34.16861, -118.168318], [34.170371, -118.168661], [34.171565, -118.168754]], "green": [[34.162663, -118.17065], [34.162639, -118.17066], [34.162621, -118.170657], [34.162604, -118.17065], [34.162588, -118.170631], [34.162575, -118.17061], [34.162567, -118.170575], [34.162561, -118.170557], [34.162535, -118.170518], [34.162525, -118.170496], [34.162516, -118.170473], [34.162514, -118.170454], [34.162515, -118.170433], [34.162521, -118.170421], [34.16253, -118.170409], [34.162542, -118.170399], [34.162553, -118.170392], [34.162571, -118.170391], [34.162589, -118.170392], [34.16267, -118.170422], [34.162724, -118.170439], [34.162741, -118.170452], [34.162756, -118.170468], [34.162769, -118.170487], [34.162774, -118.170502], [34.162777, -118.170518], [34.162776, -118.170531], [34.162773, -118.170544], [34.162739, -118.170583], [34.162686, -118.170632], [34.162663, -118.17065]]}, "2": {"path": [[34.164097, -118.166732], [34.163414, -118.168909], [34.162964, -118.171499]], "green": [[34.163011, -118.171573], [34.163034, -118.171569], [34.163046, -118.171561], [34.163058, -118.17155], [34.163064, -118.171541], [34.163068, -118.171528], [34.163071, -118.171517], [34.16307, -118.171504], [34.163068, -118.171494], [34.163062, -118.171482], [34.163052, -118.171466], [34.163038, -118.171448], [34.163025, -118.171435], [34.163004, -118.17142], [34.162976, -118.17141], [34.162962, -118.171407], [34.162947, -118.171408], [34.162923, -118.171414], [34.162902, -118.171425], [34.162883, -118.171435], [34.162864, -118.17145], [34.162855, -118.171462], [34.162848, -118.171475], [34.162847, -118.17149], [34.162846, -118.171504], [34.162849, -118.171521], [34.162853, -118.171537], [34.162866, -118.171556], [34.162879, -118.171563], [34.162908, -118.171561], [34.16293, -118.171562], [34.16296, -118.171568], [34.162985, -118.171573], [34.163011, -118.171573]]}, "4": {"path": [[34.173709, -118.172515], [34.170758, -118.170819]], "green": [[34.170843, -118.170873], [34.170856, -118.170859], [34.170865, -118.170842], [34.170872, -118.17082], [34.170873, -118.170801], [34.170867, -118.170785], [34.170859, -118.170772], [34.170845, -118.170761], [34.170832, -118.170753], [34.170816, -118.170749], [34.170796, -118.170743], [34.170769, -118.170737], [34.170743, -118.170732], [34.170712, -118.17073], [34.170691, -118.170733], [34.170669, -118.170742], [34.170652, -118.170761], [34.170639, -118.170783], [34.170633, -118.170811], [34.170633, -118.170835], [34.170638, -118.17086], [34.170648, -118.170881], [34.170661, -118.170897], [34.17068, -118.170908], [34.170706, -118.170913], [34.170731, -118.170913], [34.170755, -118.170908], [34.170794, -118.170897], [34.170826, -118.170884], [34.170843, -118.170873]]}, "5": {"path": [[34.171462, -118.170116], [34.173315, -118.170026], [34.174383, -118.16961]], "green": [[34.174343, -118.169509], [34.174361, -118.169508], [34.174383, -118.16951], [34.174401, -118.169515], [34.174418, -118.16952], [34.174434, -118.16953], [34.174446, -118.169539], [34.174458, -118.169553], [34.174466, -118.16957], [34.174472, -118.16959], [34.174476, -118.169615], [34.174476, -118.169641], [34.174472, -118.169658], [34.174466, -118.169678], [34.174457, -118.169693], [34.174444, -118.16971], [34.174428, -118.169719], [34.174412, -118.169724], [34.174397, -118.169723], [34.174384, -118.169719], [34.174375, -118.169714], [34.174367, -118.169705], [34.174361, -118.169695], [34.174358, -118.169684], [34.174352, -118.169665], [34.174349, -118.169648], [34.174346, -118.169638], [34.174342, -118.169629], [34.174334, -118.16962], [34.174325, -118.169611], [34.174317, -118.1696], [34.17431, -118.169587], [34.174307, -118.169575], [34.174304, -118.169562], [34.174304, -118.169547], [34.174308, -118.169534], [34.174315, -118.169522], [34.174327, -118.169515], [34.174343, -118.169509]]}, "6": {"path": [[34.169536, -118.170179], [34.16684, -118.169696]], "green": [[34.16681, -118.169867], [34.166833, -118.169869], [34.166856, -118.16986], [34.16687, -118.169846], [34.16688, -118.169829], [34.166882, -118.169804], [34.166875, -118.169785], [34.166868, -118.169762], [34.166863, -118.16974], [34.166863, -118.169713], [34.166865, -118.169684], [34.166877, -118.169662], [34.166889, -118.169646], [34.166907, -118.169633], [34.166925, -118.169619], [34.166936, -118.169601], [34.166938, -118.169582], [34.166933, -118.169565], [34.166924, -118.169554], [34.1669, -118.169543], [34.16688, -118.169539], [34.166856, -118.169535], [34.166837, -118.169538], [34.166821, -118.169546], [34.166803, -118.169562], [34.16679, -118.16958], [34.166773, -118.169606], [34.166759, -118.169633], [34.166748, -118.169666], [34.166743, -118.169698], [34.166743, -118.169732], [34.166747, -118.169762], [34.166753, -118.169793], [34.166761, -118.16982], [34.16677, -118.169837], [34.166788, -118.169858], [34.16681, -118.169867]]}, "8": {"path": [[34.176524, -118.171638], [34.17462, -118.171575]], "green": [[34.161613, -118.170477], [34.161627, -118.170492], [34.161644, -118.1705], [34.161662, -118.170501], [34.161679, -118.170495], [34.161694, -118.170482], [34.161704, -118.170464], [34.161709, -118.170442], [34.161707, -118.17042], [34.161695, -118.170388], [34.161675, -118.170348], [34.161652, -118.170312], [34.161643, -118.170299], [34.161631, -118.170289], [34.161617, -118.170281], [34.161601, -118.170275], [34.161584, -118.170271], [34.161569, -118.170266], [34.161551, -118.170256], [34.161536, -118.170241], [34.161523, -118.170227], [34.161512, -118.170215], [34.161495, -118.170213], [34.161477, -118.170218], [34.161462, -118.170229], [34.16145, -118.170246], [34.161443, -118.170267], [34.161443, -118.170289], [34.161448, -118.17031], [34.161458, -118.170328], [34.161469, -118.17034], [34.161486, -118.170351], [34.161502, -118.170357], [34.161523, -118.170368], [34.161538, -118.170378], [34.161552, -118.170391], [34.161573, -118.170418], [34.161594, -118.170448], [34.161613, -118.170477]]}, "9": {"path": [[34.161946, -118.170576], [34.163711, -118.166833]], "green": [[34.163779, -118.166753], [34.163776, -118.166788], [34.163758, -118.166831], [34.163748, -118.166873], [34.163748, -118.166912], [34.163741, -118.166941], [34.163728, -118.166962], [34.163711, -118.166972], [34.163695, -118.166976], [34.163673, -118.166972], [34.163658, -118.166954], [34.163646, -118.166925], [34.163646, -118.16689], [34.16365, -118.166843], [34.16365, -118.166802], [34.163651, -118.166757], [34.163663, -118.166728], [34.163681, -118.166707], [34.163705, -118.166693], [34.163733, -118.166691], [34.163757, -118.166702], [34.163774, -118.166724], [34.163779, -118.166753]]}, "11": {"path": [[34.166668, -118.171199], [34.169685, -118.172183]], "green": [[34.169682, -118.172273], [34.169696, -118.172275], [34.169712, -118.172274], [34.169726, -118.17227], [34.169739, -118.172264], [34.169753, -118.172253], [34.169764, -118.172242], [34.169775, -118.172228], [34.169784, -118.172215], [34.16979, -118.172197], [34.169792, -118.172178], [34.169793, -118.172165], [34.169793, -118.172153], [34.16979, -118.172141], [34.169786, -118.172132], [34.169774, -118.172118], [34.16976, -118.172108], [34.169744, -118.172103], [34.169724, -118.172105], [34.169699, -118.17211], [34.169681, -118.172113], [34.169657, -118.172111], [34.16963, -118.172112], [34.169623, -118.172113], [34.169611, -118.172116], [34.169601, -118.17212], [34.169591, -118.172127], [34.169582, -118.172135], [34.169576, -118.172145], [34.16957, -118.172168], [34.169568, -118.172192], [34.169573, -118.172211], [34.169579, -118.172221], [34.169584, -118.17223], [34.169599, -118.17224], [34.169615, -118.17225], [34.16965, -118.172265], [34.169682, -118.172273]]}, "12": {"path": [[34.180069, -118.173011], [34.181151, -118.173241]],