{"holes": {"1": {"path": [[34.164097, -118.166732], [34.163414, -118.168909], [34.162632, -118.170516]], "green": [[34.162663, -118.17065], [34.162639, -118.17066], [34.162621, -118.170657], [34.162604, -118.17065], [34.162588, -118.170631], [34.162575, -118.17061], [34.162567, -118.170575], [34.162561, -118.170557], [34.162535, -118.170518], [34.162525, -118.170496], [34.162516, -118.170473], [34.162514, -118.170454], [34.162515, -118.170433], [34.162521, -118.170421], [34.16253, -118.170409], [34.162542, -118.170399], [34.162553, -118.170392], [34.162571, -118.170391], [34.162589, -118.170392], [34.16267, -118.170422], [34.162724, -118.170439], [34.162741, -118.170452], [34.162756, -118.170468], [34.162769, -118.170487], [34.162774, -118.170502], [34.162777, -118.170518], [34.162776, -118.170531], [34.162773, -118.170544], [34.162739, -118.170583], [34.162686, -118.170632], [34.162663, -118.17065]]}, "6": {"path": [[34.169536, -118.170179], [34.16684, -118.169696]], "green": [[34.16681, -118.169867], [34.166833, -118.169869], [34.166856, -118.16986], [34.16687, -118.169846], [34.16688, -118.169829], [34.166882, -118.169804], [34.166875, -118.169785], [34.166868, -118.169762], [34.166863, -118.16974], [34.166863, -118.169713], [34.166865, -118.169684], [34.166877, -118.169662], [34.166889, -118.169646], [34.166907, -118.169633], [34.166925, -118.169619], [34.166936, -118.169601], [34.166938, -118.169582], [34.166933, -118.169565], [34.166924, -118.169554], [34.1669, -118.169543], [34.16688, -118.169539], [34.166856, -118.169535], [34.166837, -118.169538], [34.166821, -118.169546], [34.166803, -118.169562], [34.16679, -118.16958], [34.166773, -118.169606], [34.166759, -118.169633], [34.166748, -118.169666], [34.166743, -118.169698], [34.166743, -118.169732], [34.166747, -118.169762], [34.166753, -118.169793], [34.166761, -118.16982], [34.16677, -118.169837], [34.166788, -118.169858], [34.16681, -118.169867]]}, "8": {"path": [[34.160471, -118.169734], [34.161573, -118.170348]], "green": [[34.161613, -118.170477], [34.161627, -118.170492], [34.161644, -118.1705], [34.161662, -118.170501], [34.161679, -118.170495], [34.161694, -118.170482], [34.161704, -118.170464], [34.161709, -118.170442], [34.161707, -118.17042], [34.161695, -118.170388], [34.161675, -118.170348], [34.161652, -118.170312], [34.161643, -118.170299], [34.161631, -118.170289], [34.161617, -118.170281], [34.161601, -118.170275], [34.161584, -118.170271], [34.161569, -118.170266], [34.161551, -118.170256], [34.161536, -118.170241], [34.161523, -118.170227], [34.161512, -118.170215], [34.161495, -118.170213], [34.161477, -118.170218], [34.161462, -118.170229], [34.16145, -118.170246], [34.161443, -118.170267], [34.161443, -118.170289], [34.161448, -118.17031], [34.161458, -118.170328], [34.161469, -118.17034], [34.161486, -118.170351], [34.161502, -118.170357], [34.161523, -118.170368], [34.161538, -118.170378], [34.161552, -118.170391], [34.161573, -118.170418], [34.161594, -118.170448], [34.161613, -118.170477]]}, "9": {"path": [[34.161946, -118.170576], [34.163711, -118.166833]], "green": [[34.163779, -118.166753], [34.163776, -118.166788], [34.163758, -118.166831], [34.163748, -118.166873], [34.163748, -118.166912], [34.163741, -118.166941], [34.163728, -118.166962], [34.163711, -118.166972], [34.163695, -118.166976], [34.163673, -118.166972], [34.163658, -118.166954], [34.163646, -118.166925], [34.163646, -118.16689], [34.16365, -118.166843], [34.16365, -118.166802], [34.163651, -118.166757], [34.163663, -118.166728], [34.163681, -118.166707], [34.163705, -118.166693], [34.163733, -118.166691], [34.163757, -118.166702], [34.163774, -118.166724], [34.163779, -118.166753]]}, "11": {"path": [[34.166668, -118.171199], [34.169685, -118.172183]], "green": [[34.169682, -118.172273], [34.169696, -118.172275], [34.169712, -118.172274], [34.169726, -118.17227], [34.169739, -118.172264], [34.169753, -118.172253], [34.169764, -118.172242], [34.169775, -118.172228], [34.169784, -118.172215], [34.16979, -118.172197], [34.169792, -118.172178], [34.169793, -118.172165], [34.169793, -118.172153], [34.16979, -118.172141], [34.169786, -118.172132], [34.169774, -118.172118], [34.16976, -118.172108], [34.169744, -118.172103], [34.169724, -118.172105], [34.169699, -118.17211], [34.169681, -118.172113], [34.169657, -118.172111], [34.16963, -118.172112], [34.169623, -118.172113], [34.169611, -118.172116], [34.169601, -118.17212], [34.169591, -118.172127], [34.169582, -118.172135], [34.169576, -118.172145], [34.16957, -118.172168], [34.169568, -118.172192], [34.169573, -118.172211], [34.169579, -118.172221], [34.169584, -118.17223], [34.169599, -118.17224], [34.169615, -118.17225], [34.16965, -118.172265], [34.169682, -118.172273]]}, "12": {"path": [[34.180069, -118.173011], [34.181151, -118.173241]], "green": [[34.181074, -118.173197], [34.181075, -118.173184], [34.181077, -118.173176], [34.181082, -118.173162], [34.181087, -118.173152], [34.181097, -118.173146], [34.18111, -118.17314], [34.181125, -118.173135], [34.181137, -118.173136], [34.181146, -118.173137], [34.181168, -118.173145], [34.181189, -118.173151], [34.181207, -118.173155], [34.181222, -118.173163], [34.181241, -118.173175], [34.181254, -118.173191], [34.18126, -118.173204], [34.181262, -118.173224], [34.181257, -118.173241], [34.181247, -118.173254], [34.181231, -118.173268], [34.181219, -118.173277], [34.181208, -118.17329], [34.181198, -118.173309], [34.18119, -118.173327], [34.181178, -118.173345], [34.181164, -118.173358], [34.18115, -118.173367], [34.181137, -118.173372], [34.181128, -118.173373], [34.181121, -118.17337], [34.181111, -118.17336], [34.181104, -118.173348], [34.181096, -118.173325], [34.181092, -118.173301], [34.181089, -118.17328], [34.181085, -118.173253], [34.181078, -118.173228], [34.181075, -118.173211], [34.181074, -118.173197]]}, "13": {"path": [[34.180749, -118.17357], [34.179242, -118.17303], [34.177709, -118.172257]], "green": [[34.177721, -118.172372], [34.177748, -118.172372], [34.177769, -118.172368], [34.177788, -118.17236], [34.177804, -118.172348], [34.177816, -118.172333], [34.177824, -118.172312], [34.177827, -118.172288], [34.177827, -118.172269], [34.177821, -118.172246], [34.17781, -118.17222], [34.177799, -118.172198], [34.177787, -118.172179], [34.177774, -118.172159], [34.177759, -118.172146], [34.177743, -118.172137], [34.177723, -118.172134], [34.177701, -118.172135], [34.177678, -118.17214], [34.177659, -118.172145], [34.177633, -118.172157], [34.177618, -118.172168], [34.177603, -118.172185], [34.177595, -118.172206], [34.17759, -118.172227], [34.17759, -118.172244], [34.17759, -118.172261], [34.177597, -118.172284], [34.177608, -118.172306], [34.177621, -118.172323], [34.177636, -118.172338], [34.177656, -118.172351], [34.177677, -118.17236], [34.177698, -118.172367], [34.177721, -118.172372]]}, "17": {"path": [[34.166213, -118.17075], [34.164702, -118.170809]], "green": [[34.164721, -118.170894], [34.164724, -118.170862], [34.164732, -118.170835], [34.164747, -118.170818], [34.164758, -118.17081], [34.164766, -118.170804], [34.164785, -118.170794], [34.164804, -118.170782], [34.164815, -118.170761], [34.164816, -118.170737], [34.164808, -118.170711], [34.164791, -118.170688], [34.164765, -118.170673], [34.164752, -118.17067], [34.164741, -118.170667], [34.164709, -118.170669], [34.164685, -118.170674], [34.164663, -118.170689], [34.164643, -118.170714], [34.164625, -118.170746], [34.164613, -118.170771], [34.164596, -118.170801], [34.164588, -118.170826], [34.164587, -118.170857], [34.164593, -118.170889], [34.164605, -118.170921], [34.164619, -118.170948], [34.164635, -118.170968], [34.164659, -118.170974], [34.164685, -118.170966], [34.164706, -118.170947], [34.164718, -118.170922], [34.164721, -118.170894]]}}}