{"holes": {"1": {"path": [[34.130864, -117.820707], [34.131202, -117.823504], [34.131282, -117.826271]], "green": [[34.131311, -117.826176], [34.131342, -117.826216], [34.131365, -117.826228], [34.131381, -117.82624], [34.131394, -117.826262], [34.131399, -117.826284], [34.131402, -117.826304], [34.131396, -117.826331], [34.131381, -117.826366], [34.131358, -117.826391], [34.131332, -117.826405], [34.131294, -117.826414], [34.131257, -117.826415], [34.131214, -117.826402], [34.131191, -117.82638], [34.131159, -117.826336], [34.13115, -117.826302], [34.131149, -117.826266], [34.131158, -117.826225], [34.131178, -117.826194], [34.131195, -117.826172], [34.131216, -117.82615], [34.131249, -117.826127], [34.131267, -117.826128], [34.131292, -117.826154], [34.131311, -117.826176]]}, "2": {"path": [[34.131208, -117.826619], [34.131005, -117.828073]], "green": [[34.131035, -117.827946], [34.131062, -117.827996], [34.131087, -117.82805], [34.131099, -117.828083], [34.131098, -117.828118], [34.131089, -117.828143], [34.131066, -117.828178], [34.131034, -117.828203], [34.130988, -117.828212], [34.13095, -117.828209], [34.130921, -117.828196], [34.130889, -117.828158], [34.130888, -117.828071], [34.130925, -117.827998], [34.130944, -117.82796], [34.130974, -117.82793], [34.130998, -117.827926], [34.131035, -117.827946]]}, "3": {"path": [[34.130056, -117.82866], [34.130806, -117.826895], [34.130898, -117.825689]], "green": [[34.130927, -117.825797], [34.130908, -117.825796], [34.130845, -117.82577], [34.13081, -117.825749], [34.130796, -117.825726], [34.130788, -117.825683], [34.130787, -117.825656], [34.130799, -117.825628], [34.130847, -117.825585], [34.130876, -117.825577], [34.130906, -117.825577], [34.130943, -117.825587], [34.130967, -117.825598], [34.130984, -117.825617], [34.130992, -117.825648], [34.130983, -117.825693], [34.130969, -117.825737], [34.130957, -117.82577], [34.130941, -117.825788], [34.130927, -117.825797]]}, "4": {"path": [[34.130912, -117.825309], [34.130482, -117.820974]], "green": [[34.130504, -117.821139], [34.13048, -117.821139], [34.130456, -117.821128], [34.130436, -117.821106], [34.130422, -117.821084], [34.130415, -117.821051], [34.130414, -117.821004], [34.130414, -117.820964], [34.130396, -117.820899], [34.130391, -117.820867], [34.130395, -117.820837], [34.130404, -117.820813], [34.130429, -117.820784], [34.130459, -117.820778], [34.130485, -117.820783], [34.13051, -117.820791], [34.130536, -117.820821], [34.130561, -117.820868], [34.130586, -117.820946], [34.130592, -117.82102], [34.130588, -117.821059], [34.130581, -117.821088], [34.130559, -117.821116], [34.130541, -117.821129], [34.130504, -117.821139]]}, "5": {"path": [[34.129917, -117.820756], [34.130171, -117.823378], [34.129987, -117.825422]], "green": [[34.13006, -117.82528], [34.130075, -117.825352], [34.130076, -117.825391], [34.130074, -117.82544], [34.130056, -117.825523], [34.130036, -117.825556], [34.130011, -117.82558], [34.129971, -117.825593], [34.12994, -117.825592], [34.129908, -117.825586], [34.129887, -117.825562], [34.129872, -117.825532], [34.129868, -117.825495], [34.129882, -117.825454], [34.129916, -117.825394], [34.129943, -117.825337], [34.129974, -117.825284], [34.129987, -117.825272], [34.130021, -117.825257], [34.130038, -117.825261], [34.13005, -117.825267], [34.13006, -117.82528]]}, "6": {"path": [[34.130507, -117.824075], [34.13023, -117.826992], [34.129658, -117.828589]], "green": [[34.129578, -117.828672], [34.129566, -117.828654], [34.129558, -117.82863], [34.129556, -117.828599], [34.129564, -117.828569], [34.129609, -117.828514], [34.12965, -117.82847], [34.129672, -117.82846], [34.129695, -117.82846], [34.129709, -117.828462], [34.129724, -117.828471], [34.129732, -117.828495], [34.129745, -117.828546], [34.129759, -117.828576], [34.129759, -117.828599], [34.12975, -117.828621], [34.129722, -117.828649], [34.1297, -117.828669], [34.129666, -117.828685], [34.129637, -117.828695], [34.129609, -117.828694], [34.129593, -117.828685], [34.129578, -117.828672]]}, "7": {"path": [[34.129635, -117.828919], [34.131045, -117.828721]], "green": [[34.130924, -117.828701], [34.130981, -117.828644], [34.131004, -117.82862], [34.131045, -117.828583], [34.131069, -117.828577], [34.131096, -117.828577], [34.131126, -117.828585], [34.131145, -117.828602], [34.131166, -117.828627], [34.131174, -117.828658], [34.131178, -117.828691], [34.131176, -117.828719], [34.131163, -117.828758], [34.131133, -117.828803], [34.131101, -117.828844], [34.131071, -117.828862], [34.131041, -117.828864], [34.131013, -117.828861], [34.130986, -117.828847], [34.130946, -117.828825], [34.130921, -117.828796], [34.130912, -117.82878], [34.13091, -117.828765], [34.130915, -117.828729], [34.130924, -117.828701]]}, "8": {"path": [[34.13146, -117.828893], [34.13169, -117.827159], [34.131755, -117.82573]], "green": [[34.131817, -117.825786], [34.131785, -117.825826], [34.131772, -117.825837], [34.131763, -117.82584], [34.131748, -117.825842], [34.131703, -117.825804], [34.131682, -117.82578], [34.131663, -117.825752], [34.13166, -117.825733], [34.13166, -117.825713], [34.131672, -117.825674], [34.1317, -117.825637], [34.131721, -117.825623], [34.131753, -117.825617], [34.131779, -117.825622], [34.131806, -117.825637], [34.131835, -117.825669], [34.131841, -117.82569], [34.131846, -117.825715], [34.131839, -117.825745], [34.131817, -117.825786]]}, "9": {"path": [[34.131826, -117.825278], [34.131748, -117.823224], [34.131787, -117.821177]], "green": [[34.131825, -117.821254], [34.131776, -117.821294], [34.131754, -117.821297], [34.131734, -117.821293], [34.131699, -117.82126], [34.131681, -117.82123], [34.131675, -117.821202], [34.13169, -117.821148], [34.131717, -117.821104], [34.131748, -117.821074], [34.131782, -117.821058], [34.131809, -117.821061], [34.131853, -117.821076], [34.131876, -117.821092], [34.131885, -117.821119], [34.13189, -117.821146], [34.131885, -117.821179], [34.131855, -117.821224], [34.131825, -117.821254]]}, "10": {"path": [[34.131633, -117.820294], [34.129385, -117.819863], [34.128148, -117.819034]], "green": [[34.12817, -117.818911], [34.128201, -117.818922], [34.128231, -117.818948], [34.128259, -117.81898], [34.128275, -117.819023], [34.12828, -117.819055], [34.128273, -117.819093], [34.128255, -117.81912], [34.128234, -117.81913], [34.128185, -117.819134], [34.128163, -117.819131], [34.128131, -117.819145], [34.128104, -117.819151], [34.12806, -117.819139], [34.128036, -117.819119], [34.128014, -117.819078], [34.128008, -117.81904], [34.128014, -117.819001], [34.128029, -117.818972], [34.128072, -117.818938], [34.128099, -117.818919], [34.128135, -117.818911], [34.12817, -117.818911]]}, "11": {"path": [[34.128033, -117.818634], [34.129627, -117.818864], [34.130627, -117.818859]], "green": [[34.130667, -117.818972], [34.130642, -117.818978], [34.130619, -117.818979], [34.130597, -117.818965], [34.130586, -117.818946], [34.130575, -117.818907], [34.13056, -117.818883], [34.13054, -117.818863], [34.130524, -117.81884], [34.130518, -117.818811], [34.130524, -117.818779], [34.130547, -117.818749], [34.130575, -117.818726], [34.130605, -117.818721], [34.130636, -117.818732], [34.130668, -117.818747], [34.130694, -117.818763], [34.13071, -117.818785], [34.130721, -117.818829], [34.13073, -117.81887], [34.13073, -117.818903], [34.130718, -117.818932], [34.130694, -117.818958], [34.130667, -117.818972]]}, "12": {"path": [[34.130433, -117.818476], [34.128692, -117.818029], [34.127165, -117.816475], [34.126878, -117.815943]],