{"holes": {"1": {"path": [[33.93757, -118.159987], [33.939042, -118.163095], [33.939486, -118.164265]], "green": [[33.939584, -118.164272], [33.939541, -118.164318], [33.93951, -118.16436], [33.939487, -118.16438], [33.939452, -118.16438], [33.939418, -118.164372], [33.939389, -118.164344], [33.939366, -118.164299], [33.939355, -118.164247], [33.939358, -118.164221], [33.939384, -118.164196], [33.939422, -118.164179], [33.939488, -118.164166], [33.939557, -118.164176], [33.939571, -118.164187], [33.939584, -118.164194], [33.939598, -118.164229], [33.939592, -118.164248], [33.939584, -118.164272]]}, "2": {"path": [[33.939554, -118.164797], [33.94079, -118.163001], [33.941854, -118.162321]], "green": [[33.941815, -118.162423], [33.941878, -118.162417], [33.941932, -118.1624], [33.941957, -118.162378], [33.941973, -118.16234], [33.941972, -118.162284], [33.941939, -118.162233], [33.941902, -118.162181], [33.941863, -118.162168], [33.941835, -118.162167], [33.941794, -118.162211], [33.941771, -118.16228], [33.941757, -118.162349], [33.941757, -118.162373], [33.941773, -118.162405], [33.941787, -118.162419], [33.941815, -118.162423]]}, "3": {"path": [[33.942136, -118.162078], [33.941374, -118.161063]], "green": [[33.94143, -118.161169], [33.941408, -118.161169], [33.941338, -118.161157], [33.941305, -118.161134], [33.941281, -118.161093], [33.941278, -118.161056], [33.941281, -118.160991], [33.941304, -118.16094], [33.941348, -118.160931], [33.941386, -118.160933], [33.941418, -118.160964], [33.94144, -118.160999], [33.941446, -118.161051], [33.941449, -118.161115], [33.941444, -118.161144], [33.94143, -118.161169]]}, "4": {"path": [[33.941198, -118.160182], [33.940685, -118.162098], [33.939854, -118.163419]], "green": [[33.939949, -118.163395], [33.939892, -118.163521], [33.939853, -118.163547], [33.939812, -118.163548], [33.939783, -118.16351], [33.939754, -118.163468], [33.93975, -118.16341], [33.939766, -118.16337], [33.939824, -118.163319], [33.939887, -118.163294], [33.939934, -118.163323], [33.93995, -118.163346], [33.939949, -118.163395]]}, "5": {"path": [[33.939553, -118.163099], [33.940876, -118.159829]], "green": [[33.940834, -118.159963], [33.940904, -118.159944], [33.940947, -118.159915], [33.940965, -118.159882], [33.94097, -118.159832], [33.940972, -118.159772], [33.940962, -118.159734], [33.94092, -118.159686], [33.940891, -118.159668], [33.940848, -118.159669], [33.940828, -118.159713], [33.940825, -118.159752], [33.940825, -118.159803], [33.940819, -118.159846], [33.940804, -118.159879], [33.940803, -118.159936], [33.940823, -118.159964], [33.940834, -118.159963]]}, "6": {"path": [[33.940729, -118.159333], [33.939606, -118.160946], [33.939323, -118.162324]], "green": [[33.939394, -118.162405], [33.939368, -118.16243], [33.939313, -118.162449], [33.939273, -118.162446], [33.939244, -118.162421], [33.939208, -118.162366], [33.9392, -118.162321], [33.939234, -118.162272], [33.939271, -118.162212], [33.939287, -118.162194], [33.93932, -118.162188], [33.939359, -118.162194], [33.939396, -118.162223], [33.939404, -118.162268], [33.939409, -118.162336], [33.939409, -118.162377], [33.939394, -118.162405]]}, "7": {"path": [[33.938979, -118.162052], [33.939037, -118.160749]], "green": [[33.939026, -118.160871], [33.93908, -118.160859], [33.939116, -118.160792], [33.939134, -118.160725], [33.939131, -118.160689], [33.939107, -118.160657], [33.939056, -118.160648], [33.939014, -118.160652], [33.938973, -118.160667], [33.938951, -118.1607], [33.938948, -118.160743], [33.938964, -118.160779], [33.938997, -118.160836], [33.939026, -118.160871]]}, "8": {"path": [[33.938742, -118.16146], [33.937106, -118.15789], [33.936863, -118.15698]], "green": [[33.936929, -118.157065], [33.936916, -118.157103], [33.936897, -118.157114], [33.936865, -118.157123], [33.936827, -118.157111], [33.936813, -118.157075], [33.936808, -118.157025], [33.936802, -118.156981], [33.936784, -118.156921], [33.93678, -118.156889], [33.936796, -118.156862], [33.936833, -118.156843], [33.936869, -118.15684], [33.936893, -118.156849], [33.936912, -118.156883], [33.936917, -118.156922], [33.936912, -118.156952], [33.93692, -118.157001], [33.936929, -118.157065]]}, "9": {"path": [[33.936264, -118.157151], [33.93706, -118.159461]], "green": [[33.937149, -118.159503], [33.937122, -118.15956], [33.937086, -118.159586], [33.937047, -118.159595], [33.937018, -118.159567], [33.936989, -118.159535], [33.936969, -118.159451], [33.936967, -118.159413], [33.936992, -118.159333], [33.937031, -118.159315], [33.937073, -118.159323], [33.937107, -118.159354], [33.93714, -118.159418], [33.937149, -118.159503]]}, "10": {"path": [[33.936714, -118.160195], [33.936114, -118.158057], [33.935346, -118.158057]], "green": [[33.935422, -118.158119], [33.93538, -118.158132], [33.935332, -118.158144], [33.935285, -118.158147], [33.935242, -118.158127], [33.935227, -118.158074], [33.935233, -118.158022], [33.935276, -118.157957], [33.935303, -118.157934], [33.935341, -118.157946], [33.935392, -118.157973], [33.935434, -118.158022], [33.935454, -118.158053], [33.935445, -118.158093], [33.935422, -118.158119]]}, "11": {"path": [[33.934964, -118.158186], [33.934168, -118.159121], [33.932948, -118.159861]], "green": [[33.933052, -118.159875], [33.933035, -118.159919], [33.932977, -118.159962], [33.932927, -118.159981], [33.932877, -118.159983], [33.932834, -118.159943], [33.932808, -118.159905], [33.932808, -118.159847], [33.932846, -118.159788], [33.932907, -118.15975], [33.932983, -118.159741], [33.933016, -118.159746], [33.93305, -118.159774], [33.933055, -118.15983], [33.933052, -118.159875]]}, "12": {"path": [[33.93246, -118.160119], [33.933091, -118.160853]], "green": [[33.933153, -118.1609], [33.933121, -118.160935], [33.933088, -118.160949], [33.933054, -118.160948], [33.933009, -118.160918], [33.932985, -118.160887], [33.932982, -118.160845], [33.933003, -118.160795], [33.933011, -118.160779], [33.93307, -118.160755], [33.933111, -118.160755], [33.933162, -118.160776], [33.933188, -118.160805], [33.933189, -118.16083], [33.933176, -118.160874], [33.933153, -118.1609]]}, "16": {"path": [[33.937271, -118.165547], [33.935629, -118.164182], [33.93557, -118.16287]], "green": [[33.93562, -118.162971], [33.93567, -118.162847], [33.935656, -118.162807], [33.935622, -118.162779], [33.935571, -118.162766], [33.935537, -118.162776], [33.935481, -118.162824], [33.935471, -118.162859], [33.935482, -118.162909], [33.935534, -118.162955], [33.935571, -118.162982], [33.93562, -118.162971]]}, "18": {"path": [[33.933188, -118.160259], [33.934809, -118.160079], [33.935945, -118.160993]], "green": [[33.936008, -118.161027], [33.935983, -118.161065], [33.935951, -118.16111], [33.93592, -118.161116], [33.935882, -118.16109], [33.935865, -118.161043], [33.935854, -118.160979], [33.935871, -118.160906], [33.9359, -118.160888], [33.935935, -118.16089], [33.935965, -118.160911], [33.936002, -118.160918], [33.936016, -118.160945], [33.936019, -118.160983], [33.936008, -118.161027]]}}}