{"holes": {"1": {"path": [[37.418942, -122.039914], [37.419859, -122.037763], [37.42112, -122.037071]], "green": [[37.421051, -122.037001], [37.421097, -122.036979], [37.421139, -122.036969], [37.421168, -122.03697], [37.421205, -122.036982], [37.42123, -122.037019], [37.421242, -122.037047], [37.421247, -122.037101], [37.421238, -122.037146], [37.421208, -122.037189], [37.421172, -122.037203], [37.421134, -122.037198], [37.421057, -122.037161], [37.421011, -122.037129], [37.421002, -122.037108], [37.421001, -122.037081], [37.421005, -122.037049], [37.421014, -122.037025], [37.421051, -122.037001]]}, "2": {"path": [[37.421528, -122.036838], [37.425398, -122.035772]], "green": [[37.425459, -122.035676], [37.425481, -122.035696], [37.425492, -122.035723], [37.425498, -122.035751], [37.4255, -122.035781], [37.425492, -122.035815], [37.425466, -122.03586], [37.425436, -122.035886], [37.425393, -122.035898], [37.425345, -122.035893], [37.425312, -122.035876], [37.425292, -122.035853], [37.425285, -122.035836], [37.425279, -122.035802], [37.425284, -122.035766], [37.425303, -122.03573], [37.42534, -122.035697], [37.425385, -122.035671], [37.425412, -122.035662], [37.425439, -122.035666], [37.425459, -122.035676]]}, "3": {"path": [[37.426122, -122.035613], [37.42557, -122.038074], [37.425694, -122.041023]], "green": [[37.42572, -122.040871], [37.425742, -122.040881], [37.425776, -122.040925], [37.425801, -122.040986], [37.425802, -122.041025], [37.425773, -122.041138], [37.425746, -122.041181], [37.425717, -122.041211], [37.425681, -122.041213], [37.42566, -122.041203], [37.425629, -122.041175], [37.425609, -122.041136], [37.425598, -122.041082], [37.425608, -122.041024], [37.425629, -122.040966], [37.425642, -122.040931], [37.425657, -122.040899], [37.425675, -122.040872], [37.425702, -122.040864], [37.42572, -122.040871]]}, "4": {"path": [[37.426097, -122.040992], [37.42527, -122.043815], [37.425172, -122.044602]], "green": [[37.425119, -122.04454], [37.425151, -122.04451], [37.425167, -122.044486], [37.425185, -122.044476], [37.425212, -122.044469], [37.425243, -122.044472], [37.425264, -122.044487], [37.425286, -122.044526], [37.425303, -122.044579], [37.425308, -122.0446], [37.425303, -122.044638], [37.425286, -122.044679], [37.425263, -122.04471], [37.425239, -122.044729], [37.425207, -122.044741], [37.425155, -122.04474], [37.425109, -122.044731], [37.425068, -122.044708], [37.425043, -122.044679], [37.425036, -122.044648], [37.425038, -122.04462], [37.425045, -122.044599], [37.425065, -122.04458], [37.425093, -122.044562], [37.425119, -122.04454]]}, "5": {"path": [[37.425909, -122.043569], [37.426701, -122.04166]], "green": [[37.426734, -122.041499], [37.426765, -122.041518], [37.426802, -122.041584], [37.426826, -122.041664], [37.426814, -122.041769], [37.426797, -122.041806], [37.426749, -122.041842], [37.426681, -122.041848], [37.426646, -122.041829], [37.426626, -122.041806], [37.426613, -122.041764], [37.426613, -122.041709], [37.426618, -122.041652], [37.426619, -122.041567], [37.426637, -122.041519], [37.426656, -122.041507], [37.426694, -122.041495], [37.426734, -122.041499]]}, "6": {"path": [[37.426849, -122.040876], [37.426303, -122.03905], [37.42617, -122.037236]], "green": [[37.426113, -122.037169], [37.426141, -122.03715], [37.426168, -122.037126], [37.426187, -122.037107], [37.426209, -122.037108], [37.426225, -122.037116], [37.426238, -122.037127], [37.426242, -122.03715], [37.426243, -122.037213], [37.426246, -122.03725], [37.426251, -122.037281], [37.426245, -122.037305], [37.426221, -122.037345], [37.426187, -122.037372], [37.426161, -122.037378], [37.426141, -122.037378], [37.426121, -122.037366], [37.426098, -122.037335], [37.426084, -122.037302], [37.426079, -122.037264], [37.426086, -122.037233], [37.426101, -122.037184], [37.426113, -122.037169]]}, "7": {"path": [[37.426572, -122.037861], [37.426287, -122.036479]], "green": [[37.426307, -122.036356], [37.426324, -122.036364], [37.42634, -122.03638], [37.426353, -122.036407], [37.426358, -122.036442], [37.42636, -122.036531], [37.426358, -122.036573], [37.426345, -122.036602], [37.426328, -122.036616], [37.426308, -122.036628], [37.426282, -122.03663], [37.426261, -122.036614], [37.426246, -122.036594], [37.426245, -122.036575], [37.426238, -122.036542], [37.426223, -122.036506], [37.426211, -122.036465], [37.426213, -122.036437], [37.42622, -122.036414], [37.426235, -122.036392], [37.426254, -122.03637], [37.426277, -122.036355], [37.426293, -122.036353], [37.426307, -122.036356]]}, "8": {"path": [[37.426148, -122.035323], [37.425145, -122.036758], [37.423782, -122.037318]], "green": [[37.423897, -122.037287], [37.423894, -122.037306], [37.423882, -122.037328], [37.423841, -122.037367], [37.42383, -122.037374], [37.423791, -122.037413], [37.423755, -122.037431], [37.423725, -122.037437], [37.423705, -122.037435], [37.423672, -122.037414], [37.423659, -122.037396], [37.42365, -122.037371], [37.423649, -122.037348], [37.423659, -122.037311], [37.423673, -122.037289], [37.423697, -122.037269], [37.423734, -122.037253], [37.423774, -122.037239], [37.423809, -122.03722], [37.423832, -122.037212], [37.423859, -122.037215], [37.423875, -122.037225], [37.423889, -122.037247], [37.423895, -122.037264], [37.423897, -122.037287]]}, "9": {"path": [[37.424533, -122.036586], [37.421305, -122.038102], [37.420432, -122.038912]], "green": [[37.420565, -122.038877], [37.420564, -122.038896], [37.420554, -122.038921], [37.42052, -122.038958], [37.420456, -122.039014], [37.42043, -122.03903], [37.420411, -122.039037], [37.420383, -122.039034], [37.420332, -122.039014], [37.420295, -122.038987], [37.420285, -122.038965], [37.42028, -122.038932], [37.420284, -122.038879], [37.420297, -122.038854], [37.420322, -122.038839], [37.420354, -122.038843], [37.420411, -122.03885], [37.420432, -122.038851], [37.420474, -122.038838], [37.420508, -122.038835], [37.42053, -122.038838], [37.420549, -122.038849], [37.420561, -122.038862], [37.420565, -122.038877]]}, "10": {"path": [[37.420179, -122.039712], [37.422493, -122.038142]], "green": [[37.422517, -122.038228], [37.422457, -122.038233], [37.422427, -122.03823], [37.422408, -122.038217], [37.422395, -122.038189], [37.422393, -122.038168], [37.422395, -122.038141], [37.422406, -122.038109], [37.422428, -122.03808], [37.422456, -122.038056], [37.422495, -122.038039], [37.422526, -122.03804], [37.422552, -122.03805], [37.422573, -122.038062], [37.422588, -122.038086], [37.422591, -122.038126], [37.422588, -122.038163], [37.422582, -122.038189], [37.422559, -122.038209], [37.422517, -122.038228]]}, "12": {"path": [[37.425019, -122.042034], [37.424575, -122.043901], [37.423267, -122.04541]], "green": [[37.423379, -122.045366], [37.423383, -122.045396], [37.423385, -122.045436], [37.423382, -122.045464], [37.423366, -122.045493], [37.423348, -122.045507], [37.423281, -122.045527], [37.423229, -122.045537], [37.423206, -122.045537], [37.423171, -122.045515], [37.423146, -122.045487], [37.423135, -122.045459], [37.423125, -122.04542], [37.423128, -122.045394], [37.423135, -122.045362], [37.423166, -122.045339], [37.423207, -122.045319], [37.423261, -122.045299], [37.423287, -122.045291], [37.423321, -122.045293], [37.423347, -122.045304], [37.423363, -122.045319], [37.423379, -122.045366]]}, "13": {"path": [[37.422449, -122.04553], [37.424313, -122.046051]], "green": [[37.424381, -122.046135], [37.424303, -122.046204], [37.424264, -122.046209], [37.424209, -122.046188], [37.42419, -122.046162], [37.424179, -122.046117], [37.424196, -122.046031], [37.424235, -122.045934], [37.424284, -122.045898], [37.424335, -122.045877], [37.424374, -122.045882], [37.424412, -122.045924], [37.424427, -122.045973], [37.424424, -122.046044], [37.424409, -122.046102], [37.424381, -122.046135]]}, "14": {"path": [[37.424099, -122.047275], [37.422365, -122.04671], [37.421284, -122.045646]],