{"holes": {"1": {"path": [[33.88814, -117.979665], [33.886913, -117.981056], [33.885949, -117.982572]], "green": [[33.886029, -117.982553], [33.886025, -117.982591], [33.88601, -117.98263], [33.885992, -117.982656], [33.885964, -117.98268], [33.885936, -117.9827], [33.885908, -117.982703], [33.885881, -117.982692], [33.885862, -117.982673], [33.885851, -117.982645], [33.885847, -117.982591], [33.885856, -117.982553], [33.885878, -117.982515], [33.885908, -117.98248], [33.885946, -117.982454], [33.885967, -117.982442], [33.885986, -117.982444], [33.886005, -117.982456], [33.88602, -117.98248], [33.886026, -117.982522], [33.886029, -117.982553]]}, "2": {"path": [[33.886322, -117.982838], [33.887696, -117.981272], [33.888223, -117.980207]], "green": [[33.888243, -117.980298], [33.888275, -117.980266], [33.888308, -117.980216], [33.888323, -117.980167], [33.888323, -117.980111], [33.888307, -117.980081], [33.888278, -117.98007], [33.888255, -117.980073], [33.888233, -117.980083], [33.888197, -117.980107], [33.888175, -117.980136], [33.888148, -117.980175], [33.888129, -117.980216], [33.888126, -117.980263], [33.888134, -117.980315], [33.888155, -117.980358], [33.888175, -117.980367], [33.888209, -117.980341], [33.888243, -117.980298]]}, "4": {"path": [[33.888143, -117.983439], [33.891369, -117.982933], [33.892527, -117.982596]], "green": [[33.89269, -117.982588], [33.892674, -117.982551], [33.892638, -117.982517], [33.892604, -117.982511], [33.892559, -117.982512], [33.892531, -117.982495], [33.892497, -117.982473], [33.892466, -117.982466], [33.892426, -117.982486], [33.892378, -117.982533], [33.89235, -117.982573], [33.892332, -117.982618], [33.892341, -117.982676], [33.892366, -117.982712], [33.892396, -117.982726], [33.89245, -117.982723], [33.892557, -117.982708], [33.892619, -117.982701], [33.892658, -117.982686], [33.892683, -117.982661], [33.892696, -117.982617], [33.89269, -117.982588]]}, "5": {"path": [[33.892707, -117.982039], [33.889383, -117.9825]], "green": [[33.889451, -117.982524], [33.889474, -117.982509], [33.889488, -117.98249], [33.889492, -117.98247], [33.88949, -117.982446], [33.88947, -117.982414], [33.889433, -117.982394], [33.889392, -117.982387], [33.889335, -117.98239], [33.889309, -117.982404], [33.889287, -117.982434], [33.889281, -117.982474], [33.88928, -117.982517], [33.889281, -117.982547], [33.889293, -117.982576], [33.889312, -117.982597], [33.889332, -117.982606], [33.889357, -117.982606], [33.889386, -117.982593], [33.88941, -117.982561], [33.889428, -117.982542], [33.889451, -117.982524]]}, "6": {"path": [[33.880307, -117.981467], [33.883511, -117.983107]], "green": [[33.883443, -117.982985], [33.883504, -117.983006], [33.883562, -117.983046], [33.883606, -117.983061], [33.883648, -117.983082], [33.883663, -117.983114], [33.883667, -117.983145], [33.883663, -117.983177], [33.883643, -117.983205], [33.883611, -117.983218], [33.883502, -117.983225], [33.883437, -117.98323], [33.883407, -117.983212], [33.883383, -117.983167], [33.88337, -117.983101], [33.883369, -117.983061], [33.883383, -117.983016], [33.883413, -117.982992], [33.883443, -117.982985]]}, "7": {"path": [[33.891048, -117.978495], [33.889623, -117.978214]], "green": [[33.88967, -117.978279], [33.889694, -117.978271], [33.889717, -117.978264], [33.889738, -117.978251], [33.889757, -117.978229], [33.889769, -117.978198], [33.889772, -117.978171], [33.889766, -117.978147], [33.889745, -117.978117], [33.889724, -117.9781], [33.889698, -117.978093], [33.88967, -117.97809], [33.889611, -117.978085], [33.889572, -117.978085], [33.889536, -117.978089], [33.889513, -117.978108], [33.889494, -117.978144], [33.889483, -117.978181], [33.889478, -117.978215], [33.889478, -117.978247], [33.889482, -117.978289], [33.8895, -117.978328], [33.889525, -117.978346], [33.889556, -117.978364], [33.889578, -117.978365], [33.889603, -117.978346], [33.889634, -117.978299], [33.88967, -117.978279]]}, "8": {"path": [[33.889993, -117.977917], [33.891584, -117.976656], [33.892334, -117.975203]], "green": [[33.892407, -117.975236], [33.892425, -117.975218], [33.892436, -117.975196], [33.892442, -117.975173], [33.892442, -117.975145], [33.892434, -117.975112], [33.892413, -117.975091], [33.892386, -117.97508], [33.892356, -117.97508], [33.89232, -117.975091], [33.892299, -117.975099], [33.89228, -117.975114], [33.892264, -117.975137], [33.892246, -117.975163], [33.892234, -117.97519], [33.892229, -117.975223], [33.892233, -117.975257], [33.892235, -117.975284], [33.892242, -117.975303], [33.892254, -117.975324], [33.89228, -117.975338], [33.892313, -117.975332], [33.892349, -117.975313], [33.892376, -117.975281], [33.892393, -117.975255], [33.892407, -117.975236]]}, "9": {"path": [[33.891618, -117.974865], [33.890368, -117.976001], [33.888159, -117.977078]], "green": [[33.888253, -117.97711], [33.88827, -117.977061], [33.888292, -117.977011], [33.888293, -117.976962], [33.88828, -117.976924], [33.888253, -117.976907], [33.88823, -117.97691], [33.888205, -117.976926], [33.888176, -117.976962], [33.888133, -117.976993], [33.888081, -117.977022], [33.888038, -117.977033], [33.888015, -117.977048], [33.888006, -117.977077], [33.888008, -117.977116], [33.888019, -117.977151], [33.888036, -117.977171], [33.888061, -117.977185], [33.888098, -117.977183], [33.888124, -117.977181], [33.888153, -117.977198], [33.888179, -117.977217], [33.888208, -117.977223], [33.888227, -117.977202], [33.888243, -117.977152], [33.888253, -117.97711]]}}}