{"holes": {"1": {"path": [[34.436803, -119.256497], [34.435184, -119.258079], [34.434856, -119.259283]], "green": [[34.434954, -119.259204], [34.434959, -119.259222], [34.434957, -119.259255], [34.43495, -119.259292], [34.434939, -119.259326], [34.434919, -119.259347], [34.434891, -119.259362], [34.434855, -119.259377], [34.434766, -119.259412], [34.434733, -119.259417], [34.434715, -119.259395], [34.434715, -119.259364], [34.434732, -119.259327], [34.434754, -119.259275], [34.434779, -119.259237], [34.434805, -119.259227], [34.43484, -119.259218], [34.434866, -119.259207], [34.434891, -119.259194], [34.434914, -119.259182], [34.434936, -119.259185], [34.434954, -119.259204]]}, "2": {"path": [[34.434544, -119.259309], [34.434701, -119.256844], [34.434071, -119.256149]], "green": [[34.434194, -119.256187], [34.434186, -119.256221], [34.434174, -119.256242], [34.434151, -119.256259], [34.434123, -119.256266], [34.434087, -119.256255], [34.434057, -119.256236], [34.434032, -119.256212], [34.433996, -119.256195], [34.433963, -119.256184], [34.43394, -119.256164], [34.433929, -119.256139], [34.433932, -119.256101], [34.433952, -119.256055], [34.433973, -119.256028], [34.433996, -119.256024], [34.434016, -119.256029], [34.434037, -119.256042], [34.43406, -119.256073], [34.434078, -119.256099], [34.434106, -119.256122], [34.434135, -119.25613], [34.434156, -119.256133], [34.434176, -119.256139], [34.43419, -119.25616], [34.434194, -119.256187]]}, "3": {"path": [[34.433207, -119.255671], [34.433677, -119.256614]], "green": [[34.433755, -119.256634], [34.433756, -119.256649], [34.433745, -119.25667], [34.433719, -119.256692], [34.433697, -119.256715], [34.433669, -119.256746], [34.433644, -119.25676], [34.433614, -119.256748], [34.433594, -119.256719], [34.433592, -119.256676], [34.433594, -119.256634], [34.433604, -119.256601], [34.433625, -119.256572], [34.433639, -119.256532], [34.433647, -119.256499], [34.433658, -119.256473], [34.433679, -119.256467], [34.433694, -119.256475], [34.433703, -119.256492], [34.433717, -119.256545], [34.433729, -119.256575], [34.433744, -119.256609], [34.433755, -119.256634]]}, "4": {"path": [[34.433682, -119.256948], [34.434351, -119.259474]], "green": [[34.434347, -119.259364], [34.434358, -119.25937], [34.43438, -119.259398], [34.434406, -119.259436], [34.434421, -119.25947], [34.434428, -119.259505], [34.434422, -119.25954], [34.434408, -119.259575], [34.434385, -119.259595], [34.43436, -119.259598], [34.43433, -119.259584], [34.434303, -119.259547], [34.434288, -119.259522], [34.434277, -119.25949], [34.434277, -119.259457], [34.434293, -119.259424], [34.434308, -119.259398], [34.434323, -119.259371], [34.434347, -119.259364]]}, "5": {"path": [[34.433412, -119.259857], [34.432207, -119.257812], [34.431654, -119.256137]], "green": [[34.431588, -119.256166], [34.431567, -119.25613], [34.431566, -119.256097], [34.431585, -119.256055], [34.43161, -119.256009], [34.431634, -119.255986], [34.431652, -119.255984], [34.431669, -119.255995], [34.431686, -119.256036], [34.43171, -119.256095], [34.431726, -119.256137], [34.431733, -119.256168], [34.431732, -119.256207], [34.431721, -119.256246], [34.431707, -119.256267], [34.431682, -119.256277], [34.431661, -119.256266], [34.431643, -119.256247], [34.431619, -119.256202], [34.431588, -119.256166]]}, "6": {"path": [[34.431355, -119.256049], [34.431158, -119.258182], [34.430817, -119.258846]], "green": [[34.430913, -119.258864], [34.430912, -119.258882], [34.430903, -119.258901], [34.430886, -119.258913], [34.430861, -119.258919], [34.430824, -119.258924], [34.430791, -119.258929], [34.43075, -119.258931], [34.430725, -119.258922], [34.430705, -119.258903], [34.430698, -119.258886], [34.430698, -119.258855], [34.430708, -119.258828], [34.430725, -119.258805], [34.43075, -119.258785], [34.43078, -119.258777], [34.430798, -119.258768], [34.430819, -119.258757], [34.430838, -119.258749], [34.430857, -119.258755], [34.43087, -119.258771], [34.430885, -119.258796], [34.430897, -119.25882], [34.43091, -119.258839], [34.430913, -119.258864]]}, "7": {"path": [[34.429831, -119.259167], [34.43174, -119.259941], [34.432758, -119.259448]], "green": [[34.432736, -119.259379], [34.432744, -119.259429], [34.432739, -119.259459], [34.432717, -119.259497], [34.432682, -119.259516], [34.432605, -119.259513], [34.432596, -119.25953], [34.432607, -119.259557], [34.432651, -119.259573], [34.432719, -119.259575], [34.432788, -119.259576], [34.432825, -119.259573], [34.432855, -119.259545], [34.432879, -119.25949], [34.432897, -119.259437], [34.432894, -119.259392], [34.432866, -119.25935], [34.432833, -119.259307], [34.4328, -119.259291], [34.432774, -119.259294], [34.43275, -119.259308], [34.432734, -119.259343], [34.432736, -119.259379]]}, "8": {"path": [[34.432756, -119.260271], [34.433741, -119.260342]], "green": [[34.433653, -119.260309], [34.433639, -119.260329], [34.433643, -119.260367], [34.433687, -119.260409], [34.433749, -119.260465], [34.433793, -119.260474], [34.433814, -119.26046], [34.433825, -119.260408], [34.433835, -119.260351], [34.433838, -119.260296], [34.433814, -119.260259], [34.433791, -119.260248], [34.433762, -119.260256], [34.433737, -119.260274], [34.433702, -119.260295], [34.433668, -119.260298], [34.433653, -119.260309]]}, "9": {"path": [[34.434322, -119.260228], [34.438308, -119.258459]], "green": [[34.43841, -119.258435], [34.438406, -119.258473], [34.438384, -119.258515], [34.438345, -119.258543], [34.438285, -119.258572], [34.438255, -119.258574], [34.438205, -119.258548], [34.438185, -119.258511], [34.438186, -119.258474], [34.43822, -119.258441], [34.438271, -119.258408], [34.438298, -119.258358], [34.438324, -119.25833], [34.438349, -119.258338], [34.43839, -119.258385], [34.43841, -119.258435]]}, "10": {"path": [[34.438256, -119.256136], [34.440132, -119.257084], [34.441108, -119.258026]], "green": [[34.441233, -119.258073], [34.441215, -119.258131], [34.441196, -119.258161], [34.441169, -119.258168], [34.441144, -119.258158], [34.441114, -119.258135], [34.44109, -119.258097], [34.441067, -119.258062], [34.441041, -119.25804], [34.441005, -119.258027], [34.440972, -119.258008], [34.440958, -119.25798], [34.440959, -119.25795], [34.440981, -119.257928], [34.441014, -119.257914], [34.441041, -119.25791], [34.441088, -119.257917], [34.441137, -119.257919], [34.441173, -119.257932], [34.4412, -119.257966], [34.441223, -119.258013], [34.441234, -119.258046], [34.441233, -119.258073]]}}}