{"holes": {"1": {"path": [[36.572449, -121.773418], [36.574294, -121.772523], [36.575866, -121.77072]], "green": [[36.575935, -121.770712], [36.575941, -121.770724], [36.575947, -121.770743], [36.575947, -121.770757], [36.575944, -121.770772], [36.575939, -121.770783], [36.575931, -121.770798], [36.575923, -121.770807], [36.575915, -121.770818], [36.575906, -121.770828], [36.575897, -121.77084], [36.575885, -121.770853], [36.575875, -121.770865], [36.575865, -121.77087], [36.575852, -121.770874], [36.575839, -121.770874], [36.575826, -121.770868], [36.575818, -121.770862], [36.575809, -121.770852], [36.575803, -121.770841], [36.5758, -121.770826], [36.575798, -121.770811], [36.5758, -121.770799], [36.575804, -121.770781], [36.575811, -121.770767], [36.575818, -121.77075], [36.575826, -121.770733], [36.575831, -121.770714], [36.575832, -121.770695], [36.575831, -121.770672], [36.575828, -121.770657], [36.575821, -121.770639], [36.575816, -121.770626], [36.575814, -121.77061], [36.575815, -121.770593], [36.57582, -121.770578], [36.575828, -121.770566], [36.575839, -121.770558], [36.57585, -121.770556], [36.575861, -121.770555], [36.575871, -121.770558], [36.57588, -121.770565], [36.575885, -121.770575], [36.575889, -121.770592], [36.575889, -121.770609], [36.57589, -121.770624], [36.575894, -121.770642], [36.575898, -121.770662], [36.575907, -121.770677], [36.575915, -121.770689], [36.575927, -121.770701], [36.575935, -121.770712]]}, "2": {"path": [[36.576493, -121.771357], [36.578015, -121.772047], [36.578366, -121.772882]], "green": [[36.57842, -121.772908], [36.57843, -121.772891], [36.578443, -121.77287], [36.578451, -121.772851], [36.578456, -121.772833], [36.578457, -121.772812], [36.578452, -121.772791], [36.578444, -121.772776], [36.578431, -121.772762], [36.578419, -121.772754], [36.578404, -121.772749], [36.578391, -121.772749], [36.578379, -121.772751], [36.578365, -121.772762], [36.578355, -121.772775], [36.578349, -121.772786], [36.578343, -121.772806], [36.578338, -121.772824], [36.578331, -121.772843], [36.578323, -121.772853], [36.578311, -121.772868], [36.578302, -121.772882], [36.578291, -121.772896], [36.578286, -121.772906], [36.578283, -121.772918], [36.578281, -121.772932], [36.578281, -121.772951], [36.578285, -121.772967], [36.578293, -121.772985], [36.578305, -121.772997], [36.578316, -121.773004], [36.578328, -121.773007], [36.578342, -121.773009], [36.578356, -121.773006], [36.578366, -121.773001], [36.578379, -121.772989], [36.578389, -121.772976], [36.578397, -121.772959], [36.578405, -121.772938], [36.578412, -121.772923], [36.57842, -121.772908]]}, "3": {"path": [[36.578732, -121.77306], [36.578324, -121.771263]], "green": [[36.57831, -121.77134], [36.578327, -121.771353], [36.578343, -121.771367], [36.578358, -121.771376], [36.578373, -121.771378], [36.578384, -121.771378], [36.578396, -121.771373], [36.578407, -121.771363], [36.578418, -121.771346], [36.578426, -121.771322], [36.578432, -121.771296], [36.578431, -121.771262], [36.578422, -121.771212], [36.578398, -121.771166], [36.57836, -121.771128], [36.578326, -121.771106], [36.578291, -121.771099], [36.578255, -121.771104], [36.578235, -121.771115], [36.578222, -121.771135], [36.578216, -121.771155], [36.578218, -121.77119], [36.578225, -121.771226], [36.578233, -121.771259], [36.578244, -121.771285], [36.57826, -121.771305], [36.578279, -121.771319], [36.578293, -121.771329], [36.57831, -121.77134]]}, "4": {"path": [[36.576874, -121.770643], [36.578935, -121.769055], [36.58033, -121.768862]], "green": [[36.580231, -121.768983], [36.580254, -121.769004], [36.58027, -121.769015], [36.580285, -121.769023], [36.580301, -121.769028], [36.580316, -121.76903], [36.580327, -121.769028], [36.580338, -121.769022], [36.580348, -121.769011], [36.580365, -121.768986], [36.580385, -121.768946], [36.580395, -121.768924], [36.580405, -121.768908], [36.580419, -121.768887], [36.580436, -121.768868], [36.580446, -121.768856], [36.580453, -121.768841], [36.580458, -121.768812], [36.580455, -121.768772], [36.580446, -121.768735], [36.580433, -121.76871], [36.580419, -121.768696], [36.580401, -121.768686], [36.580385, -121.768683], [36.580369, -121.768684], [36.580356, -121.76869], [36.580343, -121.768701], [36.580332, -121.768715], [36.580323, -121.768735], [36.580315, -121.768754], [36.580304, -121.768774], [36.580288, -121.76879], [36.580266, -121.768808], [36.580226, -121.768842], [36.580211, -121.768856], [36.580202, -121.768877], [36.580198, -121.768891], [36.580196, -121.768907], [36.580199, -121.768927], [36.580209, -121.768949], [36.580231, -121.768983]]}, "5": {"path": [[36.580667, -121.768581], [36.582274, -121.76722], [36.582919, -121.766026]], "green": [[36.582906, -121.766177], [36.58292, -121.766171], [36.58293, -121.766158], [36.582938, -121.766141], [36.582942, -121.766118], [36.582944, -121.766095], [36.582951, -121.766069], [36.58296, -121.766047], [36.582977, -121.766025], [36.582995, -121.766001], [36.583007, -121.765978], [36.583015, -121.765953], [36.583016, -121.765923], [36.583009, -121.765897], [36.582999, -121.765877], [36.582978, -121.765859], [36.582951, -121.765848], [36.582922, -121.765846], [36.582898, -121.765854], [36.582879, -121.765868], [36.582866, -121.765888], [36.582858, -121.765917], [36.582856, -121.765949], [36.58286, -121.765983], [36.582861, -121.766011], [36.582858, -121.766041], [36.582852, -121.766084], [36.582848, -121.766115], [36.582851, -121.766141], [36.582858, -121.766159], [36.582866, -121.76617], [36.582879, -121.766178], [36.582892, -121.76618], [36.582906, -121.766177]]}, "6": {"path": [[36.581713, -121.766957], [36.581355, -121.768558]], "green": [[36.581255, -121.768632], [36.581265, -121.768643], [36.581279, -121.768653], [36.581296, -121.76866], [36.581311, -121.768659], [36.581324, -121.768656], [36.581338, -121.768648], [36.581357, -121.768633], [36.581381, -121.768621], [36.581409, -121.768611], [36.58143, -121.768603], [36.581445, -121.768592], [36.58146, -121.768577], [36.58147, -121.768561], [36.581477, -121.76854], [36.58148, -121.768515], [36.58148, -121.768492], [36.581472, -121.768467], [36.581458, -121.768449], [36.581441, -121.768438], [36.581421, -121.768434], [36.5814, -121.768434], [36.581381, -121.768442], [36.581362, -121.768458], [36.581344, -121.768479], [36.581328, -121.768501], [36.58131, -121.768517], [36.58129, -121.768528], [36.581269, -121.768537], [36.581256, -121.768548], [36.581248, -121.768564], [36.581244, -121.768585], [36.581245, -121.768602], [36.581248, -121.768617], [36.581255, -121.768632]]}, "7": {"path": [[36.580666, -121.76831], [36.578376, -121.76838], [36.576908, -121.770098]], "green": [[36.576806, -121.770184], [36.576824, -121.770188], [36.576846, -121.770186], [36.576861, -121.770181], [36.57688, -121.77017], [36.5769, -121.770163], [36.576918, -121.77016], [36.57694, -121.770163], [36.576957, -121.770167], [36.576971, -121.770168], [36.576983, -121.770164], [36.577, -121.770154], [36.577016, -121.770139], [36.577033, -121.770117], [36.577039, -121.770095], [36.577041, -121.77007], [36.577039, -121.77005], [36.577033, -121.770024], [36.57702, -121.769999], [36.577005, -121.769987], [36.57699, -121.76998], [36.576972, -121.769979], [36.576955, -121.769986], [36.576938, -121.770003], [36.576925, -121.770021], [36.576909, -121.770033], [36.57689, -121.77004], [36.576862, -121.770047], [36.57684, -121.770049], [36.576819, -121.770053], [36.576803, -121.770061], [36.576787, -121.770073], [36.576775, -121.770095], [36.576769, -121.77012], [36.576772, -121.770143], [36.576776, -121.770158], [36.576788, -121.770172], [36.576806, -121.770184]]}, "8": {"path": [[36.576574, -121.770699], [36.576231, -121.76881]],