{"holes": {"1": {"path": [[32.691089, -117.193962], [32.69283, -117.1938], [32.694981, -117.192699]], "green": [[32.694863, -117.192801], [32.694877, -117.192816], [32.694898, -117.192822], [32.694927, -117.192822], [32.694957, -117.192823], [32.695, -117.192826], [32.695023, -117.192824], [32.695044, -117.192815], [32.695059, -117.192799], [32.695076, -117.192776], [32.695098, -117.192714], [32.695109, -117.192661], [32.695114, -117.192636], [32.695111, -117.192601], [32.695102, -117.192567], [32.695082, -117.192543], [32.695047, -117.192517], [32.695012, -117.192506], [32.694982, -117.192508], [32.694943, -117.19252], [32.694912, -117.192582], [32.694867, -117.19267], [32.694846, -117.192715], [32.694842, -117.192739], [32.694846, -117.192771], [32.694863, -117.192801]]}, "2": {"path": [[32.693844, -117.192734], [32.695745, -117.191615], [32.696323, -117.190777]], "green": [[32.696281, -117.19084], [32.696264, -117.190842], [32.696246, -117.190838], [32.696227, -117.190822], [32.696212, -117.1908], [32.696205, -117.190771], [32.696211, -117.190733], [32.696226, -117.190703], [32.696243, -117.190682], [32.696272, -117.190667], [32.696297, -117.190666], [32.696333, -117.190674], [32.696362, -117.190687], [32.696399, -117.190697], [32.696424, -117.190723], [32.696432, -117.19075], [32.696441, -117.190772], [32.696443, -117.190802], [32.696437, -117.190826], [32.696419, -117.190841], [32.696389, -117.19085], [32.696376, -117.190855], [32.696363, -117.190855], [32.696327, -117.190837], [32.696299, -117.190835], [32.696281, -117.19084]]}, "3": {"path": [[32.697189, -117.190814], [32.695703, -117.192596], [32.694938, -117.193682]], "green": [[32.694858, -117.193651], [32.69484, -117.193629], [32.694836, -117.193608], [32.694837, -117.193579], [32.694845, -117.193552], [32.69486, -117.193534], [32.694878, -117.193529], [32.694939, -117.193549], [32.695008, -117.193587], [32.695029, -117.193608], [32.695038, -117.193629], [32.695044, -117.193656], [32.695045, -117.193689], [32.695038, -117.193731], [32.695028, -117.193766], [32.695014, -117.1938], [32.695, -117.193818], [32.694984, -117.19383], [32.694963, -117.19383], [32.694939, -117.193819], [32.69492, -117.193801], [32.694909, -117.193764], [32.694911, -117.193741], [32.694909, -117.193713], [32.694901, -117.19369], [32.694887, -117.193673], [32.694858, -117.193651]]}, "4": {"path": [[32.695459, -117.19362], [32.696866, -117.191958], [32.697712, -117.191991]], "green": [[32.697603, -117.191983], [32.69763, -117.192007], [32.697674, -117.192035], [32.697703, -117.192059], [32.697736, -117.192091], [32.697759, -117.192106], [32.697784, -117.192117], [32.69781, -117.192126], [32.697829, -117.19212], [32.69784, -117.192108], [32.697847, -117.192089], [32.697851, -117.192068], [32.697848, -117.192043], [32.697845, -117.192008], [32.697829, -117.191969], [32.697803, -117.191923], [32.697701, -117.191859], [32.697672, -117.191853], [32.697637, -117.19186], [32.697626, -117.191862], [32.697613, -117.191873], [32.697601, -117.191886], [32.697595, -117.1919], [32.697593, -117.191918], [32.697592, -117.191941], [32.697596, -117.191957], [32.697603, -117.191983]]}, "5": {"path": [[32.698237, -117.191995], [32.69749, -117.190906]], "green": [[32.697444, -117.191024], [32.69742, -117.190958], [32.697406, -117.1909], [32.697404, -117.190856], [32.697414, -117.190813], [32.697432, -117.190777], [32.697452, -117.190759], [32.697475, -117.190751], [32.6975, -117.190749], [32.697522, -117.190773], [32.697531, -117.190792], [32.697539, -117.190817], [32.697541, -117.190855], [32.697546, -117.190889], [32.697559, -117.190928], [32.697567, -117.190966], [32.697566, -117.190994], [32.697546, -117.191029], [32.697527, -117.191045], [32.697501, -117.191057], [32.697473, -117.19105], [32.697455, -117.191037], [32.697444, -117.191024]]}, "6": {"path": [[32.696303, -117.190156], [32.693332, -117.192459], [32.69218, -117.193089]], "green": [[32.692316, -117.193101], [32.69231, -117.193133], [32.692297, -117.193163], [32.692282, -117.193175], [32.692265, -117.193184], [32.692251, -117.193181], [32.692216, -117.193167], [32.692183, -117.193163], [32.692146, -117.19318], [32.692127, -117.193179], [32.692101, -117.193171], [32.692072, -117.193156], [32.692055, -117.193134], [32.69204, -117.193102], [32.692031, -117.193064], [32.692034, -117.193023], [32.692052, -117.192997], [32.692073, -117.19298], [32.692112, -117.192959], [32.692154, -117.192948], [32.69219, -117.192955], [32.692223, -117.192978], [32.692252, -117.193002], [32.692285, -117.193041], [32.692307, -117.193071], [32.692316, -117.193101]]}, "7": {"path": [[32.693102, -117.191981], [32.691759, -117.192696]], "green": [[32.691873, -117.192697], [32.69186, -117.192727], [32.691828, -117.192773], [32.691801, -117.192797], [32.691769, -117.192811], [32.691732, -117.192809], [32.691704, -117.192799], [32.691677, -117.192785], [32.69165, -117.192761], [32.691635, -117.192737], [32.691625, -117.192695], [32.691631, -117.192663], [32.691645, -117.192632], [32.691671, -117.192608], [32.691718, -117.192595], [32.69177, -117.1926], [32.691807, -117.1926], [32.691837, -117.192604], [32.691856, -117.192621], [32.691865, -117.192643], [32.691873, -117.192666], [32.691873, -117.192697]]}, "8": {"path": [[32.69165, -117.192318], [32.688824, -117.193226]], "green": [[32.688721, -117.193275], [32.688745, -117.193306], [32.688776, -117.193328], [32.688806, -117.19334], [32.688822, -117.19334], [32.688839, -117.193342], [32.688873, -117.193334], [32.688899, -117.193314], [32.688918, -117.19329], [32.688931, -117.193261], [32.688935, -117.193224], [32.688934, -117.1932], [32.688925, -117.193171], [32.688918, -117.193158], [32.688911, -117.193143], [32.688893, -117.193124], [32.688874, -117.193112], [32.688837, -117.193103], [32.688801, -117.193106], [32.688767, -117.193118], [32.688738, -117.193148], [32.68872, -117.193174], [32.688711, -117.193204], [32.688706, -117.193231], [32.688712, -117.193258], [32.688721, -117.193275]]}, "9": {"path": [[32.688842, -117.193655], [32.691483, -117.193163]], "green": [[32.691384, -117.193243], [32.691412, -117.193279], [32.691443, -117.193289], [32.691476, -117.193292], [32.691512, -117.19328], [32.691551, -117.193254], [32.691575, -117.193229], [32.691587, -117.193212], [32.691593, -117.193195], [32.691596, -117.193159], [32.69159, -117.193123], [32.691577, -117.193069], [32.691555, -117.193036], [32.691525, -117.193022], [32.69149, -117.193017], [32.691452, -117.193023], [32.691426, -117.193037], [32.691404, -117.193068], [32.69137, -117.193123], [32.691359, -117.19317], [32.691366, -117.193216], [32.691384, -117.193243]]}, "10": {"path": [[32.689978, -117.19406], [32.690604, -117.195921], [32.691466, -117.197303]], "green": [[32.691344, -117.197254], [32.691338, -117.197293], [32.691342, -117.197322], [32.69136, -117.197368], [32.691384, -117.197399], [32.691405, -117.197418], [32.691445, -117.197443], [32.691479, -117.197452], [32.691506, -117.197452], [32.691529, -117.197446], [32.691546, -117.197433], [32.691565, -117.197406], [32.691576, -117.197371], [32.691581, -117.197339], [32.69158, -117.19731], [32.691575, -117.197284], [32.69157, -117.197266], [32.691556, -117.197233], [32.691547, -117.197216], [32.69153, -117.197199], [32.691499, -117.197187], [32.691473, -117.197176], [32.691442, -117.197171], [32.69142, -117.197174], [32.691389, -117.197181], [32.691366, -117.197198], [32.691351, -117.197225], [32.691344, -117.197254]]}, "11": {"path": [[32.692727, -117.1976], [32.69152, -117.198035]],