{"holes": {"2": {"path": [[34.02214, -117.923019], [34.020273, -117.922738], [34.019488, -117.923256]], "green": [[34.019504, -117.923362], [34.019485, -117.923394], [34.019458, -117.923439], [34.019434, -117.923482], [34.01941, -117.923495], [34.019397, -117.923483], [34.019382, -117.923467], [34.019378, -117.923443], [34.019379, -117.923419], [34.019382, -117.923383], [34.019408, -117.923305], [34.019438, -117.923214], [34.019481, -117.923111], [34.019504, -117.923059], [34.019519, -117.923033], [34.019542, -117.923021], [34.019564, -117.923021], [34.019575, -117.923033], [34.019593, -117.923055], [34.019592, -117.923073], [34.019579, -117.9231], [34.019559, -117.92313], [34.019547, -117.923164], [34.019533, -117.923224], [34.01952, -117.923303], [34.019517, -117.923334], [34.019504, -117.923362]]}, "4": {"path": [[34.015024, -117.922774], [34.015635, -117.925128], [34.015767, -117.926304]], "green": [[34.015702, -117.926453], [34.015733, -117.926461], [34.015764, -117.926449], [34.015791, -117.926416], [34.015807, -117.926357], [34.015832, -117.92632], [34.015857, -117.926291], [34.015876, -117.926241], [34.015882, -117.926177], [34.015877, -117.926127], [34.015839, -117.926119], [34.015795, -117.926119], [34.015767, -117.926143], [34.015748, -117.926208], [34.015742, -117.926243], [34.01571, -117.926289], [34.015679, -117.926328], [34.015664, -117.926366], [34.015662, -117.926386], [34.015679, -117.926429], [34.015702, -117.926453]]}, "5": {"path": [[34.016192, -117.926481], [34.016017, -117.922795]], "green": [[34.015981, -117.922954], [34.015998, -117.922962], [34.016028, -117.922947], [34.016049, -117.922915], [34.016046, -117.922819], [34.016058, -117.922798], [34.016104, -117.922762], [34.01613, -117.922728], [34.016136, -117.922688], [34.016123, -117.922645], [34.016094, -117.922623], [34.016063, -117.922607], [34.016041, -117.922614], [34.016, -117.922636], [34.015926, -117.922715], [34.015902, -117.922764], [34.015899, -117.922824], [34.015907, -117.922866], [34.015931, -117.922916], [34.01596, -117.922952], [34.015981, -117.922954]]}, "6": {"path": [[34.016407, -117.92293], [34.016549, -117.925772], [34.016854, -117.927211], [34.016892, -117.928529]], "green": [[34.016877, -117.928776], [34.016905, -117.928765], [34.016932, -117.928725], [34.016945, -117.928637], [34.016969, -117.928452], [34.016979, -117.928395], [34.016985, -117.928359], [34.016974, -117.92831], [34.016934, -117.928276], [34.016908, -117.928272], [34.016877, -117.928277], [34.01686, -117.928308], [34.016849, -117.928338], [34.016863, -117.928382], [34.01688, -117.928413], [34.016893, -117.928469], [34.016883, -117.928507], [34.016869, -117.928548], [34.016843, -117.928616], [34.016834, -117.928667], [34.01683, -117.928699], [34.01683, -117.928725], [34.016842, -117.928761], [34.01686, -117.928771], [34.016877, -117.928776]]}, "11": {"path": [[34.017415, -117.928465], [34.017092, -117.925823], [34.017104, -117.924143], [34.01768, -117.923697]], "green": [[34.017713, -117.923751], [34.017736, -117.923796], [34.017757, -117.923814], [34.017792, -117.923814], [34.01782, -117.923778], [34.017846, -117.923723], [34.017851, -117.923656], [34.017837, -117.923619], [34.017809, -117.923605], [34.017764, -117.923606], [34.017717, -117.923594], [34.017683, -117.923571], [34.017643, -117.923573], [34.017599, -117.923598], [34.017571, -117.92362], [34.017512, -117.923649], [34.017485, -117.923687], [34.017488, -117.923728], [34.017522, -117.923761], [34.017542, -117.923773], [34.017579, -117.923769], [34.01765, -117.923749], [34.017694, -117.923742], [34.017713, -117.923751]]}, "12": {"path": [[34.019344, -117.922511], [34.022164, -117.921247]], "green": [[34.022147, -117.92113], [34.022118, -117.921123], [34.022097, -117.921133], [34.022075, -117.92116], [34.022066, -117.9212], [34.022075, -117.921218], [34.022103, -117.921254], [34.02211, -117.921279], [34.02211, -117.921306], [34.02211, -117.921338], [34.022121, -117.921375], [34.022137, -117.921391], [34.022163, -117.921387], [34.022196, -117.921354], [34.022233, -117.921312], [34.022257, -117.92129], [34.022276, -117.921265], [34.022284, -117.921236], [34.022281, -117.921205], [34.022266, -117.921181], [34.022245, -117.921167], [34.022147, -117.92113]]}, "14": {"path": [[34.024385, -117.91899], [34.022809, -117.919279]], "green": [[34.022934, -117.919265], [34.022916, -117.919307], [34.022913, -117.919376], [34.022907, -117.919419], [34.022913, -117.919464], [34.022866, -117.919475], [34.022833, -117.919466], [34.022809, -117.919459], [34.022804, -117.919419], [34.022771, -117.919377], [34.022736, -117.919382], [34.022697, -117.91936], [34.022657, -117.919342], [34.022635, -117.919286], [34.022626, -117.919252], [34.022619, -117.919227], [34.022623, -117.919198], [34.022642, -117.919172], [34.022679, -117.919164], [34.022721, -117.91917], [34.022763, -117.919184], [34.022815, -117.919177], [34.02285, -117.919163], [34.022874, -117.919154], [34.022891, -117.919154], [34.022908, -117.919157], [34.022922, -117.919167], [34.022933, -117.91919], [34.022937, -117.919212], [34.022939, -117.919238], [34.022934, -117.919265]]}, "15": {"path": [[34.022267, -117.919231], [34.020514, -117.920262], [34.019929, -117.920993]], "green": [[34.020019, -117.920791], [34.019963, -117.920807], [34.019855, -117.92084], [34.019835, -117.920852], [34.019813, -117.920865], [34.019804, -117.920897], [34.019803, -117.920913], [34.019799, -117.920961], [34.019817, -117.921018], [34.019826, -117.921045], [34.019829, -117.921088], [34.019835, -117.921135], [34.019845, -117.921166], [34.019859, -117.921188], [34.019891, -117.921203], [34.019918, -117.921199], [34.019935, -117.921193], [34.019958, -117.921187], [34.019981, -117.921154], [34.01999, -117.921103], [34.020005, -117.921038], [34.020024, -117.921005], [34.020043, -117.920981], [34.020054, -117.920955], [34.020062, -117.920919], [34.020065, -117.920873], [34.020056, -117.920825], [34.020048, -117.920802], [34.020019, -117.920791]]}, "16": {"path": [[34.019389, -117.921982], [34.021284, -117.920629], [34.022532, -117.920325]], "green": [[34.022481, -117.920162], [34.02252, -117.92018], [34.022588, -117.920239], [34.022615, -117.920268], [34.022647, -117.920296], [34.022673, -117.920322], [34.022692, -117.920351], [34.022693, -117.920392], [34.022681, -117.920439], [34.022654, -117.920463], [34.02263, -117.92047], [34.022601, -117.920466], [34.022507, -117.920414], [34.022467, -117.920401], [34.022445, -117.920399], [34.022417, -117.920393], [34.022399, -117.920375], [34.022384, -117.920346], [34.022385, -117.920327], [34.022404, -117.920256], [34.022429, -117.920195], [34.02245, -117.920165], [34.022481, -117.920162]]}}}