{"holes": {"1": {"path": [[36.850592, -119.852466], [36.852552, -119.850553], [36.85311, -119.849558]], "green": [[36.853015, -119.849597], [36.853, -119.84958], [36.852988, -119.849557], [36.85298, -119.849536], [36.852978, -119.849514], [36.852983, -119.84949], [36.852999, -119.849462], [36.853015, -119.849445], [36.853032, -119.849436], [36.853051, -119.849434], [36.853069, -119.849434], [36.853094, -119.849444], [36.853117, -119.849454], [36.853147, -119.849468], [36.853172, -119.849481], [36.853191, -119.849491], [36.853212, -119.849499], [36.853228, -119.849509], [36.853237, -119.84952], [36.853239, -119.849536], [36.853239, -119.849555], [36.853235, -119.84958], [36.853227, -119.849604], [36.853214, -119.849631], [36.8532, -119.849654], [36.853185, -119.849672], [36.853167, -119.849685], [36.853147, -119.849694], [36.853129, -119.849692], [36.853112, -119.849684], [36.853091, -119.849668], [36.853071, -119.849654], [36.853051, -119.849637], [36.853034, -119.84962], [36.853015, -119.849597]]}, "2": {"path": [[36.852967, -119.850598], [36.854841, -119.848723], [36.856149, -119.848515]], "green": [[36.856076, -119.848538], [36.856071, -119.848517], [36.856067, -119.848498], [36.856064, -119.848475], [36.856066, -119.848444], [36.856073, -119.848405], [36.856079, -119.848373], [36.85609, -119.848351], [36.856101, -119.848339], [36.856116, -119.848334], [36.856138, -119.848337], [36.856172, -119.848344], [36.856204, -119.84835], [36.856224, -119.848359], [36.856238, -119.84837], [36.856245, -119.848387], [36.856247, -119.84841], [36.856245, -119.848436], [36.856241, -119.848464], [36.856236, -119.848496], [36.856229, -119.84853], [36.856222, -119.848565], [36.856214, -119.8486], [36.856206, -119.848625], [36.856196, -119.848651], [36.856184, -119.848671], [36.85617, -119.848685], [36.856161, -119.848692], [36.856151, -119.848697], [36.856139, -119.848697], [36.856128, -119.848691], [36.856119, -119.848678], [36.85611, -119.848656], [36.8561, -119.848628], [36.856092, -119.848601], [36.856085, -119.848575], [36.85608, -119.848554], [36.856076, -119.848538]]}, "3": {"path": [[36.856718, -119.847931], [36.851556, -119.848375]], "green": [[36.851575, -119.848447], [36.851559, -119.848444], [36.851539, -119.848443], [36.851524, -119.848446], [36.85151, -119.848452], [36.851496, -119.848456], [36.851482, -119.848454], [36.851466, -119.848448], [36.851452, -119.848437], [36.851441, -119.848421], [36.851432, -119.848399], [36.851426, -119.848376], [36.851424, -119.848351], [36.851425, -119.848316], [36.851431, -119.848285], [36.851445, -119.848264], [36.851457, -119.848251], [36.851474, -119.848244], [36.851489, -119.848245], [36.851506, -119.848252], [36.851516, -119.848262], [36.851526, -119.84828], [36.851539, -119.8483], [36.851554, -119.848313], [36.851571, -119.848319], [36.851589, -119.848324], [36.851607, -119.848326], [36.851627, -119.848327], [36.851641, -119.848329], [36.851655, -119.848337], [36.851664, -119.848348], [36.851669, -119.848362], [36.851673, -119.848377], [36.851675, -119.848393], [36.851675, -119.848413], [36.851674, -119.848433], [36.851667, -119.84845], [36.851663, -119.848456], [36.851653, -119.848462], [36.851643, -119.848464], [36.851629, -119.848461], [36.851611, -119.848456], [36.851595, -119.848452], [36.851575, -119.848447]]}, "4": {"path": [[36.851512, -119.849295], [36.85057, -119.848296]], "green": [[36.850523, -119.848364], [36.850514, -119.848333], [36.850501, -119.848298], [36.850488, -119.848262], [36.850477, -119.848229], [36.850472, -119.8482], [36.850471, -119.848167], [36.850479, -119.848141], [36.850492, -119.848126], [36.85051, -119.848116], [36.850529, -119.848118], [36.850544, -119.848126], [36.850563, -119.848144], [36.85058, -119.848164], [36.850598, -119.848183], [36.85062, -119.848202], [36.850639, -119.848218], [36.850655, -119.848231], [36.850661, -119.848243], [36.850664, -119.84826], [36.850659, -119.848282], [36.850647, -119.848305], [36.850633, -119.848329], [36.850624, -119.848351], [36.85062, -119.848372], [36.850619, -119.848394], [36.85062, -119.848415], [36.850615, -119.848434], [36.850602, -119.848455], [36.850592, -119.848468], [36.850581, -119.848472], [36.850571, -119.848473], [36.850561, -119.848465], [36.850552, -119.848446], [36.850542, -119.848419], [36.850533, -119.848394], [36.850523, -119.848364]]}, "5": {"path": [[36.84979, -119.847815], [36.849837, -119.850645], [36.850051, -119.851413]], "green": [[36.849977, -119.85152], [36.849971, -119.851498], [36.849968, -119.851469], [36.849969, -119.851445], [36.849974, -119.851422], [36.849984, -119.851398], [36.849997, -119.851376], [36.850008, -119.851358], [36.850014, -119.851339], [36.850015, -119.851318], [36.850017, -119.851289], [36.850019, -119.851271], [36.850022, -119.85126], [36.850029, -119.851253], [36.850038, -119.85125], [36.850057, -119.851249], [36.850076, -119.851253], [36.850094, -119.851257], [36.850107, -119.851265], [36.850116, -119.851275], [36.850122, -119.851293], [36.850125, -119.851316], [36.850126, -119.851344], [36.850122, -119.851371], [36.850116, -119.851394], [36.850108, -119.851426], [36.850108, -119.85145], [36.850111, -119.851475], [36.850116, -119.851497], [36.850118, -119.851519], [36.850111, -119.85154], [36.8501, -119.851552], [36.85009, -119.851559], [36.850077, -119.851563], [36.850063, -119.851566], [36.850046, -119.851565], [36.850024, -119.851562], [36.850011, -119.851557], [36.849997, -119.851547], [36.849987, -119.851537], [36.849977, -119.85152]]}, "6": {"path": [[36.848857, -119.851143], [36.846694, -119.852093], [36.845419, -119.853232]], "green": [[36.845309, -119.853288], [36.845299, -119.853273], [36.845291, -119.853252], [36.845286, -119.853229], [36.845283, -119.853203], [36.845287, -119.853174], [36.845298, -119.853151], [36.845314, -119.853134], [36.845331, -119.853131], [36.845352, -119.853136], [36.845376, -119.853144], [36.845396, -119.85315], [36.845418, -119.853149], [36.845436, -119.853143], [36.845455, -119.853133], [36.845475, -119.853116], [36.84549, -119.853106], [36.845507, -119.853097], [36.845525, -119.853096], [36.845536, -119.853103], [36.845545, -119.853117], [36.845552, -119.853134], [36.845555, -119.853157], [36.845552, -119.853184], [36.845545, -119.853212], [36.845534, -119.853243], [36.845521, -119.853274], [36.84551, -119.853299], [36.845499, -119.853321], [36.845485, -119.853342], [36.845469, -119.853363], [36.845454, -119.853377], [36.845439, -119.853385], [36.845423, -119.853387], [36.845408, -119.853387], [36.845392, -119.85338], [36.845375, -119.853367], [36.845362, -119.853355], [36.845348, -119.85334], [36.845333, -119.853323], [36.845321, -119.853307], [36.845309, -119.853288]]}, "7": {"path": [[36.845014, -119.852477], [36.843864, -119.853853]], "green": [[36.84376, -119.853884], [36.843754, -119.853864], [36.84375, -119.853836], [36.843747, -119.853805], [36.843748, -119.853768], [36.843752, -119.853733], [36.843762, -119.853713], [36.84378, -119.853705], [36.843802, -119.853702], [36.843822, -119.853702], [36.843839, -119.853706], [36.843855, -119.853714], [36.843865, -119.853727], [36.843867, -119.853738], [36.843861, -119.853763], [36.843857, -119.85379], [36.843857, -119.853809], [36.843862, -119.853826], [36.843871, -119.853845], [36.843881, -119.853859], [36.843894, -119.853868], [36.843912, -119.853868], [36.843931, -119.853858], [36.843947, -119.853844], [36.843962, -119.853837], [36.843977, -119.853838], [36.843989, -119.853845], [36.843996, -119.853862], [36.843996, -119.853883], [36.84399, -119.853909], [36.843981, -119.853929], [36.843966, -119.853943], [36.84395, -119.853952], [36.84393, -119.853959], [36.843911, -119.853966], [36.843893, -119.853971], [36.843876, -119.853976], [36.843859, -119.85398], [36.843843, -119.85398], [36.843829, -119.853976], [36.843813, -119.853967], [36.843802, -119.853955], [36.843788, -119.853936], [36.843775, -119.853914], [36.84376, -119.853884]]},