{"holes": {"1": {"path": [[39.967864, -83.816118], [39.968674, -83.813201], [39.969313, -83.812582]], "green": [[39.954782, -83.815394], [39.954779, -83.815436], [39.954764, -83.815507], [39.954737, -83.815576], [39.954711, -83.815615], [39.954681, -83.81565], [39.954654, -83.815658], [39.95463, -83.815659], [39.954617, -83.815653], [39.954601, -83.815649], [39.954589, -83.815636], [39.954577, -83.815618], [39.954568, -83.815595], [39.954565, -83.815541], [39.954565, -83.815475], [39.954562, -83.815412], [39.954583, -83.815359], [39.954609, -83.815347], [39.954629, -83.815344], [39.954654, -83.815344], [39.954678, -83.815344], [39.954709, -83.815346], [39.954753, -83.815349], [39.95477, -83.815359], [39.954782, -83.815394]]}, "4": {"path": [[39.971175, -83.807768], [39.970986, -83.811265]], "green": [[39.971156, -83.81129], [39.97115, -83.811322], [39.971131, -83.811358], [39.971107, -83.811378], [39.97106, -83.811384], [39.971007, -83.811376], [39.970963, -83.811374], [39.970908, -83.81138], [39.97086, -83.811374], [39.970816, -83.811355], [39.970799, -83.811323], [39.970795, -83.811286], [39.970801, -83.811246], [39.970815, -83.811217], [39.970835, -83.811174], [39.970875, -83.811145], [39.970923, -83.811116], [39.970967, -83.811105], [39.971004, -83.811119], [39.971041, -83.811161], [39.971074, -83.811179], [39.971109, -83.811191], [39.971141, -83.811225], [39.971154, -83.811263], [39.971156, -83.81129]]}, "5": {"path": [[39.965599, -83.818364], [39.963695, -83.819257], [39.962285, -83.820228]], "green": [[39.96219, -83.820253], [39.962204, -83.820288], [39.962216, -83.820316], [39.962228, -83.820343], [39.962238, -83.820363], [39.962244, -83.820375], [39.962263, -83.820391], [39.96228, -83.820401], [39.962294, -83.820404], [39.962311, -83.820399], [39.962331, -83.820392], [39.96235, -83.820375], [39.962363, -83.820358], [39.96236, -83.82032], [39.962362, -83.820288], [39.962371, -83.820232], [39.962386, -83.820178], [39.962399, -83.82014], [39.962407, -83.820106], [39.962402, -83.820084], [39.962395, -83.82007], [39.962381, -83.820051], [39.962361, -83.820039], [39.962319, -83.820044], [39.962284, -83.820053], [39.962249, -83.820077], [39.962227, -83.820096], [39.962205, -83.820121], [39.962187, -83.820142], [39.962173, -83.820166], [39.962169, -83.820184], [39.96217, -83.820209], [39.962179, -83.820234], [39.96219, -83.820253]]}, "6": {"path": [[39.955042, -83.81696], [39.957298, -83.817507], [39.959109, -83.818114]], "green": [[39.959028, -83.817993], [39.959043, -83.817998], [39.95907, -83.817999], [39.959097, -83.817995], [39.959123, -83.817993], [39.959144, -83.81799], [39.959156, -83.817988], [39.959182, -83.818], [39.959193, -83.818013], [39.9592, -83.81804], [39.959207, -83.818099], [39.959217, -83.818163], [39.959233, -83.818207], [39.959231, -83.818239], [39.95922, -83.818259], [39.959201, -83.818272], [39.959178, -83.818277], [39.959148, -83.818274], [39.959122, -83.818265], [39.959096, -83.818249], [39.959075, -83.818224], [39.959054, -83.818196], [39.959005, -83.818175], [39.958997, -83.818164], [39.958995, -83.818144], [39.958995, -83.818115], [39.958999, -83.818074], [39.959009, -83.818031], [39.959017, -83.818001], [39.959028, -83.817993]]}, "7": {"path": [[39.954916, -83.811072], [39.955329, -83.815223]], "green": [[39.955231, -83.815127], [39.95524, -83.815109], [39.955266, -83.815094], [39.955287, -83.815085], [39.955317, -83.815079], [39.955342, -83.815079], [39.955373, -83.815082], [39.955398, -83.815094], [39.955419, -83.815115], [39.95543, -83.815134], [39.955434, -83.815172], [39.955431, -83.815202], [39.95543, -83.815245], [39.95543, -83.815299], [39.955431, -83.815326], [39.955425, -83.815342], [39.955418, -83.815354], [39.955407, -83.815364], [39.955387, -83.815369], [39.955352, -83.815366], [39.955313, -83.815362], [39.955276, -83.815346], [39.955262, -83.815332], [39.955236, -83.815298], [39.955227, -83.81528], [39.95522, -83.815263], [39.955218, -83.815241], [39.955219, -83.815221], [39.955224, -83.815173], [39.955231, -83.815127]]}, "8": {"path": [[39.969404, -83.811876], [39.968339, -83.81262], [39.967028, -83.814345]], "green": [[39.967121, -83.814322], [39.967119, -83.814396], [39.967107, -83.814474], [39.967091, -83.814527], [39.967076, -83.814553], [39.967042, -83.814579], [39.967008, -83.814586], [39.966971, -83.814586], [39.966935, -83.814576], [39.96691, -83.814545], [39.966903, -83.81451], [39.966903, -83.814474], [39.966918, -83.814423], [39.966936, -83.814386], [39.966957, -83.814329], [39.966974, -83.814265], [39.966984, -83.814223], [39.966991, -83.814177], [39.967005, -83.814136], [39.96703, -83.814101], [39.967056, -83.814096], [39.967075, -83.814105], [39.967091, -83.81412], [39.967101, -83.814143], [39.967109, -83.814184], [39.967118, -83.814237], [39.967121, -83.814283], [39.967121, -83.814322]]}, "10": {"path": [[39.955952, -83.818632], [39.953849, -83.816069]], "green": [[39.953824, -83.816242], [39.953804, -83.816217], [39.953753, -83.81615], [39.953725, -83.816098], [39.953711, -83.816064], [39.953712, -83.816032], [39.953722, -83.816006], [39.953744, -83.815978], [39.953771, -83.815949], [39.953796, -83.815928], [39.953819, -83.815921], [39.953841, -83.815921], [39.953861, -83.81593], [39.953878, -83.815942], [39.953896, -83.815964], [39.953919, -83.81599], [39.953931, -83.816011], [39.953958, -83.816054], [39.953967, -83.816067], [39.953972, -83.816091], [39.953968, -83.816114], [39.953955, -83.816138], [39.953932, -83.816164], [39.95391, -83.81619], [39.953882, -83.81622], [39.953855, -83.816239], [39.953824, -83.816242]]}, "11": {"path": [[39.955634, -83.815052], [39.958725, -83.814946]], "green": [[39.958651, -83.815089], [39.958675, -83.815115], [39.958708, -83.815148], [39.958725, -83.815159], [39.958737, -83.815162], [39.958749, -83.815158], [39.958758, -83.815152], [39.958773, -83.815125], [39.958789, -83.815088], [39.958801, -83.815048], [39.958811, -83.815009], [39.958816, -83.814989], [39.95882, -83.81497], [39.95882, -83.814953], [39.958819, -83.814934], [39.958819, -83.814911], [39.958818, -83.814893], [39.958818, -83.814878], [39.95882, -83.814864], [39.958822, -83.814854], [39.958822, -83.814843], [39.958818, -83.81483], [39.958813, -83.814817], [39.958803, -83.8148], [39.958791, -83.814787], [39.958772, -83.814771], [39.958753, -83.814758], [39.958733, -83.814749], [39.958716, -83.814745], [39.958698, -83.81475], [39.95867, -83.814774], [39.958634, -83.814814], [39.958624, -83.81483], [39.958608, -83.814853], [39.958601, -83.814864], [39.958595, -83.814889], [39.958592, -83.814933], [39.95859, -83.814971], [39.958593, -83.815005], [39.958605, -83.81504], [39.958619, -83.815057], [39.958626, -83.815066], [39.958635, -83.815076], [39.958651, -83.815089]]}, "12": {"path": [[39.953975, -83.812615], [39.955118, -83.811128]], "green": [[39.955264, -83.811126], [39.955263, -83.811142], [39.955257, -83.811155], [39.955248, -83.811172], [39.955219, -83.811198], [39.9552, -83.811212], [39.955163, -83.811222], [39.955141, -83.811227], [39.955106, -83.811223], [39.955085, -83.811217], [39.955066, -83.811209], [39.955043, -83.811197], [39.955021, -83.811182], [39.955005, -83.811162], [39.954995, -83.811145], [39.954993, -83.811137], [39.954991, -83.811124], [39.954992, -83.811115], [39.954994, -83.811104], [39.954996, -83.811095], [39.955, -83.811082], [39.955009, -83.811076], [39.955019, -83.811073], [39.955033, -83.811074], [39.955048, -83.811084], [39.955061, -83.811094], [39.955078, -83.811104], [39.955091, -83.811108], [39.955113, -83.811105], [39.955128, -83.811095], [39.955153, -83.811079], [39.955173, -83.811071], [39.955189, -83.811067], [39.955213, -83.811065], [39.95523, -83.811066], [39.955244, -83.811076], [39.955256, -83.811093], [39.955261, -83.811108], [39.955264, -83.811126]]}, "13": {"path": [[39.962778, -83.819511], [39.960826, -83.819808], [39.960196, -83.821476]],