{"holes": {"1": {"path": [[40.550592, -84.480503], [40.5505, -84.477224], [40.550602, -84.475013]], "green": [[40.550661, -84.475092], [40.550634, -84.475121], [40.550605, -84.475134], [40.550568, -84.475124], [40.55054, -84.475106], [40.550517, -84.475078], [40.550506, -84.475038], [40.550504, -84.475002], [40.550512, -84.474966], [40.550527, -84.474938], [40.550551, -84.474913], [40.550581, -84.4749], [40.550615, -84.474898], [40.550642, -84.4749], [40.550667, -84.47492], [40.550683, -84.474954], [40.550693, -84.474994], [40.550693, -84.475032], [40.550682, -84.475068], [40.550661, -84.475092]]}, "2": {"path": [[40.550129, -84.475283], [40.547387, -84.476102]], "green": [[40.547487, -84.476158], [40.547448, -84.476174], [40.54741, -84.47618], [40.547377, -84.476194], [40.547334, -84.476199], [40.547304, -84.476192], [40.547283, -84.476172], [40.54727, -84.476155], [40.547258, -84.476128], [40.547252, -84.476099], [40.547252, -84.476078], [40.547258, -84.476053], [40.547268, -84.476039], [40.547286, -84.476029], [40.547311, -84.476026], [40.547349, -84.476037], [40.547392, -84.476033], [40.547415, -84.47602], [40.547473, -84.47602], [40.547487, -84.476028], [40.547503, -84.47605], [40.547508, -84.476062], [40.547511, -84.476082], [40.547514, -84.476109], [40.547511, -84.476126], [40.547503, -84.476144], [40.547487, -84.476158]]}, "3": {"path": [[40.546668, -84.47579], [40.546456, -84.477447], [40.546081, -84.478137]], "green": [[40.546146, -84.478275], [40.546124, -84.478314], [40.546073, -84.478323], [40.546043, -84.47832], [40.546014, -84.478297], [40.54599, -84.478269], [40.545975, -84.478232], [40.545965, -84.478189], [40.545968, -84.478142], [40.545984, -84.478099], [40.546014, -84.478062], [40.546033, -84.478034], [40.546059, -84.477998], [40.546081, -84.477968], [40.546098, -84.477954], [40.546123, -84.477952], [40.546146, -84.477963], [40.54616, -84.477986], [40.54616, -84.478018], [40.546139, -84.47806], [40.546127, -84.478088], [40.546123, -84.478123], [40.546125, -84.478159], [40.546134, -84.478203], [40.546144, -84.478247], [40.546146, -84.478275]]}, "4": {"path": [[40.545364, -84.478901], [40.546134, -84.475725]], "green": [[40.546197, -84.4758], [40.546179, -84.47582], [40.546156, -84.475834], [40.546126, -84.475835], [40.546099, -84.475826], [40.546072, -84.475807], [40.54605, -84.475774], [40.546037, -84.475743], [40.546035, -84.475703], [40.546041, -84.475674], [40.546055, -84.475651], [40.546073, -84.475632], [40.546098, -84.475619], [40.546127, -84.475613], [40.546161, -84.47562], [40.546187, -84.475629], [40.546203, -84.475651], [40.546214, -84.475678], [40.546218, -84.475712], [40.546216, -84.475759], [40.546211, -84.475779], [40.546197, -84.4758]]}, "5": {"path": [[40.545938, -84.474788], [40.544725, -84.479356]], "green": [[40.544798, -84.479403], [40.544772, -84.479441], [40.544733, -84.479476], [40.544702, -84.479492], [40.544674, -84.479485], [40.544651, -84.479456], [40.54464, -84.479399], [40.544641, -84.479346], [40.544654, -84.479285], [40.54468, -84.479246], [40.544708, -84.479229], [40.544738, -84.479228], [40.544762, -84.479239], [40.544782, -84.479264], [40.544797, -84.479313], [40.544801, -84.479355], [40.544798, -84.479403]]}, "6": {"path": [[40.544519, -84.479732], [40.545263, -84.480225], [40.545588, -84.480592]], "green": [[40.545656, -84.480643], [40.545639, -84.480667], [40.545616, -84.480689], [40.545577, -84.480686], [40.545547, -84.480667], [40.545518, -84.480644], [40.545501, -84.480604], [40.545494, -84.480574], [40.545497, -84.480541], [40.545513, -84.4805], [40.545547, -84.480481], [40.545581, -84.480484], [40.545617, -84.480503], [40.545642, -84.480526], [40.545656, -84.480554], [40.545667, -84.480607], [40.54566, -84.480639], [40.545656, -84.480643]]}, "7": {"path": [[40.545192, -84.481052], [40.546987, -84.480638], [40.548329, -84.480914]], "green": [[40.548391, -84.481036], [40.548364, -84.481056], [40.54834, -84.481066], [40.548291, -84.481054], [40.548281, -84.481049], [40.548271, -84.48104], [40.548264, -84.48103], [40.548256, -84.481015], [40.548252, -84.481003], [40.548248, -84.480991], [40.548243, -84.480973], [40.548241, -84.48096], [40.54824, -84.480948], [40.548237, -84.480934], [40.548236, -84.480921], [40.548235, -84.480906], [40.548235, -84.48089], [40.548237, -84.480878], [40.548242, -84.480864], [40.548247, -84.480853], [40.54825, -84.480841], [40.548255, -84.480831], [40.548261, -84.480822], [40.548269, -84.480811], [40.548279, -84.480803], [40.54829, -84.480798], [40.548303, -84.480794], [40.548315, -84.480792], [40.548326, -84.480791], [40.548337, -84.480793], [40.54835, -84.480795], [40.548359, -84.480798], [40.548368, -84.480803], [40.548379, -84.480814], [40.54839, -84.480824], [40.548398, -84.480834], [40.548405, -84.480845], [40.548411, -84.480859], [40.548415, -84.480872], [40.548417, -84.480884], [40.54842, -84.480896], [40.548421, -84.48091], [40.548422, -84.480924], [40.548422, -84.480939], [40.548422, -84.480953], [40.548422, -84.480969], [40.548422, -84.480986], [40.548418, -84.480998], [40.548411, -84.481007], [40.548404, -84.481015], [40.548399, -84.481026], [40.548391, -84.481036]]}, "8": {"path": [[40.54871, -84.479945], [40.549923, -84.481712], [40.550113, -84.483443]], "green": [[40.550171, -84.483607], [40.550154, -84.483628], [40.550145, -84.483629], [40.550136, -84.483635], [40.55013, -84.48364], [40.550118, -84.483643], [40.550111, -84.48364], [40.550105, -84.483637], [40.550098, -84.483637], [40.550094, -84.483633], [40.550087, -84.483629], [40.550076, -84.483629], [40.550073, -84.483624], [40.550068, -84.483617], [40.550062, -84.483607], [40.550059, -84.483601], [40.550055, -84.483587], [40.550051, -84.483578], [40.550049, -84.483568], [40.550046, -84.483557], [40.550042, -84.483544], [40.550041, -84.483534], [40.55004, -84.483523], [40.550039, -84.483509], [40.550039, -84.483498], [40.550039, -84.483482], [40.550039, -84.483469], [40.550039, -84.483459], [40.550039, -84.483447], [40.550039, -84.483433], [40.55004, -84.48342], [40.55004, -84.483409], [40.550041, -84.483399], [40.550041, -84.483386], [40.550043, -84.483375], [40.550045, -84.483363], [40.550047, -84.483352], [40.550049, -84.48334], [40.550052, -84.483331], [40.550054, -84.48332], [40.550058, -84.483309], [40.550062, -84.483299], [40.550067, -84.483292], [40.550073, -84.483279], [40.550079, -84.483268], [40.550082, -84.483258], [40.550088, -84.483252], [40.550095, -84.483246], [40.550103, -84.483241], [40.550111, -84.483238], [40.550119, -84.483238], [40.550128, -84.483238], [40.550138, -84.48324], [40.550146, -84.483243], [40.550153, -84.483248], [40.55016, -84.483254], [40.550165, -84.483261], [40.550168, -84.483272], [40.55017, -84.483282], [40.550173, -84.483297], [40.550175, -84.483309], [40.550176, -84.483321], [40.550177, -84.483335], [40.550179, -84.48335], [40.55018, -84.48336], [40.550181, -84.483373], [40.550182, -84.483385], [40.550183, -84.483399], [40.550184, -84.483411], [40.550184, -84.483421], [40.550185, -84.483434], [40.550185, -84.483446], [40.550185, -84.483459], [40.550185, -84.483472], [40.550185, -84.483486], [40.550185, -84.483496], [40.550185, -84.483507], [40.550185, -84.483519], [40.550185, -84.483531], [40.550184, -84.483543], [40.550183, -84.483553], [40.550181, -84.483563], [40.55018, -84.483574], [40.550176, -84.483587], [40.550171, -84.483607]]}, "9": {"path": [[40.550512, -84.483891], [40.550484, -84.482585], [40.550319, -84.481895]],