{"holes": {"1": {"path": [[41.717263, -83.723586], [41.715322, -83.723845], [41.714219, -83.723514]], "green": [[41.714306, -83.723634], [41.714323, -83.723626], [41.714332, -83.723613], [41.714339, -83.723603], [41.714342, -83.723587], [41.714343, -83.72357], [41.71434, -83.723554], [41.714334, -83.723538], [41.714324, -83.723524], [41.714312, -83.723507], [41.714296, -83.72349], [41.714277, -83.723471], [41.714262, -83.723457], [41.714248, -83.72344], [41.714236, -83.723424], [41.714222, -83.723407], [41.714203, -83.723391], [41.714176, -83.723385], [41.714157, -83.723383], [41.714142, -83.723388], [41.714129, -83.723393], [41.714117, -83.723401], [41.714105, -83.723408], [41.714095, -83.723422], [41.714086, -83.72344], [41.714082, -83.723465], [41.714085, -83.723492], [41.714093, -83.723517], [41.714102, -83.723534], [41.714119, -83.723553], [41.714145, -83.723574], [41.714169, -83.723585], [41.714185, -83.723598], [41.714207, -83.723613], [41.714228, -83.723625], [41.714268, -83.723638], [41.714287, -83.723637], [41.714306, -83.723634]]}, "2": {"path": [[41.714237, -83.724087], [41.71207, -83.723737], [41.710772, -83.723697]], "green": [[41.710863, -83.723765], [41.710873, -83.723746], [41.710879, -83.723707], [41.71088, -83.723661], [41.710869, -83.72363], [41.71085, -83.723602], [41.710833, -83.723586], [41.710805, -83.723574], [41.71078, -83.72357], [41.710754, -83.723574], [41.710731, -83.723589], [41.71071, -83.723604], [41.710693, -83.723622], [41.710683, -83.723636], [41.710676, -83.723655], [41.710669, -83.723677], [41.710662, -83.723714], [41.710667, -83.723758], [41.710683, -83.723788], [41.710706, -83.723814], [41.710735, -83.723828], [41.71076, -83.723827], [41.710787, -83.723829], [41.71082, -83.723815], [41.710846, -83.723786], [41.710863, -83.723765]]}, "3": {"path": [[41.710307, -83.723811], [41.710862, -83.721126], [41.710837, -83.719626]], "green": [[41.71089, -83.719812], [41.710918, -83.719763], [41.710953, -83.719673], [41.710969, -83.719602], [41.710971, -83.719543], [41.710948, -83.719506], [41.710909, -83.719465], [41.710883, -83.719458], [41.710864, -83.71946], [41.710851, -83.719468], [41.710828, -83.719484], [41.710809, -83.7195], [41.71079, -83.719516], [41.710773, -83.719529], [41.710764, -83.719541], [41.710759, -83.71955], [41.710755, -83.719587], [41.710747, -83.719616], [41.710744, -83.719664], [41.710749, -83.719715], [41.710759, -83.719747], [41.710769, -83.719782], [41.710795, -83.719813], [41.710823, -83.719833], [41.71085, -83.71983], [41.71089, -83.719812]]}, "4": {"path": [[41.711684, -83.720526], [41.711054, -83.717989], [41.711114, -83.716788]], "green": [[41.711059, -83.716952], [41.711074, -83.716942], [41.711089, -83.716926], [41.711104, -83.716909], [41.711125, -83.716883], [41.711137, -83.71687], [41.711159, -83.716858], [41.71118, -83.716848], [41.711207, -83.716839], [41.711227, -83.716821], [41.711241, -83.716793], [41.711247, -83.716762], [41.711246, -83.716724], [41.711241, -83.716705], [41.711232, -83.716687], [41.711225, -83.716671], [41.711212, -83.716656], [41.711197, -83.716644], [41.711185, -83.716634], [41.711168, -83.716634], [41.711154, -83.716631], [41.711138, -83.716638], [41.711121, -83.71665], [41.711109, -83.716663], [41.711103, -83.716679], [41.711089, -83.716697], [41.711078, -83.716713], [41.711064, -83.716726], [41.71105, -83.716739], [41.711031, -83.716755], [41.711014, -83.71677], [41.710998, -83.716792], [41.710977, -83.716829], [41.710974, -83.716862], [41.710976, -83.71689], [41.710988, -83.716924], [41.711007, -83.716948], [41.711025, -83.716961], [41.711044, -83.71696], [41.711059, -83.716952]]}, "5": {"path": [[41.711129, -83.716309], [41.712668, -83.716572]], "green": [[41.712736, -83.716669], [41.712753, -83.716656], [41.712767, -83.716629], [41.712778, -83.716603], [41.712785, -83.71657], [41.712783, -83.716537], [41.71277, -83.716508], [41.712748, -83.716476], [41.712727, -83.716461], [41.712703, -83.716455], [41.712675, -83.716457], [41.712638, -83.716463], [41.712615, -83.716469], [41.7126, -83.716475], [41.712587, -83.716496], [41.71257, -83.716522], [41.71256, -83.716548], [41.71256, -83.716572], [41.712558, -83.716595], [41.712564, -83.716629], [41.712576, -83.716658], [41.712595, -83.716683], [41.712619, -83.716696], [41.712661, -83.716694], [41.712705, -83.716685], [41.712736, -83.716669]]}, "6": {"path": [[41.711923, -83.717518], [41.71392, -83.717369], [41.715145, -83.716938]], "green": [[41.715165, -83.717083], [41.715186, -83.717078], [41.715207, -83.717066], [41.715225, -83.717052], [41.715239, -83.717033], [41.715252, -83.717008], [41.71526, -83.716979], [41.715262, -83.716941], [41.71526, -83.716915], [41.715249, -83.716888], [41.715227, -83.716859], [41.715205, -83.716836], [41.715181, -83.716817], [41.715162, -83.716805], [41.71515, -83.716799], [41.715133, -83.716797], [41.715116, -83.7168], [41.715094, -83.716808], [41.71507, -83.716821], [41.715051, -83.716838], [41.715038, -83.716858], [41.715028, -83.716882], [41.715021, -83.716909], [41.715021, -83.716948], [41.715032, -83.716995], [41.715046, -83.717021], [41.715072, -83.717054], [41.715101, -83.717074], [41.715135, -83.717084], [41.715165, -83.717083]]}, "7": {"path": [[41.71441, -83.716293], [41.716352, -83.716786], [41.717766, -83.716942]], "green": [[41.717618, -83.716999], [41.717609, -83.716967], [41.717612, -83.716939], [41.71762, -83.716911], [41.717644, -83.716885], [41.717675, -83.716859], [41.717714, -83.716835], [41.717768, -83.716818], [41.717819, -83.716807], [41.717855, -83.716812], [41.717874, -83.716821], [41.717885, -83.716835], [41.717899, -83.716853], [41.717904, -83.716877], [41.717905, -83.716912], [41.7179, -83.716944], [41.717887, -83.716973], [41.717855, -83.717001], [41.71783, -83.717017], [41.717816, -83.717017], [41.717797, -83.717018], [41.717787, -83.717018], [41.717773, -83.717024], [41.717763, -83.71703], [41.71774, -83.717037], [41.717708, -83.71704], [41.717684, -83.717038], [41.717646, -83.717026], [41.717618, -83.716999]]}, "8": {"path": [[41.717417, -83.718225], [41.715789, -83.718947], [41.713254, -83.718868]], "green": [[41.713358, -83.718918], [41.713362, -83.718898], [41.713361, -83.718883], [41.713359, -83.718868], [41.713353, -83.718855], [41.713346, -83.718841], [41.713334, -83.718832], [41.71332, -83.718823], [41.713307, -83.718821], [41.713284, -83.71881], [41.713271, -83.718798], [41.713257, -83.71879], [41.713241, -83.718782], [41.713228, -83.718776], [41.713215, -83.718773], [41.7132, -83.718774], [41.713184, -83.718784], [41.713177, -83.718793], [41.713169, -83.718808], [41.713163, -83.718819], [41.713157, -83.718834], [41.713151, -83.718855], [41.713152, -83.718882], [41.713156, -83.718903], [41.713163, -83.718927], [41.71318, -83.718953], [41.713206, -83.718974], [41.713234, -83.71899], [41.713255, -83.718994], [41.713273, -83.718999], [41.713289, -83.718997], [41.713327, -83.718971], [41.713358, -83.718918]]}, "9": {"path": [[41.712707, -83.719519], [41.714728, -83.719721], [41.715665, -83.720617], [41.716244, -83.721866]],