{"holes": {"1": {"path": [[41.292916, -84.339613], [41.295701, -84.341023]], "green": [[41.296177, -84.340596], [41.296181, -84.340658], [41.296181, -84.340689], [41.29618, -84.340718], [41.296169, -84.340744], [41.296149, -84.340757], [41.296135, -84.34075], [41.296097, -84.340715], [41.296058, -84.340682], [41.296036, -84.340653], [41.296013, -84.340627], [41.295979, -84.340587], [41.295963, -84.34057], [41.295954, -84.340544], [41.295953, -84.340521], [41.295952, -84.340495], [41.295968, -84.340466], [41.295991, -84.340442], [41.296017, -84.340425], [41.296056, -84.34042], [41.29612, -84.34042], [41.296141, -84.340429], [41.296152, -84.340442], [41.296162, -84.34046], [41.296174, -84.340495], [41.296176, -84.340558], [41.296177, -84.340596]]}, "2": {"path": [[41.295105, -84.34144], [41.290222, -84.341262]], "green": [[41.290315, -84.341311], [41.290298, -84.341334], [41.290277, -84.341351], [41.290245, -84.341356], [41.290223, -84.341351], [41.290206, -84.341342], [41.290189, -84.341342], [41.290174, -84.341342], [41.290162, -84.341343], [41.290148, -84.341337], [41.29013, -84.341333], [41.290124, -84.341325], [41.290105, -84.341301], [41.290101, -84.341279], [41.290101, -84.341243], [41.290112, -84.341218], [41.290129, -84.34119], [41.290147, -84.341167], [41.290177, -84.34115], [41.290213, -84.341141], [41.290233, -84.341148], [41.290259, -84.34115], [41.290277, -84.341159], [41.290292, -84.341168], [41.290305, -84.34118], [41.290317, -84.341202], [41.290326, -84.341224], [41.290328, -84.341252], [41.290326, -84.341276], [41.290321, -84.341296], [41.290315, -84.341311]]}, "3": {"path": [[41.289821, -84.341523], [41.289882, -84.340096]], "green": [[41.289955, -84.34015], [41.289939, -84.340177], [41.289917, -84.340195], [41.289888, -84.340204], [41.289868, -84.340204], [41.289823, -84.340184], [41.289799, -84.340157], [41.289788, -84.340119], [41.289788, -84.340093], [41.289794, -84.340057], [41.289803, -84.340028], [41.28982, -84.340005], [41.289836, -84.33999], [41.289865, -84.339989], [41.289902, -84.339997], [41.289922, -84.340012], [41.289934, -84.340032], [41.289946, -84.340056], [41.289953, -84.34008], [41.289959, -84.340103], [41.28996, -84.340125], [41.289955, -84.34015]]}, "4": {"path": [[41.290333, -84.336548], [41.292435, -84.337171]], "green": [[41.290354, -84.336807], [41.290353, -84.336769], [41.290347, -84.336732], [41.290335, -84.336709], [41.290321, -84.336693], [41.290294, -84.336679], [41.290267, -84.33668], [41.290243, -84.336692], [41.290227, -84.336717], [41.290209, -84.336744], [41.290201, -84.336779], [41.2902, -84.336819], [41.290203, -84.336845], [41.29021, -84.33687], [41.290232, -84.336906], [41.290249, -84.336916], [41.290273, -84.33693], [41.290297, -84.33693], [41.290315, -84.33692], [41.290327, -84.336904], [41.290341, -84.336885], [41.290353, -84.336841], [41.290354, -84.336807]]}, "6": {"path": [[41.292878, -84.336531], [41.294039, -84.337259]], "green": [[41.294144, -84.337286], [41.294147, -84.337245], [41.29414, -84.337198], [41.294123, -84.337167], [41.294096, -84.337138], [41.294069, -84.337129], [41.29404, -84.337124], [41.294013, -84.337128], [41.293985, -84.33714], [41.293959, -84.337156], [41.293945, -84.33717], [41.293933, -84.337196], [41.293929, -84.337222], [41.293931, -84.337242], [41.293936, -84.337272], [41.293943, -84.337293], [41.293957, -84.337314], [41.293972, -84.337334], [41.293989, -84.337344], [41.29402, -84.337362], [41.294038, -84.337371], [41.294066, -84.33738], [41.294088, -84.337375], [41.294105, -84.337363], [41.294114, -84.337353], [41.294123, -84.337338], [41.294134, -84.337315], [41.294144, -84.337286]]}, "7": {"path": [[41.294207, -84.337905], [41.291504, -84.337064]], "green": [[41.291587, -84.337075], [41.291566, -84.337109], [41.291546, -84.33713], [41.291531, -84.337145], [41.291483, -84.337169], [41.291446, -84.337176], [41.291422, -84.337168], [41.291407, -84.337146], [41.291391, -84.337119], [41.291386, -84.337082], [41.29139, -84.33706], [41.2914, -84.337035], [41.29142, -84.337016], [41.291449, -84.336997], [41.291506, -84.336974], [41.291535, -84.336971], [41.291559, -84.33698], [41.291571, -84.336992], [41.291575, -84.336996], [41.291581, -84.337003], [41.291587, -84.337017], [41.29159, -84.337035], [41.291591, -84.337054], [41.291587, -84.337075]]}, "8": {"path": [[41.291043, -84.337248], [41.29023, -84.34078]], "green": [[41.290284, -84.340731], [41.290295, -84.340776], [41.290293, -84.340833], [41.290275, -84.340871], [41.290259, -84.340892], [41.290235, -84.340906], [41.29021, -84.340906], [41.290182, -84.340894], [41.290158, -84.340862], [41.290151, -84.340814], [41.290154, -84.340761], [41.290167, -84.340717], [41.290179, -84.340695], [41.290211, -84.340675], [41.290235, -84.340669], [41.29025, -84.340676], [41.290268, -84.340692], [41.290277, -84.340711], [41.290284, -84.340731]]}, "9": {"path": [[41.290528, -84.340894], [41.292529, -84.338566]], "green": [[41.292611, -84.338541], [41.2926, -84.33858], [41.292586, -84.338619], [41.292568, -84.338649], [41.292553, -84.338667], [41.292529, -84.338678], [41.292512, -84.338679], [41.292494, -84.338675], [41.292476, -84.338662], [41.292462, -84.338646], [41.29245, -84.338622], [41.292441, -84.338588], [41.29244, -84.338565], [41.292443, -84.338531], [41.292454, -84.33851], [41.292476, -84.338486], [41.292501, -84.338468], [41.292539, -84.338461], [41.292562, -84.338463], [41.292583, -84.338468], [41.292595, -84.338479], [41.292605, -84.338491], [41.292609, -84.338507], [41.292611, -84.338541]]}, "12": {"path": [[41.295553, -84.337932], [41.296479, -84.337076]], "green": [[41.296608, -84.337083], [41.296582, -84.337139], [41.296551, -84.337168], [41.296522, -84.337186], [41.296492, -84.337197], [41.296462, -84.337202], [41.296429, -84.337198], [41.296395, -84.337201], [41.296372, -84.337189], [41.296358, -84.337161], [41.296357, -84.337119], [41.296357, -84.337065], [41.296362, -84.337046], [41.296369, -84.33702], [41.296379, -84.336993], [41.296405, -84.336956], [41.296438, -84.336946], [41.296486, -84.336936], [41.296538, -84.33695], [41.296586, -84.33696], [41.296603, -84.336978], [41.296616, -84.337008], [41.296616, -84.337046], [41.296608, -84.337083]]}, "13": {"path": [[41.2966, -84.338229], [41.299418, -84.335136]], "green": [[41.299558, -84.335177], [41.299535, -84.335208], [41.299493, -84.33523], [41.299447, -84.335244], [41.299396, -84.335258], [41.299346, -84.335268], [41.299298, -84.335259], [41.299265, -84.335226], [41.299246, -84.33518], [41.299241, -84.33514], [41.299249, -84.335109], [41.299269, -84.335069], [41.29929, -84.335047], [41.299306, -84.335035], [41.29936, -84.33501], [41.299396, -84.335002], [41.299423, -84.335012], [41.29946, -84.335031], [41.299507, -84.335068], [41.299544, -84.335094], [41.299562, -84.335109], [41.299566, -84.335125], [41.299568, -84.335146], [41.299563, -84.335169], [41.299558, -84.335177]]}, "14": {"path": [[41.299414, -84.335916], [41.300849, -84.33272]], "green": [[41.300945, -84.332794], [41.300931, -84.332824], [41.300906, -84.332866], [41.300865, -84.332894], [41.300831, -84.33289], [41.300801, -84.332881], [41.30077, -84.332839], [41.300742, -84.332775], [41.30073, -84.332729], [41.300725, -84.332684], [41.300736, -84.332635], [41.300768, -84.332583], [41.300802, -84.332552], [41.300826, -84.332548], [41.300854, -84.33255], [41.300869, -84.332566], [41.300883, -84.33259], [41.300912, -84.332648], [41.300936, -84.3327], [41.300947, -84.332728], [41.300953, -84.332761], [41.300945, -84.332794]]}, "15": {"path": [[41.300455, -84.332269], [41.297131, -84.334891]],