{"holes": {"1": {"path": [[39.910422, -83.150875], [39.90851, -83.150893], [39.907559, -83.149935]], "green": [[39.907629, -83.150072], [39.907615, -83.150088], [39.907594, -83.150097], [39.907552, -83.150096], [39.907519, -83.150077], [39.907485, -83.15004], [39.907461, -83.150005], [39.907443, -83.149972], [39.907429, -83.149918], [39.907424, -83.149862], [39.907431, -83.149824], [39.907445, -83.149791], [39.907467, -83.149766], [39.907499, -83.149746], [39.907538, -83.149744], [39.907572, -83.149754], [39.907603, -83.149776], [39.90763, -83.149814], [39.907644, -83.149848], [39.907652, -83.149895], [39.907656, -83.149948], [39.907662, -83.149989], [39.907659, -83.15001], [39.907651, -83.150041], [39.907642, -83.150057], [39.907629, -83.150072]]}, "2": {"path": [[39.907562, -83.150936], [39.906547, -83.153463], [39.90616, -83.156037]], "green": [[39.906225, -83.155998], [39.906225, -83.156053], [39.906226, -83.156085], [39.906225, -83.156111], [39.906222, -83.156136], [39.906214, -83.156153], [39.906198, -83.156173], [39.906181, -83.156186], [39.906165, -83.156194], [39.906152, -83.156197], [39.906132, -83.156193], [39.906115, -83.156186], [39.906104, -83.156176], [39.906081, -83.156158], [39.906061, -83.156123], [39.90605, -83.156077], [39.906054, -83.156036], [39.906072, -83.155961], [39.906096, -83.155907], [39.906109, -83.15589], [39.906129, -83.155869], [39.906149, -83.155859], [39.906175, -83.15586], [39.90619, -83.155864], [39.906197, -83.155874], [39.906212, -83.155894], [39.906221, -83.155912], [39.906228, -83.15594], [39.906225, -83.155998]]}, "3": {"path": [[39.906178, -83.156488], [39.910659, -83.156006]], "green": [[39.910611, -83.156118], [39.910625, -83.156126], [39.910644, -83.156133], [39.910674, -83.156134], [39.910702, -83.156133], [39.910728, -83.156127], [39.91075, -83.156116], [39.91077, -83.156088], [39.910778, -83.156066], [39.910777, -83.156038], [39.910774, -83.156013], [39.910761, -83.155983], [39.910746, -83.155951], [39.910725, -83.155912], [39.910707, -83.155877], [39.91068, -83.155853], [39.910656, -83.155842], [39.910625, -83.155849], [39.910599, -83.155868], [39.910584, -83.155888], [39.910581, -83.155897], [39.910575, -83.155917], [39.910568, -83.155942], [39.910564, -83.15597], [39.910564, -83.156003], [39.910569, -83.156041], [39.910581, -83.156081], [39.910594, -83.156103], [39.910611, -83.156118]]}, "4": {"path": [[39.911368, -83.156117], [39.911098, -83.153856], [39.911123, -83.15206]], "green": [[39.911183, -83.152213], [39.911207, -83.152178], [39.911234, -83.152136], [39.911248, -83.152111], [39.911256, -83.152092], [39.911261, -83.152067], [39.911259, -83.152037], [39.911255, -83.152012], [39.911237, -83.151972], [39.911218, -83.151937], [39.911186, -83.151899], [39.911162, -83.151883], [39.911136, -83.151877], [39.911111, -83.151876], [39.911092, -83.151883], [39.911077, -83.151897], [39.91107, -83.151914], [39.911063, -83.151931], [39.911056, -83.151951], [39.911049, -83.151972], [39.911043, -83.151992], [39.911036, -83.152008], [39.91103, -83.152031], [39.911026, -83.152051], [39.911023, -83.15207], [39.911023, -83.152092], [39.911024, -83.152111], [39.911032, -83.152136], [39.911045, -83.152158], [39.911057, -83.152181], [39.911072, -83.152201], [39.911085, -83.152216], [39.911099, -83.152228], [39.911115, -83.152239], [39.911141, -83.152242], [39.911165, -83.152231], [39.911183, -83.152213]]}, "5": {"path": [[39.910624, -83.152435], [39.910295, -83.154484]], "green": [[39.910373, -83.15445], [39.910373, -83.154488], [39.910378, -83.154516], [39.910381, -83.154551], [39.910383, -83.154579], [39.910383, -83.154599], [39.910378, -83.154618], [39.91036, -83.154638], [39.910343, -83.154651], [39.910324, -83.154661], [39.910301, -83.154668], [39.910278, -83.154663], [39.910258, -83.154655], [39.91024, -83.154641], [39.910215, -83.154624], [39.910184, -83.15459], [39.910166, -83.154569], [39.910156, -83.154545], [39.910151, -83.15451], [39.910156, -83.15448], [39.910173, -83.154447], [39.910197, -83.15442], [39.91022, -83.154394], [39.910239, -83.15437], [39.910257, -83.154348], [39.910283, -83.154315], [39.910296, -83.154307], [39.910314, -83.154301], [39.910326, -83.154301], [39.91034, -83.154309], [39.910351, -83.15432], [39.910359, -83.154331], [39.910364, -83.154343], [39.910371, -83.154369], [39.910374, -83.154406], [39.910373, -83.15445]]}, "6": {"path": [[39.910411, -83.155214], [39.907111, -83.155476]], "green": [[39.907168, -83.155355], [39.907149, -83.155349], [39.907131, -83.155345], [39.907105, -83.155345], [39.907083, -83.155347], [39.907071, -83.155351], [39.907051, -83.155362], [39.907034, -83.155378], [39.907021, -83.15539], [39.907012, -83.155411], [39.907004, -83.155429], [39.906999, -83.155446], [39.906997, -83.155475], [39.906998, -83.155502], [39.907, -83.155524], [39.907005, -83.155546], [39.907014, -83.155567], [39.907026, -83.155585], [39.907045, -83.155602], [39.907064, -83.155613], [39.907081, -83.155618], [39.907102, -83.155619], [39.907119, -83.155616], [39.907135, -83.155609], [39.90715, -83.155597], [39.907173, -83.15558], [39.907191, -83.155561], [39.90721, -83.155542], [39.907225, -83.155522], [39.907232, -83.155505], [39.907238, -83.155488], [39.907239, -83.155461], [39.907237, -83.155439], [39.907227, -83.155414], [39.907211, -83.155386], [39.907198, -83.155369], [39.907168, -83.155355]]}, "8": {"path": [[39.908359, -83.152652], [39.907504, -83.154426]], "green": [[39.907545, -83.154274], [39.907551, -83.154291], [39.907562, -83.154321], [39.907575, -83.154355], [39.907587, -83.154381], [39.907595, -83.154407], [39.907602, -83.154421], [39.907604, -83.15444], [39.907607, -83.154455], [39.907606, -83.154473], [39.907602, -83.154495], [39.907596, -83.15452], [39.907589, -83.154538], [39.907581, -83.154555], [39.907573, -83.154568], [39.907567, -83.154577], [39.907561, -83.154583], [39.907551, -83.154589], [39.90754, -83.154593], [39.90753, -83.154594], [39.907519, -83.154595], [39.907504, -83.154595], [39.907492, -83.154589], [39.907476, -83.154583], [39.907461, -83.154571], [39.907449, -83.154557], [39.907438, -83.154538], [39.90743, -83.154516], [39.907424, -83.1545], [39.907414, -83.154473], [39.907411, -83.15445], [39.907406, -83.15443], [39.9074, -83.154408], [39.907395, -83.154386], [39.907391, -83.154354], [39.90739, -83.154321], [39.907397, -83.15429], [39.907406, -83.154266], [39.907418, -83.154247], [39.90743, -83.154237], [39.907449, -83.154228], [39.907471, -83.154223], [39.907491, -83.154226], [39.907506, -83.154235], [39.907518, -83.154242], [39.907536, -83.154257], [39.907545, -83.154274]]}, "9": {"path": [[39.908108, -83.154735], [39.909736, -83.153506], [39.91036, -83.151706]], "green": [[39.910234, -83.151766], [39.910231, -83.151751], [39.910235, -83.151723], [39.910252, -83.151687], [39.910265, -83.151655], [39.910295, -83.151609], [39.910313, -83.151585], [39.910327, -83.151563], [39.910341, -83.151538], [39.910355, -83.151524], [39.910373, -83.151512], [39.910387, -83.151512], [39.910406, -83.151518], [39.910417, -83.151527], [39.910424, -83.151536], [39.910432, -83.151546], [39.910437, -83.151559], [39.910438, -83.151571], [39.910438, -83.151584], [39.910437, -83.1516], [39.910434, -83.151613], [39.910431, -83.15163], [39.910428, -83.151645], [39.910425, -83.151661], [39.910421, -83.151676], [39.91042, -83.151695], [39.910416, -83.151717], [39.910415, -83.151741], [39.910412, -83.151765], [39.91041, -83.15179], [39.910408, -83.151809], [39.910406, -83.151829], [39.910403, -83.151843], [39.910398, -83.151853], [39.910391, -83.151862], [39.910383, -83.15187], [39.910375, -83.151877], [39.910367, -83.151882], [39.910351, -83.151883], [39.910331, -83.151884], [39.910313, -83.151879], [39.910298, -83.151871], [39.910286, -83.151863], [39.910262, -83.151838], [39.910246, -83.151811], [39.910238, -83.151786], [39.910234, -83.151766]]}, "10": {"path": [[39.910706, -83.149706], [39.910988, -83.147134], [39.911002, -83.14553]],