{"holes": {"1": {"path": [[40.201102, -83.126681], [40.19941, -83.128728], [40.19868, -83.129276]], "green": [[40.198818, -83.129284], [40.198816, -83.129262], [40.198811, -83.129243], [40.198802, -83.129225], [40.198791, -83.129208], [40.198777, -83.129196], [40.198755, -83.129195], [40.198727, -83.129194], [40.198703, -83.129191], [40.198681, -83.129184], [40.19866, -83.129174], [40.198642, -83.129165], [40.19862, -83.129154], [40.198599, -83.129148], [40.19857, -83.129154], [40.198546, -83.129174], [40.19853, -83.129201], [40.198522, -83.129232], [40.19852, -83.129255], [40.198522, -83.129282], [40.198531, -83.129308], [40.198543, -83.129335], [40.198562, -83.129362], [40.198584, -83.12938], [40.198608, -83.129394], [40.198627, -83.129399], [40.198644, -83.129401], [40.198671, -83.129396], [40.198701, -83.129384], [40.198729, -83.129378], [40.198748, -83.129374], [40.198774, -83.129364], [40.198784, -83.12936], [40.198797, -83.129346], [40.198807, -83.129333], [40.198814, -83.129308], [40.198818, -83.129284]]}, "2": {"path": [[40.196869, -83.131112], [40.196341, -83.134464], [40.196437, -83.135154]], "green": [[40.196542, -83.13522], [40.196513, -83.135156], [40.196486, -83.135092], [40.196482, -83.135035], [40.196472, -83.135008], [40.196442, -83.134989], [40.196409, -83.134989], [40.196376, -83.135008], [40.196357, -83.135029], [40.196331, -83.135087], [40.196326, -83.135137], [40.196352, -83.13522], [40.196373, -83.135287], [40.196399, -83.135328], [40.196444, -83.135345], [40.196498, -83.135328], [40.196527, -83.135293], [40.196542, -83.13522]]}, "3": {"path": [[40.194668, -83.134155], [40.193457, -83.133059]], "green": [[40.193509, -83.133202], [40.193529, -83.133163], [40.193544, -83.133121], [40.193551, -83.133092], [40.193557, -83.133067], [40.193559, -83.133043], [40.193552, -83.133005], [40.19354, -83.132944], [40.193528, -83.132906], [40.193511, -83.132877], [40.193472, -83.13286], [40.193421, -83.132874], [40.193375, -83.132915], [40.193332, -83.132953], [40.193314, -83.132999], [40.193313, -83.13304], [40.193326, -83.133097], [40.193354, -83.133151], [40.193385, -83.133181], [40.193413, -83.13321], [40.193442, -83.133224], [40.193475, -83.133224], [40.193509, -83.133202]]}, "4": {"path": [[40.192501, -83.132464], [40.191156, -83.129055], [40.191296, -83.126833]], "green": [[40.191275, -83.127009], [40.191302, -83.126996], [40.191322, -83.126956], [40.191362, -83.126906], [40.191408, -83.126856], [40.191449, -83.126799], [40.191464, -83.12674], [40.191454, -83.126694], [40.191426, -83.126657], [40.191391, -83.126633], [40.191338, -83.126639], [40.191282, -83.126674], [40.191241, -83.126713], [40.191201, -83.126756], [40.191181, -83.126798], [40.191179, -83.12683], [40.191179, -83.126867], [40.191182, -83.126915], [40.191189, -83.126936], [40.191193, -83.12695], [40.191213, -83.126992], [40.191275, -83.127009]]}, "5": {"path": [[40.190584, -83.126645], [40.188717, -83.125114], [40.188849, -83.122536]], "green": [[40.188902, -83.12267], [40.18893, -83.122653], [40.188967, -83.122613], [40.188981, -83.122564], [40.188984, -83.122516], [40.188969, -83.122473], [40.188937, -83.122429], [40.188893, -83.1224], [40.188832, -83.122382], [40.18879, -83.122371], [40.188749, -83.122384], [40.188704, -83.122433], [40.188693, -83.122485], [40.188695, -83.122556], [40.188751, -83.122616], [40.188766, -83.122634], [40.188824, -83.12266], [40.188866, -83.122671], [40.188902, -83.12267]]}, "6": {"path": [[40.190307, -83.122171], [40.192625, -83.122177], [40.193268, -83.123517]], "green": [[40.193333, -83.123709], [40.193369, -83.123662], [40.193387, -83.123585], [40.193373, -83.123532], [40.193336, -83.123429], [40.193307, -83.123361], [40.193267, -83.123314], [40.193219, -83.12331], [40.19319, -83.123337], [40.19319, -83.123381], [40.193191, -83.123418], [40.193198, -83.123485], [40.193196, -83.123568], [40.193196, -83.123611], [40.193214, -83.123664], [40.193254, -83.123709], [40.193333, -83.123709]]}, "7": {"path": [[40.19256, -83.123622], [40.193717, -83.12648], [40.194349, -83.127124]], "green": [[40.194412, -83.127242], [40.194449, -83.127202], [40.194476, -83.127154], [40.194474, -83.127128], [40.194468, -83.127093], [40.194456, -83.127059], [40.194436, -83.127033], [40.194399, -83.127017], [40.19435, -83.127021], [40.194304, -83.127035], [40.194275, -83.127038], [40.19426, -83.12704], [40.194223, -83.127053], [40.194207, -83.127091], [40.194209, -83.127144], [40.194229, -83.12718], [40.194273, -83.127217], [40.194312, -83.127243], [40.194359, -83.127252], [40.194412, -83.127242]]}, "8": {"path": [[40.195216, -83.129474], [40.196563, -83.129784]], "green": [[40.196568, -83.129953], [40.196604, -83.12992], [40.19664, -83.129887], [40.196663, -83.129854], [40.196678, -83.12981], [40.196682, -83.129764], [40.196678, -83.12971], [40.196667, -83.129665], [40.196646, -83.129637], [40.196617, -83.129617], [40.196585, -83.129611], [40.196559, -83.129615], [40.196536, -83.129629], [40.196523, -83.129647], [40.196519, -83.129678], [40.196512, -83.129725], [40.196501, -83.129766], [40.196486, -83.12978], [40.196469, -83.129805], [40.196455, -83.12984], [40.196452, -83.129894], [40.19646, -83.129916], [40.196482, -83.12995], [40.196518, -83.129969], [40.196568, -83.129953]]}, "9": {"path": [[40.198225, -83.128727], [40.199982, -83.126615], [40.200726, -83.12615]], "green": [[40.200769, -83.126336], [40.200811, -83.126289], [40.200833, -83.126265], [40.200836, -83.126215], [40.200842, -83.126179], [40.200847, -83.126139], [40.200859, -83.126095], [40.200862, -83.126065], [40.20086, -83.126019], [40.200836, -83.125981], [40.200804, -83.125953], [40.200761, -83.125944], [40.200733, -83.125944], [40.200692, -83.125953], [40.200663, -83.125971], [40.200646, -83.125991], [40.200644, -83.126019], [40.200653, -83.126069], [40.200659, -83.126107], [40.200659, -83.126127], [40.200654, -83.126154], [40.20065, -83.126171], [40.200636, -83.126205], [40.200628, -83.126232], [40.200624, -83.12625], [40.200624, -83.126276], [40.200619, -83.126299], [40.200642, -83.126346], [40.200671, -83.126359], [40.200714, -83.126366], [40.200769, -83.126336]]}, "10": {"path": [[40.201416, -83.125794], [40.199541, -83.122451], [40.199667, -83.120563]], "green": [[40.199688, -83.120767], [40.199717, -83.120745], [40.199739, -83.120701], [40.199744, -83.120667], [40.199743, -83.120638], [40.199739, -83.120608], [40.199729, -83.120576], [40.199725, -83.120526], [40.19973, -83.120486], [40.199739, -83.120469], [40.199744, -83.120433], [40.199739, -83.120403], [40.199727, -83.120379], [40.199709, -83.120357], [40.199663, -83.120339], [40.199611, -83.120356], [40.19958, -83.120392], [40.199554, -83.120441], [40.199545, -83.120504], [40.199539, -83.120557], [40.19954, -83.120615], [40.199565, -83.120679], [40.199589, -83.12072], [40.199613, -83.120748], [40.199646, -83.120772], [40.199688, -83.120767]]}, "11": {"path": [[40.199389, -83.11826], [40.200825, -83.118783]], "green": [[40.200923, -83.118931], [40.200953, -83.118885], [40.200977, -83.118839], [40.20098, -83.118788], [40.200953, -83.118725], [40.200912, -83.118636], [40.200857, -83.118585], [40.200792, -83.118579], [40.200753, -83.118582], [40.200719, -83.118604], [40.2007, -83.118629], [40.200681, -83.118672], [40.20069, -83.118721], [40.200703, -83.118746], [40.200726, -83.118754], [40.200749, -83.118762], [40.200774, -83.1188], [40.200783, -83.11884], [40.200798, -83.118926], [40.200821, -83.118955], [40.200852, -83.118975], [40.200889, -83.118964], [40.200904, -83.118953], [40.200923, -83.118931]]}, "12": {"path": [[40.201763, -83.119167], [40.201874, -83.116293], [40.202309, -83.115468]],