{"holes": {"1": {"path": [[40.217365, -82.788173], [40.21694, -82.784946], [40.216779, -82.784049]], "green": [[40.216833, -82.784172], [40.216845, -82.784151], [40.216855, -82.78413], [40.216865, -82.784109], [40.216872, -82.784093], [40.216881, -82.784069], [40.216886, -82.784034], [40.216889, -82.784008], [40.216891, -82.783987], [40.216889, -82.783966], [40.216884, -82.783947], [40.216876, -82.783925], [40.216862, -82.783906], [40.216847, -82.783898], [40.216828, -82.783889], [40.21681, -82.783886], [40.216791, -82.783885], [40.21678, -82.783888], [40.216764, -82.783894], [40.216752, -82.783901], [40.216742, -82.783909], [40.216725, -82.783926], [40.216712, -82.783941], [40.216696, -82.783963], [40.216682, -82.783988], [40.216671, -82.784015], [40.216663, -82.784031], [40.216655, -82.784052], [40.21665, -82.784079], [40.21665, -82.784108], [40.216655, -82.784127], [40.216668, -82.784149], [40.216688, -82.784165], [40.216702, -82.784175], [40.216719, -82.784189], [40.216737, -82.784197], [40.216754, -82.784202], [40.216767, -82.784203], [40.216785, -82.784202], [40.216802, -82.784201], [40.216816, -82.784195], [40.216826, -82.784183], [40.216833, -82.784172]]}, "2": {"path": [[40.217213, -82.783824], [40.216611, -82.781892]], "green": [[40.21658, -82.782033], [40.216594, -82.78205], [40.216606, -82.782063], [40.216623, -82.78206], [40.216638, -82.78205], [40.216659, -82.782032], [40.216683, -82.782009], [40.216702, -82.781982], [40.216721, -82.781925], [40.216729, -82.781889], [40.216729, -82.781858], [40.216723, -82.781834], [40.216712, -82.781803], [40.216703, -82.781775], [40.216693, -82.781748], [40.216679, -82.781722], [40.216665, -82.781712], [40.216646, -82.781704], [40.216617, -82.781712], [40.216577, -82.781735], [40.216519, -82.781768], [40.2165, -82.781791], [40.21649, -82.781817], [40.216491, -82.781844], [40.216496, -82.781868], [40.216509, -82.781894], [40.216525, -82.781915], [40.216536, -82.781924], [40.216549, -82.781934], [40.216562, -82.781953], [40.216567, -82.781985], [40.216571, -82.782008], [40.21658, -82.782033]]}, "3": {"path": [[40.215923, -82.784056], [40.216205, -82.786752], [40.215946, -82.789045], [40.215482, -82.789735]], "green": [[40.215594, -82.78965], [40.215606, -82.78967], [40.215615, -82.789699], [40.21562, -82.789735], [40.2156, -82.789772], [40.21557, -82.789794], [40.215547, -82.789802], [40.215516, -82.789819], [40.215497, -82.789833], [40.215483, -82.789857], [40.215469, -82.789886], [40.215457, -82.78991], [40.215428, -82.789928], [40.215409, -82.789918], [40.215381, -82.789884], [40.215364, -82.789855], [40.215352, -82.789821], [40.215348, -82.78978], [40.215359, -82.789754], [40.215381, -82.789735], [40.215403, -82.789707], [40.215415, -82.78968], [40.215426, -82.789644], [40.215434, -82.789616], [40.215444, -82.789587], [40.215458, -82.78956], [40.215476, -82.78956], [40.215501, -82.789571], [40.215533, -82.789589], [40.21556, -82.789613], [40.215573, -82.78963], [40.215594, -82.78965]]}, "4": {"path": [[40.214433, -82.790774], [40.215479, -82.787917], [40.215573, -82.786698]], "green": [[40.215632, -82.786849], [40.215652, -82.786839], [40.215669, -82.786817], [40.215669, -82.786777], [40.215667, -82.786715], [40.215661, -82.786664], [40.215645, -82.786611], [40.215622, -82.786573], [40.215575, -82.786533], [40.215538, -82.786514], [40.215499, -82.786525], [40.215456, -82.786554], [40.215438, -82.786603], [40.215436, -82.786651], [40.21546, -82.786704], [40.215497, -82.786753], [40.215548, -82.786788], [40.215581, -82.786819], [40.215589, -82.786827], [40.215632, -82.786849]]}, "5": {"path": [[40.21573, -82.786075], [40.215458, -82.783371], [40.214667, -82.782056]], "green": [[40.21474, -82.782208], [40.214768, -82.782165], [40.214778, -82.78209], [40.214758, -82.782034], [40.214729, -82.78198], [40.214707, -82.781932], [40.214682, -82.781897], [40.214631, -82.781881], [40.214586, -82.781905], [40.214549, -82.78194], [40.214551, -82.781999], [40.214565, -82.782058], [40.214602, -82.782109], [40.214625, -82.782157], [40.214645, -82.782184], [40.21468, -82.782211], [40.21474, -82.782208]]}, "6": {"path": [[40.213944, -82.7818], [40.214593, -82.784529], [40.21496, -82.787524]], "green": [[40.214855, -82.787527], [40.214866, -82.787572], [40.214878, -82.787611], [40.214892, -82.787651], [40.214903, -82.787674], [40.214916, -82.78769], [40.214934, -82.787706], [40.214962, -82.787701], [40.214987, -82.787687], [40.215008, -82.787662], [40.215028, -82.787635], [40.215056, -82.7876], [40.215077, -82.787574], [40.215094, -82.787551], [40.215097, -82.787523], [40.215094, -82.787506], [40.215089, -82.787486], [40.215077, -82.787464], [40.215062, -82.787453], [40.215037, -82.787443], [40.215017, -82.787445], [40.214999, -82.787443], [40.214975, -82.787443], [40.214958, -82.787434], [40.21494, -82.787417], [40.214914, -82.787402], [40.214903, -82.787393], [40.214886, -82.787389], [40.214865, -82.787394], [40.214855, -82.787409], [40.21485, -82.787437], [40.214847, -82.78746], [40.214849, -82.787493], [40.214855, -82.787527]]}, "7": {"path": [[40.214709, -82.788818], [40.214134, -82.787088]], "green": [[40.214075, -82.787219], [40.2141, -82.787214], [40.214121, -82.787205], [40.214134, -82.7872], [40.214146, -82.787194], [40.214172, -82.787189], [40.214197, -82.787182], [40.214212, -82.78719], [40.214228, -82.787188], [40.214249, -82.78718], [40.214263, -82.787171], [40.21427, -82.787154], [40.21427, -82.787132], [40.214267, -82.787107], [40.214264, -82.787092], [40.214261, -82.787077], [40.214253, -82.787038], [40.214243, -82.787], [40.214233, -82.786972], [40.214214, -82.786944], [40.214189, -82.786924], [40.214171, -82.78692], [40.214152, -82.786919], [40.214126, -82.786925], [40.214107, -82.786937], [40.214094, -82.786946], [40.214073, -82.786956], [40.214044, -82.786972], [40.214021, -82.786985], [40.213999, -82.786997], [40.21399, -82.787019], [40.213988, -82.78704], [40.213995, -82.787076], [40.214001, -82.78711], [40.214012, -82.787141], [40.214026, -82.787167], [40.214035, -82.787184], [40.214047, -82.787201], [40.214056, -82.787216], [40.214075, -82.787219]]}, "8": {"path": [[40.213389, -82.787515], [40.214366, -82.78911], [40.214044, -82.790279]], "green": [[40.214006, -82.790445], [40.214019, -82.790456], [40.214037, -82.790467], [40.214062, -82.790467], [40.21409, -82.790459], [40.214115, -82.790433], [40.214136, -82.790401], [40.214146, -82.790357], [40.214148, -82.790307], [40.214145, -82.790239], [40.21414, -82.790207], [40.214133, -82.790171], [40.214121, -82.790158], [40.214104, -82.790139], [40.214078, -82.790126], [40.214074, -82.790122], [40.214058, -82.790113], [40.21404, -82.790106], [40.214013, -82.790108], [40.213991, -82.790122], [40.213977, -82.790138], [40.213968, -82.790166], [40.213966, -82.790175], [40.213963, -82.790191], [40.213976, -82.790225], [40.213989, -82.790248], [40.213997, -82.790275], [40.214003, -82.790302], [40.214002, -82.790331], [40.213997, -82.790359], [40.213994, -82.790388], [40.213994, -82.790407], [40.213997, -82.790426], [40.214006, -82.790445]]}, "9": {"path": [[40.214289, -82.791293], [40.215161, -82.790819], [40.216706, -82.790238], [40.216665, -82.788652]], "green": [[40.216639, -82.788763], [40.216654, -82.788785], [40.21667, -82.788799], [40.216685, -82.788807], [40.216709, -82.788806], [40.21673, -82.788798], [40.216747, -82.788783], [40.216764, -82.78875], [40.216772, -82.788712], [40.216774, -82.788674], [40.216765, -82.788636], [40.216747, -82.788601], [40.216727, -82.78857], [40.216711, -82.788547], [40.21669, -82.788524], [40.216664, -82.788503], [40.216634, -82.788489], [40.216608, -82.788494], [40.216584, -82.788507], [40.216573, -82.788525], [40.216564, -82.788542], [40.216562, -82.788564], [40.216572, -82.788593], [40.216587, -82.78862], [40.216605, -82.78867], [40.216614, -82.788705], [40.216626, -82.788738], [40.216639, -82.788763]]}, "10": {"path": [[40.218483, -82.787705], [40.220011, -82.791379]],