{"holes": {"1": {"path": [[40.166644, -83.397413], [40.16513, -83.399225], [40.164821, -83.400309]], "green": [[40.164798, -83.400154], [40.164815, -83.400148], [40.164833, -83.40015], [40.164851, -83.400162], [40.164865, -83.400177], [40.164875, -83.400193], [40.164882, -83.400214], [40.164891, -83.400237], [40.16489, -83.40026], [40.164893, -83.400293], [40.164895, -83.400317], [40.164896, -83.400345], [40.164897, -83.400373], [40.164896, -83.400397], [40.164891, -83.400429], [40.164879, -83.400462], [40.164862, -83.400489], [40.164841, -83.400504], [40.164825, -83.400511], [40.164808, -83.400507], [40.164797, -83.400497], [40.164791, -83.400484], [40.164786, -83.400468], [40.164782, -83.400449], [40.164779, -83.400428], [40.164775, -83.40035], [40.164772, -83.40033], [40.16477, -83.400313], [40.164768, -83.400297], [40.164767, -83.400286], [40.164764, -83.400271], [40.164762, -83.400257], [40.16476, -83.400238], [40.164758, -83.400225], [40.164761, -83.400192], [40.16477, -83.400171], [40.16478, -83.400162], [40.164787, -83.400157], [40.164798, -83.400154]]}, "2": {"path": [[40.165495, -83.399895], [40.166812, -83.401967], [40.168126, -83.402411]], "green": [[40.167984, -83.402287], [40.16799, -83.402264], [40.16801, -83.402234], [40.168023, -83.402224], [40.168031, -83.402216], [40.168052, -83.402211], [40.168077, -83.402214], [40.168103, -83.402229], [40.168134, -83.402258], [40.168155, -83.402292], [40.168174, -83.402322], [40.168188, -83.402347], [40.168205, -83.402365], [40.168224, -83.402384], [40.168244, -83.402399], [40.16826, -83.402411], [40.168271, -83.402428], [40.168277, -83.402444], [40.168284, -83.402479], [40.168288, -83.402508], [40.168285, -83.402543], [40.16827, -83.402573], [40.168256, -83.402589], [40.168238, -83.402597], [40.168217, -83.402601], [40.168197, -83.402601], [40.16818, -83.402592], [40.168164, -83.402581], [40.168151, -83.40257], [40.168139, -83.402551], [40.168134, -83.402533], [40.168124, -83.402508], [40.168113, -83.402489], [40.168102, -83.402472], [40.168084, -83.402452], [40.168069, -83.402437], [40.168044, -83.402419], [40.16803, -83.402412], [40.168013, -83.402399], [40.16799, -83.402385], [40.167986, -83.402378], [40.167981, -83.402368], [40.16798, -83.402344], [40.16798, -83.402317], [40.167984, -83.402287]]}, "3": {"path": [[40.16907, -83.402589], [40.169218, -83.404547]], "green": [[40.169128, -83.404556], [40.169139, -83.404521], [40.169154, -83.404479], [40.169172, -83.404436], [40.16918, -83.404413], [40.169189, -83.404389], [40.169208, -83.404371], [40.169236, -83.404364], [40.169261, -83.404369], [40.16929, -83.40439], [40.169304, -83.404409], [40.169317, -83.404437], [40.169329, -83.404463], [40.169337, -83.404497], [40.169336, -83.404522], [40.169332, -83.404545], [40.169322, -83.404572], [40.169308, -83.404602], [40.169286, -83.404641], [40.169265, -83.404672], [40.16924, -83.404696], [40.169213, -83.404715], [40.169186, -83.404722], [40.169162, -83.404725], [40.16914, -83.404708], [40.169126, -83.40469], [40.169118, -83.404666], [40.169116, -83.404635], [40.16912, -83.404602], [40.169123, -83.404581], [40.169128, -83.404556]]}, "4": {"path": [[40.169442, -83.405357], [40.171713, -83.400224]], "green": [[40.171613, -83.400327], [40.171606, -83.400313], [40.171597, -83.400278], [40.171593, -83.400244], [40.171597, -83.400213], [40.171601, -83.400187], [40.171609, -83.400164], [40.171619, -83.400136], [40.171629, -83.400108], [40.171641, -83.400089], [40.171659, -83.400075], [40.171684, -83.400068], [40.171713, -83.400059], [40.171738, -83.400053], [40.17176, -83.40005], [40.171777, -83.400054], [40.171793, -83.400064], [40.171805, -83.400079], [40.171817, -83.400101], [40.171828, -83.400129], [40.171838, -83.400161], [40.171839, -83.400186], [40.171835, -83.400207], [40.17183, -83.400225], [40.17182, -83.400234], [40.17181, -83.400242], [40.171799, -83.400252], [40.171779, -83.400265], [40.171772, -83.400271], [40.171765, -83.400279], [40.171757, -83.400289], [40.171751, -83.400297], [40.171742, -83.400309], [40.171731, -83.400317], [40.171722, -83.400325], [40.171711, -83.40034], [40.171702, -83.400345], [40.171692, -83.400348], [40.171681, -83.400349], [40.17167, -83.400352], [40.171656, -83.400354], [40.171642, -83.400352], [40.171629, -83.400346], [40.171619, -83.400337], [40.171613, -83.400327]]}, "6": {"path": [[40.169412, -83.402353], [40.167286, -83.401213], [40.166546, -83.400113], [40.165801, -83.399426]], "green": [[40.165956, -83.399503], [40.165949, -83.399519], [40.165939, -83.399534], [40.165927, -83.39954], [40.165907, -83.399546], [40.165887, -83.399544], [40.165873, -83.399539], [40.165857, -83.399531], [40.16584, -83.399521], [40.165824, -83.39951], [40.165809, -83.399504], [40.165795, -83.399496], [40.165778, -83.399488], [40.165762, -83.399487], [40.165746, -83.399491], [40.165729, -83.399496], [40.165708, -83.399499], [40.165684, -83.399501], [40.165662, -83.399498], [40.165648, -83.399489], [40.165641, -83.39947], [40.165639, -83.399453], [40.165635, -83.399438], [40.165639, -83.399421], [40.165644, -83.399402], [40.165653, -83.399378], [40.165664, -83.399351], [40.165677, -83.399334], [40.16569, -83.399318], [40.165706, -83.399305], [40.165724, -83.399294], [40.165742, -83.399285], [40.165756, -83.399282], [40.16577, -83.399278], [40.165787, -83.399281], [40.165801, -83.399283], [40.165814, -83.399289], [40.165829, -83.399299], [40.165842, -83.399309], [40.165858, -83.399323], [40.165873, -83.399342], [40.165892, -83.399367], [40.165903, -83.399383], [40.165916, -83.399399], [40.165931, -83.399425], [40.165943, -83.399439], [40.165951, -83.39945], [40.165956, -83.399465], [40.165959, -83.399484], [40.165956, -83.399503]]}, "7": {"path": [[40.166161, -83.398901], [40.167411, -83.399642]], "green": [[40.167416, -83.399539], [40.167445, -83.399536], [40.167484, -83.399541], [40.167508, -83.399548], [40.167524, -83.399556], [40.167543, -83.399564], [40.167558, -83.399574], [40.167568, -83.399593], [40.167573, -83.39962], [40.167571, -83.399637], [40.167561, -83.399659], [40.167541, -83.399676], [40.167521, -83.399695], [40.167502, -83.399708], [40.167493, -83.399715], [40.167482, -83.399724], [40.167471, -83.399733], [40.167454, -83.399748], [40.167435, -83.399762], [40.167415, -83.39977], [40.167386, -83.399773], [40.167352, -83.399771], [40.167324, -83.399765], [40.167304, -83.399759], [40.167279, -83.399743], [40.167262, -83.399722], [40.167252, -83.399702], [40.167246, -83.39967], [40.167247, -83.399635], [40.167251, -83.399608], [40.167263, -83.399589], [40.167276, -83.399574], [40.167293, -83.399563], [40.167314, -83.399552], [40.16734, -83.399545], [40.167359, -83.399547], [40.167387, -83.399545], [40.167404, -83.399541], [40.167416, -83.399539]]}, "8": {"path": [[40.167494, -83.400355], [40.169426, -83.401332], [40.17059, -83.400078]], "green": [[40.170446, -83.400093], [40.170448, -83.400072], [40.17045, -83.40004], [40.170461, -83.400005], [40.170479, -83.399982], [40.170496, -83.399976], [40.170512, -83.399974], [40.170528, -83.399973], [40.170544, -83.399975], [40.170561, -83.399982], [40.170575, -83.399986], [40.170594, -83.399989], [40.170611, -83.399989], [40.170626, -83.399976], [40.170642, -83.399965], [40.170659, -83.399962], [40.170676, -83.399963], [40.17069, -83.39997], [40.170708, -83.39998], [40.170724, -83.399995], [40.17073, -83.400003], [40.170737, -83.400016], [40.170738, -83.400037], [40.170738, -83.400059], [40.170732, -83.400087], [40.170719, -83.400111], [40.170704, -83.400142], [40.17069, -83.40017], [40.170678, -83.400186], [40.170665, -83.4002], [40.17065, -83.400207], [40.170637, -83.400212], [40.17062, -83.400212], [40.170607, -83.40021], [40.170584, -83.400205], [40.170566, -83.400203], [40.170546, -83.4002], [40.170524, -83.400193], [40.170509, -83.400189], [40.170484, -83.400177], [40.170468, -83.400162], [40.170458, -83.400149], [40.170451, -83.400134], [40.170448, -83.400113], [40.170446, -83.400093]]},