{"holes": {"1": {"path": [[39.598875, -84.196498], [39.598405, -84.193745], [39.59796, -84.192707]], "green": [[39.597972, -84.192816], [39.597976, -84.192808], [39.597981, -84.192797], [39.597984, -84.192788], [39.597989, -84.19277], [39.598, -84.192747], [39.598006, -84.192728], [39.598015, -84.192721], [39.598024, -84.192706], [39.59803, -84.192688], [39.598034, -84.192675], [39.598035, -84.192659], [39.598034, -84.192645], [39.598028, -84.192622], [39.598022, -84.19261], [39.598016, -84.192604], [39.597998, -84.192596], [39.597981, -84.192588], [39.597969, -84.192587], [39.597956, -84.192587], [39.597946, -84.192588], [39.597937, -84.192593], [39.597927, -84.192597], [39.597916, -84.192605], [39.597905, -84.192616], [39.597892, -84.192649], [39.597886, -84.192662], [39.59788, -84.192701], [39.597877, -84.192725], [39.59788, -84.192743], [39.597884, -84.192757], [39.597893, -84.192782], [39.597902, -84.19279], [39.59791, -84.192801], [39.597922, -84.192813], [39.597933, -84.192821], [39.597946, -84.192825], [39.597956, -84.192826], [39.597966, -84.192823], [39.597972, -84.192816]]}, "3": {"path": [[39.597956, -84.189737], [39.596118, -84.190045], [39.595451, -84.190462]], "green": [[39.595499, -84.190566], [39.595524, -84.19056], [39.59556, -84.190538], [39.595568, -84.190531], [39.595575, -84.190526], [39.59558, -84.190518], [39.595587, -84.190495], [39.595588, -84.190465], [39.595583, -84.190442], [39.595575, -84.190434], [39.595564, -84.190426], [39.59553, -84.190427], [39.595512, -84.190419], [39.595496, -84.190406], [39.5954, -84.190352], [39.595365, -84.190336], [39.595339, -84.190335], [39.59532, -84.190343], [39.595306, -84.190354], [39.595296, -84.190376], [39.595286, -84.190406], [39.595287, -84.19044], [39.595292, -84.190461], [39.59531, -84.190489], [39.595327, -84.190505], [39.595399, -84.190547], [39.595441, -84.190571], [39.595464, -84.190575], [39.595499, -84.190566]]}, "4": {"path": [[39.594176, -84.189719], [39.595629, -84.187612], [39.596542, -84.187253]], "green": [[39.596476, -84.187359], [39.596444, -84.187344], [39.596436, -84.187337], [39.596422, -84.187326], [39.596405, -84.187311], [39.596393, -84.187299], [39.596388, -84.187279], [39.596393, -84.187258], [39.596402, -84.187243], [39.596415, -84.187237], [39.596435, -84.187227], [39.596452, -84.187219], [39.596477, -84.187208], [39.596495, -84.187195], [39.596511, -84.187185], [39.596525, -84.187171], [39.596542, -84.187155], [39.596564, -84.18713], [39.596586, -84.187111], [39.596606, -84.187101], [39.596625, -84.187095], [39.596642, -84.187095], [39.596677, -84.187125], [39.596686, -84.187142], [39.596691, -84.187168], [39.596689, -84.187196], [39.596683, -84.187214], [39.596676, -84.18724], [39.596659, -84.187299], [39.596648, -84.187332], [39.596641, -84.18735], [39.596626, -84.187375], [39.596606, -84.187388], [39.59659, -84.187394], [39.596569, -84.187393], [39.596547, -84.187387], [39.596508, -84.187373], [39.596476, -84.187359]]}, "5": {"path": [[39.595795, -84.186626], [39.597039, -84.186379]], "green": [[39.596947, -84.186472], [39.596953, -84.186486], [39.59696, -84.186505], [39.596972, -84.186518], [39.596981, -84.186527], [39.596992, -84.186529], [39.596998, -84.18653], [39.597015, -84.186528], [39.597032, -84.186525], [39.597051, -84.186518], [39.597067, -84.186516], [39.597092, -84.186509], [39.597107, -84.186502], [39.597119, -84.186487], [39.59713, -84.186475], [39.597144, -84.186458], [39.597154, -84.186442], [39.597164, -84.186423], [39.597168, -84.186402], [39.597169, -84.186384], [39.597167, -84.186354], [39.597169, -84.186331], [39.597167, -84.186317], [39.597161, -84.186303], [39.597149, -84.186287], [39.597138, -84.186279], [39.597124, -84.186272], [39.597113, -84.186266], [39.597103, -84.186256], [39.597088, -84.186242], [39.597074, -84.186232], [39.59706, -84.186228], [39.597044, -84.186231], [39.59703, -84.186237], [39.597018, -84.186243], [39.597011, -84.18625], [39.597003, -84.18626], [39.596996, -84.18627], [39.596984, -84.186285], [39.596972, -84.186293], [39.596959, -84.186303], [39.596944, -84.186311], [39.59694, -84.186322], [39.596936, -84.186332], [39.596931, -84.186348], [39.59693, -84.186368], [39.596931, -84.18638], [39.596931, -84.186396], [39.596931, -84.186414], [39.596934, -84.186433], [39.59694, -84.186454], [39.596947, -84.186472]]}, "6": {"path": [[39.597224, -84.185079], [39.596066, -84.182645], [39.59593, -84.18141]], "green": [[39.59588, -84.181589], [39.595888, -84.181589], [39.595899, -84.181589], [39.595907, -84.181587], [39.595913, -84.181586], [39.595926, -84.181583], [39.595932, -84.181581], [39.595939, -84.181575], [39.595946, -84.181565], [39.595955, -84.181555], [39.595968, -84.181538], [39.59598, -84.181519], [39.595987, -84.181505], [39.595997, -84.181486], [39.596005, -84.181473], [39.596012, -84.181459], [39.596017, -84.181443], [39.596021, -84.181427], [39.596024, -84.181412], [39.59603, -84.181399], [39.596035, -84.181387], [39.596043, -84.181371], [39.596047, -84.181361], [39.59605, -84.18135], [39.596053, -84.181338], [39.596054, -84.181324], [39.596053, -84.18131], [39.596051, -84.1813], [39.596048, -84.181286], [39.596046, -84.181273], [39.59604, -84.181259], [39.596034, -84.181248], [39.596027, -84.181244], [39.596018, -84.181239], [39.59601, -84.181238], [39.595999, -84.181235], [39.595988, -84.181235], [39.59598, -84.181237], [39.595972, -84.181241], [39.595965, -84.181248], [39.595954, -84.181255], [39.595941, -84.181267], [39.595932, -84.181274], [39.595924, -84.181284], [39.59591, -84.181293], [39.595903, -84.181299], [39.59589, -84.181307], [39.59588, -84.18131], [39.595873, -84.181316], [39.595865, -84.18132], [39.595857, -84.181325], [39.59585, -84.18133], [39.595842, -84.181337], [39.595835, -84.181345], [39.59583, -84.181356], [39.595825, -84.181365], [39.595822, -84.181376], [39.59582, -84.181391], [39.59582, -84.181407], [39.59582, -84.181422], [39.595819, -84.181438], [39.59582, -84.181452], [39.595821, -84.18147], [39.595821, -84.181488], [39.595826, -84.181507], [39.595831, -84.181519], [39.595837, -84.181532], [39.595839, -84.181543], [39.595839, -84.181554], [39.595839, -84.181561], [39.595844, -84.181567], [39.595852, -84.181572], [39.595858, -84.181578], [39.595869, -84.181585], [39.59588, -84.181589]]}, "7": {"path": [[39.596522, -84.180038], [39.597927, -84.182398], [39.598179, -84.184031], [39.598459, -84.184755]], "green": [[39.598507, -84.18487], [39.598524, -84.184865], [39.598548, -84.184858], [39.598566, -84.184851], [39.598583, -84.184847], [39.59859, -84.184841], [39.598596, -84.184831], [39.598599, -84.184818], [39.5986, -84.184797], [39.5986, -84.184777], [39.598598, -84.184762], [39.598591, -84.184747], [39.598586, -84.184733], [39.598577, -84.18472], [39.598571, -84.184709], [39.598565, -84.184701], [39.598557, -84.184696], [39.598549, -84.184693], [39.598537, -84.184693], [39.598522, -84.184693], [39.59851, -84.184691], [39.598498, -84.184687], [39.598489, -84.184683], [39.59848, -84.184677], [39.598473, -84.184667], [39.598464, -84.184662], [39.598458, -84.184657], [39.598447, -84.184653], [39.598437, -84.184649], [39.598422, -84.184646], [39.598406, -84.184645], [39.598393, -84.184646], [39.598381, -84.184653], [39.598369, -84.184661], [39.598362, -84.184667], [39.598358, -84.184671], [39.598348, -84.184682], [39.598342, -84.184692], [39.598336, -84.184707], [39.59833, -84.184719], [39.598325, -84.184737], [39.598317, -84.184751], [39.598314, -84.18476], [39.598312, -84.184766], [39.598317, -84.184774], [39.598327, -84.18479], [39.598336, -84.184805], [39.598348, -84.18482], [39.598366, -84.184837], [39.598384, -84.18485], [39.5984, -84.184859], [39.598411, -84.184865], [39.598424, -84.184871], [39.598444, -84.184875], [39.598457, -84.184876], [39.598481, -84.184877], [39.598494, -84.184874], [39.598507, -84.18487]]}, "8": {"path": [[39.59862, -84.185855], [39.598619, -84.189051]],