{"holes": {"5": {"path": [[40.763513, -81.293584], [40.764971, -81.295396], [40.7665, -81.295558]], "green": [[40.766575, -81.295662], [40.766592, -81.295646], [40.766604, -81.295628], [40.766612, -81.295606], [40.766622, -81.295583], [40.766633, -81.295556], [40.766638, -81.295527], [40.766636, -81.295506], [40.766627, -81.295484], [40.766621, -81.295473], [40.76661, -81.295463], [40.766598, -81.295458], [40.766588, -81.295456], [40.766572, -81.295456], [40.766551, -81.29546], [40.766536, -81.295467], [40.766523, -81.29547], [40.766504, -81.295467], [40.766482, -81.295459], [40.766461, -81.295454], [40.766442, -81.295456], [40.766421, -81.295462], [40.766402, -81.295475], [40.766389, -81.295487], [40.766377, -81.295504], [40.766366, -81.295523], [40.766363, -81.295539], [40.76636, -81.295552], [40.766362, -81.295569], [40.766369, -81.295592], [40.766375, -81.295607], [40.766383, -81.295622], [40.766394, -81.295638], [40.766408, -81.295649], [40.766418, -81.295661], [40.766438, -81.295669], [40.766456, -81.295673], [40.76648, -81.295674], [40.7665, -81.295674], [40.766519, -81.295674], [40.766541, -81.295674], [40.766561, -81.29567], [40.766575, -81.295662]]}, "8": {"path": [[40.770897, -81.291642], [40.771276, -81.294855], [40.771353, -81.296328]], "green": [[40.771404, -81.296509], [40.771416, -81.296491], [40.771423, -81.296469], [40.771425, -81.296429], [40.771426, -81.296401], [40.77143, -81.296372], [40.771433, -81.296344], [40.77144, -81.296314], [40.771445, -81.296274], [40.771449, -81.296244], [40.771449, -81.296214], [40.771447, -81.296188], [40.771438, -81.296166], [40.771424, -81.296146], [40.771407, -81.296128], [40.771392, -81.296115], [40.771375, -81.296112], [40.771357, -81.296115], [40.771343, -81.296119], [40.771333, -81.296125], [40.771319, -81.296138], [40.77131, -81.29615], [40.7713, -81.296164], [40.771295, -81.296181], [40.771291, -81.2962], [40.77129, -81.296222], [40.771286, -81.296254], [40.77129, -81.296283], [40.771295, -81.296317], [40.771296, -81.296339], [40.771298, -81.296355], [40.771295, -81.296368], [40.771287, -81.296385], [40.771281, -81.296403], [40.771273, -81.296426], [40.771271, -81.296448], [40.771274, -81.296474], [40.771283, -81.29649], [40.771294, -81.29651], [40.771303, -81.296522], [40.771313, -81.296527], [40.771328, -81.296534], [40.771344, -81.296536], [40.771368, -81.296535], [40.771389, -81.296525], [40.771404, -81.296509]]}, "10": {"path": [[40.76968, -81.299009], [40.769698, -81.293955]], "green": [[40.769649, -81.294044], [40.769667, -81.294053], [40.769687, -81.294063], [40.769704, -81.294074], [40.76972, -81.294097], [40.769733, -81.294115], [40.769746, -81.294129], [40.769758, -81.294133], [40.769779, -81.294128], [40.769798, -81.294111], [40.76981, -81.294094], [40.769822, -81.294066], [40.769827, -81.294037], [40.769825, -81.294012], [40.769818, -81.293985], [40.769806, -81.29394], [40.769788, -81.293907], [40.769765, -81.293873], [40.769751, -81.293852], [40.769733, -81.293832], [40.769713, -81.293812], [40.769696, -81.293794], [40.769676, -81.293784], [40.769656, -81.293778], [40.769635, -81.293785], [40.769624, -81.293791], [40.769615, -81.2938], [40.769608, -81.293811], [40.769605, -81.293823], [40.769606, -81.293839], [40.769619, -81.29386], [40.769625, -81.293883], [40.76963, -81.29391], [40.769632, -81.293932], [40.769629, -81.293958], [40.769627, -81.293987], [40.769625, -81.294005], [40.769627, -81.294016], [40.769635, -81.294033], [40.769649, -81.294044]]}, "11": {"path": [[40.769219, -81.294045], [40.769106, -81.297072], [40.767869, -81.298887]], "green": [[40.767774, -81.299002], [40.767784, -81.29901], [40.767804, -81.299018], [40.767825, -81.29902], [40.767843, -81.299015], [40.767874, -81.298993], [40.767908, -81.298965], [40.767944, -81.298929], [40.767963, -81.298913], [40.767975, -81.298899], [40.767986, -81.298881], [40.767991, -81.298861], [40.767991, -81.298835], [40.767982, -81.298812], [40.767971, -81.298799], [40.767962, -81.298785], [40.767948, -81.298776], [40.767938, -81.298772], [40.767917, -81.298771], [40.767904, -81.298773], [40.767893, -81.298776], [40.767877, -81.298784], [40.767862, -81.2988], [40.76784, -81.298818], [40.767823, -81.29883], [40.767804, -81.298853], [40.76779, -81.298871], [40.76778, -81.298886], [40.767772, -81.298903], [40.767763, -81.298917], [40.767756, -81.298938], [40.767755, -81.298958], [40.767762, -81.298984], [40.767774, -81.299002]]}, "18": {"path": [[40.772114, -81.293818], [40.772271, -81.297066], [40.771688, -81.298261]], "green": [[40.771564, -81.298327], [40.771571, -81.29834], [40.77158, -81.298353], [40.771591, -81.29836], [40.771603, -81.298367], [40.771614, -81.29837], [40.771632, -81.298369], [40.771652, -81.298365], [40.77167, -81.29836], [40.771691, -81.298356], [40.771707, -81.298355], [40.771721, -81.298351], [40.771742, -81.298352], [40.771755, -81.298355], [40.771766, -81.298352], [40.771781, -81.298343], [40.771795, -81.298332], [40.771806, -81.298316], [40.771813, -81.298298], [40.771818, -81.29828], [40.771819, -81.29826], [40.771819, -81.298239], [40.771819, -81.298212], [40.771815, -81.298183], [40.77181, -81.298165], [40.771799, -81.29815], [40.771785, -81.298139], [40.771772, -81.298131], [40.771754, -81.298132], [40.771733, -81.298136], [40.771708, -81.29814], [40.771684, -81.298146], [40.77166, -81.29815], [40.771629, -81.298157], [40.771605, -81.298162], [40.771586, -81.298167], [40.771572, -81.298176], [40.771565, -81.298186], [40.771559, -81.298203], [40.771553, -81.298226], [40.77155, -81.298253], [40.771556, -81.298297], [40.771564, -81.298327]]}}}