{"holes": {"1": {"path": [[38.996595, -82.610084], [38.996046, -82.611882], [38.995777, -82.613311]], "green": [[38.995717, -82.613414], [38.995735, -82.61343], [38.995758, -82.613437], [38.995791, -82.613434], [38.995822, -82.613423], [38.99585, -82.613399], [38.99587, -82.613364], [38.99588, -82.613315], [38.99588, -82.613271], [38.995867, -82.613225], [38.995848, -82.613196], [38.995821, -82.613176], [38.995802, -82.613173], [38.995775, -82.613175], [38.995749, -82.613188], [38.995728, -82.613206], [38.995703, -82.613246], [38.995691, -82.613275], [38.995685, -82.61332], [38.995694, -82.613368], [38.995705, -82.613395], [38.995717, -82.613414]]}, "2": {"path": [[38.996586, -82.614458], [38.996625, -82.612267]], "green": [[38.99657, -82.612339], [38.996589, -82.612359], [38.996604, -82.612372], [38.99663, -82.612373], [38.99666, -82.612363], [38.996679, -82.612339], [38.99669, -82.612327], [38.996705, -82.612279], [38.99671, -82.612237], [38.996703, -82.612199], [38.996688, -82.612168], [38.996666, -82.612151], [38.996647, -82.612144], [38.996623, -82.612146], [38.996595, -82.612164], [38.99657, -82.612191], [38.996554, -82.612223], [38.99655, -82.612265], [38.996552, -82.6123], [38.996561, -82.612325], [38.99657, -82.612339]]}, "3": {"path": [[38.996881, -82.613239], [38.998055, -82.614842], [38.998417, -82.616386]], "green": [[38.998357, -82.616436], [38.998372, -82.616463], [38.998393, -82.616482], [38.998412, -82.61649], [38.998433, -82.61649], [38.998453, -82.616481], [38.998471, -82.616464], [38.99849, -82.616431], [38.998498, -82.616391], [38.998496, -82.616351], [38.998487, -82.61632], [38.99847, -82.616294], [38.998451, -82.61628], [38.998425, -82.616275], [38.998398, -82.616284], [38.998383, -82.616296], [38.998363, -82.616319], [38.998352, -82.616342], [38.998346, -82.616376], [38.998349, -82.616404], [38.998357, -82.616436]]}, "4": {"path": [[38.997674, -82.61614], [38.998763, -82.617242]], "green": [[38.998707, -82.617289], [38.998785, -82.617351], [38.998822, -82.617373], [38.998843, -82.617376], [38.998863, -82.617376], [38.998882, -82.61736], [38.998888, -82.617332], [38.998882, -82.617296], [38.998861, -82.617257], [38.998813, -82.617198], [38.998782, -82.617155], [38.998765, -82.617126], [38.998741, -82.617107], [38.998719, -82.617102], [38.998696, -82.617109], [38.998677, -82.617133], [38.998665, -82.61716], [38.998661, -82.617187], [38.998666, -82.617222], [38.998673, -82.617246], [38.998686, -82.61727], [38.998707, -82.617289]]}, "5": {"path": [[38.999047, -82.617198], [38.99873, -82.615095], [38.998471, -82.614193]], "green": [[38.998399, -82.614411], [38.998424, -82.614431], [38.998449, -82.614439], [38.998483, -82.614438], [38.998515, -82.614423], [38.99854, -82.614398], [38.998559, -82.614348], [38.998569, -82.614273], [38.99858, -82.614128], [38.998584, -82.614065], [38.998584, -82.614024], [38.998575, -82.613996], [38.998557, -82.61397], [38.998536, -82.613955], [38.998515, -82.613949], [38.998484, -82.613949], [38.998457, -82.613961], [38.998425, -82.613991], [38.998405, -82.614033], [38.998402, -82.614064], [38.998401, -82.614113], [38.998385, -82.614164], [38.998371, -82.614228], [38.998365, -82.61429], [38.99837, -82.614361], [38.99838, -82.614392], [38.998399, -82.614411]]}, "6": {"path": [[38.998222, -82.614328], [38.997152, -82.612239], [38.996867, -82.61087]], "green": [[38.996818, -82.610955], [38.996842, -82.610966], [38.996871, -82.610963], [38.996907, -82.610949], [38.996923, -82.610936], [38.996938, -82.610924], [38.996959, -82.610891], [38.996963, -82.610853], [38.996957, -82.610819], [38.996943, -82.61079], [38.996919, -82.610767], [38.996895, -82.610755], [38.996863, -82.610756], [38.996818, -82.61077], [38.996791, -82.610795], [38.996775, -82.610831], [38.996769, -82.610874], [38.996778, -82.61091], [38.996795, -82.610936], [38.996818, -82.610955]]}, "8": {"path": [[38.995327, -82.609217], [38.995564, -82.606557], [38.995201, -82.605585]], "green": [[38.995151, -82.605648], [38.995178, -82.605656], [38.9952, -82.605659], [38.995216, -82.605669], [38.995233, -82.605697], [38.995249, -82.605714], [38.995273, -82.605725], [38.995293, -82.605719], [38.995309, -82.605706], [38.995324, -82.60567], [38.995328, -82.605628], [38.995317, -82.605573], [38.995302, -82.605527], [38.995285, -82.605494], [38.995251, -82.605456], [38.995214, -82.60542], [38.995186, -82.605411], [38.995151, -82.605413], [38.99512, -82.605431], [38.9951, -82.605461], [38.995086, -82.605498], [38.995083, -82.605534], [38.995085, -82.605571], [38.995095, -82.605605], [38.995111, -82.605629], [38.99513, -82.605641], [38.995151, -82.605648]]}, "9": {"path": [[38.995718, -82.604891], [38.996168, -82.606822], [38.996445, -82.60881], [38.995966, -82.609433]], "green": [[38.99587, -82.609483], [38.995887, -82.609513], [38.995913, -82.609531], [38.995946, -82.609542], [38.995984, -82.60954], [38.996017, -82.609531], [38.996049, -82.609504], [38.996075, -82.60946], [38.996077, -82.609423], [38.996068, -82.60937], [38.996059, -82.609357], [38.996049, -82.609344], [38.996021, -82.609329], [38.995975, -82.609325], [38.995936, -82.609339], [38.995909, -82.609354], [38.995886, -82.609373], [38.995867, -82.609409], [38.995863, -82.60945], [38.99587, -82.609483]]}, "11": {"path": [[38.998817, -82.614276], [38.998294, -82.611447], [38.998173, -82.609968]], "green": [[38.998097, -82.610043], [38.998114, -82.610059], [38.998137, -82.610072], [38.998163, -82.610077], [38.998199, -82.61007], [38.998227, -82.610055], [38.998249, -82.610027], [38.998262, -82.609984], [38.998263, -82.609945], [38.998256, -82.609892], [38.998246, -82.609869], [38.998233, -82.609856], [38.998208, -82.609852], [38.998185, -82.609855], [38.998149, -82.609867], [38.998113, -82.609896], [38.998093, -82.609932], [38.998083, -82.609964], [38.998088, -82.610011], [38.998097, -82.610043]]}, "13": {"path": [[38.999111, -82.608502], [38.998852, -82.605944], [38.998825, -82.60456]], "green": [[38.998765, -82.604602], [38.998788, -82.604649], [38.998812, -82.604685], [38.998842, -82.604705], [38.998882, -82.604713], [38.998932, -82.604706], [38.998967, -82.604687], [38.99899, -82.604657], [38.998998, -82.604603], [38.998985, -82.60454], [38.998963, -82.604498], [38.998936, -82.604477], [38.998903, -82.604462], [38.998858, -82.60446], [38.99881, -82.604454], [38.998775, -82.60445], [38.998731, -82.604458], [38.998698, -82.604462], [38.998681, -82.604473], [38.99868, -82.60449], [38.998687, -82.604509], [38.998705, -82.604535], [38.998731, -82.604552], [38.998751, -82.604575], [38.998765, -82.604602]]}, "14": {"path": [[38.998179, -82.604579], [38.998352, -82.607328], [38.998295, -82.608886]], "green": [[38.99822, -82.608953], [38.998247, -82.608993], [38.998277, -82.609015], [38.998309, -82.609019], [38.998337, -82.609009], [38.998368, -82.608982], [38.998388, -82.608941], [38.998396, -82.608886], [38.998393, -82.608846], [38.998369, -82.608802], [38.998348, -82.608773], [38.99832, -82.608753], [38.998288, -82.60875], [38.998251, -82.608767], [38.998235, -82.608791], [38.998223, -82.608809], [38.998208, -82.608872], [38.99821, -82.608915], [38.99822, -82.608953]]}, "15": {"path": [[38.99791, -82.608938], [38.997885, -82.606243], [38.997725, -82.604771]], "green": [[38.997643, -82.604846], [38.997666, -82.604881], [38.997695, -82.604908], [38.997729, -82.604916], [38.997768, -82.604908], [38.997801, -82.604891], [38.99783, -82.604853], [38.997845, -82.6048], [38.997843, -82.604726], [38.997821, -82.604659], [38.997797, -82.604628], [38.997759, -82.604607], [38.997715, -82.604605], [38.997681, -82.604623], [38.997653, -82.604658], [38.997631, -82.604711], [38.99762, -82.604765], [38.997627, -82.604817], [38.997643, -82.604846]]}, "16": {"path": [[38.997329, -82.604756], [38.997583, -82.608878]],