{"holes": {"1": {"path": [[41.535013, -81.216259], [41.533293, -81.214486], [41.532314, -81.213143]], "green": [[41.532618, -81.207242], [41.532617, -81.207274], [41.532609, -81.207305], [41.532598, -81.207326], [41.532575, -81.207354], [41.53255, -81.207369], [41.532513, -81.207376], [41.532488, -81.207368], [41.532464, -81.207353], [41.532428, -81.207316], [41.532412, -81.207296], [41.532394, -81.207253], [41.532384, -81.207222], [41.532382, -81.207197], [41.532383, -81.207161], [41.532397, -81.207117], [41.532416, -81.207089], [41.532435, -81.207065], [41.532465, -81.207046], [41.532508, -81.207037], [41.532541, -81.20703], [41.532568, -81.207027], [41.532602, -81.207041], [41.532621, -81.207054], [41.532634, -81.207076], [41.532635, -81.207105], [41.532635, -81.20714], [41.532622, -81.207176], [41.532617, -81.207203], [41.532618, -81.207242]]}, "3": {"path": [[41.536013, -81.210493], [41.537489, -81.213204], [41.538854, -81.215408]], "green": [[41.538972, -81.215383], [41.538977, -81.215413], [41.538975, -81.215441], [41.538972, -81.215458], [41.538969, -81.215474], [41.538963, -81.215488], [41.538956, -81.2155], [41.538946, -81.215508], [41.538936, -81.215517], [41.538921, -81.215524], [41.538906, -81.215529], [41.538883, -81.21553], [41.538863, -81.215528], [41.538849, -81.215526], [41.538837, -81.215521], [41.538823, -81.215511], [41.538809, -81.215498], [41.538787, -81.215477], [41.538755, -81.215461], [41.53873, -81.215445], [41.538717, -81.215429], [41.538707, -81.215404], [41.538706, -81.215394], [41.538702, -81.215366], [41.538706, -81.215327], [41.538721, -81.215303], [41.538738, -81.215283], [41.538749, -81.215272], [41.538765, -81.215269], [41.538779, -81.21527], [41.538822, -81.215277], [41.538832, -81.215275], [41.538862, -81.215286], [41.538893, -81.215293], [41.538925, -81.215307], [41.538944, -81.215327], [41.538958, -81.215347], [41.538966, -81.215365], [41.538972, -81.215383]]}, "5": {"path": [[41.53701, -81.21428], [41.535809, -81.211913], [41.534548, -81.21106]], "green": [[41.534563, -81.210905], [41.534584, -81.210923], [41.534602, -81.210945], [41.534617, -81.210983], [41.534629, -81.211027], [41.534644, -81.211067], [41.534663, -81.211104], [41.534672, -81.21113], [41.534675, -81.211166], [41.534664, -81.211199], [41.534643, -81.211218], [41.53461, -81.211228], [41.534599, -81.211229], [41.534591, -81.21123], [41.534563, -81.211216], [41.534532, -81.211202], [41.534501, -81.211178], [41.534472, -81.211151], [41.534448, -81.211116], [41.534426, -81.211079], [41.534408, -81.211049], [41.534403, -81.21101], [41.534409, -81.210968], [41.534423, -81.210937], [41.53445, -81.210907], [41.534482, -81.210893], [41.53451, -81.210888], [41.534544, -81.210892], [41.534563, -81.210905]]}, "6": {"path": [[41.533478, -81.210734], [41.53448, -81.213576], [41.535355, -81.215658]], "green": [[41.535489, -81.215645], [41.535501, -81.215699], [41.535502, -81.215739], [41.535493, -81.215789], [41.535475, -81.215817], [41.535445, -81.215837], [41.535414, -81.215856], [41.535371, -81.215856], [41.535329, -81.215848], [41.535306, -81.215824], [41.535291, -81.215794], [41.535272, -81.215773], [41.535253, -81.215752], [41.535237, -81.215739], [41.535226, -81.215714], [41.535226, -81.215688], [41.53523, -81.215653], [41.535235, -81.215626], [41.535243, -81.215597], [41.535245, -81.215574], [41.535245, -81.215549], [41.53525, -81.21552], [41.535276, -81.215495], [41.535296, -81.215495], [41.535321, -81.215501], [41.535333, -81.215536], [41.53535, -81.215554], [41.535384, -81.215568], [41.535419, -81.215553], [41.535435, -81.215542], [41.535446, -81.215538], [41.535457, -81.215539], [41.535471, -81.215557], [41.535483, -81.215601], [41.535489, -81.215645]]}, "9": {"path": [[41.533169, -81.207897], [41.535278, -81.208117], [41.536358, -81.207796]], "green": [[41.536498, -81.207736], [41.536516, -81.20777], [41.536519, -81.207801], [41.536517, -81.207843], [41.536508, -81.207862], [41.536495, -81.207878], [41.53647, -81.207894], [41.536443, -81.207893], [41.536417, -81.207886], [41.536392, -81.207866], [41.536368, -81.20785], [41.536336, -81.207848], [41.5363, -81.207865], [41.536271, -81.20788], [41.536217, -81.207881], [41.536199, -81.20787], [41.536181, -81.207828], [41.536179, -81.207797], [41.536177, -81.207758], [41.536189, -81.207727], [41.536204, -81.207714], [41.536223, -81.207702], [41.536259, -81.207692], [41.536307, -81.207686], [41.536361, -81.207688], [41.536401, -81.207694], [41.536448, -81.207709], [41.536478, -81.207724], [41.536498, -81.207736]]}, "10": {"path": [[41.535834, -81.202634], [41.533846, -81.203226], [41.532685, -81.202965]], "green": [[41.532755, -81.202974], [41.532753, -81.20301], [41.532753, -81.203044], [41.532753, -81.203078], [41.53275, -81.203093], [41.532745, -81.203107], [41.532735, -81.203116], [41.532715, -81.20313], [41.532704, -81.203137], [41.532683, -81.203137], [41.532661, -81.203127], [41.532648, -81.203113], [41.532629, -81.203094], [41.532622, -81.203077], [41.532622, -81.203049], [41.532618, -81.203015], [41.532608, -81.202992], [41.532596, -81.202967], [41.532585, -81.202941], [41.532582, -81.202917], [41.532585, -81.202904], [41.532589, -81.202893], [41.53261, -81.202866], [41.532628, -81.202845], [41.532649, -81.202822], [41.532662, -81.202815], [41.532675, -81.202807], [41.53269, -81.202807], [41.532707, -81.20281], [41.532727, -81.202819], [41.532744, -81.202835], [41.532751, -81.202844], [41.532758, -81.202854], [41.532766, -81.202874], [41.532767, -81.2029], [41.532762, -81.202936], [41.532755, -81.202974]]}, "15": {"path": [[41.540872, -81.209716], [41.540614, -81.212558], [41.540743, -81.213362]], "green": [[41.540868, -81.213432], [41.54086, -81.213454], [41.540851, -81.213471], [41.540817, -81.213491], [41.540776, -81.213503], [41.540745, -81.213506], [41.540722, -81.213498], [41.5407, -81.21349], [41.540679, -81.213475], [41.540665, -81.213463], [41.540652, -81.213448], [41.540639, -81.213431], [41.540629, -81.213412], [41.540619, -81.21339], [41.540615, -81.213365], [41.540614, -81.213309], [41.540624, -81.213249], [41.540637, -81.21321], [41.540655, -81.213188], [41.540683, -81.213182], [41.540707, -81.213195], [41.540729, -81.213207], [41.540742, -81.213222], [41.540756, -81.213236], [41.540769, -81.213274], [41.540787, -81.213307], [41.540808, -81.21332], [41.540831, -81.213328], [41.54085, -81.21334], [41.540864, -81.213353], [41.540871, -81.21337], [41.540873, -81.2134], [41.540868, -81.213432]]}, "16": {"path": [[41.539667, -81.214567], [41.538054, -81.21251], [41.537961, -81.211141]], "green": [[41.538165, -81.211115], [41.53815, -81.211149], [41.538134, -81.211179], [41.538103, -81.211199], [41.538086, -81.211201], [41.538072, -81.211201], [41.538037, -81.211208], [41.538002, -81.211238], [41.537964, -81.211279], [41.537945, -81.211304], [41.537912, -81.211335], [41.537903, -81.211338], [41.537889, -81.211343], [41.537874, -81.211327], [41.537863, -81.211307], [41.537855, -81.211259], [41.537841, -81.211231], [41.537827, -81.211202], [41.537787, -81.211155], [41.537757, -81.211136], [41.537752, -81.211122], [41.537752, -81.211107], [41.537764, -81.211082], [41.537767, -81.211073], [41.537782, -81.211045], [41.537811, -81.211028], [41.537841, -81.211024], [41.537887, -81.211028], [41.537929, -81.211022], [41.537959, -81.211008], [41.537995, -81.210993], [41.53805, -81.210988], [41.538086, -81.210982], [41.538122, -81.210987], [41.538148, -81.211003], [41.538164, -81.211027], [41.538169, -81.211061], [41.538169, -81.211089], [41.538165, -81.211115]]}, "18": {"path": [[41.537152, -81.208799], [41.536575, -81.205361], [41.536628, -81.203]],