{"holes": {"1": {"path": [[40.336669, -82.46339], [40.337941, -82.459734]], "green": [[40.338005, -82.459736], [40.338001, -82.459792], [40.337979, -82.459835], [40.337954, -82.459854], [40.337916, -82.459858], [40.337881, -82.459831], [40.33786, -82.459775], [40.337864, -82.459695], [40.337882, -82.459662], [40.337915, -82.459633], [40.337936, -82.459637], [40.337953, -82.459639], [40.337969, -82.459647], [40.33799, -82.459679], [40.338005, -82.459736]]}, "3": {"path": [[40.33427, -82.456607], [40.335815, -82.456089], [40.336574, -82.45618]], "green": [[40.336638, -82.456258], [40.336657, -82.456214], [40.336657, -82.456154], [40.336634, -82.456106], [40.336597, -82.456079], [40.336553, -82.456061], [40.336529, -82.456066], [40.336508, -82.456093], [40.336491, -82.45613], [40.336493, -82.456189], [40.336509, -82.456238], [40.336533, -82.456277], [40.336567, -82.456295], [40.336606, -82.456289], [40.336638, -82.456258]]}, "7": {"path": [[40.336028, -82.463359], [40.334868, -82.461647], [40.334474, -82.460213], [40.33444, -82.459156]], "green": [[40.334485, -82.45926], [40.334517, -82.459225], [40.334528, -82.459182], [40.334529, -82.459131], [40.334514, -82.459076], [40.334477, -82.459037], [40.33445, -82.459023], [40.33441, -82.459028], [40.334373, -82.459061], [40.334354, -82.459092], [40.334344, -82.459143], [40.334349, -82.459187], [40.334366, -82.459239], [40.334409, -82.459272], [40.334453, -82.459276], [40.334485, -82.45926]]}, "14": {"path": [[40.338374, -82.470129], [40.336303, -82.470582], [40.335866, -82.469691]], "green": [[40.335927, -82.469785], [40.335952, -82.469719], [40.335946, -82.469641], [40.335909, -82.469559], [40.335865, -82.46953], [40.335817, -82.469546], [40.335788, -82.469599], [40.335779, -82.469678], [40.335786, -82.46974], [40.335814, -82.46978], [40.335853, -82.469808], [40.33589, -82.469811], [40.335927, -82.469785]]}, "16": {"path": [[40.336469, -82.468386], [40.336696, -82.465991], [40.33661, -82.464982]], "green": [[40.336652, -82.465083], [40.336677, -82.465041], [40.336694, -82.464972], [40.336683, -82.464905], [40.336656, -82.464853], [40.336616, -82.464832], [40.336574, -82.46484], [40.336534, -82.464888], [40.336516, -82.464958], [40.336524, -82.465023], [40.33655, -82.465074], [40.336582, -82.465096], [40.336623, -82.4651], [40.336652, -82.465083]]}}}