{"holes": {"4": {"path": [[41.18305, -111.981523], [41.184996, -111.980614], [41.185663, -111.980088]], "green": [[41.185673, -111.980229], [41.185708, -111.980157], [41.185748, -111.98007], [41.185801, -111.979983], [41.185792, -111.979943], [41.185784, -111.979916], [41.185769, -111.979892], [41.185748, -111.97987], [41.185719, -111.979862], [41.185696, -111.979905], [41.185675, -111.979945], [41.185649, -111.980011], [41.185573, -111.980084], [41.185543, -111.980134], [41.185533, -111.980172], [41.185535, -111.980209], [41.185548, -111.980241], [41.18556, -111.980257], [41.185587, -111.980276], [41.185619, -111.980279], [41.185642, -111.980269], [41.185673, -111.980229]]}, "5": {"path": [[41.185767, -111.968557], [41.188112, -111.969142], [41.189358, -111.968825]], "green": [[41.183718, -111.980879], [41.183761, -111.980824], [41.18381, -111.980741], [41.183833, -111.980706], [41.183836, -111.98067], [41.183836, -111.980634], [41.18383, -111.980612], [41.183812, -111.980592], [41.183788, -111.980582], [41.183758, -111.980594], [41.18374, -111.980621], [41.183698, -111.980678], [41.183628, -111.980732], [41.183613, -111.980755], [41.183604, -111.980775], [41.183596, -111.980827], [41.183601, -111.980864], [41.183616, -111.980892], [41.183633, -111.98091], [41.183663, -111.980918], [41.183686, -111.980913], [41.183718, -111.980879]]}, "8": {"path": [[41.186, -111.97411], [41.18502, -111.978481]], "green": [[41.185099, -111.978523], [41.185113, -111.978431], [41.185112, -111.978354], [41.185105, -111.978334], [41.185077, -111.978296], [41.185054, -111.978285], [41.185039, -111.978287], [41.185013, -111.978306], [41.184992, -111.978336], [41.184921, -111.978467], [41.184903, -111.978524], [41.184903, -111.978581], [41.184912, -111.978606], [41.184938, -111.978637], [41.184968, -111.978648], [41.185001, -111.978646], [41.185033, -111.978633], [41.185052, -111.978615], [41.185071, -111.978591], [41.185099, -111.978523]]}, "9": {"path": [[41.184646, -111.976108], [41.18643, -111.974357]], "green": [[41.186512, -111.974335], [41.186488, -111.974259], [41.186469, -111.97422], [41.186448, -111.974189], [41.186416, -111.974162], [41.186387, -111.974147], [41.186353, -111.974151], [41.186331, -111.974165], [41.18632, -111.974198], [41.186326, -111.974233], [41.186341, -111.97427], [41.186364, -111.974317], [41.186383, -111.97438], [41.186386, -111.97445], [41.18639, -111.974506], [41.186403, -111.97454], [41.18642, -111.974565], [41.186443, -111.974569], [41.186474, -111.974555], [41.186498, -111.974536], [41.186515, -111.974512], [41.186527, -111.974484], [41.186529, -111.974444], [41.186526, -111.974395], [41.186512, -111.974335]]}, "10": {"path": [[41.185302, -111.978815], [41.187191, -111.974051]], "green": [[41.187058, -111.974083], [41.187054, -111.974035], [41.187065, -111.973998], [41.187075, -111.973984], [41.187096, -111.973963], [41.187167, -111.973935], [41.187217, -111.973888], [41.187245, -111.973867], [41.187282, -111.973882], [41.187307, -111.973909], [41.187325, -111.973953], [41.187338, -111.974004], [41.187342, -111.974069], [41.187331, -111.974103], [41.187228, -111.974207], [41.187197, -111.974233], [41.187184, -111.974238], [41.187165, -111.97424], [41.187151, -111.974232], [41.187126, -111.974175], [41.187058, -111.974083]]}, "13": {"path": [[41.18327, -111.968582], [41.186005, -111.968912]], "green": [[41.186089, -111.968861], [41.186058, -111.968836], [41.186025, -111.968825], [41.185963, -111.968827], [41.185914, -111.968837], [41.185895, -111.968859], [41.185884, -111.968882], [41.185882, -111.968941], [41.185914, -111.968986], [41.185935, -111.969005], [41.185976, -111.96901], [41.186048, -111.969008], [41.186079, -111.96899], [41.186107, -111.968945], [41.186111, -111.968929], [41.18611, -111.968901], [41.186089, -111.968861]]}, "16": {"path": [[41.186326, -111.971764], [41.187819, -111.973208]], "green": [[41.187915, -111.973244], [41.187898, -111.973286], [41.18788, -111.97331], [41.187854, -111.973335], [41.18783, -111.973348], [41.18779, -111.973352], [41.187759, -111.973343], [41.187736, -111.973324], [41.1877, -111.973234], [41.187703, -111.973187], [41.187717, -111.973145], [41.18773, -111.973114], [41.18775, -111.97309], [41.187767, -111.973073], [41.187804, -111.973058], [41.18784, -111.973065], [41.187867, -111.973084], [41.187905, -111.973139], [41.187915, -111.973172], [41.187921, -111.973215], [41.187915, -111.973244]]}, "17": {"path": [[41.184861, -111.969303], [41.188464, -111.970751]], "green": [[41.188573, -111.970791], [41.188575, -111.970753], [41.188565, -111.970715], [41.188547, -111.970687], [41.188512, -111.970663], [41.188476, -111.970653], [41.188416, -111.970658], [41.188375, -111.970668], [41.188365, -111.970671], [41.188351, -111.970694], [41.188348, -111.970732], [41.188353, -111.970762], [41.188366, -111.97079], [41.188401, -111.970826], [41.188446, -111.970857], [41.188481, -111.970868], [41.188535, -111.970858], [41.188559, -111.97083], [41.188573, -111.970791]]}}}