{"holes": {"1": {"path": [[37.037062, -113.619061], [37.03666, -113.623448]], "green": [[37.036713, -113.623523], [37.036706, -113.623545], [37.036698, -113.623566], [37.03669, -113.623583], [37.036676, -113.623601], [37.036664, -113.623613], [37.036653, -113.623617], [37.036632, -113.623618], [37.036614, -113.623612], [37.036603, -113.623601], [37.036594, -113.62359], [37.036586, -113.623571], [37.036584, -113.623541], [37.036587, -113.623521], [37.036589, -113.623499], [37.036592, -113.623482], [37.036594, -113.623464], [37.036594, -113.623445], [37.036593, -113.623417], [37.036595, -113.623381], [37.036599, -113.623353], [37.036603, -113.623335], [37.036609, -113.623313], [37.036626, -113.623294], [37.036639, -113.623285], [37.036657, -113.62328], [37.036669, -113.623279], [37.036683, -113.623284], [37.036699, -113.623295], [37.036714, -113.623307], [37.036724, -113.623319], [37.036733, -113.623334], [37.03674, -113.623353], [37.036745, -113.623372], [37.036747, -113.623398], [37.036743, -113.623421], [37.036738, -113.623444], [37.036733, -113.623463], [37.036725, -113.623491], [37.036713, -113.623523]]}, "2": {"path": [[37.036649, -113.623921], [37.034868, -113.624897], [37.034114, -113.626509]], "green": [[37.034092, -113.626635], [37.034114, -113.626648], [37.034142, -113.626661], [37.034165, -113.626663], [37.034179, -113.626658], [37.034193, -113.626652], [37.034205, -113.62664], [37.034216, -113.626622], [37.034224, -113.626593], [37.034227, -113.626578], [37.034227, -113.626553], [37.034222, -113.62653], [37.034214, -113.626502], [37.034213, -113.626482], [37.034213, -113.626446], [37.034212, -113.62641], [37.034209, -113.626389], [37.0342, -113.62637], [37.034185, -113.626354], [37.03417, -113.626348], [37.034151, -113.626347], [37.034133, -113.626354], [37.034117, -113.626368], [37.034103, -113.62638], [37.03409, -113.62639], [37.034075, -113.626402], [37.034056, -113.626417], [37.034041, -113.626424], [37.034026, -113.626428], [37.034014, -113.626433], [37.033996, -113.626445], [37.033983, -113.626466], [37.03398, -113.626485], [37.033977, -113.626513], [37.033982, -113.626543], [37.033991, -113.626567], [37.034, -113.626586], [37.034012, -113.626605], [37.034028, -113.626616], [37.034053, -113.626621], [37.034073, -113.626627], [37.034092, -113.626635]]}, "3": {"path": [[37.034568, -113.626511], [37.033932, -113.62842]], "green": [[37.03399, -113.628417], [37.034001, -113.628454], [37.034014, -113.628489], [37.034021, -113.628517], [37.034024, -113.628545], [37.034023, -113.628572], [37.034019, -113.628593], [37.034005, -113.628612], [37.033986, -113.628626], [37.03397, -113.628628], [37.033951, -113.628623], [37.033932, -113.62861], [37.033918, -113.628595], [37.033904, -113.628574], [37.033889, -113.628546], [37.033863, -113.628491], [37.033841, -113.628443], [37.033829, -113.628411], [37.033822, -113.628381], [37.033823, -113.62836], [37.033827, -113.628338], [37.033835, -113.628313], [37.033848, -113.628287], [37.033862, -113.628267], [37.033879, -113.628249], [37.033892, -113.628244], [37.033905, -113.628242], [37.033916, -113.628244], [37.033929, -113.628248], [37.033943, -113.628258], [37.033953, -113.62827], [37.033966, -113.628288], [37.033971, -113.628308], [37.033974, -113.628337], [37.033978, -113.628369], [37.033983, -113.628391], [37.03399, -113.628417]]}, "4": {"path": [[37.033792, -113.628872], [37.032068, -113.628406], [37.03078, -113.628735]], "green": [[37.030876, -113.628793], [37.030862, -113.628806], [37.030842, -113.628819], [37.030822, -113.628831], [37.030789, -113.628846], [37.030763, -113.628863], [37.03074, -113.628869], [37.030723, -113.628871], [37.030707, -113.628867], [37.030686, -113.628852], [37.03067, -113.628834], [37.030657, -113.62881], [37.030643, -113.628775], [37.030639, -113.628749], [37.030641, -113.628723], [37.030644, -113.628705], [37.030649, -113.628689], [37.030657, -113.628675], [37.030662, -113.628668], [37.030679, -113.628655], [37.030695, -113.628647], [37.030723, -113.628646], [37.030746, -113.628648], [37.030763, -113.628648], [37.030782, -113.628645], [37.030804, -113.62864], [37.030826, -113.628636], [37.030845, -113.628637], [37.03086, -113.628641], [37.030874, -113.628648], [37.030885, -113.628658], [37.030892, -113.628669], [37.030898, -113.628681], [37.030902, -113.628695], [37.030905, -113.628715], [37.030902, -113.628738], [37.030898, -113.628752], [37.030891, -113.628768], [37.030886, -113.628779], [37.030876, -113.628793]]}, "5": {"path": [[37.030558, -113.627983], [37.032617, -113.62759], [37.033814, -113.627198]], "green": [[37.033857, -113.627248], [37.03385, -113.627266], [37.033841, -113.627291], [37.033829, -113.627318], [37.033814, -113.627343], [37.033797, -113.627361], [37.033776, -113.627372], [37.033753, -113.627372], [37.033735, -113.627365], [37.033719, -113.627348], [37.033707, -113.627325], [37.033699, -113.627292], [37.033695, -113.627257], [37.033697, -113.627217], [37.033701, -113.627178], [37.033712, -113.627151], [37.033727, -113.627126], [37.033755, -113.627091], [37.033781, -113.627058], [37.033795, -113.627039], [37.033819, -113.627023], [37.033838, -113.62702], [37.03386, -113.627022], [37.033881, -113.627036], [37.033891, -113.627049], [37.033904, -113.627077], [37.033912, -113.62711], [37.033914, -113.627129], [37.033915, -113.627153], [37.033913, -113.627178], [37.033907, -113.627199], [37.033891, -113.627216], [37.033875, -113.627228], [37.033865, -113.627236], [37.033857, -113.627248]]}, "6": {"path": [[37.033865, -113.626003], [37.031792, -113.626865], [37.030642, -113.627219]], "green": [[37.030561, -113.627214], [37.03056, -113.62719], [37.030561, -113.627162], [37.030564, -113.627139], [37.030571, -113.627115], [37.030583, -113.627096], [37.030596, -113.627077], [37.030619, -113.627058], [37.030645, -113.627047], [37.030666, -113.627047], [37.030686, -113.627055], [37.030702, -113.627069], [37.030715, -113.627084], [37.030724, -113.627102], [37.030729, -113.627128], [37.030731, -113.627153], [37.030729, -113.627171], [37.030725, -113.627194], [37.030721, -113.627218], [37.030715, -113.627246], [37.03071, -113.627267], [37.030705, -113.627286], [37.030701, -113.6273], [37.030695, -113.627311], [37.030689, -113.627321], [37.030681, -113.62733], [37.030671, -113.627338], [37.030659, -113.627345], [37.030647, -113.627347], [37.030633, -113.627347], [37.030622, -113.627345], [37.030611, -113.62734], [37.030603, -113.627333], [37.030597, -113.62733], [37.030589, -113.627318], [37.03058, -113.627305], [37.030574, -113.627289], [37.030568, -113.627271], [37.030564, -113.627252], [37.030562, -113.627235], [37.030561, -113.627214]]}, "7": {"path": [[37.03051, -113.626622], [37.032892, -113.625763], [37.034238, -113.623941]], "green": [[37.034264, -113.624015], [37.034287, -113.624003], [37.034306, -113.623992], [37.034324, -113.623981], [37.034339, -113.623967], [37.03435, -113.623956], [37.034357, -113.623944], [37.034364, -113.623929], [37.034368, -113.623917], [37.03437, -113.623899], [37.034367, -113.62388], [37.034359, -113.623861], [37.034348, -113.623849], [37.034335, -113.623841], [37.034325, -113.623836], [37.034309, -113.623832], [37.034292, -113.623829], [37.034272, -113.623828], [37.034248, -113.623826], [37.034236, -113.623826], [37.034224, -113.623827], [37.034208, -113.623832], [37.034192, -113.623842], [37.034175, -113.623856], [37.034158, -113.623872], [37.034145, -113.623889], [37.034132, -113.623907], [37.034124, -113.623922], [37.034118, -113.623942], [37.034113, -113.623961], [37.034111, -113.623985], [37.034111, -113.624007], [37.034114, -113.62403], [37.034123, -113.624047], [37.034135, -113.624059], [37.03415, -113.624067], [37.034165, -113.624069], [37.034177, -113.624069], [37.034188, -113.624066], [37.034206, -113.624055], [37.034224, -113.624041], [37.034241, -113.624028], [37.03425, -113.624021], [37.034264, -113.624015]]}, "8": {"path": [[37.034645, -113.624313], [37.035657, -113.622961]],