{"holes": {"2": {"path": [[41.307945, -111.985755], [41.308372, -111.987665], [41.308658, -111.988115], [41.308856, -111.988228], [41.309424, -111.988226]], "green": [[41.30947, -111.988088], [41.309359, -111.988109], [41.309303, -111.98815], [41.30928, -111.988192], [41.309278, -111.988246], [41.309305, -111.988286], [41.309343, -111.988313], [41.309399, -111.98831], [41.309458, -111.988332], [41.30951, -111.98834], [41.30954, -111.988316], [41.309556, -111.988273], [41.30955, -111.9882], [41.309532, -111.988144], [41.30947, -111.988088]]}, "3": {"path": [[41.310074, -111.988318], [41.311107, -111.987919], [41.313134, -111.986696], [41.313351, -111.986867], [41.313589, -111.987423]], "green": [[41.313592, -111.987605], [41.313547, -111.987523], [41.313467, -111.987322], [41.313473, -111.987279], [41.313494, -111.987256], [41.313538, -111.987208], [41.313585, -111.987241], [41.31362, -111.987285], [41.313694, -111.987449], [41.313707, -111.987531], [41.313691, -111.987575], [41.313655, -111.987614], [41.313592, -111.987605]]}, "4": {"path": [[41.306258, -111.985696], [41.307408, -111.98562]], "green": [[41.31491, -111.987988], [41.314825, -111.987899], [41.314771, -111.987819], [41.314768, -111.987737], [41.314799, -111.987669], [41.314868, -111.987622], [41.314936, -111.987623], [41.315012, -111.987679], [41.315068, -111.987809], [41.315059, -111.987894], [41.315034, -111.987967], [41.31498, -111.987991], [41.31491, -111.987988]]}, "5": {"path": [[41.315365, -111.987875], [41.313256, -111.984369]], "green": [[41.313348, -111.984449], [41.313284, -111.984508], [41.313247, -111.984518], [41.313187, -111.984432], [41.313161, -111.984363], [41.313159, -111.984304], [41.313211, -111.984229], [41.313251, -111.984218], [41.313284, -111.984237], [41.313338, -111.984352], [41.313348, -111.984449]]}, "6": {"path": [[41.312894, -111.984627], [41.313466, -111.985908]], "green": [[41.313478, -111.985836], [41.313435, -111.985767], [41.313405, -111.985753], [41.313377, -111.985777], [41.313363, -111.985904], [41.313397, -111.986027], [41.313439, -111.986072], [41.313478, -111.986078], [41.313548, -111.986022], [41.313566, -111.98596], [41.313558, -111.985901], [41.313536, -111.985871], [41.313478, -111.985836]]}, "7": {"path": [[41.312966, -111.986072], [41.310657, -111.987461], [41.309894, -111.987758]], "green": [[41.309955, -111.987868], [41.309824, -111.987844], [41.309792, -111.987817], [41.309774, -111.987771], [41.30977, -111.98772], [41.309788, -111.987696], [41.30983, -111.987669], [41.309857, -111.987672], [41.309887, -111.987688], [41.309945, -111.987683], [41.30999, -111.987699], [41.310016, -111.987742], [41.31002, -111.987787], [41.31, -111.987847], [41.309955, -111.987868]]}, "9": {"path": [[41.308334, -111.985504], [41.3092, -111.985209], [41.310695, -111.985145], [41.311728, -111.984842]], "green": [[41.311674, -111.984999], [41.311752, -111.984978], [41.311805, -111.984921], [41.311835, -111.984838], [41.311829, -111.984776], [41.311799, -111.984717], [41.311758, -111.984693], [41.311706, -111.984688], [41.311664, -111.984707], [41.311619, -111.984854], [41.311619, -111.984935], [41.311674, -111.984999]]}, "12": {"path": [[41.306761, -111.984607], [41.306663, -111.981497]], "green": [[41.306741, -111.981589], [41.306714, -111.98138], [41.306684, -111.981332], [41.30665, -111.98131], [41.306614, -111.981307], [41.306579, -111.981326], [41.306553, -111.981385], [41.306622, -111.981675], [41.30665, -111.981702], [41.30669, -111.981707], [41.306718, -111.981662], [41.306741, -111.981589]]}, "13": {"path": [[41.307226, -111.981384], [41.308967, -111.981057], [41.309645, -111.980485]], "green": [[41.309644, -111.980597], [41.309726, -111.980533], [41.309748, -111.980495], [41.309744, -111.980444], [41.3097, -111.980375], [41.309666, -111.980367], [41.309583, -111.980394], [41.309559, -111.980423], [41.309551, -111.980474], [41.309563, -111.980525], [41.309607, -111.980592], [41.309644, -111.980597]]}, "14": {"path": [[41.309587, -111.981232], [41.310295, -111.980163]], "green": [[41.310328, -111.980301], [41.310239, -111.980194], [41.310201, -111.98017], [41.310175, -111.980129], [41.310173, -111.980086], [41.310197, -111.980033], [41.310241, -111.980011], [41.310296, -111.980033], [41.310396, -111.980124], [41.310433, -111.980191], [41.310429, -111.98025], [41.310396, -111.980295], [41.310328, -111.980301]]}, "15": {"path": [[41.309758, -111.979958], [41.307457, -111.980507], [41.306009, -111.980206]], "green": [[41.306111, -111.980162], [41.306075, -111.980103], [41.306006, -111.980089], [41.305946, -111.980065], [41.305918, -111.980071], [41.305889, -111.980111], [41.305879, -111.980266], [41.305901, -111.980307], [41.305944, -111.980317], [41.305978, -111.980283], [41.306016, -111.980274], [41.306047, -111.980296], [41.306083, -111.980299], [41.306111, -111.980272], [41.306125, -111.980223], [41.306111, -111.980162]]}, "16": {"path": [[41.305832, -111.980762], [41.306191, -111.982629], [41.306404, -111.984681]], "green": [[41.306448, -111.984573], [41.306454, -111.984656], [41.306489, -111.984712], [41.306491, -111.984761], [41.306466, -111.984798], [41.306422, -111.984825], [41.306388, -111.984822], [41.306366, -111.984793], [41.30636, -111.984734], [41.306343, -111.984691], [41.306323, -111.984667], [41.306315, -111.984616], [41.306337, -111.984584], [41.306388, -111.984538], [41.306426, -111.984546], [41.306448, -111.984573]]}, "18": {"path": [[41.307667, -111.98461], [41.309153, -111.983521], [41.311011, -111.983349], [41.31127, -111.983501]], "green": [[41.311192, -111.983544], [41.311305, -111.98359], [41.311337, -111.983579], [41.31136, -111.983539], [41.311355, -111.983496], [41.311333, -111.98345], [41.311311, -111.98344], [41.311279, -111.98345], [41.311214, -111.983429], [41.311184, -111.983453], [41.31118, -111.983499], [41.311192, -111.983544]]}}}