{"holes": {"1": {"path": [[41.510977, -93.659833], [41.508836, -93.658923], [41.507906, -93.658914]], "green": [[41.508031, -93.658899], [41.508026, -93.658863], [41.508016, -93.658832], [41.507994, -93.658793], [41.507964, -93.658776], [41.507917, -93.658757], [41.507866, -93.658757], [41.507838, -93.658765], [41.507815, -93.658782], [41.507799, -93.65881], [41.507778, -93.658851], [41.507773, -93.658886], [41.507776, -93.658919], [41.507786, -93.658949], [41.507806, -93.658981], [41.507824, -93.658999], [41.507847, -93.659015], [41.507867, -93.659031], [41.50789, -93.659042], [41.507909, -93.659045], [41.507939, -93.659039], [41.507953, -93.659036], [41.507975, -93.659025], [41.507997, -93.659002], [41.508012, -93.658976], [41.508027, -93.658944], [41.508031, -93.658899]]}, "2": {"path": [[41.508438, -93.663707], [41.508907, -93.667213], [41.508971, -93.668922]], "green": [[41.509095, -93.668925], [41.509096, -93.668979], [41.50909, -93.669023], [41.509075, -93.669062], [41.509054, -93.669092], [41.509021, -93.669106], [41.508977, -93.66912], [41.508929, -93.669105], [41.508887, -93.669057], [41.508867, -93.669031], [41.508864, -93.669008], [41.508868, -93.668988], [41.508877, -93.668964], [41.508879, -93.668929], [41.508876, -93.668908], [41.508874, -93.668893], [41.508877, -93.668867], [41.508882, -93.668855], [41.508888, -93.668844], [41.508891, -93.66884], [41.508904, -93.668826], [41.508923, -93.668812], [41.508941, -93.668804], [41.508965, -93.668799], [41.509008, -93.668795], [41.509024, -93.668792], [41.509038, -93.6688], [41.509057, -93.668808], [41.509075, -93.668827], [41.509084, -93.668851], [41.509089, -93.668875], [41.509095, -93.668925]]}, "3": {"path": [[41.509317, -93.669889], [41.507445, -93.671037], [41.50688, -93.672202]], "green": [[41.506965, -93.672187], [41.506961, -93.672237], [41.506952, -93.672288], [41.506947, -93.672327], [41.506941, -93.672347], [41.506934, -93.672369], [41.506921, -93.672382], [41.506913, -93.672394], [41.506901, -93.672403], [41.506883, -93.672403], [41.506864, -93.672394], [41.506838, -93.672371], [41.506817, -93.672349], [41.506805, -93.672319], [41.506796, -93.672274], [41.506791, -93.672236], [41.506792, -93.672203], [41.506792, -93.67217], [41.506792, -93.672131], [41.506797, -93.672104], [41.506801, -93.672086], [41.506806, -93.67207], [41.506818, -93.672053], [41.506828, -93.672039], [41.506852, -93.672032], [41.506872, -93.672029], [41.506886, -93.672032], [41.506902, -93.672036], [41.506924, -93.672045], [41.506944, -93.672052], [41.506964, -93.672069], [41.506974, -93.672104], [41.506977, -93.672151], [41.506965, -93.672187]]}, "4": {"path": [[41.50588, -93.672427], [41.503894, -93.672129], [41.503293, -93.671276]], "green": [[41.503188, -93.671224], [41.503193, -93.671185], [41.503207, -93.671156], [41.503219, -93.671139], [41.50324, -93.671124], [41.503261, -93.671118], [41.50329, -93.67112], [41.503307, -93.671122], [41.503328, -93.671133], [41.503354, -93.671157], [41.50338, -93.67118], [41.503398, -93.671204], [41.503412, -93.671241], [41.503417, -93.671273], [41.503419, -93.671299], [41.503414, -93.671334], [41.503404, -93.671381], [41.503384, -93.671407], [41.503359, -93.671427], [41.503329, -93.671445], [41.503309, -93.671452], [41.503291, -93.671451], [41.503272, -93.671437], [41.503258, -93.671413], [41.503237, -93.671379], [41.503223, -93.671348], [41.503212, -93.671329], [41.503202, -93.671309], [41.503191, -93.671287], [41.503186, -93.671256], [41.503188, -93.671224]]}, "5": {"path": [[41.502918, -93.67112], [41.501561, -93.670789]], "green": [[41.501488, -93.670692], [41.5015, -93.670678], [41.501518, -93.670657], [41.501532, -93.670644], [41.501551, -93.670641], [41.501572, -93.67064], [41.501594, -93.670641], [41.501609, -93.670639], [41.501628, -93.670644], [41.501642, -93.670649], [41.501656, -93.670667], [41.501666, -93.670681], [41.501683, -93.670706], [41.501689, -93.670724], [41.501698, -93.670752], [41.5017, -93.67078], [41.501702, -93.670806], [41.501688, -93.670853], [41.501672, -93.670892], [41.501653, -93.670913], [41.501638, -93.670926], [41.501623, -93.670943], [41.50161, -93.670954], [41.501587, -93.670964], [41.501565, -93.670971], [41.501535, -93.670971], [41.501525, -93.670967], [41.501507, -93.670952], [41.50149, -93.670932], [41.501471, -93.670906], [41.501461, -93.670886], [41.501447, -93.670859], [41.501442, -93.670835], [41.501438, -93.670812], [41.50144, -93.670792], [41.50144, -93.670767], [41.50145, -93.670751], [41.501455, -93.670744], [41.501467, -93.670726], [41.501478, -93.670709], [41.501488, -93.670692]]}, "6": {"path": [[41.500689, -93.669714], [41.499026, -93.670289]], "green": [[41.498964, -93.67017], [41.498938, -93.670201], [41.498924, -93.670241], [41.498916, -93.670286], [41.498913, -93.670321], [41.498906, -93.67036], [41.498908, -93.67039], [41.498909, -93.670426], [41.498917, -93.670453], [41.498925, -93.670467], [41.498943, -93.670477], [41.498962, -93.670477], [41.498993, -93.670465], [41.499017, -93.67045], [41.499047, -93.670434], [41.499075, -93.670416], [41.499096, -93.670401], [41.499105, -93.670389], [41.499111, -93.670367], [41.499113, -93.67034], [41.499113, -93.670312], [41.499111, -93.670293], [41.499111, -93.670276], [41.499113, -93.670248], [41.499121, -93.670222], [41.499122, -93.670188], [41.499119, -93.670148], [41.499107, -93.67012], [41.499092, -93.670108], [41.499082, -93.670098], [41.49907, -93.670098], [41.49905, -93.670099], [41.499035, -93.670102], [41.499021, -93.670113], [41.498964, -93.67017]]}, "7": {"path": [[41.497636, -93.671083], [41.497925, -93.666731]], "green": [[41.498033, -93.666698], [41.498038, -93.666751], [41.498037, -93.666796], [41.498039, -93.666847], [41.498035, -93.666886], [41.498024, -93.666904], [41.49801, -93.666919], [41.497985, -93.666924], [41.497954, -93.666925], [41.497917, -93.666918], [41.497889, -93.666904], [41.497876, -93.66689], [41.497862, -93.666872], [41.497853, -93.66686], [41.497843, -93.666835], [41.497836, -93.666805], [41.497833, -93.666758], [41.497828, -93.666724], [41.497815, -93.666677], [41.497815, -93.666655], [41.497814, -93.666624], [41.497817, -93.666604], [41.497828, -93.666579], [41.497841, -93.66657], [41.497857, -93.666562], [41.497878, -93.666567], [41.497901, -93.66657], [41.497928, -93.666579], [41.497943, -93.666583], [41.497967, -93.666592], [41.497986, -93.666599], [41.498007, -93.666615], [41.498019, -93.666635], [41.498025, -93.666659], [41.498033, -93.666698]]}, "8": {"path": [[41.49755, -93.666271], [41.499509, -93.664221], [41.500449, -93.663878]], "green": [[41.500549, -93.66384], [41.500534, -93.663825], [41.50052, -93.663822], [41.500502, -93.66381], [41.50049, -93.663804], [41.500481, -93.663785], [41.500474, -93.663764], [41.500463, -93.663747], [41.500437, -93.663741], [41.500416, -93.663742], [41.500394, -93.663757], [41.500356, -93.663778], [41.500328, -93.663792], [41.5003, -93.663812], [41.500283, -93.663837], [41.500278, -93.663866], [41.500276, -93.663897], [41.50028, -93.663923], [41.500292, -93.663943], [41.500301, -93.66396], [41.500325, -93.663979], [41.500366, -93.663985], [41.500403, -93.663985], [41.500452, -93.663988], [41.500485, -93.663993], [41.500503, -93.664002], [41.500526, -93.664006], [41.500549, -93.663997], [41.500567, -93.66398], [41.50058, -93.663962], [41.500589, -93.663943], [41.500591, -93.663917], [41.500585, -93.663886], [41.500574, -93.663865], [41.500562, -93.663846], [41.500549, -93.66384]]}, "9": {"path": [[41.501378, -93.663429], [41.503613, -93.662482], [41.504721, -93.661132], [41.505026, -93.660309]],