{"holes": {"1": {"path": [[42.024493, -92.934105], [42.022429, -92.935717], [42.021537, -92.936033]], "green": [[42.021711, -92.936063], [42.02169, -92.935946], [42.021681, -92.935899], [42.021671, -92.935851], [42.021622, -92.935869], [42.021576, -92.935893], [42.02154, -92.935913], [42.021502, -92.93593], [42.021465, -92.935954], [42.021436, -92.935976], [42.021414, -92.935999], [42.021402, -92.936022], [42.0214, -92.93606], [42.021404, -92.936099], [42.021412, -92.93613], [42.021422, -92.93616], [42.021439, -92.936176], [42.021462, -92.936181], [42.021497, -92.936163], [42.021541, -92.936141], [42.021586, -92.936118], [42.021636, -92.936095], [42.021673, -92.936081], [42.021711, -92.936063]]}, "3": {"path": [[42.022088, -92.940628], [42.022165, -92.939058]], "green": [[42.022255, -92.939109], [42.022248, -92.939142], [42.022236, -92.939161], [42.022221, -92.939184], [42.022205, -92.939198], [42.022186, -92.939209], [42.022168, -92.939212], [42.022156, -92.939213], [42.02214, -92.93921], [42.022121, -92.939191], [42.022102, -92.939172], [42.022084, -92.939141], [42.02207, -92.939112], [42.022062, -92.939076], [42.022062, -92.939039], [42.022068, -92.939003], [42.02208, -92.938969], [42.022091, -92.93894], [42.022108, -92.938915], [42.022122, -92.938903], [42.022141, -92.938893], [42.022159, -92.938893], [42.022176, -92.938898], [42.022193, -92.938907], [42.022211, -92.938928], [42.022222, -92.938953], [42.022233, -92.938982], [42.022241, -92.939013], [42.02225, -92.939043], [42.022255, -92.939072], [42.022255, -92.939109]]}, "5": {"path": [[42.024972, -92.938771], [42.02209, -92.938078]], "green": [[42.022166, -92.938125], [42.022158, -92.938155], [42.022141, -92.938178], [42.022122, -92.938198], [42.022103, -92.93821], [42.022079, -92.938214], [42.02205, -92.938205], [42.022029, -92.93819], [42.022012, -92.938171], [42.021998, -92.93815], [42.021986, -92.938123], [42.02198, -92.938095], [42.021985, -92.938058], [42.021996, -92.938016], [42.022011, -92.937982], [42.022029, -92.937959], [42.022052, -92.937947], [42.022076, -92.937942], [42.022092, -92.937944], [42.022109, -92.937955], [42.022125, -92.937967], [42.022142, -92.937989], [42.022154, -92.938007], [42.022165, -92.938029], [42.022171, -92.938051], [42.022172, -92.938072], [42.022173, -92.938091], [42.02217, -92.938109], [42.022166, -92.938125]]}, "6": {"path": [[42.021672, -92.937871], [42.023396, -92.937343]], "green": [[42.02353, -92.937319], [42.023522, -92.937359], [42.023503, -92.937398], [42.023483, -92.93743], [42.023461, -92.937455], [42.023435, -92.937471], [42.02341, -92.937487], [42.023376, -92.937494], [42.023344, -92.937494], [42.02332, -92.937489], [42.023297, -92.937485], [42.023272, -92.937469], [42.02325, -92.937446], [42.023239, -92.937412], [42.023232, -92.937371], [42.023245, -92.937329], [42.023266, -92.937287], [42.02329, -92.937253], [42.023321, -92.937221], [42.023353, -92.937195], [42.023388, -92.937182], [42.023417, -92.937179], [42.023447, -92.937181], [42.023478, -92.937202], [42.023499, -92.937218], [42.023512, -92.937241], [42.023523, -92.937264], [42.02353, -92.937289], [42.02353, -92.937319]]}, "7": {"path": [[42.023448, -92.937784], [42.025643, -92.937957], [42.027367, -92.937772]], "green": [[42.027341, -92.937845], [42.027359, -92.937834], [42.027377, -92.937823], [42.027402, -92.937815], [42.027426, -92.93781], [42.027446, -92.937803], [42.027469, -92.937801], [42.027492, -92.937791], [42.027507, -92.937778], [42.027523, -92.937757], [42.027531, -92.937728], [42.02753, -92.937692], [42.027521, -92.937665], [42.027505, -92.937643], [42.027485, -92.937632], [42.027456, -92.937625], [42.027427, -92.937633], [42.0274, -92.937647], [42.027379, -92.937671], [42.027363, -92.937697], [42.027346, -92.937712], [42.027329, -92.937732], [42.02731, -92.937742], [42.02729, -92.937754], [42.027269, -92.937762], [42.027249, -92.937772], [42.027233, -92.937792], [42.027229, -92.937804], [42.027226, -92.937824], [42.027226, -92.937842], [42.027234, -92.937858], [42.027248, -92.937874], [42.027263, -92.937876], [42.027283, -92.937874], [42.0273, -92.937868], [42.027316, -92.937861], [42.02733, -92.937853], [42.027341, -92.937845]]}, "8": {"path": [[42.027684, -92.937197], [42.02537, -92.937174], [42.024441, -92.937363]], "green": [[42.024569, -92.937402], [42.02456, -92.93743], [42.024546, -92.937449], [42.024526, -92.937462], [42.024501, -92.937468], [42.024476, -92.937466], [42.024453, -92.937455], [42.024429, -92.937444], [42.024408, -92.937437], [42.024383, -92.937432], [42.024361, -92.937432], [42.024333, -92.937428], [42.02431, -92.937422], [42.024287, -92.937406], [42.024268, -92.937374], [42.024263, -92.937335], [42.024273, -92.937299], [42.0243, -92.937274], [42.024329, -92.937258], [42.024362, -92.937246], [42.024396, -92.937243], [42.024422, -92.937242], [42.024453, -92.937251], [42.024483, -92.93726], [42.024507, -92.937272], [42.024528, -92.937287], [42.024543, -92.937306], [42.024557, -92.937328], [42.024564, -92.937346], [42.024568, -92.937366], [42.02457, -92.937382], [42.024569, -92.937402]]}, "9": {"path": [[42.023803, -92.937478], [42.024804, -92.934766]], "green": [[42.024898, -92.934804], [42.024891, -92.934823], [42.024881, -92.934839], [42.02487, -92.93485], [42.024858, -92.93486], [42.024845, -92.93487], [42.024831, -92.934875], [42.024817, -92.934878], [42.024802, -92.934878], [42.024787, -92.934877], [42.024774, -92.934876], [42.02476, -92.934867], [42.024744, -92.93486], [42.024731, -92.934848], [42.024719, -92.934833], [42.024709, -92.934822], [42.024698, -92.934796], [42.024691, -92.934768], [42.02469, -92.934748], [42.024692, -92.934725], [42.024696, -92.934708], [42.024702, -92.934691], [42.024711, -92.934676], [42.024721, -92.93466], [42.024738, -92.934646], [42.02476, -92.934643], [42.024782, -92.934642], [42.024804, -92.934645], [42.024823, -92.93465], [42.02484, -92.934657], [42.024856, -92.934667], [42.024872, -92.934681], [42.024881, -92.934695], [42.024888, -92.934707], [42.024896, -92.93472], [42.024903, -92.934737], [42.024906, -92.934754], [42.024906, -92.934773], [42.024902, -92.934789], [42.024898, -92.934804]]}, "11": {"path": [[42.021299, -92.936262], [42.021517, -92.934305], [42.021465, -92.932936]], "green": [[42.021499, -92.933116], [42.021461, -92.933118], [42.021453, -92.933119], [42.021453, -92.933091], [42.021448, -92.933062], [42.021439, -92.933038], [42.021424, -92.933013], [42.021405, -92.932991], [42.021388, -92.932978], [42.021369, -92.932959], [42.021356, -92.93293], [42.021351, -92.932888], [42.021349, -92.932842], [42.021346, -92.932799], [42.021346, -92.932769], [42.021357, -92.932755], [42.021392, -92.932743], [42.02143, -92.932726], [42.02147, -92.93272], [42.021498, -92.932714], [42.021516, -92.93274], [42.021531, -92.932772], [42.021541, -92.932821], [42.021546, -92.932853], [42.021551, -92.932888], [42.021554, -92.932917], [42.021556, -92.932933], [42.021549, -92.932955], [42.02154, -92.932975], [42.021531, -92.932988], [42.021522, -92.933004], [42.021514, -92.933016], [42.021508, -92.933037], [42.021504, -92.933055], [42.021504, -92.933076], [42.021502, -92.933097], [42.021499, -92.933116]]}, "13": {"path": [[42.022339, -92.934311], [42.021464, -92.929366]],