{"holes": {"1": {"path": [[41.643298, -93.426933], [41.641249, -93.426378], [41.640231, -93.42623]], "green": [[41.640343, -93.426238], [41.640341, -93.426261], [41.640328, -93.426302], [41.640299, -93.426344], [41.640259, -93.426373], [41.640224, -93.426368], [41.640189, -93.426365], [41.640159, -93.426351], [41.640123, -93.426322], [41.640102, -93.426294], [41.640088, -93.426251], [41.640092, -93.426208], [41.640104, -93.426167], [41.64013, -93.426139], [41.640155, -93.426118], [41.640188, -93.426105], [41.640252, -93.426095], [41.640286, -93.426103], [41.640315, -93.426128], [41.640326, -93.426147], [41.640335, -93.426173], [41.640341, -93.426203], [41.640343, -93.426238]]}, "2": {"path": [[41.640204, -93.426803], [41.638362, -93.426205], [41.637589, -93.42617]], "green": [[41.637685, -93.426161], [41.637679, -93.426205], [41.637669, -93.426232], [41.637657, -93.426259], [41.637639, -93.426287], [41.637616, -93.426302], [41.637581, -93.426315], [41.637551, -93.426311], [41.637526, -93.426308], [41.637495, -93.426286], [41.637479, -93.426257], [41.63747, -93.426205], [41.637472, -93.426146], [41.637481, -93.426111], [41.637492, -93.426092], [41.637524, -93.426059], [41.637548, -93.426036], [41.637577, -93.426022], [41.637616, -93.426023], [41.637651, -93.426035], [41.637668, -93.426062], [41.637681, -93.426091], [41.637686, -93.426118], [41.637685, -93.426161]]}, "4": {"path": [[41.637487, -93.430963], [41.637966, -93.427863], [41.639066, -93.426956]], "green": [[41.639186, -93.426995], [41.63918, -93.427042], [41.639162, -93.4271], [41.639145, -93.427121], [41.63912, -93.427139], [41.639084, -93.427148], [41.639038, -93.427135], [41.639013, -93.427109], [41.638978, -93.427065], [41.638961, -93.427015], [41.63895, -93.426978], [41.638944, -93.426927], [41.638949, -93.426878], [41.63896, -93.426847], [41.638977, -93.426816], [41.638998, -93.426802], [41.639019, -93.426788], [41.63903, -93.426784], [41.63908, -93.426789], [41.639119, -93.426809], [41.639153, -93.426845], [41.639168, -93.426887], [41.63918, -93.426942], [41.639186, -93.426995]]}, "6": {"path": [[41.638099, -93.430581], [41.640379, -93.431967], [41.641927, -93.432351]], "green": [[41.642031, -93.432277], [41.641998, -93.432252], [41.641964, -93.432231], [41.64192, -93.432222], [41.641881, -93.43222], [41.641853, -93.432235], [41.64183, -93.432249], [41.64181, -93.432275], [41.641788, -93.432312], [41.641784, -93.432357], [41.641788, -93.432402], [41.641811, -93.432459], [41.641837, -93.432483], [41.64187, -93.432497], [41.641916, -93.432499], [41.641961, -93.432492], [41.641996, -93.432479], [41.642029, -93.43245], [41.642053, -93.432418], [41.64206, -93.432372], [41.642055, -93.432327], [41.642045, -93.432299], [41.642031, -93.432277]]}, "7": {"path": [[41.637095, -93.426477], [41.637224, -93.429052], [41.637108, -93.43038]], "green": [[41.639511, -93.429032], [41.639504, -93.429098], [41.639494, -93.429133], [41.639468, -93.429165], [41.639433, -93.429194], [41.639393, -93.429204], [41.639351, -93.429204], [41.639289, -93.429184], [41.639243, -93.429153], [41.639214, -93.429121], [41.639191, -93.429078], [41.639179, -93.429037], [41.639179, -93.428994], [41.639197, -93.428946], [41.639223, -93.428901], [41.639263, -93.428864], [41.639301, -93.428848], [41.639354, -93.428854], [41.639401, -93.428871], [41.639449, -93.428897], [41.639474, -93.428927], [41.639489, -93.428948], [41.639505, -93.428991], [41.639511, -93.429032]]}, "8": {"path": [[41.639292, -93.428461], [41.639748, -93.427099]], "green": [[41.639864, -93.427121], [41.639856, -93.427162], [41.639839, -93.427202], [41.639817, -93.427222], [41.639783, -93.427237], [41.639748, -93.427241], [41.639712, -93.427234], [41.639686, -93.427226], [41.639659, -93.427198], [41.639635, -93.427159], [41.639628, -93.427131], [41.639627, -93.42709], [41.639629, -93.42705], [41.639639, -93.427021], [41.639655, -93.426999], [41.639679, -93.426968], [41.639713, -93.426952], [41.63976, -93.426955], [41.639793, -93.426971], [41.639819, -93.426995], [41.639835, -93.427018], [41.639846, -93.42704], [41.63986, -93.427074], [41.639864, -93.427121]]}, "9": {"path": [[41.640185, -93.427272], [41.642907, -93.427399]], "green": [[41.643027, -93.427404], [41.643026, -93.427441], [41.643013, -93.42748], [41.642993, -93.427509], [41.64297, -93.427529], [41.642937, -93.427542], [41.642904, -93.427545], [41.642871, -93.427546], [41.642838, -93.427532], [41.642808, -93.427513], [41.642786, -93.427485], [41.642767, -93.427437], [41.642764, -93.427389], [41.642775, -93.42735], [41.642786, -93.427334], [41.642802, -93.427315], [41.642829, -93.427287], [41.642851, -93.427277], [41.642878, -93.427265], [41.642906, -93.427266], [41.64294, -93.427276], [41.642972, -93.42729], [41.642983, -93.427298], [41.643001, -93.427322], [41.643016, -93.427351], [41.643024, -93.427381], [41.643027, -93.427404]]}, "11": {"path": [[41.643782, -93.434654], [41.641728, -93.434789], [41.639789, -93.43461]], "green": [[41.639945, -93.434625], [41.639936, -93.434659], [41.639922, -93.434685], [41.639904, -93.434713], [41.639879, -93.434738], [41.639845, -93.434763], [41.63981, -93.434775], [41.639777, -93.434776], [41.639735, -93.434775], [41.639705, -93.434761], [41.63968, -93.434739], [41.639666, -93.434721], [41.639651, -93.434687], [41.639643, -93.43466], [41.639641, -93.43463], [41.63964, -93.434608], [41.639646, -93.434566], [41.639664, -93.434515], [41.639684, -93.434484], [41.639702, -93.434466], [41.639725, -93.434445], [41.639754, -93.434437], [41.639792, -93.434436], [41.639835, -93.43444], [41.63987, -93.434463], [41.639897, -93.434483], [41.639916, -93.434513], [41.639931, -93.434544], [41.639941, -93.434581], [41.639945, -93.434625]]}, "13": {"path": [[41.637082, -93.43201], [41.63824, -93.432696]], "green": [[41.638362, -93.432717], [41.638355, -93.432772], [41.638341, -93.432811], [41.638318, -93.43284], [41.63829, -93.432868], [41.638253, -93.432884], [41.638227, -93.432879], [41.638191, -93.432869], [41.638158, -93.432848], [41.638117, -93.432798], [41.6381, -93.432754], [41.638094, -93.432726], [41.63809, -93.432704], [41.638093, -93.432658], [41.638114, -93.432591], [41.63815, -93.432544], [41.638188, -93.432523], [41.638224, -93.432522], [41.638248, -93.432523], [41.63827, -93.432524], [41.638306, -93.432548], [41.638328, -93.432575], [41.638346, -93.432606], [41.638354, -93.432637], [41.638362, -93.432669], [41.638362, -93.432717]]}, "14": {"path": [[41.637846, -93.431702], [41.640236, -93.433721]], "green": [[41.640369, -93.43375], [41.640352, -93.433804], [41.640334, -93.433839], [41.640292, -93.433879], [41.64025, -93.433903], [41.640206, -93.433906], [41.640163, -93.43389], [41.640145, -93.433871], [41.64012, -93.433835], [41.6401, -93.433794], [41.640096, -93.43376], [41.640098, -93.43372], [41.640105, -93.433684], [41.640117, -93.43365], [41.640147, -93.433594], [41.640175, -93.433558], [41.640214, -93.433542], [41.640233, -93.433536], [41.640275, -93.433549], [41.640305, -93.433576], [41.640333, -93.433611], [41.640355, -93.433638], [41.640368, -93.433682], [41.64037, -93.433712], [41.640369, -93.43375]]}, "15": {"path": [[41.639895, -93.432491], [41.642676, -93.433842]], "green": [[41.642805, -93.4339], [41.642786, -93.433937], [41.642753, -93.433973], [41.642712, -93.433992], [41.642652, -93.433997], [41.6426, -93.433984], [41.642556, -93.433952], [41.64253, -93.433914], [41.64252, -93.43387], [41.642518, -93.433829], [41.642532, -93.433759], [41.642562, -93.433723], [41.642605, -93.433689], [41.642633, -93.433686], [41.642697, -93.43369], [41.642747, -93.433713], [41.642781, -93.433757], [41.642791, -93.433776], [41.642802, -93.433807], [41.642814, -93.433837], [41.642805, -93.4339]]}, "16": {"path": [[41.643206, -93.433729], [41.641555, -93.429193]],