{"holes": {"1": {"path": [[41.542539, -90.52642], [41.544178, -90.525515], [41.545042, -90.525217]], "green": [[41.545061, -90.52535], [41.545102, -90.525326], [41.545125, -90.525295], [41.545144, -90.52524], [41.545143, -90.525171], [41.545125, -90.525114], [41.545102, -90.525081], [41.545075, -90.525063], [41.54504, -90.525057], [41.545001, -90.525074], [41.544974, -90.5251], [41.544958, -90.525133], [41.544942, -90.525195], [41.544947, -90.52525], [41.544965, -90.525291], [41.544989, -90.525326], [41.54501, -90.525345], [41.545034, -90.525353], [41.545061, -90.52535]]}, "3": {"path": [[41.546589, -90.524337], [41.546082, -90.526979], [41.545258, -90.528301]], "green": [[41.545219, -90.528414], [41.545194, -90.528395], [41.545178, -90.528361], [41.545169, -90.528312], [41.545169, -90.528251], [41.545195, -90.528184], [41.545233, -90.528149], [41.545281, -90.528139], [41.545311, -90.528151], [41.545341, -90.528175], [41.545362, -90.528236], [41.545364, -90.528307], [41.545342, -90.528363], [41.545299, -90.528411], [41.54527, -90.528426], [41.545241, -90.528425], [41.545219, -90.528414]]}, "5": {"path": [[41.548301, -90.527725], [41.54882, -90.525556], [41.548862, -90.52446]], "green": [[41.548948, -90.524428], [41.548936, -90.524394], [41.548904, -90.524351], [41.548876, -90.524331], [41.54885, -90.524327], [41.548815, -90.524337], [41.548787, -90.524374], [41.548771, -90.524411], [41.548768, -90.524459], [41.548775, -90.52451], [41.548794, -90.524555], [41.548822, -90.524587], [41.54885, -90.524598], [41.548879, -90.524596], [41.548906, -90.52458], [41.548934, -90.524544], [41.548952, -90.524476], [41.548948, -90.524428]]}, "6": {"path": [[41.548465, -90.524312], [41.547813, -90.526225], [41.546992, -90.527344]], "green": [[41.546999, -90.527442], [41.547035, -90.527423], [41.547061, -90.527393], [41.547081, -90.527352], [41.547083, -90.527294], [41.547068, -90.527259], [41.547044, -90.527239], [41.547011, -90.527229], [41.54698, -90.527234], [41.546942, -90.527258], [41.546918, -90.527292], [41.546904, -90.527341], [41.546908, -90.527379], [41.546921, -90.527408], [41.54694, -90.527428], [41.54697, -90.527443], [41.546999, -90.527442]]}, "7": {"path": [[41.546634, -90.527072], [41.547502, -90.523042]], "green": [[41.547523, -90.523173], [41.547555, -90.52316], [41.547579, -90.523136], [41.547598, -90.523096], [41.547607, -90.523031], [41.547599, -90.522962], [41.547575, -90.522915], [41.547552, -90.5229], [41.547517, -90.522884], [41.547476, -90.522884], [41.547441, -90.522903], [41.547416, -90.522939], [41.547395, -90.522993], [41.547389, -90.523059], [41.5474, -90.523107], [41.547427, -90.523144], [41.547467, -90.523166], [41.547496, -90.523173], [41.547523, -90.523173]]}, "8": {"path": [[41.54709, -90.522982], [41.546057, -90.522965]], "green": [[41.54607, -90.523069], [41.546105, -90.523056], [41.546137, -90.523023], [41.546152, -90.52298], [41.546152, -90.522916], [41.546131, -90.522866], [41.546103, -90.522843], [41.546063, -90.522833], [41.546014, -90.522852], [41.545985, -90.522882], [41.545965, -90.522935], [41.54596, -90.522982], [41.545975, -90.523023], [41.546003, -90.52305], [41.546035, -90.523064], [41.54607, -90.523069]]}, "9": {"path": [[41.541709, -90.524218], [41.540202, -90.526894], [41.539773, -90.528156]], "green": [[41.542471, -90.52602], [41.542471, -90.526006], [41.54247, -90.525993], [41.542465, -90.52598], [41.54246, -90.525968], [41.542452, -90.525957], [41.542439, -90.525946], [41.542426, -90.525934], [41.542409, -90.525927], [41.542393, -90.525919], [41.542375, -90.525916], [41.542356, -90.525915], [41.542337, -90.525918], [41.542322, -90.525924], [41.542307, -90.525933], [41.542295, -90.525947], [41.542288, -90.525963], [41.542283, -90.525979], [41.542277, -90.525998], [41.542272, -90.526021], [41.542271, -90.526042], [41.542271, -90.526065], [41.542273, -90.526084], [41.542279, -90.526104], [41.542286, -90.526128], [41.542297, -90.526147], [41.542311, -90.526166], [41.542328, -90.526179], [41.542347, -90.526183], [41.542361, -90.526185], [41.542379, -90.526183], [41.542395, -90.526178], [41.542405, -90.526169], [41.542418, -90.526158], [41.542431, -90.526141], [41.542442, -90.526124], [41.542453, -90.526098], [41.542462, -90.526078], [41.542468, -90.52605], [41.542471, -90.52602]]}, "10": {"path": [[41.542133, -90.525616], [41.543122, -90.523795], [41.545755, -90.523876]], "green": [[41.54572, -90.523988], [41.545759, -90.523999], [41.545794, -90.523993], [41.545827, -90.523961], [41.545847, -90.523927], [41.545857, -90.523885], [41.545853, -90.523836], [41.545834, -90.523783], [41.545809, -90.523757], [41.54578, -90.523742], [41.545735, -90.523742], [41.545705, -90.523758], [41.545679, -90.523785], [41.545662, -90.523833], [41.545658, -90.523885], [41.545667, -90.523937], [41.545686, -90.523965], [41.54572, -90.523988]]}, "12": {"path": [[41.544499, -90.522979], [41.541995, -90.523311]], "green": [[41.542082, -90.523257], [41.542062, -90.523222], [41.542036, -90.523201], [41.542006, -90.523193], [41.541938, -90.523201], [41.541899, -90.523246], [41.541883, -90.523281], [41.541878, -90.523315], [41.541883, -90.523356], [41.541913, -90.523405], [41.541955, -90.523429], [41.542012, -90.523432], [41.54204, -90.523425], [41.542068, -90.523401], [41.54209, -90.523359], [41.542094, -90.523306], [41.542082, -90.523257]]}, "13": {"path": [[41.545601, -90.524439], [41.543731, -90.524684], [41.541775, -90.526329]], "green": [[41.541681, -90.526451], [41.541661, -90.526444], [41.541646, -90.52642], [41.541642, -90.526381], [41.541656, -90.526323], [41.541712, -90.526209], [41.541753, -90.526174], [41.541793, -90.52617], [41.541879, -90.526198], [41.54191, -90.526227], [41.541923, -90.526268], [41.541918, -90.526304], [41.541902, -90.526334], [41.541881, -90.526354], [41.541848, -90.526361], [41.541785, -90.526364], [41.541753, -90.526385], [41.541706, -90.526441], [41.541681, -90.526451]]}, "14": {"path": [[41.539211, -90.528771], [41.538812, -90.525684]], "green": [[41.538904, -90.525679], [41.538873, -90.525585], [41.538839, -90.525551], [41.538806, -90.525535], [41.538772, -90.525537], [41.538746, -90.525555], [41.538727, -90.525589], [41.538716, -90.525649], [41.538721, -90.525708], [41.538736, -90.525758], [41.538764, -90.525799], [41.538797, -90.525825], [41.538836, -90.525831], [41.538869, -90.525816], [41.538894, -90.525784], [41.538904, -90.525741], [41.538904, -90.525679]]}, "15": {"path": [[41.53904, -90.52513], [41.53959, -90.526536]], "green": [[41.539668, -90.526539], [41.539655, -90.526474], [41.539627, -90.526433], [41.539601, -90.526411], [41.539569, -90.526404], [41.539532, -90.526416], [41.539498, -90.526452], [41.539485, -90.526512], [41.539492, -90.52657], [41.53952, -90.526636], [41.539556, -90.526665], [41.539595, -90.52667], [41.539639, -90.526649], [41.539663, -90.526612], [41.539668, -90.526587], [41.539668, -90.526539]]}, "16": {"path": [[41.539846, -90.526836], [41.541275, -90.524005]], "green": [[41.5413, -90.524148], [41.541334, -90.524128], [41.541364, -90.524092], [41.541385, -90.524029], [41.541381, -90.523967], [41.541368, -90.523908], [41.541343, -90.523864], [41.541314, -90.523845], [41.541281, -90.52384], [41.541244, -90.523844], [41.541213, -90.523872], [41.541187, -90.523919], [41.541173, -90.523962], [41.541168, -90.524018], [41.541179, -90.524084], [41.541196, -90.52412], [41.541227, -90.524149], [41.541264, -90.524155], [41.5413, -90.524148]]}, "17": {"path": [[41.542272, -90.524167], [41.540257, -90.528517]],