{"holes": {"1": {"path": [[41.230268, -95.596452], [41.229102, -95.595617], [41.226704, -95.595095]], "green": [[41.226712, -95.595198], [41.226664, -95.595214], [41.226638, -95.595196], [41.226621, -95.595176], [41.226605, -95.595146], [41.2266, -95.595103], [41.226608, -95.595067], [41.226665, -95.594991], [41.226707, -95.594976], [41.22673, -95.594986], [41.22675, -95.59499], [41.226771, -95.595003], [41.226792, -95.595035], [41.226804, -95.595077], [41.226804, -95.595113], [41.226792, -95.595143], [41.226712, -95.595198]]}, "2": {"path": [[41.226199, -95.595145], [41.227507, -95.596489]], "green": [[41.227546, -95.59661], [41.227494, -95.596623], [41.227459, -95.59661], [41.22741, -95.596564], [41.227397, -95.596531], [41.227393, -95.596471], [41.227405, -95.596423], [41.22742, -95.596402], [41.227469, -95.596354], [41.227505, -95.59634], [41.227568, -95.596349], [41.227599, -95.596383], [41.227611, -95.596425], [41.227615, -95.596496], [41.227603, -95.59654], [41.227575, -95.596582], [41.227546, -95.59661]]}, "3": {"path": [[41.227948, -95.596545], [41.229927, -95.59784], [41.230908, -95.598192]], "green": [[41.23101, -95.598196], [41.231008, -95.598152], [41.230998, -95.598111], [41.230978, -95.598081], [41.230958, -95.598065], [41.230856, -95.598071], [41.230826, -95.598088], [41.230802, -95.598133], [41.230793, -95.59817], [41.230794, -95.598216], [41.230803, -95.598246], [41.230828, -95.598285], [41.230866, -95.598307], [41.230912, -95.598309], [41.230944, -95.598303], [41.23097, -95.598282], [41.230995, -95.598244], [41.23101, -95.598196]]}, "4": {"path": [[41.230948, -95.599237], [41.229294, -95.598679], [41.228724, -95.598131]], "green": [[41.228786, -95.59822], [41.228766, -95.598254], [41.228741, -95.598269], [41.228687, -95.598269], [41.228657, -95.598246], [41.22863, -95.598188], [41.22862, -95.598118], [41.228631, -95.59806], [41.228652, -95.598029], [41.228678, -95.598005], [41.228708, -95.59799], [41.228741, -95.597992], [41.228767, -95.598012], [41.228788, -95.59806], [41.228797, -95.598099], [41.2288, -95.598154], [41.228798, -95.598176], [41.228786, -95.59822]]}, "5": {"path": [[41.229396, -95.59936], [41.227552, -95.598872], [41.226906, -95.598201], [41.226172, -95.596662]], "green": [[41.226127, -95.596596], [41.226096, -95.596631], [41.226084, -95.596682], [41.226088, -95.596725], [41.226112, -95.596757], [41.226143, -95.596767], [41.226181, -95.596759], [41.226218, -95.596734], [41.226241, -95.596702], [41.226258, -95.596665], [41.226267, -95.596622], [41.226244, -95.59657], [41.226217, -95.59656], [41.226174, -95.596564], [41.226127, -95.596596]]}, "6": {"path": [[41.226094, -95.597606], [41.226244, -95.599382]], "green": [[41.226174, -95.599378], [41.226182, -95.599335], [41.226196, -95.5993], [41.226216, -95.599279], [41.22624, -95.599263], [41.226289, -95.599265], [41.226313, -95.599298], [41.226329, -95.599367], [41.226327, -95.599416], [41.226319, -95.599445], [41.226295, -95.599469], [41.226267, -95.599483], [41.226242, -95.59948], [41.226214, -95.599469], [41.226196, -95.599445], [41.226182, -95.599416], [41.226174, -95.599378]]}, "7": {"path": [[41.225684, -95.599532], [41.225697, -95.596298]], "green": [[41.225684, -95.596407], [41.225711, -95.596387], [41.225763, -95.596316], [41.225777, -95.596283], [41.225788, -95.596243], [41.225785, -95.596204], [41.225759, -95.596176], [41.225736, -95.59617], [41.225662, -95.596185], [41.225608, -95.596255], [41.225587, -95.596356], [41.225594, -95.596381], [41.225617, -95.596405], [41.225684, -95.596407]]}, "8": {"path": [[41.225509, -95.595108], [41.226749, -95.596715], [41.22736, -95.597796]], "green": [[41.227277, -95.597864], [41.227308, -95.59791], [41.227339, -95.597931], [41.227373, -95.597924], [41.227399, -95.597905], [41.227448, -95.597833], [41.227459, -95.597802], [41.227461, -95.597757], [41.227454, -95.597722], [41.227427, -95.597692], [41.227393, -95.597676], [41.227353, -95.597669], [41.227318, -95.59769], [41.227295, -95.597718], [41.227275, -95.597761], [41.22727, -95.597808], [41.227277, -95.597864]]}, "9": {"path": [[41.227936, -95.595932], [41.230441, -95.596975]], "green": [[41.230552, -95.597014], [41.230538, -95.597055], [41.23051, -95.59709], [41.23048, -95.597102], [41.230388, -95.597099], [41.230354, -95.597075], [41.23033, -95.597042], [41.230316, -95.597011], [41.230308, -95.596973], [41.230308, -95.596943], [41.230321, -95.59691], [41.230345, -95.596877], [41.230436, -95.59685], [41.230484, -95.596847], [41.230519, -95.596857], [41.230535, -95.59688], [41.230549, -95.596914], [41.230559, -95.596968], [41.230552, -95.597014]]}}}