{"holes": {"1": {"path": [[41.80915, -91.904874], [41.810461, -91.904687], [41.8126, -91.9052]], "green": [[41.812667, -91.905323], [41.8127, -91.905299], [41.812734, -91.905244], [41.812739, -91.905206], [41.812736, -91.905185], [41.812737, -91.905158], [41.812724, -91.905125], [41.812706, -91.905105], [41.812675, -91.905091], [41.812643, -91.905063], [41.812616, -91.905056], [41.812572, -91.905056], [41.812521, -91.905073], [41.812482, -91.905083], [41.812465, -91.905106], [41.81245, -91.905124], [41.812437, -91.905173], [41.812444, -91.905218], [41.81246, -91.905254], [41.812485, -91.905275], [41.812521, -91.905289], [41.812557, -91.905327], [41.812589, -91.905356], [41.812621, -91.905351], [41.812643, -91.90534], [41.812667, -91.905323]]}, "2": {"path": [[41.813408, -91.906547], [41.814761, -91.906102], [41.81718, -91.907677]], "green": [[41.817273, -91.907714], [41.817297, -91.907657], [41.817301, -91.907606], [41.817287, -91.907579], [41.817269, -91.90756], [41.817245, -91.907555], [41.81722, -91.90757], [41.817193, -91.907588], [41.81715, -91.907603], [41.817113, -91.907614], [41.817086, -91.907624], [41.817066, -91.907652], [41.817053, -91.907687], [41.817052, -91.907734], [41.817065, -91.907765], [41.817084, -91.90778], [41.817107, -91.907795], [41.817146, -91.907796], [41.817193, -91.907784], [41.81723, -91.907776], [41.817255, -91.907748], [41.817273, -91.907714]]}, "3": {"path": [[41.817474, -91.908449], [41.818341, -91.909745], [41.818805, -91.912531]], "green": [[41.818889, -91.912674], [41.818907, -91.912619], [41.818927, -91.912553], [41.818924, -91.912501], [41.818899, -91.912446], [41.818862, -91.912384], [41.81884, -91.912347], [41.818819, -91.912318], [41.81879, -91.912296], [41.818758, -91.912305], [41.818739, -91.912329], [41.818726, -91.912369], [41.818715, -91.91243], [41.818701, -91.912477], [41.818686, -91.912514], [41.818688, -91.912553], [41.818709, -91.9126], [41.818736, -91.912647], [41.818759, -91.912681], [41.818785, -91.912704], [41.818809, -91.912716], [41.818833, -91.912718], [41.818856, -91.912717], [41.818874, -91.912702], [41.818889, -91.912674]]}, "4": {"path": [[41.819866, -91.912317], [41.821258, -91.913074]], "green": [[41.821266, -91.913209], [41.821295, -91.913186], [41.821327, -91.91317], [41.821363, -91.91316], [41.821386, -91.913149], [41.821403, -91.913115], [41.821397, -91.913073], [41.821376, -91.913038], [41.821355, -91.912997], [41.821339, -91.912947], [41.821326, -91.912894], [41.821302, -91.912869], [41.821266, -91.912864], [41.821238, -91.91288], [41.82121, -91.912922], [41.821172, -91.912966], [41.821139, -91.912997], [41.821126, -91.913033], [41.821125, -91.913061], [41.821131, -91.913089], [41.821146, -91.913122], [41.82117, -91.913158], [41.821182, -91.913194], [41.821196, -91.913226], [41.821222, -91.913239], [41.821244, -91.913235], [41.821266, -91.913209]]}, "5": {"path": [[41.822108, -91.912489], [41.820224, -91.911307], [41.819969, -91.910125]], "green": [[41.819998, -91.910269], [41.820029, -91.910238], [41.82005, -91.910208], [41.820056, -91.91017], [41.820057, -91.910119], [41.820057, -91.910088], [41.82006, -91.910036], [41.820059, -91.91002], [41.82005, -91.910008], [41.820021, -91.90999], [41.819978, -91.909978], [41.819931, -91.909968], [41.81991, -91.909971], [41.819895, -91.909983], [41.819888, -91.910002], [41.819894, -91.91005], [41.819899, -91.9101], [41.819901, -91.91013], [41.819897, -91.910172], [41.819897, -91.910202], [41.819901, -91.910218], [41.819911, -91.910243], [41.819929, -91.910256], [41.819948, -91.910274], [41.819971, -91.910283], [41.819998, -91.910269]]}, "6": {"path": [[41.82018, -91.908902], [41.819536, -91.906766], [41.81806, -91.903559]], "green": [[41.818159, -91.903634], [41.818173, -91.903611], [41.818174, -91.903583], [41.818157, -91.903526], [41.81813, -91.903477], [41.818095, -91.903434], [41.818071, -91.903416], [41.818041, -91.903426], [41.817987, -91.903444], [41.817959, -91.903463], [41.81794, -91.903492], [41.817938, -91.903523], [41.817947, -91.903542], [41.817962, -91.903561], [41.817979, -91.903586], [41.818, -91.903606], [41.81801, -91.903625], [41.81804, -91.903641], [41.818076, -91.903654], [41.8181, -91.903664], [41.818133, -91.90366], [41.818152, -91.903652], [41.818159, -91.903634]]}, "7": {"path": [[41.81715, -91.902327], [41.815974, -91.903034], [41.814511, -91.903457]], "green": [[41.814507, -91.903565], [41.814539, -91.903543], [41.814579, -91.903531], [41.814619, -91.903512], [41.814648, -91.903486], [41.814654, -91.903457], [41.814647, -91.903437], [41.814617, -91.903405], [41.814579, -91.903362], [41.814549, -91.903328], [41.81452, -91.903305], [41.8145, -91.90331], [41.814476, -91.903335], [41.814453, -91.903362], [41.814432, -91.90338], [41.814414, -91.903395], [41.814401, -91.903417], [41.814397, -91.903455], [41.814407, -91.903515], [41.814426, -91.903558], [41.814446, -91.903576], [41.814465, -91.903585], [41.814487, -91.903579], [41.814507, -91.903565]]}, "8": {"path": [[41.814174, -91.904596], [41.813018, -91.903165]], "green": [[41.81313, -91.903239], [41.813149, -91.90319], [41.813153, -91.90315], [41.813147, -91.903105], [41.813126, -91.903074], [41.813097, -91.903036], [41.813056, -91.902996], [41.813027, -91.902971], [41.812998, -91.902971], [41.812981, -91.902989], [41.812963, -91.903027], [41.812945, -91.903061], [41.812921, -91.903084], [41.812899, -91.903096], [41.812885, -91.903117], [41.81288, -91.903159], [41.812888, -91.903194], [41.812903, -91.903217], [41.812934, -91.903231], [41.812959, -91.903248], [41.812981, -91.903283], [41.813002, -91.903313], [41.813023, -91.903334], [41.81305, -91.903341], [41.813075, -91.903343], [41.813096, -91.903329], [41.81311, -91.903287], [41.81313, -91.903239]]}, "9": {"path": [[41.812194, -91.902923], [41.80933, -91.904155]], "green": [[41.809378, -91.904264], [41.809393, -91.90421], [41.809422, -91.904147], [41.809444, -91.904109], [41.809454, -91.90407], [41.809449, -91.904045], [41.809435, -91.90402], [41.809421, -91.903998], [41.8094, -91.903993], [41.809375, -91.903991], [41.80935, -91.903999], [41.809323, -91.904021], [41.809287, -91.904037], [41.809248, -91.904051], [41.809232, -91.904067], [41.809229, -91.904096], [41.809238, -91.904136], [41.809242, -91.904177], [41.809238, -91.904225], [41.809235, -91.904269], [41.809236, -91.904302], [41.809251, -91.904336], [41.809272, -91.904359], [41.809302, -91.904359], [41.80933, -91.904342], [41.809356, -91.90431], [41.809378, -91.904264]]}, "10": {"path": [[41.809046, -91.905294], [41.810335, -91.905744], [41.812044, -91.907253]], "green": [[41.812032, -91.907065], [41.812066, -91.907074], [41.812114, -91.907095], [41.812143, -91.907122], [41.812161, -91.907153], [41.812172, -91.907186], [41.812185, -91.907255], [41.812193, -91.907308], [41.812193, -91.90734], [41.812185, -91.907371], [41.812172, -91.907387], [41.812146, -91.90741], [41.812095, -91.907432], [41.812058, -91.907439], [41.812034, -91.907441], [41.812011, -91.907438], [41.811988, -91.907433], [41.811977, -91.907424], [41.811969, -91.907408], [41.81197, -91.907375], [41.811975, -91.907342], [41.811972, -91.907309], [41.811963, -91.907266], [41.811952, -91.907228], [41.811943, -91.907198], [41.811939, -91.90717], [41.811941, -91.907152], [41.811942, -91.907134], [41.811954, -91.907112], [41.811977, -91.907087], [41.811999, -91.907073], [41.812012, -91.907069], [41.812032, -91.907065]]}, "11": {"path": [[41.813004, -91.907413], [41.816102, -91.911403]],