{"holes": {"1": {"path": [[46.220485, -114.096637], [46.222167, -114.095841], [46.223398, -114.096944]], "green": [[46.223299, -114.096964], [46.223295, -114.096926], [46.223322, -114.09687], [46.223363, -114.096823], [46.22341, -114.096803], [46.223474, -114.096801], [46.223517, -114.096846], [46.223535, -114.096904], [46.223526, -114.096966], [46.223494, -114.097025], [46.223443, -114.097049], [46.223393, -114.097058], [46.223355, -114.097057], [46.223327, -114.097038], [46.223308, -114.097007], [46.223299, -114.096964]]}, "2": {"path": [[46.223996, -114.096778], [46.225235, -114.09719]], "green": [[46.22516, -114.097223], [46.225152, -114.097172], [46.225162, -114.097127], [46.22518, -114.097087], [46.225214, -114.097065], [46.225267, -114.097074], [46.225301, -114.097107], [46.225331, -114.097146], [46.225342, -114.097211], [46.225331, -114.097255], [46.225295, -114.097299], [46.225248, -114.097307], [46.225207, -114.097294], [46.225179, -114.097266], [46.22516, -114.097223]]}, "3": {"path": [[46.225557, -114.096596], [46.22363, -114.096027], [46.222294, -114.095158]], "green": [[46.222385, -114.095165], [46.222375, -114.095116], [46.222357, -114.095083], [46.222296, -114.095052], [46.222236, -114.095046], [46.222214, -114.095062], [46.222196, -114.095097], [46.222194, -114.095161], [46.222211, -114.095208], [46.222228, -114.095238], [46.222277, -114.095264], [46.222323, -114.095267], [46.222357, -114.095244], [46.222377, -114.095206], [46.222385, -114.095165]]}, "4": {"path": [[46.22216, -114.094526], [46.223778, -114.095316], [46.225261, -114.095419]], "green": [[46.225342, -114.095421], [46.225327, -114.095354], [46.225299, -114.09531], [46.225252, -114.095288], [46.225202, -114.095292], [46.225159, -114.095354], [46.225144, -114.09542], [46.225159, -114.095502], [46.22522, -114.095546], [46.22528, -114.095553], [46.225322, -114.09551], [46.225339, -114.095473], [46.225342, -114.095421]]}, "5": {"path": [[46.225287, -114.094492], [46.223256, -114.094403], [46.221038, -114.093815]], "green": [[46.221121, -114.093874], [46.221119, -114.093817], [46.221091, -114.093747], [46.221071, -114.093716], [46.221048, -114.093678], [46.221001, -114.093661], [46.220966, -114.093678], [46.220939, -114.093722], [46.220931, -114.093788], [46.220949, -114.09384], [46.220979, -114.093901], [46.221021, -114.093942], [46.221054, -114.093953], [46.221092, -114.093936], [46.221112, -114.093909], [46.221121, -114.093874]]}, "6": {"path": [[46.222198, -114.093408], [46.224246, -114.093712], [46.225391, -114.093055]], "green": [[46.225336, -114.093165], [46.225298, -114.093116], [46.225291, -114.093044], [46.225315, -114.092969], [46.225358, -114.092929], [46.225408, -114.092936], [46.225433, -114.092951], [46.225455, -114.092956], [46.225475, -114.093009], [46.225479, -114.093065], [46.225467, -114.093116], [46.225436, -114.093165], [46.225384, -114.093189], [46.225336, -114.093165]]}, "7": {"path": [[46.224658, -114.09264], [46.222709, -114.092894], [46.220404, -114.092877]], "green": [[46.220449, -114.092912], [46.220479, -114.092855], [46.220483, -114.092794], [46.220455, -114.092723], [46.2204, -114.092731], [46.220368, -114.092788], [46.220335, -114.092825], [46.220307, -114.092896], [46.22032, -114.092975], [46.220352, -114.093018], [46.220411, -114.093006], [46.22044, -114.092961], [46.220449, -114.092912]]}, "9": {"path": [[46.218701, -114.092958], [46.219193, -114.096944]], "green": [[46.219105, -114.096949], [46.21914, -114.09685], [46.219181, -114.096796], [46.219228, -114.096806], [46.219267, -114.096883], [46.219285, -114.096952], [46.219275, -114.097015], [46.219236, -114.097071], [46.219174, -114.097081], [46.219122, -114.097035], [46.219105, -114.096949]]}, "10": {"path": [[46.219687, -114.099331], [46.219808, -114.102132], [46.220707, -114.103505]], "green": [[46.220605, -114.103603], [46.220598, -114.103387], [46.220626, -114.103326], [46.220694, -114.103303], [46.220734, -114.103304], [46.220771, -114.103345], [46.220798, -114.103396], [46.220813, -114.103471], [46.220797, -114.103541], [46.220779, -114.103581], [46.220757, -114.103633], [46.220716, -114.103686], [46.220675, -114.103707], [46.22063, -114.103684], [46.220605, -114.103603]]}, "11": {"path": [[46.221039, -114.103812], [46.221298, -114.107003], [46.221127, -114.109562]], "green": [[46.221235, -114.109608], [46.221235, -114.109529], [46.221199, -114.109454], [46.221155, -114.109415], [46.2211, -114.109397], [46.221064, -114.10942], [46.221031, -114.109477], [46.221008, -114.109543], [46.221004, -114.109631], [46.221025, -114.109697], [46.221089, -114.109707], [46.221174, -114.109706], [46.221218, -114.10967], [46.221235, -114.109608]]}, "12": {"path": [[46.220631, -114.109295], [46.220699, -114.104663]], "green": [[46.220643, -114.104799], [46.220608, -114.104725], [46.220594, -114.104657], [46.220599, -114.104579], [46.220632, -114.104533], [46.220691, -114.104512], [46.220745, -114.104503], [46.220789, -114.104526], [46.220812, -114.104571], [46.220814, -114.104624], [46.220798, -114.104677], [46.220737, -114.104788], [46.220705, -114.104826], [46.220668, -114.104829], [46.220643, -114.104799]]}, "13": {"path": [[46.220331, -114.104768], [46.219744, -114.107058], [46.220002, -114.108725]], "green": [[46.220096, -114.108772], [46.220082, -114.108687], [46.220055, -114.108618], [46.220028, -114.108578], [46.219985, -114.108564], [46.219944, -114.108591], [46.21991, -114.108677], [46.219889, -114.108753], [46.219908, -114.108827], [46.219957, -114.108871], [46.220013, -114.108864], [46.220063, -114.108848], [46.220096, -114.108772]]}, "14": {"path": [[46.220256, -114.109352], [46.221377, -114.110693]], "green": [[46.221305, -114.110709], [46.221289, -114.110635], [46.221302, -114.11058], [46.221338, -114.110555], [46.221396, -114.110547], [46.221439, -114.110578], [46.221473, -114.110653], [46.221481, -114.110714], [46.221471, -114.110763], [46.221427, -114.110811], [46.221389, -114.110828], [46.22135, -114.110825], [46.221315, -114.110792], [46.221305, -114.110709]]}, "15": {"path": [[46.221451, -114.111728], [46.21991, -114.110271], [46.219092, -114.107145]], "green": [[46.219109, -114.107301], [46.21902, -114.107277], [46.218996, -114.10725], [46.218974, -114.107177], [46.21897, -114.1071], [46.219, -114.107023], [46.219037, -114.106992], [46.219102, -114.106993], [46.21915, -114.10699], [46.219187, -114.107026], [46.219203, -114.107079], [46.219196, -114.107162], [46.219179, -114.10722], [46.219154, -114.107279], [46.219109, -114.107301]]}, "16": {"path": [[46.218803, -114.106398], [46.219977, -114.104852], [46.219652, -114.103003]], "green": [[46.219662, -114.103155], [46.219716, -114.103072], [46.219752, -114.102988], [46.219772, -114.102917], [46.219742, -114.102837], [46.219689, -114.102812], [46.219628, -114.102829], [46.219588, -114.102863], [46.219554, -114.102937], [46.21956, -114.103045], [46.219573, -114.103112], [46.219614, -114.103159], [46.219618, -114.103159], [46.219662, -114.103155]]}, "17": {"path": [[46.219211, -114.103002], [46.218952, -114.104762]], "green": [[46.218998, -114.104615], [46.219036, -114.104643], [46.219066, -114.104715], [46.219071, -114.104776], [46.219054, -114.104858], [46.219019, -114.10492], [46.218964, -114.10495], [46.218906, -114.104941], [46.218869, -114.104885], [46.218843, -114.104829], [46.218831, -114.104777], [46.21883, -114.10473], [46.218856, -114.104687], [46.218933, -114.104634], [46.218964, -114.104612], [46.218998, -114.104615]]}, "18": {"path": [[46.21873, -114.103451], [46.218936, -114.101068], [46.21885, -114.098612]], "green": [[46.218793, -114.098749], [46.218767, -114.098713], [46.218753, -114.098634], [46.218767, -114.098548], [46.218796, -114.098467], [46.218837, -114.098431], [46.218882, -114.098403], [46.218932, -114.098446], [46.218953, -114.098514], [46.218955, -114.098592], [46.218936, -114.098674], [46.218904, -114.098729], [46.21886, -114.098761], [46.218824, -114.098765], [46.218793, -114.098749]]}}}