{"holes": {"1": {"path": [[41.663439, -87.505136], [41.665014, -87.504957], [41.666191, -87.505065]], "green": [[41.666081, -87.504942], [41.666089, -87.504918], [41.666105, -87.504903], [41.666125, -87.504896], [41.66615, -87.504901], [41.666184, -87.504925], [41.666218, -87.504963], [41.666266, -87.504996], [41.666299, -87.505013], [41.666318, -87.505025], [41.666328, -87.505038], [41.666336, -87.505059], [41.666335, -87.505089], [41.666324, -87.505132], [41.666306, -87.505177], [41.666277, -87.505238], [41.666241, -87.505276], [41.666206, -87.505278], [41.666188, -87.505269], [41.666173, -87.505249], [41.666166, -87.505227], [41.666158, -87.505182], [41.666153, -87.505136], [41.666145, -87.505105], [41.66613, -87.505068], [41.66611, -87.505045], [41.666089, -87.505016], [41.666076, -87.504979], [41.666077, -87.504962], [41.666081, -87.504942]]}, "2": {"path": [[41.665958, -87.505814], [41.664415, -87.506056]], "green": [[41.664558, -87.506128], [41.664564, -87.506085], [41.664565, -87.506063], [41.664563, -87.506041], [41.664558, -87.506021], [41.664548, -87.506003], [41.664531, -87.505982], [41.664518, -87.505973], [41.664504, -87.505964], [41.664491, -87.505958], [41.664466, -87.505952], [41.664448, -87.505951], [41.664426, -87.505951], [41.664396, -87.505951], [41.664381, -87.505951], [41.664362, -87.50595], [41.664349, -87.505949], [41.664333, -87.505947], [41.664308, -87.505947], [41.664286, -87.505949], [41.664274, -87.505953], [41.66426, -87.505962], [41.664251, -87.505981], [41.664247, -87.505999], [41.664245, -87.506022], [41.66425, -87.50605], [41.664263, -87.506063], [41.664278, -87.506073], [41.664296, -87.506075], [41.664308, -87.506075], [41.664319, -87.506077], [41.664336, -87.506083], [41.664347, -87.506088], [41.664367, -87.506094], [41.664385, -87.506104], [41.664396, -87.506111], [41.664406, -87.506125], [41.664415, -87.506136], [41.664426, -87.506147], [41.664437, -87.506163], [41.664448, -87.506175], [41.664459, -87.506181], [41.66447, -87.506183], [41.664492, -87.506185], [41.664513, -87.506185], [41.664524, -87.506185], [41.664535, -87.506179], [41.664544, -87.506167], [41.664554, -87.506149], [41.664558, -87.506128]]}, "3": {"path": [[41.664603, -87.50818], [41.666094, -87.506632], [41.667881, -87.507749]], "green": [[41.668003, -87.507863], [41.668013, -87.507783], [41.668015, -87.507763], [41.668015, -87.507736], [41.668013, -87.507717], [41.668, -87.507682], [41.667987, -87.507664], [41.667973, -87.507649], [41.667946, -87.507639], [41.667923, -87.507635], [41.667905, -87.507632], [41.667889, -87.507625], [41.667864, -87.507614], [41.667839, -87.507602], [41.667816, -87.507597], [41.667799, -87.507594], [41.667785, -87.507592], [41.66777, -87.507602], [41.667756, -87.507617], [41.667749, -87.50764], [41.667747, -87.50766], [41.667749, -87.50769], [41.667761, -87.507712], [41.667775, -87.507732], [41.667787, -87.507753], [41.667797, -87.50777], [41.667812, -87.507793], [41.667827, -87.507836], [41.667834, -87.507861], [41.667844, -87.507881], [41.667859, -87.507903], [41.667874, -87.507919], [41.667889, -87.507929], [41.667912, -87.507939], [41.667936, -87.507944], [41.667954, -87.507941], [41.667973, -87.507929], [41.667984, -87.507914], [41.668003, -87.507863]]}, "4": {"path": [[41.668157, -87.508001], [41.667936, -87.505477], [41.667877, -87.502514]], "green": [[41.66797, -87.502534], [41.667957, -87.502515], [41.667946, -87.502503], [41.667936, -87.502484], [41.667926, -87.502466], [41.667917, -87.502444], [41.66791, -87.502424], [41.667904, -87.502405], [41.667898, -87.50239], [41.667892, -87.502375], [41.667884, -87.50236], [41.667873, -87.502348], [41.667855, -87.502337], [41.667842, -87.502333], [41.667825, -87.50233], [41.667812, -87.502329], [41.667793, -87.50233], [41.66778, -87.502336], [41.667771, -87.502348], [41.66777, -87.502365], [41.66777, -87.502395], [41.667771, -87.502416], [41.667773, -87.502432], [41.667779, -87.502454], [41.667787, -87.502473], [41.667796, -87.502495], [41.667801, -87.502511], [41.667808, -87.502527], [41.667817, -87.502546], [41.667824, -87.502561], [41.667838, -87.502583], [41.667844, -87.502599], [41.667849, -87.502614], [41.66786, -87.502637], [41.667869, -87.502659], [41.667876, -87.502678], [41.667887, -87.502693], [41.667903, -87.502712], [41.667915, -87.502717], [41.667931, -87.502717], [41.667943, -87.502712], [41.667957, -87.502702], [41.667966, -87.50269], [41.667971, -87.502675], [41.667974, -87.502653], [41.667978, -87.502621], [41.66798, -87.502598], [41.66798, -87.502576], [41.66798, -87.502557], [41.66797, -87.502534]]}, "5": {"path": [[41.668182, -87.502682], [41.668029, -87.499774]], "green": [[41.667939, -87.499889], [41.667926, -87.499814], [41.667932, -87.499774], [41.667935, -87.499725], [41.667944, -87.499689], [41.667954, -87.499658], [41.667966, -87.499635], [41.667991, -87.499614], [41.668001, -87.499605], [41.668024, -87.499595], [41.668056, -87.499592], [41.668091, -87.499611], [41.668119, -87.499643], [41.668144, -87.499684], [41.66815, -87.499724], [41.668146, -87.499763], [41.668112, -87.499807], [41.668098, -87.499843], [41.668091, -87.499876], [41.668079, -87.499904], [41.668067, -87.499927], [41.668051, -87.499955], [41.668024, -87.499972], [41.668002, -87.499969], [41.667985, -87.499956], [41.667939, -87.499889]]}, "6": {"path": [[41.668239, -87.498006], [41.667368, -87.495195], [41.6676, -87.493962]], "green": [[41.667642, -87.494088], [41.667662, -87.493995], [41.667679, -87.493958], [41.667684, -87.493904], [41.667679, -87.49382], [41.667677, -87.493747], [41.667665, -87.493724], [41.667638, -87.49371], [41.667607, -87.493709], [41.667583, -87.493735], [41.667548, -87.493833], [41.667523, -87.493917], [41.667505, -87.493992], [41.667499, -87.494074], [41.667505, -87.494118], [41.667526, -87.494159], [41.66754, -87.494171], [41.667574, -87.494175], [41.667599, -87.494163], [41.667628, -87.494126], [41.667642, -87.494088]]}, "7": {"path": [[41.667241, -87.49364], [41.665986, -87.496022], [41.66555, -87.498101]], "green": [[41.665614, -87.498079], [41.665609, -87.498027], [41.665605, -87.498013], [41.665599, -87.497991], [41.665594, -87.497958], [41.665585, -87.497928], [41.665574, -87.49791], [41.665561, -87.497895], [41.665551, -87.497887], [41.665538, -87.497882], [41.665525, -87.497879], [41.665512, -87.497881], [41.6655, -87.497891], [41.665486, -87.497911], [41.665474, -87.497925], [41.665462, -87.497941], [41.665451, -87.497971], [41.665445, -87.497995], [41.66544, -87.498027], [41.665436, -87.498047], [41.665436, -87.498064], [41.665438, -87.498084], [41.665444, -87.498115], [41.665454, -87.498144], [41.665464, -87.498173], [41.665472, -87.498192], [41.66548, -87.498205], [41.665487, -87.498214], [41.665494, -87.498224], [41.665502, -87.498234], [41.665515, -87.498252], [41.665525, -87.49826], [41.665553, -87.498267], [41.665574, -87.498274], [41.665583, -87.498275], [41.665597, -87.498275], [41.66561, -87.498275], [41.665625, -87.498275], [41.665635, -87.498273], [41.665644, -87.498263], [41.665649, -87.498244], [41.665651, -87.498225], [41.665651, -87.498204], [41.665651, -87.498187], [41.66565, -87.498172], [41.665647, -87.498158], [41.665635, -87.498139], [41.665628, -87.49813], [41.665624, -87.498119], [41.665614, -87.498079]]}, "8": {"path": [[41.665599, -87.498635], [41.664333, -87.498696]],