{"holes": {"2": {"path": [[39.796779, -86.202924], [39.79989, -86.202679]], "green": [[39.800015, -86.20254], [39.800026, -86.202566], [39.80003, -86.202585], [39.800025, -86.202606], [39.800009, -86.202633], [39.799992, -86.202662], [39.799977, -86.202695], [39.799963, -86.202714], [39.799959, -86.202741], [39.799948, -86.202771], [39.799936, -86.2028], [39.799922, -86.202834], [39.799902, -86.202853], [39.79988, -86.202871], [39.799845, -86.202881], [39.799828, -86.202881], [39.799804, -86.202881], [39.799777, -86.202871], [39.799753, -86.202864], [39.799723, -86.202825], [39.799715, -86.202781], [39.799718, -86.20275], [39.799727, -86.202725], [39.799748, -86.202695], [39.799766, -86.202665], [39.799792, -86.202628], [39.799815, -86.202596], [39.799844, -86.202573], [39.799864, -86.202549], [39.799884, -86.202526], [39.799902, -86.202506], [39.799923, -86.202498], [39.799939, -86.202495], [39.799966, -86.202495], [39.799986, -86.202505], [39.800002, -86.202514], [39.800015, -86.20254]]}, "7": {"path": [[39.800006, -86.196796], [39.800985, -86.19793]], "green": [[39.80108, -86.197837], [39.801136, -86.197896], [39.801131, -86.197949], [39.801092, -86.198006], [39.800952, -86.198006], [39.800915, -86.198015], [39.800889, -86.198008], [39.800866, -86.197979], [39.800859, -86.197928], [39.800872, -86.197864], [39.800948, -86.197837], [39.80108, -86.197837]]}, "9": {"path": [[39.797289, -86.200808], [39.800507, -86.19884]], "green": [[39.800612, -86.198882], [39.800591, -86.198905], [39.800562, -86.198947], [39.800514, -86.198991], [39.800477, -86.198999], [39.80045, -86.198995], [39.800425, -86.198987], [39.800409, -86.198967], [39.800398, -86.19895], [39.800394, -86.198919], [39.800395, -86.198898], [39.800407, -86.198872], [39.800415, -86.198859], [39.800425, -86.198848], [39.800438, -86.198835], [39.800453, -86.198817], [39.800466, -86.1988], [39.800477, -86.198786], [39.800481, -86.198767], [39.800486, -86.198738], [39.800502, -86.198695], [39.800514, -86.198667], [39.800534, -86.198652], [39.80059, -86.19867], [39.800613, -86.198698], [39.800632, -86.198729], [39.800648, -86.198767], [39.800656, -86.198808], [39.800627, -86.198862], [39.800612, -86.198882]]}, "10": {"path": [[39.801913, -86.199401], [39.804719, -86.19958], [39.805392, -86.199442]], "green": [[39.805561, -86.199446], [39.805523, -86.19952], [39.805462, -86.199544], [39.805425, -86.199549], [39.805394, -86.19955], [39.805297, -86.199587], [39.80526, -86.199585], [39.805226, -86.199576], [39.805202, -86.199547], [39.805195, -86.19951], [39.805205, -86.19945], [39.805219, -86.199428], [39.805239, -86.199414], [39.805303, -86.199374], [39.805391, -86.199314], [39.805415, -86.19931], [39.805444, -86.199307], [39.805464, -86.199308], [39.805486, -86.199321], [39.805506, -86.199335], [39.80553, -86.199357], [39.805546, -86.199398], [39.805554, -86.199425], [39.805561, -86.199446]]}, "11": {"path": [[39.805925, -86.199818], [39.807169, -86.199856], [39.807609, -86.199633], [39.807777, -86.199506], [39.807964, -86.19896], [39.807962, -86.198384]], "green": [[39.807853, -86.198309], [39.807853, -86.198293], [39.807853, -86.19828], [39.807859, -86.198266], [39.807865, -86.198254], [39.807872, -86.198243], [39.807882, -86.198233], [39.807892, -86.198224], [39.807906, -86.19822], [39.807921, -86.198218], [39.807936, -86.198219], [39.807957, -86.198223], [39.807974, -86.198228], [39.807987, -86.198234], [39.808002, -86.19824], [39.808012, -86.198248], [39.808025, -86.198258], [39.808032, -86.198268], [39.808039, -86.198279], [39.80805, -86.198298], [39.808057, -86.198309], [39.808063, -86.198323], [39.808067, -86.198337], [39.808071, -86.198359], [39.808072, -86.19838], [39.808074, -86.198401], [39.808074, -86.198415], [39.808074, -86.19843], [39.808071, -86.198451], [39.808068, -86.198469], [39.808066, -86.198484], [39.80806, -86.198505], [39.808055, -86.198518], [39.808049, -86.198533], [39.808037, -86.198547], [39.808027, -86.198555], [39.808017, -86.198561], [39.808007, -86.198563], [39.807997, -86.198563], [39.807986, -86.198563], [39.807976, -86.198558], [39.807963, -86.19855], [39.807952, -86.198539], [39.807944, -86.19853], [39.807935, -86.198518], [39.80793, -86.198505], [39.807923, -86.198488], [39.807919, -86.198477], [39.807915, -86.198461], [39.80791, -86.198447], [39.807905, -86.198432], [39.807901, -86.198422], [39.807898, -86.19841], [39.807892, -86.198401], [39.807887, -86.19839], [39.807881, -86.198379], [39.807872, -86.198367], [39.807866, -86.198356], [39.807859, -86.198343], [39.807854, -86.198332], [39.807851, -86.198321], [39.807853, -86.198309]]}, "12": {"path": [[39.808668, -86.197903], [39.808636, -86.199106], [39.808463, -86.20017]], "green": [[39.8084, -86.200145], [39.808405, -86.200136], [39.80841, -86.200124], [39.808414, -86.200115], [39.808417, -86.200106], [39.80842, -86.200097], [39.808422, -86.200086], [39.808425, -86.200077], [39.808428, -86.200068], [39.808433, -86.200058], [39.808439, -86.200047], [39.808444, -86.200041], [39.808452, -86.200033], [39.808459, -86.200025], [39.808461, -86.20002], [39.808464, -86.200013], [39.808469, -86.200007], [39.808473, -86.200002], [39.808478, -86.199996], [39.808483, -86.199992], [39.80849, -86.199988], [39.8085, -86.199985], [39.80851, -86.199985], [39.808523, -86.199988], [39.808536, -86.199989], [39.808545, -86.199997], [39.808551, -86.200003], [39.808556, -86.200012], [39.80856, -86.200024], [39.808564, -86.200032], [39.808566, -86.200045], [39.808569, -86.200061], [39.80857, -86.200072], [39.808573, -86.200087], [39.808573, -86.200099], [39.808573, -86.200114], [39.808573, -86.200128], [39.808575, -86.20014], [39.808575, -86.200154], [39.808575, -86.200165], [39.808575, -86.200178], [39.808571, -86.200189], [39.808568, -86.200202], [39.808563, -86.200214], [39.808558, -86.200225], [39.80855, -86.200236], [39.808543, -86.200245], [39.808535, -86.200256], [39.80853, -86.200265], [39.808519, -86.20028], [39.80851, -86.200285], [39.808503, -86.200293], [39.808495, -86.200301], [39.808485, -86.200309], [39.808478, -86.200315], [39.808467, -86.200324], [39.80846, -86.200329], [39.808453, -86.200338], [39.808444, -86.200343], [39.808436, -86.20035], [39.808428, -86.200351], [39.80842, -86.200355], [39.808409, -86.200354], [39.808399, -86.200351], [39.808388, -86.20035], [39.808379, -86.200348], [39.808369, -86.200342], [39.808357, -86.200335], [39.80835, -86.200324], [39.808346, -86.200315], [39.808342, -86.200304], [39.808337, -86.200293], [39.808336, -86.20028], [39.808337, -86.200267], [39.80834, -86.200252], [39.808345, -86.200237], [39.808352, -86.200224], [39.80836, -86.200214], [39.808369, -86.200202], [39.808375, -86.200194], [39.80838, -86.200183], [39.808385, -86.200174], [39.808389, -86.200165], [39.808393, -86.200157], [39.8084, -86.200145]]}, "13": {"path": [[39.808748, -86.201691], [39.806541, -86.200957], [39.805518, -86.200402]],