{"holes": {"1": {"path": [[39.777413, -86.061914], [39.777117, -86.059891], [39.777006, -86.058017]], "green": [[39.777077, -86.057972], [39.777077, -86.058058], [39.777067, -86.058111], [39.777038, -86.058146], [39.776995, -86.058162], [39.776961, -86.058157], [39.776939, -86.058124], [39.776927, -86.058082], [39.776922, -86.057991], [39.776931, -86.057953], [39.776945, -86.057921], [39.77699, -86.057889], [39.777025, -86.057888], [39.777056, -86.057913], [39.777072, -86.057936], [39.777077, -86.057972]]}, "2": {"path": [[39.777278, -86.057812], [39.777761, -86.061702]], "green": [[39.777825, -86.061609], [39.777846, -86.061754], [39.777831, -86.061823], [39.777796, -86.061872], [39.777743, -86.061877], [39.777691, -86.06184], [39.777671, -86.061778], [39.777665, -86.061641], [39.777689, -86.061561], [39.777751, -86.061518], [39.7778, -86.061539], [39.777825, -86.061609]]}, "3": {"path": [[39.778177, -86.061298], [39.777996, -86.059227], [39.776739, -86.056384]], "green": [[39.776825, -86.056457], [39.776801, -86.056503], [39.776767, -86.056521], [39.776729, -86.056515], [39.776685, -86.056457], [39.776627, -86.05633], [39.776627, -86.056268], [39.776664, -86.056225], [39.77672, -86.056225], [39.776776, -86.056262], [39.776819, -86.056386], [39.776825, -86.056457]]}, "5": {"path": [[39.778753, -86.057871], [39.778988, -86.056667]], "green": [[39.779076, -86.056682], [39.779023, -86.056787], [39.778964, -86.056828], [39.778901, -86.056792], [39.778876, -86.056702], [39.778898, -86.056596], [39.778964, -86.056515], [39.779026, -86.056515], [39.779076, -86.056572], [39.779076, -86.056682]]}, "6": {"path": [[39.779543, -86.055982], [39.779017, -86.058091], [39.778741, -86.062153]], "green": [[39.778703, -86.062299], [39.778722, -86.062319], [39.778755, -86.06233], [39.778789, -86.062323], [39.778819, -86.062293], [39.778834, -86.062262], [39.778843, -86.062176], [39.778841, -86.062065], [39.778826, -86.06202], [39.778794, -86.061974], [39.778757, -86.061953], [39.778718, -86.061949], [39.778682, -86.061971], [39.778661, -86.062015], [39.778645, -86.062068], [39.778643, -86.062114], [39.778657, -86.062209], [39.778681, -86.062267], [39.778703, -86.062299]]}, "7": {"path": [[39.778357, -86.061684], [39.778835, -86.06353]], "green": [[39.778782, -86.06341], [39.778808, -86.063395], [39.77885, -86.063394], [39.778877, -86.063422], [39.778903, -86.063485], [39.778924, -86.063599], [39.778913, -86.063656], [39.778902, -86.063677], [39.778883, -86.063684], [39.778843, -86.063682], [39.778789, -86.063634], [39.778757, -86.063562], [39.778745, -86.063496], [39.778761, -86.063438], [39.778782, -86.06341]]}, "8": {"path": [[39.778752, -86.063897], [39.777256, -86.063624], [39.776343, -86.063863]], "green": [[39.776463, -86.063905], [39.776426, -86.063956], [39.776376, -86.063977], [39.776261, -86.063988], [39.776203, -86.063934], [39.776182, -86.063859], [39.776209, -86.063789], [39.776269, -86.063741], [39.776362, -86.063731], [39.77643, -86.063755], [39.776469, -86.063811], [39.776463, -86.063905]]}, "10": {"path": [[39.777124, -86.062058], [39.774936, -86.061033]], "green": [[39.775007, -86.061129], [39.775051, -86.061043], [39.775048, -86.060998], [39.775009, -86.060935], [39.774947, -86.06089], [39.774903, -86.060879], [39.774873, -86.060881], [39.774859, -86.060907], [39.774842, -86.060964], [39.774846, -86.061035], [39.774872, -86.061103], [39.774887, -86.061137], [39.774913, -86.061167], [39.774941, -86.061175], [39.774977, -86.061164], [39.775007, -86.061129]]}, "11": {"path": [[39.775055, -86.060627], [39.775543, -86.059941]], "green": [[39.775586, -86.060012], [39.775562, -86.060063], [39.775524, -86.060091], [39.775475, -86.060078], [39.775447, -86.060038], [39.775449, -86.059984], [39.775489, -86.059843], [39.775523, -86.059789], [39.775571, -86.059775], [39.77561, -86.05979], [39.775625, -86.059832], [39.775613, -86.059924], [39.775586, -86.060012]]}, "13": {"path": [[39.775993, -86.055228], [39.777014, -86.055495]], "green": [[39.777103, -86.055536], [39.777081, -86.055608], [39.777054, -86.05564], [39.777034, -86.055641], [39.777013, -86.055635], [39.77698, -86.055606], [39.776959, -86.055571], [39.776941, -86.055532], [39.776926, -86.055485], [39.776924, -86.055442], [39.776925, -86.055413], [39.776941, -86.055394], [39.776959, -86.055378], [39.77698, -86.055364], [39.777031, -86.055364], [39.777056, -86.055386], [39.777076, -86.05541], [39.777097, -86.055464], [39.777107, -86.055494], [39.777103, -86.055536]]}, "14": {"path": [[39.777206, -86.054836], [39.778456, -86.055148], [39.780353, -86.05514]], "green": [[39.780451, -86.055176], [39.780419, -86.055246], [39.780381, -86.055281], [39.780332, -86.055287], [39.780274, -86.055266], [39.780251, -86.055236], [39.780238, -86.055166], [39.780242, -86.055095], [39.78028, -86.055018], [39.780342, -86.054964], [39.780402, -86.054978], [39.780429, -86.055002], [39.780457, -86.05507], [39.780451, -86.055176]]}, "15": {"path": [[39.780351, -86.055729], [39.780331, -86.057292], [39.780455, -86.059188]], "green": [[39.780374, -86.059137], [39.78039, -86.059185], [39.780404, -86.059264], [39.780416, -86.059333], [39.780442, -86.059352], [39.78048, -86.059358], [39.780504, -86.059347], [39.780513, -86.059325], [39.78051, -86.059296], [39.780507, -86.059261], [39.780515, -86.059223], [39.780524, -86.059179], [39.780521, -86.05911], [39.780513, -86.059077], [39.780495, -86.059049], [39.780468, -86.059034], [39.780439, -86.059033], [39.780405, -86.059056], [39.780387, -86.059077], [39.780376, -86.059114], [39.780374, -86.059137]]}, "16": {"path": [[39.779706, -86.059427], [39.779676, -86.057508], [39.78001, -86.055952]], "green": [[39.780075, -86.055989], [39.780053, -86.056078], [39.780028, -86.056108], [39.779981, -86.056127], [39.779936, -86.056117], [39.77991, -86.056087], [39.779906, -86.055993], [39.779927, -86.055877], [39.779962, -86.055802], [39.780003, -86.055774], [39.780046, -86.055776], [39.780071, -86.055795], [39.780091, -86.055851], [39.780085, -86.055919], [39.780075, -86.055989]]}, "17": {"path": [[39.779686, -86.055745], [39.77868, -86.056011], [39.777194, -86.056049]], "green": [[39.777211, -86.056134], [39.777254, -86.056125], [39.777283, -86.056101], [39.7773, -86.056066], [39.777301, -86.056027], [39.77729, -86.055976], [39.777252, -86.055943], [39.777214, -86.055935], [39.777159, -86.055941], [39.777115, -86.055976], [39.777088, -86.056019], [39.777081, -86.056055], [39.777084, -86.056089], [39.777108, -86.056122], [39.777146, -86.056137], [39.777211, -86.056134]]}, "18": {"path": [[39.776451, -86.056016], [39.77635, -86.058553], [39.776483, -86.061261]], "green": [[39.776565, -86.061238], [39.776566, -86.061274], [39.776559, -86.061309], [39.776549, -86.061338], [39.776534, -86.061364], [39.77651, -86.06138], [39.776482, -86.061378], [39.776443, -86.06136], [39.776407, -86.061333], [39.776379, -86.061268], [39.776371, -86.061228], [39.77637, -86.06118], [39.776399, -86.06112], [39.776453, -86.0611], [39.776519, -86.061138], [39.776548, -86.061185], [39.776565, -86.061238]]}}}