{"holes": {"1": {"path": [[42.531406, -71.597583], [42.529283, -71.597584], [42.528117, -71.597916]], "green": [[42.52817, -71.597985], [42.528156, -71.597983], [42.528143, -71.597984], [42.528118, -71.597988], [42.528091, -71.597993], [42.52807, -71.598002], [42.528049, -71.598004], [42.528031, -71.598002], [42.528013, -71.597988], [42.527995, -71.597967], [42.527986, -71.597943], [42.527982, -71.597924], [42.527979, -71.597907], [42.527978, -71.597896], [42.527981, -71.59788], [42.527983, -71.597872], [42.527993, -71.597851], [42.528002, -71.597842], [42.52801, -71.597838], [42.528036, -71.597825], [42.528067, -71.597811], [42.5281, -71.597801], [42.528143, -71.597798], [42.528176, -71.597806], [42.528199, -71.597818], [42.528219, -71.597836], [42.528237, -71.597851], [42.528249, -71.597867], [42.528264, -71.597887], [42.528269, -71.597909], [42.528273, -71.597935], [42.528267, -71.597962], [42.528258, -71.597984], [42.528242, -71.597996], [42.528223, -71.597999], [42.528199, -71.597987], [42.52817, -71.597985]]}, "2": {"path": [[42.527452, -71.598098], [42.525314, -71.598356], [42.524298, -71.599826], [42.523888, -71.600902]], "green": [[42.523947, -71.601007], [42.523973, -71.600965], [42.523986, -71.600937], [42.524002, -71.600903], [42.524008, -71.600861], [42.524011, -71.600816], [42.524004, -71.600779], [42.523996, -71.600756], [42.523983, -71.600738], [42.52397, -71.600726], [42.52395, -71.600715], [42.523935, -71.600713], [42.523917, -71.600718], [42.523895, -71.600727], [42.523879, -71.600745], [42.523856, -71.600784], [42.523843, -71.600809], [42.523827, -71.600839], [42.523811, -71.60087], [42.523801, -71.600891], [42.52379, -71.60092], [42.523778, -71.600954], [42.523776, -71.600968], [42.523775, -71.600987], [42.523778, -71.601004], [42.523781, -71.601014], [42.52379, -71.601033], [42.523804, -71.60105], [42.52382, -71.60106], [42.52384, -71.601065], [42.523869, -71.601067], [42.523889, -71.601061], [42.523908, -71.601053], [42.52393, -71.601033], [42.523947, -71.601007]]}, "3": {"path": [[42.524123, -71.601654], [42.52513, -71.603185]], "green": [[42.524958, -71.603087], [42.524982, -71.603066], [42.525, -71.603063], [42.525021, -71.603071], [42.525044, -71.603081], [42.52507, -71.603092], [42.525095, -71.603097], [42.525116, -71.603104], [42.525145, -71.603106], [42.525174, -71.603105], [42.525192, -71.603101], [42.525213, -71.603098], [42.52524, -71.603101], [42.52526, -71.603112], [42.525271, -71.603125], [42.525282, -71.603151], [42.525293, -71.603184], [42.525293, -71.603215], [42.52529, -71.603247], [42.525285, -71.603261], [42.525281, -71.603281], [42.525272, -71.603297], [42.525263, -71.60331], [42.525254, -71.603319], [42.525245, -71.603322], [42.525228, -71.603321], [42.525207, -71.603314], [42.525184, -71.603305], [42.525161, -71.603292], [42.525124, -71.603277], [42.525088, -71.603261], [42.525065, -71.603255], [42.525032, -71.603245], [42.525008, -71.603234], [42.524984, -71.60322], [42.524961, -71.603201], [42.524947, -71.603189], [42.524939, -71.603161], [42.52494, -71.603127], [42.524951, -71.603101], [42.524958, -71.603087]]}, "4": {"path": [[42.525377, -71.603919], [42.526927, -71.601927], [42.52839, -71.601742], [42.528969, -71.60149]], "green": [[42.529085, -71.601443], [42.529083, -71.601414], [42.529075, -71.601383], [42.529059, -71.60136], [42.529041, -71.60134], [42.529012, -71.601318], [42.528989, -71.601312], [42.528968, -71.601315], [42.52894, -71.601328], [42.528902, -71.601348], [42.528879, -71.601367], [42.528862, -71.60139], [42.52885, -71.601416], [42.528846, -71.601438], [42.528847, -71.601474], [42.528859, -71.601535], [42.528874, -71.601618], [42.528884, -71.601647], [42.528894, -71.601661], [42.528906, -71.60168], [42.528926, -71.601695], [42.52895, -71.601695], [42.528972, -71.601681], [42.528997, -71.601663], [42.529023, -71.601628], [42.529049, -71.601588], [42.529066, -71.601542], [42.529077, -71.601502], [42.529083, -71.601473], [42.529085, -71.601443]]}, "5": {"path": [[42.528578, -71.602424], [42.528543, -71.604392]], "green": [[42.528575, -71.604517], [42.528595, -71.604447], [42.528607, -71.604405], [42.52863, -71.604309], [42.528634, -71.604283], [42.528634, -71.604262], [42.528627, -71.60423], [42.528616, -71.604211], [42.528604, -71.604196], [42.528587, -71.604185], [42.528555, -71.604189], [42.52853, -71.604207], [42.528515, -71.604224], [42.528486, -71.604282], [42.528462, -71.60435], [42.528443, -71.604409], [42.528435, -71.604435], [42.528436, -71.604487], [42.528443, -71.604521], [42.528459, -71.604555], [42.528489, -71.604575], [42.52851, -71.60458], [42.528531, -71.604576], [42.528551, -71.604562], [42.528565, -71.604542], [42.52857, -71.60453], [42.528575, -71.604517]]}, "6": {"path": [[42.529285, -71.604043], [42.529888, -71.600325]], "green": [[42.529978, -71.600421], [42.529989, -71.600394], [42.529998, -71.600366], [42.530003, -71.600337], [42.530003, -71.600305], [42.529998, -71.600278], [42.52999, -71.600249], [42.52998, -71.600227], [42.529963, -71.600198], [42.529939, -71.600163], [42.529919, -71.600133], [42.529892, -71.600103], [42.529854, -71.600092], [42.529819, -71.600116], [42.529807, -71.600135], [42.529793, -71.60018], [42.529782, -71.600232], [42.529771, -71.600279], [42.52977, -71.600317], [42.52977, -71.60036], [42.529777, -71.600405], [42.529781, -71.600421], [42.529787, -71.600445], [42.529808, -71.600467], [42.529835, -71.600487], [42.529853, -71.600494], [42.529856, -71.600493], [42.529882, -71.600493], [42.529917, -71.600482], [42.529947, -71.600465], [42.529965, -71.600444], [42.529978, -71.600421]]}, "7": {"path": [[42.529043, -71.600507], [42.525245, -71.601046]], "green": [[42.525351, -71.60105], [42.525365, -71.601011], [42.525365, -71.600985], [42.525357, -71.600959], [42.525345, -71.600933], [42.525333, -71.600921], [42.525311, -71.60091], [42.525284, -71.600905], [42.52525, -71.600902], [42.525218, -71.600913], [42.525182, -71.600928], [42.525154, -71.600955], [42.525133, -71.600984], [42.52513, -71.600988], [42.525115, -71.601029], [42.525097, -71.601084], [42.525092, -71.601124], [42.525092, -71.601146], [42.525111, -71.601175], [42.525145, -71.601201], [42.525191, -71.601222], [42.525227, -71.601223], [42.525275, -71.601198], [42.525298, -71.601169], [42.525315, -71.601137], [42.525332, -71.601095], [42.525338, -71.601081], [42.525344, -71.601066], [42.525351, -71.60105]]}, "8": {"path": [[42.525334, -71.599053], [42.527281, -71.599034], [42.52788, -71.598525]], "green": [[42.527723, -71.598546], [42.527721, -71.598526], [42.527726, -71.598506], [42.527735, -71.598487], [42.527743, -71.598471], [42.527753, -71.598459], [42.527769, -71.598449], [42.527787, -71.598443], [42.527801, -71.598439], [42.52782, -71.598437], [42.527836, -71.598437], [42.527862, -71.598438], [42.527901, -71.598449], [42.527926, -71.598455], [42.527944, -71.598453], [42.527966, -71.598448], [42.527984, -71.598446], [42.528004, -71.598448], [42.528016, -71.59845], [42.528031, -71.598454], [42.528047, -71.598466], [42.528055, -71.598488], [42.528058, -71.598512], [42.528057, -71.598534], [42.528049, -71.598555], [42.528042, -71.598567], [42.528035, -71.598575], [42.528023, -71.598586], [42.528005, -71.598592], [42.527987, -71.598592], [42.527969, -71.598592], [42.527937, -71.598588], [42.527908, -71.598585], [42.52787, -71.598585], [42.527854, -71.59859], [42.527836, -71.598592], [42.527815, -71.598604], [42.527796, -71.59862], [42.527783, -71.598626], [42.527766, -71.598625], [42.527754, -71.598617], [42.527743, -71.598607], [42.527733, -71.598594], [42.527725, -71.598568], [42.527723, -71.598546]]}, "9": {"path": [[42.527883, -71.599231], [42.530138, -71.598471], [42.531084, -71.598359]],