{"holes": {"1": {"path": [[42.68007, -72.52322], [42.681902, -72.521745], [42.682262, -72.520341]], "green": [[42.682173, -72.520426], [42.682189, -72.520443], [42.682207, -72.520464], [42.682227, -72.520482], [42.682244, -72.520492], [42.682258, -72.520492], [42.68228, -72.520483], [42.682309, -72.520463], [42.68233, -72.520446], [42.682343, -72.520433], [42.682352, -72.520409], [42.682359, -72.520367], [42.682366, -72.520315], [42.68237, -72.520278], [42.682369, -72.520247], [42.682362, -72.520224], [42.682352, -72.520205], [42.682337, -72.52019], [42.682322, -72.520183], [42.682303, -72.520185], [42.682281, -72.520197], [42.682271, -72.520205], [42.682258, -72.520235], [42.682246, -72.520254], [42.682231, -72.520273], [42.682213, -72.520288], [42.682196, -72.520307], [42.682182, -72.520321], [42.682167, -72.520337], [42.68216, -72.520352], [42.682156, -72.52037], [42.682157, -72.52039], [42.682162, -72.52041], [42.682173, -72.520426]]}, "2": {"path": [[42.682455, -72.521964], [42.684626, -72.521825], [42.685197, -72.522091]], "green": [[42.685334, -72.522092], [42.68532, -72.522106], [42.685302, -72.52212], [42.685286, -72.522128], [42.685271, -72.522134], [42.685257, -72.52214], [42.685249, -72.522143], [42.685238, -72.522154], [42.685222, -72.522176], [42.685209, -72.522194], [42.685192, -72.522209], [42.685176, -72.522214], [42.685164, -72.522209], [42.685148, -72.522202], [42.685133, -72.522195], [42.685119, -72.522196], [42.685098, -72.522199], [42.685079, -72.522202], [42.685065, -72.522203], [42.685048, -72.522199], [42.68504, -72.522192], [42.685032, -72.522181], [42.685022, -72.522162], [42.685018, -72.52214], [42.685021, -72.522113], [42.68503, -72.522096], [42.685052, -72.52208], [42.685074, -72.522071], [42.685095, -72.522076], [42.685115, -72.522072], [42.685128, -72.52207], [42.685141, -72.522064], [42.685159, -72.522055], [42.685172, -72.522044], [42.685188, -72.522027], [42.685199, -72.52201], [42.685213, -72.521984], [42.68522, -72.521971], [42.685235, -72.521957], [42.685247, -72.521946], [42.685264, -72.521942], [42.685281, -72.52194], [42.685299, -72.521941], [42.685319, -72.521949], [42.685333, -72.521963], [42.685346, -72.521981], [42.685353, -72.521998], [42.685358, -72.522022], [42.685359, -72.522046], [42.685355, -72.522064], [42.685344, -72.522081], [42.685334, -72.522092]]}, "3": {"path": [[42.686135, -72.523102], [42.687366, -72.524384]], "green": [[42.687265, -72.524303], [42.687246, -72.524275], [42.687244, -72.524219], [42.687253, -72.524201], [42.687268, -72.524192], [42.687291, -72.524193], [42.687319, -72.524212], [42.687349, -72.524242], [42.687372, -72.524268], [42.687399, -72.524286], [42.68743, -72.524286], [42.687469, -72.524286], [42.6875, -72.524304], [42.687528, -72.524339], [42.687539, -72.524389], [42.687537, -72.524439], [42.68752, -72.524474], [42.687493, -72.524504], [42.687467, -72.524515], [42.687448, -72.524514], [42.687431, -72.524521], [42.687413, -72.524543], [42.687397, -72.524564], [42.687373, -72.524575], [42.687351, -72.524573], [42.687327, -72.524559], [42.687308, -72.524533], [42.687299, -72.524514], [42.687296, -72.524477], [42.687303, -72.524437], [42.687309, -72.524411], [42.687309, -72.524382], [42.687298, -72.524346], [42.687287, -72.52432], [42.687277, -72.524311], [42.687265, -72.524303]]}, "4": {"path": [[42.687211, -72.524824], [42.685683, -72.52358], [42.684392, -72.523983]], "green": [[42.684396, -72.524107], [42.684381, -72.524115], [42.684365, -72.524122], [42.684352, -72.524121], [42.684339, -72.524117], [42.684328, -72.52411], [42.684317, -72.524099], [42.68431, -72.524084], [42.684301, -72.52406], [42.684299, -72.524042], [42.684299, -72.524025], [42.684295, -72.524005], [42.684288, -72.523991], [42.684285, -72.523978], [42.684281, -72.523961], [42.684281, -72.523943], [42.684284, -72.523925], [42.68429, -72.523911], [42.684297, -72.523901], [42.684309, -72.523884], [42.684321, -72.523879], [42.684339, -72.523876], [42.684351, -72.523875], [42.684366, -72.52388], [42.684374, -72.523883], [42.684388, -72.523889], [42.684405, -72.523894], [42.684421, -72.523896], [42.684455, -72.52389], [42.684474, -72.523887], [42.6845, -72.523894], [42.68451, -72.5239], [42.684518, -72.523913], [42.684525, -72.523923], [42.684525, -72.523938], [42.684525, -72.52395], [42.684519, -72.523965], [42.684512, -72.52398], [42.684499, -72.52399], [42.684494, -72.523992], [42.68448, -72.524], [42.684466, -72.524006], [42.684452, -72.524015], [42.684441, -72.524034], [42.684431, -72.524056], [42.684424, -72.524075], [42.68441, -72.524093], [42.684396, -72.524107]]}, "5": {"path": [[42.683831, -72.524308], [42.68537, -72.5265], [42.685262, -72.529164]], "green": [[42.685349, -72.529091], [42.685339, -72.529076], [42.685333, -72.529067], [42.685325, -72.529053], [42.685317, -72.529038], [42.685306, -72.529029], [42.685292, -72.529031], [42.685281, -72.529036], [42.685273, -72.529044], [42.685266, -72.529047], [42.685256, -72.52905], [42.685238, -72.529047], [42.685221, -72.529043], [42.685202, -72.529041], [42.685185, -72.529036], [42.685166, -72.529036], [42.685148, -72.529038], [42.685127, -72.529045], [42.685109, -72.529062], [42.685098, -72.529098], [42.685093, -72.52913], [42.685098, -72.529154], [42.685112, -72.529176], [42.68513, -72.529203], [42.685144, -72.52922], [42.685158, -72.529234], [42.685171, -72.529259], [42.685184, -72.529283], [42.685196, -72.529302], [42.685214, -72.529319], [42.685232, -72.529326], [42.685257, -72.529323], [42.68528, -72.529318], [42.685295, -72.529308], [42.685311, -72.529309], [42.685328, -72.529315], [42.685343, -72.52932], [42.685361, -72.52932], [42.685378, -72.529312], [42.685391, -72.529298], [42.6854, -72.529276], [42.685405, -72.529246], [42.685403, -72.529216], [42.685397, -72.529192], [42.685386, -72.52916], [42.685372, -72.529129], [42.685361, -72.529109], [42.685349, -72.529091]]}, "6": {"path": [[42.684907, -72.529486], [42.684252, -72.526216], [42.683612, -72.524992]], "green": [[42.683677, -72.525051], [42.683674, -72.525069], [42.68367, -72.525102], [42.683669, -72.525126], [42.683653, -72.525136], [42.683644, -72.525159], [42.683634, -72.525159], [42.683621, -72.525163], [42.683608, -72.525171], [42.683599, -72.525182], [42.683579, -72.525186], [42.683563, -72.525173], [42.683556, -72.525158], [42.683543, -72.52514], [42.683533, -72.525115], [42.683524, -72.525092], [42.683521, -72.525063], [42.683523, -72.525044], [42.683519, -72.525015], [42.683509, -72.524989], [42.683501, -72.524958], [42.683499, -72.52493], [42.683497, -72.524902], [42.683505, -72.524879], [42.683514, -72.524857], [42.68353, -72.524845], [42.68355, -72.524841], [42.683568, -72.52484], [42.683588, -72.52484], [42.683603, -72.524833], [42.68362, -72.524824], [42.683636, -72.524817], [42.683656, -72.524815], [42.683676, -72.524823], [42.683692, -72.524833], [42.683707, -72.524855], [42.683714, -72.524883], [42.683718, -72.524906], [42.683715, -72.524932], [42.68371, -72.524945], [42.683701, -72.524956], [42.683692, -72.524973], [42.683686, -72.524988], [42.683682, -72.525003], [42.683679, -72.525025], [42.683677, -72.525051]]}, "7": {"path": [[42.683044, -72.524499], [42.683257, -72.527643], [42.682898, -72.528328]],