{"holes": {"1": {"path": [[42.272321, -71.215246], [42.273383, -71.217821], [42.274799, -71.219578]], "green": [[42.274941, -71.219608], [42.274935, -71.219629], [42.274922, -71.219652], [42.274911, -71.219664], [42.274888, -71.219687], [42.274865, -71.219701], [42.274838, -71.219711], [42.274813, -71.219712], [42.274789, -71.21971], [42.274751, -71.219706], [42.274725, -71.219697], [42.274703, -71.219684], [42.274685, -71.219665], [42.274667, -71.21963], [42.274651, -71.219592], [42.274646, -71.219565], [42.274644, -71.219529], [42.274649, -71.219502], [42.274659, -71.219475], [42.274672, -71.219459], [42.274687, -71.219448], [42.274705, -71.219443], [42.274736, -71.219446], [42.274765, -71.21946], [42.274786, -71.219474], [42.274815, -71.219487], [42.274847, -71.219492], [42.274879, -71.219499], [42.274907, -71.219511], [42.274923, -71.219523], [42.274935, -71.219545], [42.274941, -71.219565], [42.274944, -71.219583], [42.274941, -71.219608]]}, "2": {"path": [[42.275052, -71.219108], [42.273825, -71.217429]], "green": [[42.273937, -71.2175], [42.273927, -71.217534], [42.273913, -71.217554], [42.273899, -71.217567], [42.273886, -71.217573], [42.273872, -71.217575], [42.27385, -71.217571], [42.273799, -71.217558], [42.273763, -71.217548], [42.273746, -71.217534], [42.273733, -71.217516], [42.273726, -71.217493], [42.273719, -71.217453], [42.273715, -71.217386], [42.273718, -71.217351], [42.273724, -71.217323], [42.273731, -71.217298], [42.273742, -71.217283], [42.273756, -71.217274], [42.27377, -71.217269], [42.273792, -71.217267], [42.273812, -71.21727], [42.273843, -71.217289], [42.273888, -71.217328], [42.273917, -71.217368], [42.27393, -71.2174], [42.273937, -71.217424], [42.273937, -71.217444], [42.273937, -71.2175]]}, "3": {"path": [[42.273842, -71.217123], [42.27272, -71.215085], [42.272456, -71.214453]], "green": [[42.272541, -71.214355], [42.272562, -71.214429], [42.272569, -71.21446], [42.272571, -71.214494], [42.27257, -71.214526], [42.272563, -71.21455], [42.272552, -71.21457], [42.272535, -71.214593], [42.272512, -71.214612], [42.272484, -71.21463], [42.272461, -71.214636], [42.272441, -71.214638], [42.272418, -71.214635], [42.272399, -71.214631], [42.27238, -71.214619], [42.272363, -71.214601], [42.272349, -71.214571], [42.272338, -71.21453], [42.272335, -71.214499], [42.272338, -71.214465], [42.272346, -71.214428], [42.272364, -71.214357], [42.272374, -71.21433], [42.272384, -71.214309], [42.272397, -71.214293], [42.272414, -71.214282], [42.272431, -71.214277], [42.272448, -71.214273], [42.27248, -71.214269], [42.272497, -71.214275], [42.272514, -71.214289], [42.272521, -71.214298], [42.272528, -71.214312], [42.272541, -71.214355]]}, "4": {"path": [[42.273204, -71.213024], [42.27412, -71.216986]], "green": [[42.274187, -71.217086], [42.27421, -71.217059], [42.274217, -71.217043], [42.274221, -71.217016], [42.27422, -71.216986], [42.274213, -71.216957], [42.2742, -71.216923], [42.274182, -71.216888], [42.274165, -71.216864], [42.274144, -71.216845], [42.27413, -71.216838], [42.274114, -71.216836], [42.274094, -71.216844], [42.274076, -71.216857], [42.274057, -71.21688], [42.274043, -71.216909], [42.274032, -71.21694], [42.274022, -71.216972], [42.274017, -71.217001], [42.274018, -71.217021], [42.274025, -71.21704], [42.274036, -71.217059], [42.274059, -71.217088], [42.274076, -71.217102], [42.274104, -71.217116], [42.274127, -71.217117], [42.274148, -71.21711], [42.274168, -71.2171], [42.274187, -71.217086]]}, "5": {"path": [[42.274402, -71.217582], [42.274284, -71.214618], [42.274056, -71.213702]], "green": [[42.274166, -71.213783], [42.274168, -71.21375], [42.274163, -71.213719], [42.27415, -71.213681], [42.274121, -71.213612], [42.274097, -71.213574], [42.274073, -71.213546], [42.274047, -71.213515], [42.27403, -71.213502], [42.274013, -71.213494], [42.27399, -71.213498], [42.273974, -71.213508], [42.273959, -71.213531], [42.273954, -71.213551], [42.273952, -71.213575], [42.273953, -71.213604], [42.273962, -71.213636], [42.273985, -71.213705], [42.273992, -71.213732], [42.273992, -71.213753], [42.273994, -71.213779], [42.273996, -71.213804], [42.274006, -71.213836], [42.274023, -71.213858], [42.274037, -71.213868], [42.27406, -71.213876], [42.274089, -71.213876], [42.274121, -71.21387], [42.274138, -71.213856], [42.27415, -71.213842], [42.274158, -71.213827], [42.274163, -71.213811], [42.274166, -71.213783]]}, "6": {"path": [[42.274563, -71.21371], [42.274997, -71.215863], [42.274891, -71.217949]], "green": [[42.275017, -71.217947], [42.27499, -71.217908], [42.274967, -71.217881], [42.274948, -71.217854], [42.274936, -71.217829], [42.274922, -71.217814], [42.274908, -71.217811], [42.274853, -71.217813], [42.274844, -71.217821], [42.274839, -71.217829], [42.274831, -71.217874], [42.274818, -71.217908], [42.274804, -71.217936], [42.27479, -71.217952], [42.274777, -71.217966], [42.274765, -71.217984], [42.27476, -71.218011], [42.274761, -71.218026], [42.274771, -71.218045], [42.274782, -71.218062], [42.274794, -71.218066], [42.274814, -71.218067], [42.274965, -71.218057], [42.274979, -71.218051], [42.274999, -71.218035], [42.275009, -71.218018], [42.275017, -71.217996], [42.27502, -71.217983], [42.275022, -71.217969], [42.275017, -71.217947]]}, "9": {"path": [[42.274741, -71.220237], [42.273006, -71.218534], [42.272188, -71.216823], [42.271943, -71.215762]], "green": [[42.272023, -71.215779], [42.272012, -71.215698], [42.272007, -71.215676], [42.271999, -71.215656], [42.27199, -71.215639], [42.271979, -71.215626], [42.271971, -71.215617], [42.27196, -71.21561], [42.271948, -71.215606], [42.271928, -71.2156], [42.271917, -71.215599], [42.271906, -71.215603], [42.271893, -71.215609], [42.271878, -71.21562], [42.271868, -71.215632], [42.271861, -71.215644], [42.271858, -71.215663], [42.271857, -71.215677], [42.271858, -71.21574], [42.271862, -71.215778], [42.271867, -71.215827], [42.271871, -71.215846], [42.271878, -71.215861], [42.271887, -71.215877], [42.271899, -71.215896], [42.271909, -71.215906], [42.271917, -71.215911], [42.27193, -71.215917], [42.271945, -71.215919], [42.271958, -71.215918], [42.271966, -71.215916], [42.271987, -71.215905], [42.272, -71.215894], [42.27201, -71.215876], [42.272016, -71.215863], [42.272021, -71.215847], [42.272023, -71.215828], [42.272024, -71.215814], [42.272025, -71.215807], [42.272023, -71.215779]]}}}