{"holes": {"1": {"path": [[42.684493, -71.293871], [42.685839, -71.296111], [42.686614, -71.296558]], "green": [[42.68668, -71.296707], [42.686691, -71.296674], [42.686699, -71.296625], [42.686698, -71.296578], [42.6867, -71.296527], [42.686702, -71.296469], [42.686693, -71.296429], [42.686676, -71.296388], [42.686644, -71.296352], [42.686619, -71.296337], [42.686591, -71.296329], [42.686548, -71.29634], [42.686523, -71.296366], [42.686508, -71.29641], [42.686508, -71.296456], [42.68651, -71.296494], [42.68653, -71.296551], [42.686546, -71.296593], [42.686553, -71.296633], [42.686563, -71.296678], [42.686576, -71.29672], [42.68659, -71.29674], [42.686608, -71.29675], [42.686629, -71.296753], [42.686652, -71.296743], [42.686672, -71.296725], [42.68668, -71.296707]]}, "2": {"path": [[42.686557, -71.297268], [42.684607, -71.296245], [42.682776, -71.295628]], "green": [[42.682668, -71.295684], [42.682667, -71.295665], [42.682667, -71.29564], [42.68267, -71.295613], [42.68268, -71.295586], [42.682692, -71.295565], [42.682709, -71.29555], [42.682727, -71.295534], [42.682739, -71.295521], [42.68275, -71.295515], [42.682764, -71.295504], [42.682785, -71.295499], [42.682801, -71.295494], [42.682819, -71.295491], [42.682834, -71.295492], [42.682849, -71.295501], [42.682868, -71.295513], [42.682882, -71.295529], [42.682892, -71.295551], [42.682896, -71.295571], [42.682901, -71.295598], [42.682901, -71.295626], [42.682893, -71.295651], [42.682876, -71.295687], [42.682863, -71.295703], [42.682848, -71.295724], [42.682832, -71.295737], [42.682815, -71.295747], [42.682799, -71.295755], [42.68278, -71.29576], [42.682754, -71.295762], [42.682737, -71.29576], [42.682719, -71.295753], [42.682703, -71.295742], [42.682692, -71.295727], [42.682682, -71.295714], [42.682674, -71.295697], [42.682668, -71.295684]]}, "3": {"path": [[42.682165, -71.295821], [42.683918, -71.297038], [42.684584, -71.297917]], "green": [[42.684656, -71.298017], [42.684664, -71.298005], [42.684674, -71.297988], [42.684679, -71.297971], [42.684682, -71.29795], [42.68468, -71.297926], [42.684676, -71.297913], [42.684673, -71.297903], [42.684668, -71.29789], [42.684658, -71.29788], [42.684652, -71.29787], [42.684644, -71.297863], [42.684637, -71.297856], [42.684628, -71.29785], [42.684606, -71.297836], [42.684582, -71.29782], [42.68455, -71.297801], [42.684537, -71.297795], [42.684525, -71.297796], [42.684512, -71.297796], [42.684501, -71.297802], [42.684492, -71.297809], [42.684486, -71.297819], [42.684479, -71.297838], [42.684474, -71.297857], [42.684474, -71.297871], [42.684475, -71.29789], [42.684477, -71.297903], [42.684478, -71.297916], [42.684486, -71.297936], [42.684497, -71.297948], [42.68456, -71.298037], [42.684567, -71.298047], [42.68458, -71.298053], [42.684594, -71.298053], [42.684606, -71.298051], [42.684625, -71.298047], [42.684634, -71.298039], [42.684648, -71.298026], [42.684656, -71.298017]]}, "4": {"path": [[42.684934, -71.298133], [42.686016, -71.298586]], "green": [[42.685928, -71.298779], [42.685937, -71.298781], [42.685949, -71.29878], [42.685962, -71.298776], [42.685967, -71.29877], [42.685973, -71.298761], [42.685976, -71.298751], [42.685981, -71.298733], [42.685985, -71.298718], [42.685994, -71.298705], [42.686001, -71.298697], [42.686009, -71.298686], [42.686016, -71.29868], [42.686023, -71.298669], [42.686033, -71.298651], [42.686045, -71.298643], [42.686052, -71.298634], [42.686065, -71.298631], [42.686074, -71.298626], [42.686084, -71.298617], [42.686099, -71.298605], [42.686112, -71.298597], [42.686122, -71.298582], [42.686135, -71.298564], [42.686145, -71.298548], [42.686156, -71.29853], [42.68616, -71.298511], [42.686168, -71.298491], [42.686172, -71.298463], [42.686174, -71.298446], [42.686173, -71.298422], [42.686171, -71.298401], [42.686167, -71.298383], [42.686158, -71.29836], [42.686153, -71.298348], [42.686141, -71.298337], [42.686126, -71.298328], [42.686114, -71.298329], [42.686098, -71.298334], [42.686085, -71.298336], [42.686074, -71.298347], [42.686058, -71.298371], [42.686051, -71.298374], [42.686047, -71.298386], [42.686002, -71.298466], [42.685994, -71.298471], [42.685985, -71.298479], [42.685935, -71.298543], [42.685928, -71.298554], [42.685895, -71.298593], [42.685892, -71.298599], [42.685887, -71.298608], [42.685882, -71.298618], [42.685879, -71.298627], [42.685875, -71.298643], [42.685875, -71.298654], [42.685876, -71.298672], [42.685875, -71.298685], [42.685875, -71.2987], [42.685877, -71.298715], [42.685882, -71.298729], [42.685888, -71.298748], [42.685893, -71.298756], [42.685905, -71.298768], [42.685917, -71.298778], [42.685928, -71.298779]]}, "5": {"path": [[42.685935, -71.29933], [42.684448, -71.298499], [42.682093, -71.29768]], "green": [[42.682092, -71.297804], [42.682075, -71.297812], [42.682057, -71.297815], [42.682041, -71.297813], [42.682023, -71.297807], [42.682008, -71.297794], [42.681997, -71.297775], [42.681989, -71.297754], [42.681982, -71.297726], [42.681979, -71.297705], [42.681977, -71.297671], [42.681981, -71.297642], [42.681986, -71.297622], [42.681999, -71.297607], [42.682019, -71.297593], [42.682042, -71.29758], [42.682069, -71.29756], [42.682085, -71.297553], [42.682107, -71.297545], [42.682127, -71.29754], [42.682148, -71.297541], [42.682161, -71.297547], [42.682167, -71.297559], [42.682176, -71.297578], [42.682181, -71.297587], [42.682184, -71.297608], [42.682184, -71.297629], [42.682182, -71.297649], [42.682181, -71.297673], [42.682181, -71.29769], [42.682176, -71.297711], [42.68217, -71.297725], [42.682167, -71.297735], [42.682164, -71.297745], [42.682146, -71.297767], [42.682131, -71.29778], [42.682112, -71.297795], [42.682092, -71.297804]]}, "6": {"path": [[42.681885, -71.296198], [42.680107, -71.295049], [42.679363, -71.294132]], "green": [[42.679459, -71.294161], [42.679459, -71.294149], [42.679461, -71.29413], [42.679461, -71.294114], [42.679461, -71.294095], [42.67946, -71.294084], [42.679459, -71.294074], [42.679457, -71.294056], [42.679452, -71.29404], [42.679442, -71.29403], [42.679433, -71.294017], [42.679423, -71.294012], [42.679415, -71.294005], [42.67938, -71.294004], [42.679338, -71.293997], [42.679317, -71.294], [42.679305, -71.294001], [42.679293, -71.29401], [42.679285, -71.29402], [42.679273, -71.294038], [42.679266, -71.294065], [42.679259, -71.294087], [42.679251, -71.294105], [42.679248, -71.294128], [42.679244, -71.29414], [42.679241, -71.294164], [42.679241, -71.29418], [42.679243, -71.294198], [42.679248, -71.294218], [42.679256, -71.294228], [42.679269, -71.294237], [42.679287, -71.294246], [42.679304, -71.294248], [42.679322, -71.294248], [42.679345, -71.294249], [42.679355, -71.294248], [42.679389, -71.294242], [42.679396, -71.294238], [42.679406, -71.294231], [42.679415, -71.294225], [42.679428, -71.294215], [42.679436, -71.294207], [42.679443, -71.294197], [42.679452, -71.294185], [42.679455, -71.294167], [42.679459, -71.294161]]}, "7": {"path": [[42.681229, -71.294461], [42.683116, -71.294809], [42.684359, -71.294843]], "green": [[42.684465, -71.294937], [42.684473, -71.294922], [42.684473, -71.294895], [42.684469, -71.294864], [42.68446, -71.294827], [42.684453, -71.294787], [42.684433, -71.294725], [42.684427, -71.294714], [42.684412, -71.294703], [42.684399, -71.294695], [42.684378, -71.294687], [42.68436, -71.29468], [42.684344, -71.294681], [42.684331, -71.294683], [42.684312, -71.294689], [42.684294, -71.294707], [42.684285, -71.294715], [42.684278, -71.294736], [42.684274, -71.29474], [42.684269, -71.294763], [42.684266, -71.294782], [42.684261, -71.294818], [42.684261, -71.294839], [42.684265, -71.294867], [42.684271, -71.29489], [42.684278, -71.294922], [42.684289, -71.294947], [42.684297, -71.29497], [42.684309, -71.294982], [42.684321, -71.294992], [42.684338, -71.295004], [42.684359, -71.295008], [42.684377, -71.295006], [42.684395, -71.294996], [42.684417, -71.294987], [42.684435, -71.294972], [42.68445, -71.294957], [42.684465, -71.294937]]},