{"holes": {"1": {"path": [[42.288165, -71.779818], [42.286801, -71.782551], [42.286294, -71.783347]], "green": [[42.286228, -71.783453], [42.286239, -71.783464], [42.286254, -71.783469], [42.286273, -71.783466], [42.286295, -71.783457], [42.286312, -71.783444], [42.286331, -71.783423], [42.286349, -71.783396], [42.286364, -71.783366], [42.286372, -71.78334], [42.286379, -71.783317], [42.286382, -71.783291], [42.286381, -71.783267], [42.286376, -71.783251], [42.286368, -71.783237], [42.286357, -71.783226], [42.286344, -71.783221], [42.286329, -71.78322], [42.286313, -71.783226], [42.286291, -71.78324], [42.286273, -71.783258], [42.286253, -71.783283], [42.286237, -71.783308], [42.286222, -71.783333], [42.286213, -71.783359], [42.28621, -71.783379], [42.28621, -71.7834], [42.286213, -71.783422], [42.286218, -71.783437], [42.286228, -71.783453]]}, "2": {"path": [[42.28696, -71.78336], [42.2885, -71.779975]], "green": [[42.288494, -71.780096], [42.288527, -71.780076], [42.288558, -71.780053], [42.288578, -71.780028], [42.288594, -71.780003], [42.288604, -71.779974], [42.288605, -71.77995], [42.288603, -71.779928], [42.288592, -71.779903], [42.288576, -71.779878], [42.288553, -71.779856], [42.288527, -71.779838], [42.288507, -71.779832], [42.288484, -71.779837], [42.288466, -71.779844], [42.28845, -71.779865], [42.288434, -71.779891], [42.288418, -71.77993], [42.288408, -71.779966], [42.288403, -71.780002], [42.288407, -71.780038], [42.288415, -71.780061], [42.28843, -71.780081], [42.288443, -71.780095], [42.288458, -71.780105], [42.288474, -71.780104], [42.288494, -71.780096]]}, "3": {"path": [[42.289047, -71.78003], [42.288169, -71.782959], [42.287114, -71.783736]], "green": [[42.287059, -71.783619], [42.287036, -71.783638], [42.28702, -71.783659], [42.287009, -71.783696], [42.287008, -71.783744], [42.287016, -71.783788], [42.287025, -71.78382], [42.287041, -71.783847], [42.28706, -71.783868], [42.287085, -71.783884], [42.287115, -71.783887], [42.287135, -71.783881], [42.287163, -71.783863], [42.287184, -71.783841], [42.287199, -71.783815], [42.287211, -71.783784], [42.287216, -71.783747], [42.287218, -71.783712], [42.287215, -71.783685], [42.287205, -71.783656], [42.287187, -71.783634], [42.287167, -71.783619], [42.28714, -71.783608], [42.287109, -71.783604], [42.287082, -71.783609], [42.287059, -71.783619]]}, "4": {"path": [[42.287107, -71.784145], [42.284736, -71.78461], [42.284124, -71.784972]], "green": [[42.28405, -71.785037], [42.284069, -71.785069], [42.28409, -71.785091], [42.284113, -71.785102], [42.28414, -71.785104], [42.284163, -71.785096], [42.284187, -71.785079], [42.284204, -71.785058], [42.284217, -71.785025], [42.284227, -71.784992], [42.28423, -71.784961], [42.284226, -71.784938], [42.284216, -71.784906], [42.284201, -71.784883], [42.284181, -71.784863], [42.284154, -71.784849], [42.284123, -71.784843], [42.284097, -71.784843], [42.28407, -71.784855], [42.284056, -71.784874], [42.284044, -71.7849], [42.284034, -71.784925], [42.284028, -71.784951], [42.28403, -71.784985], [42.284036, -71.785012], [42.28405, -71.785037]]}, "5": {"path": [[42.283668, -71.784593], [42.285525, -71.78347], [42.286145, -71.78241]], "green": [[42.286126, -71.782272], [42.286106, -71.782296], [42.286085, -71.782328], [42.286067, -71.782372], [42.286058, -71.782406], [42.28605, -71.782442], [42.286048, -71.782485], [42.286053, -71.782513], [42.286065, -71.782538], [42.286077, -71.782554], [42.286093, -71.782566], [42.286112, -71.782571], [42.28613, -71.782572], [42.286147, -71.782566], [42.28617, -71.782544], [42.2862, -71.782502], [42.286225, -71.782461], [42.286243, -71.782416], [42.286251, -71.782382], [42.286253, -71.782344], [42.286247, -71.782314], [42.286237, -71.782287], [42.286222, -71.782271], [42.286203, -71.782261], [42.286178, -71.78226], [42.286152, -71.782262], [42.286126, -71.782272]]}, "6": {"path": [[42.286769, -71.781678], [42.287626, -71.779738]], "green": [[42.287681, -71.779623], [42.287665, -71.779614], [42.287641, -71.779607], [42.287611, -71.779609], [42.287592, -71.779618], [42.287572, -71.779637], [42.287557, -71.77966], [42.287544, -71.779691], [42.287534, -71.779719], [42.28753, -71.779755], [42.287533, -71.779788], [42.28754, -71.779822], [42.287548, -71.779843], [42.287561, -71.779864], [42.287585, -71.77988], [42.287606, -71.779882], [42.287628, -71.77988], [42.28765, -71.779866], [42.287674, -71.779843], [42.287691, -71.779816], [42.287706, -71.779789], [42.287719, -71.779754], [42.287724, -71.779724], [42.287722, -71.7797], [42.287715, -71.779673], [42.287704, -71.77965], [42.287681, -71.779623]]}, "7": {"path": [[42.287347, -71.778588], [42.286591, -71.780839], [42.286048, -71.781826]], "green": [[42.285943, -71.781859], [42.285943, -71.781891], [42.28595, -71.78193], [42.285964, -71.781957], [42.285982, -71.781979], [42.286001, -71.781988], [42.286026, -71.781982], [42.286052, -71.781972], [42.28607, -71.781956], [42.28609, -71.781929], [42.286117, -71.781879], [42.286136, -71.781841], [42.286149, -71.781809], [42.286157, -71.781777], [42.28616, -71.78174], [42.286155, -71.781706], [42.286143, -71.781681], [42.28612, -71.781666], [42.286097, -71.781663], [42.286073, -71.781665], [42.286049, -71.781681], [42.28602, -71.781713], [42.285995, -71.781746], [42.285968, -71.781784], [42.285949, -71.781818], [42.285943, -71.781859]]}, "8": {"path": [[42.285734, -71.782236], [42.284548, -71.783268]], "green": [[42.284636, -71.783158], [42.28462, -71.783152], [42.284589, -71.783153], [42.284558, -71.783161], [42.284517, -71.783173], [42.28448, -71.783189], [42.284457, -71.783213], [42.284444, -71.783228], [42.284432, -71.783254], [42.284427, -71.783286], [42.284428, -71.783314], [42.284433, -71.783343], [42.284445, -71.783376], [42.28446, -71.783398], [42.284478, -71.783411], [42.284506, -71.783416], [42.284538, -71.783414], [42.284577, -71.783399], [42.284616, -71.783367], [42.284646, -71.783328], [42.284666, -71.783284], [42.284671, -71.783245], [42.284669, -71.783208], [42.284661, -71.783181], [42.28465, -71.783168], [42.284636, -71.783158]]}, "9": {"path": [[42.28468, -71.782657], [42.286939, -71.778088]], "green": [[42.286995, -71.777974], [42.286971, -71.77796], [42.286944, -71.77795], [42.286918, -71.777949], [42.286893, -71.777958], [42.28687, -71.777973], [42.286854, -71.777997], [42.286846, -71.778027], [42.286843, -71.778078], [42.286845, -71.778115], [42.286848, -71.778167], [42.286857, -71.778204], [42.286872, -71.778225], [42.286898, -71.778245], [42.286934, -71.778249], [42.286954, -71.778242], [42.286976, -71.778227], [42.286995, -71.778199], [42.287017, -71.77816], [42.287031, -71.778127], [42.287035, -71.778096], [42.287035, -71.778064], [42.28703, -71.778035], [42.287019, -71.778007], [42.286995, -71.777974]]}, "11": {"path": [[42.286514, -71.772352], [42.287904, -71.770778]], "green": [[42.287852, -71.770881], [42.287885, -71.770879], [42.287933, -71.77087], [42.287968, -71.770861], [42.287996, -71.770847], [42.288013, -71.770831], [42.288031, -71.770807], [42.28804, -71.770783], [42.288042, -71.770757], [42.288037, -71.770731], [42.288025, -71.77071], [42.28801, -71.770694], [42.28799, -71.770678], [42.287953, -71.770671], [42.287923, -71.770667], [42.287873, -71.770671], [42.287839, -71.77068], [42.287816, -71.770698], [42.287799, -71.770721], [42.287784, -71.770741], [42.287777, -71.770763], [42.287775, -71.770794], [42.28778, -71.770821], [42.287791, -71.770842], [42.287807, -71.77086], [42.287824, -71.770874], [42.287852, -71.770881]]}, "12": {"path": [[42.287211, -71.770561], [42.285228, -71.773218], [42.283588, -71.774208]],