{"holes": {"1": {"path": [[41.713031, -70.894234], [41.714337, -70.895607], [41.715663, -70.89736]], "green": [[41.715655, -70.897459], [41.715675, -70.897456], [41.715698, -70.897451], [41.715719, -70.897445], [41.715737, -70.897435], [41.715755, -70.897426], [41.715772, -70.897412], [41.715783, -70.897391], [41.71579, -70.897363], [41.71579, -70.897338], [41.71578, -70.897311], [41.715764, -70.897293], [41.715745, -70.897279], [41.715717, -70.897265], [41.71569, -70.897254], [41.715668, -70.897248], [41.71564, -70.897248], [41.715619, -70.89725], [41.715596, -70.897255], [41.715579, -70.897265], [41.715565, -70.897279], [41.715555, -70.8973], [41.71555, -70.897328], [41.715548, -70.897354], [41.715551, -70.897382], [41.715559, -70.897409], [41.715571, -70.89743], [41.715584, -70.897443], [41.715605, -70.897456], [41.715625, -70.897461], [41.715655, -70.897459]]}, "2": {"path": [[41.715182, -70.897528], [41.713301, -70.898564], [41.712383, -70.899291]], "green": [[41.712314, -70.899418], [41.712294, -70.899399], [41.712275, -70.899376], [41.712251, -70.899341], [41.712241, -70.899317], [41.712238, -70.899292], [41.712239, -70.899265], [41.71225, -70.899234], [41.712266, -70.899217], [41.71229, -70.899199], [41.712319, -70.899188], [41.712349, -70.899181], [41.712379, -70.899172], [41.712404, -70.899167], [41.712428, -70.899157], [41.712456, -70.899149], [41.712479, -70.899152], [41.7125, -70.899162], [41.712518, -70.89918], [41.712527, -70.899202], [41.71253, -70.89923], [41.712526, -70.899255], [41.712518, -70.899281], [41.712494, -70.89934], [41.712471, -70.899387], [41.712458, -70.899404], [41.71243, -70.899434], [41.712408, -70.899446], [41.712386, -70.899451], [41.712365, -70.899447], [41.712342, -70.899437], [41.712314, -70.899418]]}, "3": {"path": [[41.711183, -70.898768], [41.712393, -70.900337], [41.712763, -70.901329]], "green": [[41.712688, -70.901452], [41.712678, -70.901432], [41.712671, -70.901408], [41.712669, -70.901375], [41.712674, -70.901351], [41.712686, -70.901323], [41.7127, -70.901296], [41.712711, -70.901268], [41.712723, -70.901235], [41.71273, -70.901201], [41.712739, -70.901175], [41.712757, -70.901153], [41.712778, -70.901144], [41.712801, -70.901143], [41.712818, -70.901154], [41.71283, -70.901168], [41.712842, -70.901191], [41.712847, -70.901217], [41.712849, -70.901249], [41.712845, -70.90128], [41.712838, -70.901307], [41.712833, -70.901339], [41.712827, -70.901371], [41.712823, -70.901396], [41.712817, -70.901425], [41.712808, -70.90145], [41.712799, -70.901466], [41.712783, -70.901484], [41.71276, -70.901491], [41.712738, -70.901491], [41.71272, -70.901485], [41.712704, -70.901473], [41.712688, -70.901452]]}, "4": {"path": [[41.712874, -70.902273], [41.711293, -70.899959], [41.710525, -70.898449]], "green": [[41.710468, -70.898575], [41.710455, -70.898544], [41.710446, -70.898511], [41.710441, -70.898472], [41.71044, -70.898423], [41.71044, -70.898375], [41.710446, -70.898329], [41.710465, -70.89829], [41.710486, -70.898273], [41.710513, -70.898263], [41.710536, -70.898266], [41.710557, -70.898274], [41.710579, -70.898292], [41.710595, -70.898318], [41.710607, -70.898357], [41.710603, -70.89839], [41.710593, -70.898426], [41.710589, -70.898454], [41.710586, -70.898481], [41.71059, -70.898511], [41.710591, -70.898538], [41.710584, -70.898577], [41.710569, -70.898603], [41.710546, -70.89862], [41.710516, -70.898623], [41.710498, -70.898614], [41.710479, -70.898597], [41.710468, -70.898575]]}, "5": {"path": [[41.710295, -70.897843], [41.711981, -70.898345], [41.713052, -70.897436]], "green": [[41.713051, -70.89756], [41.713034, -70.897571], [41.713012, -70.897577], [41.712992, -70.897579], [41.712972, -70.897575], [41.712951, -70.897564], [41.71294, -70.897545], [41.712935, -70.897522], [41.712935, -70.897493], [41.712938, -70.897468], [41.712944, -70.897446], [41.712954, -70.89742], [41.712985, -70.897351], [41.713001, -70.897331], [41.713016, -70.89732], [41.713037, -70.897313], [41.713057, -70.89731], [41.713083, -70.897307], [41.713105, -70.897306], [41.713124, -70.897306], [41.71314, -70.897308], [41.713157, -70.897319], [41.713168, -70.897335], [41.713175, -70.897358], [41.713175, -70.897391], [41.713169, -70.897423], [41.713159, -70.897455], [41.713147, -70.897476], [41.713116, -70.897507], [41.713098, -70.897516], [41.713051, -70.89756]]}, "6": {"path": [[41.712682, -70.896216], [41.71264, -70.894606]], "green": [[41.712585, -70.894622], [41.712581, -70.894599], [41.712576, -70.89458], [41.712567, -70.894555], [41.712564, -70.894529], [41.712563, -70.894504], [41.712566, -70.894479], [41.712574, -70.894453], [41.712583, -70.894434], [41.712596, -70.89442], [41.712612, -70.894413], [41.712629, -70.894415], [41.712645, -70.894425], [41.712659, -70.89444], [41.712671, -70.894456], [41.712687, -70.894482], [41.712698, -70.894504], [41.712708, -70.894527], [41.712717, -70.894554], [41.712726, -70.894576], [41.712732, -70.894605], [41.712736, -70.894635], [41.712736, -70.894668], [41.712729, -70.894691], [41.712722, -70.894713], [41.712713, -70.894729], [41.7127, -70.894747], [41.712685, -70.894762], [41.712675, -70.894772], [41.712657, -70.894781], [41.712641, -70.894783], [41.712625, -70.894782], [41.71261, -70.894771], [41.7126, -70.894757], [41.712591, -70.894742], [41.712587, -70.894719], [41.712586, -70.894694], [41.712588, -70.89467], [41.712588, -70.894645], [41.712585, -70.894622]]}, "7": {"path": [[41.713563, -70.893188], [41.715678, -70.892819], [41.717083, -70.893399]], "green": [[41.717038, -70.893474], [41.717029, -70.893462], [41.717022, -70.893447], [41.717015, -70.893434], [41.717008, -70.893417], [41.717001, -70.893397], [41.716996, -70.89338], [41.716991, -70.893358], [41.716988, -70.893337], [41.716988, -70.89332], [41.716991, -70.893302], [41.716997, -70.893286], [41.717006, -70.893274], [41.717016, -70.893268], [41.717029, -70.893266], [41.717043, -70.893271], [41.717056, -70.893279], [41.717067, -70.893289], [41.717081, -70.893299], [41.717096, -70.89331], [41.717111, -70.893319], [41.717125, -70.893327], [41.71714, -70.893341], [41.71715, -70.893352], [41.717158, -70.893362], [41.717166, -70.893372], [41.717171, -70.893385], [41.717175, -70.893399], [41.717178, -70.893415], [41.71718, -70.893434], [41.717179, -70.893454], [41.717177, -70.893467], [41.71717, -70.893484], [41.717162, -70.893498], [41.717155, -70.893508], [41.717144, -70.893516], [41.717131, -70.893521], [41.717114, -70.893524], [41.717101, -70.893523], [41.717083, -70.893517], [41.717071, -70.89351], [41.71706, -70.893501], [41.717049, -70.89349], [41.717038, -70.893474]]}, "8": {"path": [[41.717356, -70.893128], [41.7187, -70.892203]], "green": [[41.718683, -70.89229], [41.718657, -70.892276], [41.718628, -70.892266], [41.718604, -70.892259], [41.718584, -70.892241], [41.718572, -70.892201], [41.718573, -70.892167], [41.718585, -70.892126], [41.718608, -70.892103], [41.718635, -70.892091], [41.718674, -70.892084], [41.718703, -70.892087], [41.718726, -70.892091], [41.718753, -70.892105], [41.718776, -70.89213], [41.718791, -70.892148], [41.7188, -70.892174], [41.718811, -70.89221], [41.718814, -70.892239], [41.718809, -70.89227], [41.718793, -70.892294], [41.718773, -70.892307], [41.718746, -70.892312], [41.718718, -70.892308], [41.718683, -70.89229]]}, "9": {"path": [[41.718338, -70.891837], [41.715369, -70.891865], [41.713661, -70.892096]],