{"holes": {"1": {"path": [[42.125454, -70.926406], [42.124743, -70.928611]], "green": [[42.124834, -70.928657], [42.124814, -70.928703], [42.124783, -70.928726], [42.124749, -70.928731], [42.124706, -70.928714], [42.12467, -70.928671], [42.124644, -70.928616], [42.124634, -70.928577], [42.12464, -70.928544], [42.124652, -70.928528], [42.124685, -70.928506], [42.124716, -70.928508], [42.124753, -70.928524], [42.124789, -70.928546], [42.12481, -70.928569], [42.124824, -70.928596], [42.124833, -70.928632], [42.124834, -70.928657]]}, "2": {"path": [[42.124579, -70.929399], [42.125323, -70.930499]], "green": [[42.12539, -70.93052], [42.125379, -70.930565], [42.125367, -70.930582], [42.125348, -70.930597], [42.125319, -70.930595], [42.125291, -70.930576], [42.125261, -70.930544], [42.125244, -70.93051], [42.125237, -70.930475], [42.125242, -70.930452], [42.125261, -70.930428], [42.125288, -70.930413], [42.125318, -70.930408], [42.125342, -70.930416], [42.125363, -70.930432], [42.125384, -70.930456], [42.125391, -70.930485], [42.12539, -70.93052]]}, "3": {"path": [[42.124901, -70.930581], [42.123184, -70.929971]], "green": [[42.123278, -70.93001], [42.123248, -70.930076], [42.123206, -70.9301], [42.123149, -70.930092], [42.12311, -70.930063], [42.123077, -70.930007], [42.123065, -70.929959], [42.123066, -70.929929], [42.123084, -70.929898], [42.123117, -70.929878], [42.123164, -70.929875], [42.123204, -70.929884], [42.123249, -70.929894], [42.123269, -70.929916], [42.123278, -70.929943], [42.12328, -70.929978], [42.123278, -70.93001]]}, "4": {"path": [[42.12282, -70.929037], [42.122723, -70.927545]], "green": [[42.122796, -70.92752], [42.1228, -70.927569], [42.122791, -70.927601], [42.122773, -70.927635], [42.122748, -70.927647], [42.12272, -70.927645], [42.122686, -70.927638], [42.122659, -70.927609], [42.122641, -70.927572], [42.122635, -70.927524], [42.122639, -70.927499], [42.122653, -70.927467], [42.12269, -70.927443], [42.122724, -70.92744], [42.122752, -70.927458], [42.122784, -70.927484], [42.122796, -70.92752]]}, "5": {"path": [[42.123161, -70.926778], [42.123171, -70.928382]], "green": [[42.12323, -70.928393], [42.123218, -70.928444], [42.123193, -70.92847], [42.123157, -70.928478], [42.123117, -70.928447], [42.123107, -70.928408], [42.123102, -70.928359], [42.123108, -70.928332], [42.123133, -70.928307], [42.12316, -70.928301], [42.123197, -70.92831], [42.123215, -70.928336], [42.123225, -70.928365], [42.12323, -70.928393]]}, "6": {"path": [[42.123006, -70.929142], [42.12415, -70.929615]], "green": [[42.124264, -70.929639], [42.124232, -70.929712], [42.124199, -70.929739], [42.12416, -70.929752], [42.124112, -70.929732], [42.124059, -70.929688], [42.124035, -70.929654], [42.124025, -70.929611], [42.124032, -70.929564], [42.124043, -70.929542], [42.124086, -70.929507], [42.124124, -70.929496], [42.124176, -70.929499], [42.124214, -70.929521], [42.124254, -70.929558], [42.124266, -70.929595], [42.124264, -70.929639]]}, "7": {"path": [[42.124514, -70.92931], [42.123643, -70.928039]], "green": [[42.123724, -70.928031], [42.123722, -70.928091], [42.123706, -70.928131], [42.123672, -70.928162], [42.123638, -70.928167], [42.12359, -70.928145], [42.123563, -70.928103], [42.12354, -70.92805], [42.123538, -70.928017], [42.123551, -70.927979], [42.123569, -70.92796], [42.123618, -70.927928], [42.123644, -70.927928], [42.123691, -70.927946], [42.123713, -70.927976], [42.123721, -70.928011], [42.123724, -70.928031]]}, "8": {"path": [[42.123489, -70.927551], [42.124197, -70.927192]], "green": [[42.124271, -70.927228], [42.124267, -70.927274], [42.124248, -70.927303], [42.124217, -70.927312], [42.124184, -70.927297], [42.124145, -70.927267], [42.124122, -70.927223], [42.12411, -70.927173], [42.124113, -70.92713], [42.124122, -70.927109], [42.124144, -70.927089], [42.124174, -70.927081], [42.12421, -70.927093], [42.124233, -70.927115], [42.124254, -70.927156], [42.12426, -70.927179], [42.124271, -70.927228]]}, "9": {"path": [[42.124381, -70.928305], [42.124974, -70.926443]], "green": [[42.125042, -70.926426], [42.125019, -70.926521], [42.124999, -70.926554], [42.124977, -70.926568], [42.124954, -70.92657], [42.124937, -70.926551], [42.124921, -70.926511], [42.124898, -70.92643], [42.124899, -70.926391], [42.124908, -70.926371], [42.12494, -70.926345], [42.12497, -70.92633], [42.125005, -70.926335], [42.125031, -70.926362], [42.125041, -70.92639], [42.125042, -70.926426]]}, "10": {"path": [[42.125041, -70.925579], [42.123545, -70.926955]], "green": [[42.123633, -70.926971], [42.123613, -70.927045], [42.12359, -70.927075], [42.123542, -70.92709], [42.123501, -70.927077], [42.123466, -70.927035], [42.123448, -70.926975], [42.123444, -70.926921], [42.123456, -70.926878], [42.123473, -70.926853], [42.123509, -70.92684], [42.12355, -70.926837], [42.123601, -70.926865], [42.123623, -70.926902], [42.123632, -70.926945], [42.123633, -70.926971]]}, "11": {"path": [[42.123763, -70.926178], [42.122156, -70.925864]], "green": [[42.122237, -70.925852], [42.122219, -70.925911], [42.122202, -70.925934], [42.122173, -70.925966], [42.122145, -70.925983], [42.122115, -70.925987], [42.122087, -70.925974], [42.122073, -70.925942], [42.122068, -70.925901], [42.122072, -70.925856], [42.122083, -70.925821], [42.122106, -70.925779], [42.122128, -70.925759], [42.12216, -70.92575], [42.122189, -70.925758], [42.122209, -70.925772], [42.122231, -70.925801], [42.122237, -70.925827], [42.122237, -70.925852]]}, "12": {"path": [[42.121724, -70.926544], [42.122769, -70.926865]], "green": [[42.12284, -70.926853], [42.122841, -70.926918], [42.122829, -70.926953], [42.122804, -70.926996], [42.122775, -70.927003], [42.122744, -70.926997], [42.122716, -70.926973], [42.122683, -70.926927], [42.122678, -70.92689], [42.122685, -70.926856], [42.122712, -70.926802], [42.122733, -70.926772], [42.122755, -70.926744], [42.122774, -70.926735], [42.122793, -70.926739], [42.122813, -70.926762], [42.122827, -70.926804], [42.12284, -70.926853]]}, "13": {"path": [[42.122407, -70.927432], [42.122234, -70.929667]], "green": [[42.122314, -70.929684], [42.122308, -70.929726], [42.122292, -70.929747], [42.122264, -70.929763], [42.122231, -70.92978], [42.122199, -70.929773], [42.122176, -70.929756], [42.122156, -70.929711], [42.12215, -70.929663], [42.122151, -70.929618], [42.122161, -70.929575], [42.122178, -70.929552], [42.122204, -70.929546], [42.122236, -70.929554], [42.122278, -70.929595], [42.122298, -70.929622], [42.122308, -70.929661], [42.122314, -70.929684]]}, "14": {"path": [[42.12287, -70.929155], [42.122552, -70.930903]], "green": [[42.12263, -70.930984], [42.122598, -70.931026], [42.122574, -70.93103], [42.122539, -70.931022], [42.122496, -70.930981], [42.122476, -70.930945], [42.122465, -70.930889], [42.122464, -70.930847], [42.122471, -70.930812], [42.122488, -70.930784], [42.122513, -70.930777], [42.122537, -70.93078], [42.122573, -70.930797], [42.122597, -70.930824], [42.122621, -70.930886], [42.122633, -70.930931], [42.122633, -70.930959], [42.12263, -70.930984]]}, "15": {"path": [[42.123052, -70.930895], [42.12485, -70.930979]], "green": [[42.124945, -70.931019], [42.124902, -70.931061], [42.124833, -70.931078], [42.124766, -70.931072], [42.124743, -70.931042], [42.124741, -70.930997], [42.124746, -70.930957], [42.124791, -70.930909], [42.124827, -70.930885], [42.124875, -70.930886], [42.124905, -70.930896], [42.124933, -70.930926], [42.124946, -70.930964], [42.124945, -70.931019]]}, "17": {"path": [[42.125836, -70.930164], [42.125132, -70.929053]],