{"holes": {"1": {"path": [[42.54079, -71.929148], [42.540589, -71.932162], [42.540377, -71.933756]], "green": [[42.540459, -71.933796], [42.540453, -71.933829], [42.540447, -71.93385], [42.540439, -71.93387], [42.540425, -71.93389], [42.540417, -71.933895], [42.540399, -71.933902], [42.54038, -71.933903], [42.540354, -71.933892], [42.540331, -71.933877], [42.54031, -71.933853], [42.540297, -71.933831], [42.540287, -71.933809], [42.540278, -71.933779], [42.540275, -71.933755], [42.540276, -71.933728], [42.540282, -71.933704], [42.540289, -71.933681], [42.540299, -71.933657], [42.540312, -71.933637], [42.540328, -71.933621], [42.540352, -71.933607], [42.540377, -71.933603], [42.540398, -71.93361], [42.540425, -71.933629], [42.540438, -71.933651], [42.540447, -71.933668], [42.540453, -71.933685], [42.540458, -71.933703], [42.540461, -71.933728], [42.540461, -71.93376], [42.540459, -71.933796]]}, "2": {"path": [[42.539098, -71.935258], [42.538133, -71.93262], [42.537575, -71.931427]], "green": [[42.537646, -71.931371], [42.53758, -71.93133], [42.537551, -71.931317], [42.537527, -71.931308], [42.53751, -71.931307], [42.537489, -71.93131], [42.537478, -71.931317], [42.537463, -71.931331], [42.537452, -71.931346], [42.537444, -71.93136], [42.537438, -71.931377], [42.537434, -71.931391], [42.537434, -71.931405], [42.537438, -71.931422], [42.537444, -71.93144], [42.537451, -71.93145], [42.537467, -71.931469], [42.537617, -71.931575], [42.537634, -71.931583], [42.53765, -71.931581], [42.537667, -71.931576], [42.537685, -71.931563], [42.537697, -71.931547], [42.537704, -71.931527], [42.537708, -71.931507], [42.537708, -71.931481], [42.537703, -71.93146], [42.537695, -71.931438], [42.537684, -71.931418], [42.537677, -71.931404], [42.537667, -71.931392], [42.537646, -71.931371]]}, "3": {"path": [[42.538344, -71.930865], [42.539121, -71.933628], [42.539541, -71.934594]], "green": [[42.539627, -71.93459], [42.539564, -71.934472], [42.539541, -71.934441], [42.539526, -71.934431], [42.539509, -71.934431], [42.539492, -71.934439], [42.53946, -71.934466], [42.539447, -71.934487], [42.53944, -71.934507], [42.539433, -71.934531], [42.539432, -71.934558], [42.539436, -71.934594], [42.539445, -71.934629], [42.539452, -71.934646], [42.539465, -71.934663], [42.539479, -71.934677], [42.539535, -71.93471], [42.539577, -71.934725], [42.539601, -71.934726], [42.539615, -71.934719], [42.539626, -71.93471], [42.539635, -71.934694], [42.53964, -71.934673], [42.539642, -71.934656], [42.539641, -71.934645], [42.539638, -71.934626], [42.539633, -71.934608], [42.539627, -71.93459]]}, "4": {"path": [[42.539992, -71.934372], [42.539235, -71.93157], [42.539067, -71.930262]], "green": [[42.539189, -71.930266], [42.539179, -71.930302], [42.539167, -71.930321], [42.539152, -71.930335], [42.539124, -71.930355], [42.53902, -71.9304], [42.538995, -71.930407], [42.53898, -71.93041], [42.538963, -71.930409], [42.53895, -71.930401], [42.538935, -71.930386], [42.538925, -71.930367], [42.538922, -71.93035], [42.538923, -71.930326], [42.538933, -71.930293], [42.538948, -71.93026], [42.538967, -71.93023], [42.538993, -71.930189], [42.539021, -71.930162], [42.539051, -71.930137], [42.539086, -71.930115], [42.539102, -71.930109], [42.539128, -71.930103], [42.539148, -71.930112], [42.539165, -71.930131], [42.539173, -71.930144], [42.539184, -71.930171], [42.539189, -71.930188], [42.539193, -71.930225], [42.539193, -71.930248], [42.539189, -71.930266]]}, "5": {"path": [[42.539842, -71.928984], [42.539751, -71.931981], [42.539943, -71.933087]], "green": [[42.54005, -71.933132], [42.540033, -71.933168], [42.540017, -71.933187], [42.540001, -71.933205], [42.539985, -71.933217], [42.539964, -71.933225], [42.539944, -71.933229], [42.539919, -71.933229], [42.539887, -71.933215], [42.539859, -71.933193], [42.539844, -71.93317], [42.539836, -71.933151], [42.539831, -71.933123], [42.539831, -71.933097], [42.539832, -71.933077], [42.539837, -71.933054], [42.539843, -71.933035], [42.53985, -71.93302], [42.539862, -71.933], [42.539872, -71.932985], [42.539886, -71.932972], [42.539901, -71.932963], [42.539926, -71.932953], [42.539955, -71.93295], [42.539986, -71.932954], [42.54001, -71.932963], [42.540034, -71.932984], [42.540049, -71.933006], [42.540056, -71.933035], [42.540058, -71.933062], [42.540059, -71.933087], [42.540057, -71.933103], [42.54005, -71.933132]]}, "6": {"path": [[42.540175, -71.93326], [42.540156, -71.930199], [42.540392, -71.929299]], "green": [[42.540488, -71.929284], [42.540467, -71.929318], [42.540449, -71.929346], [42.540438, -71.929368], [42.540427, -71.9294], [42.540415, -71.929433], [42.540404, -71.929456], [42.540392, -71.929471], [42.540376, -71.92948], [42.540357, -71.929484], [42.540329, -71.929481], [42.540306, -71.929469], [42.540296, -71.929457], [42.540284, -71.929438], [42.54028, -71.929422], [42.540279, -71.9294], [42.540283, -71.929356], [42.540302, -71.929238], [42.54031, -71.929207], [42.540318, -71.929183], [42.540332, -71.92916], [42.540348, -71.929143], [42.540363, -71.929132], [42.540388, -71.929124], [42.540408, -71.92912], [42.540432, -71.929127], [42.540454, -71.929147], [42.540472, -71.929165], [42.54048, -71.929179], [42.540487, -71.929196], [42.540492, -71.929217], [42.540495, -71.929236], [42.540494, -71.929261], [42.540488, -71.929284]]}, "7": {"path": [[42.541372, -71.928887], [42.542028, -71.932479]], "green": [[42.54211, -71.932549], [42.542096, -71.932582], [42.542081, -71.932603], [42.542064, -71.932619], [42.542045, -71.932627], [42.542025, -71.93263], [42.542002, -71.932625], [42.541976, -71.932612], [42.541956, -71.932593], [42.54194, -71.932572], [42.541928, -71.93254], [42.541921, -71.932513], [42.54192, -71.932482], [42.541923, -71.932451], [42.54193, -71.932413], [42.541947, -71.93238], [42.541962, -71.93236], [42.541976, -71.932346], [42.541995, -71.932332], [42.542014, -71.93233], [42.542033, -71.932331], [42.542055, -71.932339], [42.542082, -71.932356], [42.542096, -71.932373], [42.542102, -71.932388], [42.54211, -71.932418], [42.542117, -71.932444], [42.542122, -71.932474], [42.542122, -71.9325], [42.542118, -71.932522], [42.54211, -71.932549]]}, "8": {"path": [[42.542422, -71.932782], [42.542655, -71.930225], [42.543247, -71.929743]], "green": [[42.543333, -71.929777], [42.543303, -71.929809], [42.543275, -71.929832], [42.543246, -71.92984], [42.543213, -71.929845], [42.543176, -71.929835], [42.543154, -71.929821], [42.543144, -71.929808], [42.543135, -71.92978], [42.543135, -71.929758], [42.543146, -71.929733], [42.543161, -71.929704], [42.543177, -71.929688], [42.543201, -71.929672], [42.543224, -71.929662], [42.543253, -71.929652], [42.543286, -71.929647], [42.54332, -71.929649], [42.543334, -71.929664], [42.543341, -71.929679], [42.543347, -71.929706], [42.543348, -71.929737], [42.543346, -71.929753], [42.543333, -71.929777]]}, "9": {"path": [[42.543056, -71.929384], [42.54182, -71.928422]], "green": [[42.541883, -71.928432], [42.541878, -71.928492], [42.541873, -71.928515], [42.541867, -71.928531], [42.541853, -71.928551], [42.541842, -71.928559], [42.541826, -71.928564], [42.541814, -71.928566], [42.541791, -71.928559], [42.541773, -71.928545], [42.541763, -71.928531], [42.54175, -71.928506], [42.54174, -71.928476], [42.541738, -71.928449], [42.54174, -71.928418], [42.541745, -71.928396], [42.541754, -71.928369], [42.541765, -71.928347], [42.541783, -71.928316], [42.541803, -71.928296], [42.541819, -71.928279], [42.541838, -71.92827], [42.541854, -71.928271], [42.541866, -71.928276], [42.541879, -71.928291], [42.541885, -71.928308], [42.541891, -71.928331], [42.541892, -71.928363], [42.541883, -71.928432]]}, "10": {"path": [[42.541527, -71.928909], [42.542532, -71.929629]],