{"holes": {"1": {"path": [[42.545236, -71.551765], [42.543498, -71.55034], [42.542945, -71.549007]], "green": [[42.542941, -71.549189], [42.542955, -71.549193], [42.542969, -71.549192], [42.542987, -71.549183], [42.543001, -71.549169], [42.543013, -71.549142], [42.543017, -71.549114], [42.54302, -71.549084], [42.54302, -71.549061], [42.543022, -71.549039], [42.543024, -71.549018], [42.543028, -71.548996], [42.543032, -71.54897], [42.543035, -71.548943], [42.543034, -71.548921], [42.543028, -71.548893], [42.543018, -71.548865], [42.543002, -71.548847], [42.542983, -71.548835], [42.542965, -71.548831], [42.542946, -71.548831], [42.542927, -71.548835], [42.542909, -71.54884], [42.54289, -71.54885], [42.542871, -71.548862], [42.542854, -71.54888], [42.542844, -71.548904], [42.542839, -71.548929], [42.542836, -71.548957], [42.542835, -71.548986], [42.542838, -71.549018], [42.542845, -71.549048], [42.542856, -71.549077], [42.542871, -71.549109], [42.542885, -71.549136], [42.542901, -71.549163], [42.542919, -71.549179], [42.542941, -71.549189]]}, "2": {"path": [[42.542629, -71.549752], [42.541067, -71.547833], [42.539092, -71.546581]], "green": [[42.539067, -71.546733], [42.539092, -71.546742], [42.539124, -71.546736], [42.539156, -71.546725], [42.539179, -71.5467], [42.53919, -71.546671], [42.539198, -71.546637], [42.539205, -71.546594], [42.539207, -71.546552], [42.539203, -71.546511], [42.539192, -71.54648], [42.539174, -71.546449], [42.539152, -71.546427], [42.539127, -71.546421], [42.539094, -71.546425], [42.539056, -71.546426], [42.53903, -71.546431], [42.539002, -71.546453], [42.538981, -71.546477], [42.538968, -71.546512], [42.538967, -71.546558], [42.538978, -71.546595], [42.53899, -71.546627], [42.539004, -71.546666], [42.539024, -71.546699], [42.539046, -71.546719], [42.539067, -71.546733]]}, "3": {"path": [[42.538886, -71.547171], [42.538095, -71.54515]], "green": [[42.538002, -71.545258], [42.538002, -71.545218], [42.538011, -71.54517], [42.538021, -71.54513], [42.538033, -71.545092], [42.538044, -71.545053], [42.538055, -71.545019], [42.53807, -71.544988], [42.538086, -71.544969], [42.538107, -71.544955], [42.538134, -71.544952], [42.538156, -71.544961], [42.538171, -71.544976], [42.538182, -71.545006], [42.538184, -71.545041], [42.538186, -71.545073], [42.538181, -71.5451], [42.53817, -71.545123], [42.538156, -71.545144], [42.53814, -71.545163], [42.538131, -71.545181], [42.538125, -71.545205], [42.53812, -71.545235], [42.53812, -71.54527], [42.538119, -71.545295], [42.538109, -71.545327], [42.53809, -71.545345], [42.538062, -71.545345], [42.538038, -71.545333], [42.538022, -71.545313], [42.53801, -71.545287], [42.538002, -71.545258]]}, "4": {"path": [[42.53848, -71.545031], [42.540036, -71.546424], [42.54169, -71.547128]], "green": [[42.541641, -71.547274], [42.541659, -71.547304], [42.541689, -71.547326], [42.541732, -71.547329], [42.541772, -71.547304], [42.541798, -71.547269], [42.541812, -71.547223], [42.541815, -71.547173], [42.541809, -71.547135], [42.541795, -71.54709], [42.541777, -71.547053], [42.541759, -71.547025], [42.541736, -71.546999], [42.541707, -71.546973], [42.541683, -71.546956], [42.541658, -71.546948], [42.541638, -71.546953], [42.541616, -71.546964], [42.5416, -71.546985], [42.541589, -71.54701], [42.541585, -71.547049], [42.541591, -71.547103], [42.541605, -71.547156], [42.541618, -71.547204], [42.541627, -71.547241], [42.541641, -71.547274]]}, "5": {"path": [[42.541495, -71.54645], [42.538341, -71.544293], [42.536972, -71.544629]], "green": [[42.536891, -71.544767], [42.536906, -71.544763], [42.536923, -71.544755], [42.536942, -71.544741], [42.536966, -71.544721], [42.536979, -71.544708], [42.536998, -71.544698], [42.537017, -71.544696], [42.537038, -71.544695], [42.53706, -71.544691], [42.537081, -71.544676], [42.537099, -71.544657], [42.537115, -71.544633], [42.537124, -71.544599], [42.537127, -71.544566], [42.537123, -71.544535], [42.537109, -71.544506], [42.537092, -71.544488], [42.537067, -71.544479], [42.537046, -71.544473], [42.537024, -71.544473], [42.536999, -71.544477], [42.536974, -71.544485], [42.536954, -71.544497], [42.536935, -71.544512], [42.536918, -71.544532], [42.536905, -71.54455], [42.536886, -71.544581], [42.536874, -71.544602], [42.536863, -71.544626], [42.536854, -71.544651], [42.536849, -71.544674], [42.536848, -71.544692], [42.53685, -71.544711], [42.536858, -71.544734], [42.536867, -71.54475], [42.536877, -71.54476], [42.536891, -71.544767]]}, "6": {"path": [[42.53602, -71.544249], [42.537434, -71.543548]], "green": [[42.537346, -71.543657], [42.537343, -71.543639], [42.537347, -71.543611], [42.537356, -71.543594], [42.537373, -71.543565], [42.53738, -71.543546], [42.537384, -71.543526], [42.537384, -71.543497], [42.537384, -71.543478], [42.537385, -71.543455], [42.537388, -71.543441], [42.537393, -71.543425], [42.537401, -71.543408], [42.537413, -71.543398], [42.537431, -71.543393], [42.537446, -71.543393], [42.537465, -71.543397], [42.537484, -71.543407], [42.537498, -71.543419], [42.537509, -71.543431], [42.537517, -71.543443], [42.537525, -71.543455], [42.537529, -71.543473], [42.537531, -71.54349], [42.537531, -71.543506], [42.537528, -71.543525], [42.537522, -71.543545], [42.537515, -71.543556], [42.537501, -71.543573], [42.53749, -71.543586], [42.537481, -71.543598], [42.537473, -71.543616], [42.537466, -71.543632], [42.537459, -71.543647], [42.537452, -71.54366], [42.537442, -71.543674], [42.537431, -71.543683], [42.537415, -71.543691], [42.537398, -71.543695], [42.537381, -71.543695], [42.537366, -71.543691], [42.537356, -71.543682], [42.537349, -71.543669], [42.537346, -71.543657]]}, "7": {"path": [[42.537891, -71.543299], [42.540598, -71.544922]], "green": [[42.540514, -71.544967], [42.540529, -71.544989], [42.540548, -71.545013], [42.540568, -71.545035], [42.540585, -71.545049], [42.540611, -71.545061], [42.540641, -71.54507], [42.540667, -71.545072], [42.540688, -71.545055], [42.540703, -71.545034], [42.54071, -71.545008], [42.540713, -71.544984], [42.540712, -71.54496], [42.540708, -71.544925], [42.540697, -71.544904], [42.540684, -71.54488], [42.540666, -71.544854], [42.540647, -71.544832], [42.54063, -71.544812], [42.540612, -71.544792], [42.540596, -71.544781], [42.540579, -71.544773], [42.540555, -71.544772], [42.540534, -71.544781], [42.540518, -71.544794], [42.540507, -71.544816], [42.5405, -71.544846], [42.540498, -71.544876], [42.540498, -71.544908], [42.540501, -71.544932], [42.540506, -71.544953], [42.540514, -71.544967]]}, "8": {"path": [[42.541027, -71.544702], [42.542114, -71.545942], [42.542975, -71.548212]], "green": [[42.542884, -71.548252], [42.542911, -71.54827], [42.542943, -71.548297], [42.542969, -71.548324], [42.542995, -71.548348], [42.543014, -71.548365], [42.543035, -71.548377], [42.54305, -71.548385], [42.543073, -71.548387], [42.543092, -71.548373], [42.543106, -71.548352], [42.543113, -71.54832], [42.543111, -71.548283], [42.543098, -71.548258], [42.543081, -71.548234], [42.543061, -71.548206], [42.543044, -71.548184], [42.543029, -71.548155], [42.54302, -71.548127], [42.543008, -71.548097], [42.542996, -71.548076], [42.542981, -71.548057], [42.542957, -71.548045], [42.542934, -71.548043], [42.54291, -71.548045], [42.542889, -71.548054], [42.542874, -71.548073], [42.542858, -71.548093], [42.542842, -71.548117], [42.542836, -71.548143], [42.542838, -71.548173], [42.542846, -71.548203], [42.542862, -71.548229], [42.542884, -71.548252]]}, "9": {"path": [[42.543164, -71.547567], [42.543832, -71.549402], [42.544826, -71.550904]],