{"holes": {"1": {"path": [[42.260457, -71.555559], [42.258936, -71.555229], [42.257208, -71.55563]], "green": [[42.257243, -71.555752], [42.257257, -71.555734], [42.257273, -71.555707], [42.257285, -71.555684], [42.257295, -71.555659], [42.257306, -71.555628], [42.25731, -71.555604], [42.257312, -71.555575], [42.257312, -71.555543], [42.257302, -71.555512], [42.25729, -71.555488], [42.257272, -71.555472], [42.257252, -71.555463], [42.25723, -71.55546], [42.257209, -71.555463], [42.257187, -71.555469], [42.257171, -71.555481], [42.257151, -71.555509], [42.257138, -71.555537], [42.257124, -71.55557], [42.257115, -71.555598], [42.257107, -71.555627], [42.257103, -71.555662], [42.257103, -71.555695], [42.257107, -71.555721], [42.257112, -71.555742], [42.257123, -71.555764], [42.257139, -71.555778], [42.257157, -71.555788], [42.257185, -71.555788], [42.257211, -71.55578], [42.257229, -71.555769], [42.257243, -71.555752]]}, "2": {"path": [[42.257191, -71.556209], [42.258821, -71.555919], [42.260308, -71.556081]], "green": [[42.260254, -71.556169], [42.260279, -71.556196], [42.260303, -71.556214], [42.260337, -71.556226], [42.26036, -71.55622], [42.260386, -71.556202], [42.260398, -71.556182], [42.260405, -71.556157], [42.260408, -71.556112], [42.260404, -71.55607], [42.260396, -71.556043], [42.260382, -71.556005], [42.260363, -71.555978], [42.26034, -71.555956], [42.260314, -71.555942], [42.260283, -71.555938], [42.260253, -71.555943], [42.260231, -71.555956], [42.260212, -71.555977], [42.260199, -71.556009], [42.260196, -71.556051], [42.260206, -71.556097], [42.260229, -71.556139], [42.260254, -71.556169]]}, "3": {"path": [[42.260451, -71.556667], [42.258055, -71.556682], [42.256379, -71.55687]], "green": [[42.256414, -71.556977], [42.256429, -71.556966], [42.256439, -71.556958], [42.256453, -71.556942], [42.256461, -71.556917], [42.25647, -71.556896], [42.256476, -71.556873], [42.256476, -71.556851], [42.256467, -71.556824], [42.256459, -71.556809], [42.256448, -71.556794], [42.256434, -71.556781], [42.256417, -71.556769], [42.256402, -71.556747], [42.256381, -71.55674], [42.256355, -71.556738], [42.256335, -71.556747], [42.256318, -71.556762], [42.256299, -71.556781], [42.256286, -71.556803], [42.256277, -71.55683], [42.256271, -71.556859], [42.256273, -71.556889], [42.256282, -71.55692], [42.256289, -71.556942], [42.256305, -71.55696], [42.256322, -71.556973], [42.256344, -71.556983], [42.256369, -71.556988], [42.256394, -71.556985], [42.256414, -71.556977]]}, "4": {"path": [[42.256493, -71.55726], [42.258334, -71.557387], [42.260098, -71.557332]], "green": [[42.260024, -71.55743], [42.260037, -71.557439], [42.260054, -71.557449], [42.260081, -71.557459], [42.260105, -71.557463], [42.260127, -71.557463], [42.260157, -71.557458], [42.260176, -71.557448], [42.260193, -71.557431], [42.26021, -71.557407], [42.260219, -71.557374], [42.260223, -71.557347], [42.260221, -71.557318], [42.260214, -71.557291], [42.260201, -71.557262], [42.260187, -71.557236], [42.260166, -71.557211], [42.260148, -71.557195], [42.260122, -71.557183], [42.260096, -71.557178], [42.260071, -71.557178], [42.260046, -71.557186], [42.260029, -71.557203], [42.260014, -71.557224], [42.260004, -71.557255], [42.259998, -71.557279], [42.259992, -71.557309], [42.259988, -71.55734], [42.259991, -71.557366], [42.259998, -71.557391], [42.260008, -71.55741], [42.260024, -71.55743]]}, "5": {"path": [[42.260501, -71.558328], [42.262328, -71.559147]], "green": [[42.262228, -71.559164], [42.262234, -71.559181], [42.262242, -71.559198], [42.262252, -71.559212], [42.262266, -71.559228], [42.262283, -71.559245], [42.262299, -71.559255], [42.262318, -71.559265], [42.262339, -71.559268], [42.262356, -71.55927], [42.262374, -71.559268], [42.262394, -71.559262], [42.262414, -71.559254], [42.262432, -71.559236], [42.262444, -71.559211], [42.262449, -71.559191], [42.26245, -71.55917], [42.262448, -71.55914], [42.262441, -71.559114], [42.262429, -71.559093], [42.262414, -71.559074], [42.262394, -71.559052], [42.262371, -71.559037], [42.262349, -71.559028], [42.262329, -71.55902], [42.26231, -71.559017], [42.262293, -71.55902], [42.262277, -71.559026], [42.262262, -71.559031], [42.262248, -71.559044], [42.262241, -71.55906], [42.26223, -71.559086], [42.262226, -71.559111], [42.262225, -71.559137], [42.262228, -71.559164]]}, "6": {"path": [[42.262655, -71.559818], [42.260624, -71.55899], [42.259628, -71.558776]], "green": [[42.259529, -71.558777], [42.259531, -71.558757], [42.259539, -71.558734], [42.259549, -71.558713], [42.259565, -71.558697], [42.259583, -71.558687], [42.259598, -71.55868], [42.259617, -71.558677], [42.259634, -71.558677], [42.259651, -71.558681], [42.259672, -71.55869], [42.259692, -71.558699], [42.259711, -71.558712], [42.259724, -71.558725], [42.259732, -71.558742], [42.259736, -71.558763], [42.259736, -71.558784], [42.259731, -71.558804], [42.259719, -71.558822], [42.259703, -71.55884], [42.259686, -71.558852], [42.259667, -71.558863], [42.259645, -71.558875], [42.259623, -71.558884], [42.259604, -71.558886], [42.259582, -71.558885], [42.259563, -71.558876], [42.25955, -71.558859], [42.259539, -71.558839], [42.259531, -71.558811], [42.259529, -71.558777]]}, "7": {"path": [[42.26011, -71.557894], [42.257955, -71.558129], [42.256028, -71.557525]], "green": [[42.255936, -71.557596], [42.255933, -71.557563], [42.255934, -71.557535], [42.255936, -71.557508], [42.255942, -71.557469], [42.25595, -71.557432], [42.255957, -71.55742], [42.255962, -71.557414], [42.255973, -71.557409], [42.255989, -71.557406], [42.256007, -71.557407], [42.256022, -71.557407], [42.25604, -71.557412], [42.256059, -71.557417], [42.256075, -71.557426], [42.256092, -71.557434], [42.256106, -71.557443], [42.256115, -71.557454], [42.256123, -71.557465], [42.256129, -71.557488], [42.25613, -71.557506], [42.256128, -71.55754], [42.256125, -71.557567], [42.256122, -71.55759], [42.256119, -71.557606], [42.256114, -71.557615], [42.25611, -71.557621], [42.256104, -71.557624], [42.256087, -71.557628], [42.256059, -71.557633], [42.255982, -71.557644], [42.255961, -71.557644], [42.255956, -71.557641], [42.255952, -71.557637], [42.255944, -71.557628], [42.255939, -71.557615], [42.255936, -71.557596]]}, "8": {"path": [[42.255805, -71.557208], [42.256706, -71.555699]], "green": [[42.256618, -71.555748], [42.256617, -71.555726], [42.256619, -71.555702], [42.25662, -71.555679], [42.256627, -71.555646], [42.256634, -71.555624], [42.256648, -71.555605], [42.256667, -71.555589], [42.256687, -71.555577], [42.256706, -71.555571], [42.256721, -71.555571], [42.25674, -71.555572], [42.256757, -71.555578], [42.256771, -71.555584], [42.256783, -71.555597], [42.256794, -71.555615], [42.256802, -71.555634], [42.256805, -71.555654], [42.256805, -71.555676], [42.256801, -71.555698], [42.256792, -71.555718], [42.256782, -71.55573], [42.25677, -71.555741], [42.256758, -71.555749], [42.256745, -71.555762], [42.256735, -71.555773], [42.256724, -71.555787], [42.256716, -71.5558], [42.256703, -71.555811], [42.25669, -71.555816], [42.256678, -71.555819], [42.256664, -71.555817], [42.25665, -71.55581], [42.256637, -71.555797], [42.25663, -71.555785], [42.256622, -71.555768], [42.256618, -71.555748]]}, "9": {"path": [[42.256721, -71.555232], [42.258826, -71.55457], [42.259942, -71.554623]],