{"holes": {"1": {"path": [[42.242813, -72.416078], [42.241048, -72.415924]], "green": [[42.240981, -72.415913], [42.240986, -72.415897], [42.240998, -72.415874], [42.241012, -72.41585], [42.241026, -72.415827], [42.241037, -72.415811], [42.241052, -72.415798], [42.241066, -72.415793], [42.241079, -72.415794], [42.241093, -72.415805], [42.241111, -72.415825], [42.241119, -72.415845], [42.241125, -72.415867], [42.241129, -72.415902], [42.241129, -72.415936], [42.241124, -72.415964], [42.241116, -72.415988], [42.241099, -72.416031], [42.241086, -72.416046], [42.24107, -72.416056], [42.241056, -72.416055], [42.241041, -72.416048], [42.241022, -72.416034], [42.241005, -72.416017], [42.240992, -72.415999], [42.240984, -72.415981], [42.24098, -72.415969], [42.240977, -72.415947], [42.240977, -72.415934], [42.240981, -72.415913]]}, "2": {"path": [[42.241096, -72.416967], [42.243852, -72.41785], [42.245128, -72.417917], [42.245434, -72.41813]], "green": [[42.245504, -72.41824], [42.245481, -72.418249], [42.245468, -72.418251], [42.245452, -72.41825], [42.245444, -72.41825], [42.245418, -72.418234], [42.245408, -72.418224], [42.245376, -72.418186], [42.245313, -72.418102], [42.245305, -72.418082], [42.245301, -72.418065], [42.2453, -72.418046], [42.245304, -72.418029], [42.245314, -72.418009], [42.245328, -72.417996], [42.245344, -72.417991], [42.24536, -72.417993], [42.245376, -72.418], [42.245404, -72.418018], [42.245441, -72.418051], [42.245464, -72.418065], [42.245476, -72.418071], [42.245488, -72.418078], [42.245518, -72.418096], [42.245534, -72.418119], [42.245539, -72.418133], [42.24554, -72.418149], [42.245538, -72.418173], [42.245531, -72.418205], [42.245526, -72.418217], [42.245519, -72.418228], [42.245511, -72.418236], [42.245504, -72.41824]]}, "3": {"path": [[42.24436, -72.419412], [42.243317, -72.418973]], "green": [[42.243401, -72.419053], [42.24339, -72.419072], [42.243383, -72.419082], [42.243371, -72.419093], [42.243355, -72.419101], [42.243337, -72.419101], [42.243315, -72.4191], [42.243296, -72.419088], [42.243285, -72.419076], [42.243275, -72.419059], [42.243265, -72.419043], [42.243243, -72.419009], [42.243227, -72.418982], [42.243216, -72.418967], [42.243212, -72.418956], [42.243209, -72.418941], [42.243211, -72.418922], [42.243216, -72.418909], [42.243223, -72.418899], [42.243233, -72.41889], [42.243246, -72.418882], [42.243255, -72.418878], [42.243267, -72.418874], [42.24328, -72.418874], [42.243292, -72.418881], [42.243304, -72.418891], [42.243318, -72.418906], [42.243334, -72.418915], [42.243342, -72.418917], [42.243353, -72.41892], [42.243362, -72.418921], [42.243384, -72.418922], [42.243399, -72.418926], [42.243405, -72.418931], [42.243409, -72.418942], [42.243412, -72.418955], [42.243418, -72.418975], [42.243418, -72.418999], [42.243409, -72.419032], [42.243401, -72.419053]]}, "4": {"path": [[42.242812, -72.420415], [42.240655, -72.417836], [42.240059, -72.416611], [42.240093, -72.416222]], "green": [[42.240025, -72.416259], [42.240059, -72.416126], [42.240073, -72.416094], [42.240081, -72.416083], [42.240097, -72.41607], [42.24011, -72.416064], [42.240125, -72.416056], [42.240139, -72.416058], [42.240154, -72.416067], [42.240164, -72.416083], [42.24017, -72.416101], [42.240173, -72.416121], [42.24017, -72.416155], [42.240136, -72.416277], [42.240123, -72.41633], [42.240114, -72.416349], [42.240104, -72.416362], [42.240095, -72.416371], [42.240084, -72.416376], [42.240066, -72.416376], [42.240057, -72.416371], [42.240043, -72.416356], [42.240034, -72.416338], [42.240029, -72.416324], [42.240026, -72.416305], [42.240024, -72.416274], [42.240025, -72.416259]]}, "5": {"path": [[42.238927, -72.416397], [42.240683, -72.418933], [42.24158, -72.419934]], "green": [[42.241679, -72.420074], [42.24167, -72.420083], [42.241657, -72.420086], [42.241646, -72.420086], [42.241631, -72.420077], [42.241614, -72.420066], [42.241605, -72.420052], [42.241598, -72.420035], [42.241591, -72.420013], [42.241582, -72.419994], [42.241571, -72.419975], [42.241557, -72.419956], [42.241542, -72.419946], [42.241528, -72.419938], [42.241507, -72.419928], [42.241492, -72.419919], [42.241479, -72.419908], [42.24147, -72.419894], [42.241467, -72.419886], [42.241463, -72.419869], [42.241463, -72.419854], [42.241466, -72.419829], [42.24147, -72.419817], [42.241476, -72.419806], [42.241489, -72.419792], [42.241496, -72.419786], [42.241514, -72.419781], [42.24153, -72.41978], [42.241552, -72.419789], [42.241568, -72.419801], [42.241582, -72.419813], [42.241594, -72.419831], [42.241605, -72.419849], [42.241609, -72.419862], [42.241614, -72.419885], [42.241622, -72.419909], [42.241633, -72.419931], [42.241641, -72.419946], [42.241648, -72.419953], [42.241661, -72.419967], [42.24168, -72.419984], [42.241688, -72.419998], [42.241692, -72.420019], [42.241692, -72.420042], [42.241688, -72.420061], [42.241679, -72.420074]]}, "6": {"path": [[42.240894, -72.419788], [42.239386, -72.417828]], "green": [[42.239333, -72.417891], [42.23933, -72.417753], [42.239333, -72.417724], [42.23934, -72.417701], [42.23935, -72.417684], [42.239359, -72.417675], [42.23937, -72.417667], [42.239382, -72.417665], [42.2394, -72.417669], [42.23941, -72.417677], [42.239414, -72.417685], [42.239424, -72.417711], [42.239429, -72.417726], [42.23943, -72.417748], [42.23943, -72.417777], [42.239429, -72.4178], [42.239429, -72.417815], [42.239429, -72.417845], [42.239429, -72.41787], [42.239429, -72.4179], [42.239427, -72.417926], [42.239419, -72.417953], [42.239412, -72.417964], [42.239403, -72.417971], [42.239388, -72.417977], [42.239379, -72.417975], [42.239368, -72.41797], [42.239357, -72.417961], [42.239352, -72.417953], [42.239346, -72.417941], [42.23934, -72.417928], [42.239336, -72.417915], [42.239333, -72.417891]]}, "7": {"path": [[42.239064, -72.42035], [42.238429, -72.417399], [42.238807, -72.415056]], "green": [[42.238994, -72.415183], [42.238977, -72.415201], [42.238962, -72.41521], [42.238943, -72.415217], [42.238917, -72.415219], [42.238892, -72.415215], [42.238709, -72.415174], [42.238689, -72.415165], [42.238659, -72.415152], [42.238639, -72.415138], [42.238619, -72.415114], [42.2386, -72.41508], [42.238589, -72.41505], [42.238584, -72.415035], [42.238584, -72.415007], [42.23859, -72.414986], [42.238596, -72.41497], [42.238608, -72.414952], [42.238618, -72.414941], [42.238629, -72.414935], [42.238643, -72.414933], [42.238662, -72.414934], [42.238673, -72.414938], [42.23869, -72.41495], [42.238704, -72.414963], [42.238721, -72.414978], [42.238738, -72.414992], [42.238755, -72.415007], [42.238771, -72.415019], [42.238783, -72.415026], [42.238797, -72.415033], [42.23881, -72.415038], [42.238826, -72.415041], [42.238837, -72.415042], [42.238847, -72.415041], [42.238857, -72.415038], [42.238869, -72.415031], [42.238883, -72.41502], [42.238927, -72.414992], [42.238939, -72.41499], [42.238963, -72.414994], [42.238982, -72.415007], [42.238998, -72.415023], [42.239007, -72.415038], [42.239014, -72.41506], [42.239019, -72.415077], [42.23902, -72.415099], [42.239018, -72.415128], [42.239013, -72.415149], [42.239008, -72.415161], [42.238994, -72.415183]]}, "8": {"path": [[42.237522, -72.413301], [42.239509, -72.414359], [42.239754, -72.415289]], "green": [[42.239825, -72.415328], [42.239726, -72.415404], [42.239712, -72.415415], [42.239698, -72.415416], [42.239685, -72.415412], [42.239676, -72.415403], [42.239665, -72.415391], [42.239657, -72.415375], [42.239653, -72.415358], [42.239649, -72.415335], [42.239646, -72.415317], [42.239651, -72.415285], [42.239654, -72.415274], [42.239664, -72.41526], [42.23968, -72.415245], [42.23972, -72.415219], [42.239755, -72.415199], [42.239798, -72.415172], [42.23982, -72.415164], [42.239838, -72.415168], [42.23985, -72.415178], [42.23986, -72.415191], [42.239865, -72.415206], [42.239867, -72.415222], [42.239864, -72.41525], [42.23986, -72.41527], [42.239855, -72.415288], [42.239842, -72.415311], [42.239825, -72.415328]]},