{"holes": {"1": {"path": [[42.032734, -71.680414], [42.034779, -71.680105], [42.035531, -71.680603]], "green": [[42.035618, -71.680686], [42.035583, -71.680718], [42.035542, -71.680733], [42.035514, -71.68073], [42.035484, -71.680717], [42.035457, -71.680694], [42.035438, -71.68067], [42.035415, -71.680637], [42.035407, -71.680598], [42.03541, -71.680575], [42.035424, -71.680548], [42.035439, -71.68053], [42.035474, -71.680508], [42.035501, -71.680485], [42.035525, -71.680476], [42.03555, -71.680476], [42.035583, -71.680487], [42.035607, -71.680513], [42.035623, -71.680546], [42.035631, -71.680571], [42.035634, -71.680605], [42.035632, -71.680635], [42.035629, -71.680658], [42.035618, -71.680686]]}, "2": {"path": [[42.034872, -71.681021], [42.036099, -71.681872]], "green": [[42.036, -71.681905], [42.036023, -71.681922], [42.036047, -71.681941], [42.03606, -71.681954], [42.036075, -71.681966], [42.036083, -71.681971], [42.03609, -71.681974], [42.036099, -71.681977], [42.036108, -71.68198], [42.036116, -71.681983], [42.036125, -71.681985], [42.036135, -71.681986], [42.036144, -71.681987], [42.036153, -71.681987], [42.036161, -71.681985], [42.03617, -71.681983], [42.036179, -71.681979], [42.036186, -71.681975], [42.036198, -71.681965], [42.036207, -71.681953], [42.036213, -71.681942], [42.03622, -71.681927], [42.036222, -71.681919], [42.036224, -71.681911], [42.036226, -71.681898], [42.036227, -71.681888], [42.036227, -71.681879], [42.036226, -71.681867], [42.036223, -71.681855], [42.036221, -71.681849], [42.03622, -71.681842], [42.036217, -71.681833], [42.036214, -71.681826], [42.03621, -71.681818], [42.036206, -71.681812], [42.0362, -71.681805], [42.036194, -71.681799], [42.036187, -71.681795], [42.03618, -71.681791], [42.036165, -71.681786], [42.036147, -71.681781], [42.036139, -71.68178], [42.036131, -71.68178], [42.036111, -71.681781], [42.036093, -71.681781], [42.036068, -71.681782], [42.036047, -71.681781], [42.036028, -71.681781], [42.036012, -71.681783], [42.035998, -71.681786], [42.035986, -71.681789], [42.035976, -71.681794], [42.035974, -71.681795], [42.03597, -71.681799], [42.035966, -71.681804], [42.035963, -71.681809], [42.03596, -71.681816], [42.035958, -71.681823], [42.035956, -71.681831], [42.035956, -71.681837], [42.035956, -71.681843], [42.035957, -71.681856], [42.035959, -71.681862], [42.035961, -71.681867], [42.035963, -71.681873], [42.035968, -71.681879], [42.03598, -71.681888], [42.036, -71.681905]]}, "3": {"path": [[42.036903, -71.682271], [42.035927, -71.679842], [42.033723, -71.678717]], "green": [[42.03383, -71.678777], [42.033813, -71.678781], [42.033794, -71.678786], [42.033765, -71.678788], [42.033714, -71.678793], [42.033695, -71.678796], [42.033676, -71.678797], [42.033652, -71.678792], [42.033627, -71.678787], [42.033606, -71.678772], [42.033596, -71.678762], [42.033587, -71.678746], [42.033581, -71.678721], [42.033581, -71.678693], [42.033587, -71.678673], [42.033597, -71.678651], [42.033611, -71.678633], [42.033628, -71.678618], [42.033647, -71.678615], [42.033668, -71.678614], [42.033689, -71.678614], [42.033711, -71.678618], [42.033727, -71.678629], [42.03375, -71.678647], [42.033767, -71.678662], [42.033787, -71.678679], [42.0338, -71.678691], [42.033814, -71.678698], [42.033831, -71.678709], [42.03384, -71.678717], [42.033843, -71.678726], [42.033846, -71.67874], [42.033844, -71.678758], [42.03384, -71.678768], [42.033836, -71.678774], [42.03383, -71.678777]]}, "4": {"path": [[42.033634, -71.678195], [42.035704, -71.678453], [42.036481, -71.678983]], "green": [[42.036454, -71.679075], [42.036427, -71.679018], [42.036415, -71.67899], [42.036402, -71.678968], [42.036388, -71.67895], [42.036371, -71.678927], [42.036358, -71.678907], [42.03635, -71.678878], [42.036353, -71.678856], [42.036359, -71.678839], [42.036371, -71.678819], [42.036393, -71.678803], [42.036416, -71.678798], [42.036432, -71.678806], [42.036455, -71.678828], [42.036481, -71.678864], [42.036527, -71.678934], [42.036545, -71.678955], [42.036563, -71.678964], [42.036583, -71.678972], [42.036597, -71.678982], [42.036606, -71.678999], [42.036611, -71.679017], [42.036608, -71.679046], [42.0366, -71.679069], [42.036578, -71.679112], [42.036571, -71.679122], [42.036551, -71.679147], [42.036537, -71.679157], [42.036519, -71.679157], [42.036506, -71.679151], [42.03649, -71.679133], [42.036476, -71.679114], [42.036454, -71.679075]]}, "5": {"path": [[42.03584, -71.679072], [42.036868, -71.680089]], "green": [[42.036963, -71.680151], [42.036943, -71.680177], [42.036929, -71.680191], [42.036906, -71.680205], [42.036879, -71.680215], [42.036861, -71.680217], [42.036849, -71.680216], [42.036832, -71.680209], [42.036814, -71.680198], [42.036805, -71.68019], [42.036782, -71.680154], [42.036764, -71.680118], [42.036752, -71.680086], [42.036748, -71.680069], [42.036747, -71.680046], [42.036751, -71.680025], [42.036761, -71.680002], [42.036776, -71.679983], [42.036787, -71.679977], [42.036805, -71.679973], [42.036826, -71.679971], [42.036852, -71.679974], [42.036878, -71.679976], [42.036909, -71.679986], [42.036946, -71.680002], [42.036961, -71.680014], [42.03697, -71.680025], [42.036977, -71.68004], [42.036981, -71.680059], [42.036982, -71.680083], [42.036978, -71.680113], [42.036971, -71.680134], [42.036963, -71.680151]]}, "6": {"path": [[42.037649, -71.680428], [42.037495, -71.67764], [42.037179, -71.676322]], "green": [[42.037256, -71.676333], [42.03725, -71.676383], [42.037244, -71.676424], [42.037239, -71.67644], [42.037227, -71.676457], [42.037214, -71.676466], [42.037196, -71.676476], [42.037179, -71.676479], [42.03716, -71.676479], [42.037147, -71.67647], [42.037133, -71.676458], [42.037123, -71.676444], [42.037117, -71.676427], [42.037107, -71.676391], [42.037102, -71.676367], [42.037098, -71.67633], [42.037096, -71.676304], [42.037096, -71.676241], [42.0371, -71.676221], [42.037107, -71.676203], [42.037118, -71.676189], [42.037138, -71.676174], [42.037157, -71.676167], [42.037178, -71.676165], [42.037191, -71.676167], [42.037208, -71.676176], [42.037228, -71.676194], [42.037239, -71.676211], [42.037247, -71.676234], [42.037252, -71.676254], [42.037255, -71.676275], [42.037256, -71.676295], [42.037256, -71.676333]]}, "7": {"path": [[42.036454, -71.675558], [42.036819, -71.677927], [42.037213, -71.678957]], "green": [[42.037324, -71.679045], [42.037298, -71.679075], [42.037272, -71.679095], [42.037249, -71.679108], [42.037227, -71.679116], [42.037203, -71.679122], [42.037173, -71.679122], [42.037133, -71.6791], [42.037115, -71.679081], [42.037101, -71.679054], [42.037092, -71.679021], [42.037082, -71.678936], [42.037079, -71.678892], [42.037081, -71.678866], [42.03709, -71.678843], [42.037101, -71.678815], [42.037113, -71.678798], [42.037129, -71.678793], [42.037147, -71.6788], [42.037168, -71.678816], [42.037189, -71.678838], [42.037206, -71.678853], [42.037222, -71.678866], [42.037249, -71.678876], [42.037271, -71.678884], [42.0373, -71.678901], [42.03731, -71.678909], [42.03732, -71.678922], [42.037328, -71.678941], [42.037334, -71.678969], [42.037335, -71.678996], [42.037333, -71.679014], [42.037328, -71.67903], [42.037324, -71.679045]]}, "8": {"path": [[42.036704, -71.678406], [42.03299, -71.676988], [42.032223, -71.676896]],