{"holes": {"1": {"path": [[41.695806, -70.061417], [41.694185, -70.060534], [41.693145, -70.06098]], "green": [[41.693296, -70.061003], [41.693255, -70.061046], [41.693189, -70.061089], [41.693165, -70.061108], [41.693137, -70.061123], [41.693113, -70.061123], [41.693091, -70.06111], [41.693054, -70.061073], [41.693026, -70.061036], [41.692999, -70.061003], [41.69298, -70.060932], [41.693001, -70.060884], [41.693034, -70.060854], [41.693072, -70.060845], [41.693105, -70.060857], [41.693152, -70.060868], [41.69323, -70.060877], [41.693245, -70.060875], [41.693304, -70.060907], [41.693308, -70.060956], [41.693296, -70.061003]]}, "2": {"path": [[41.692697, -70.061258], [41.693101, -70.058896], [41.694043, -70.056419]], "green": [[41.693965, -70.056567], [41.693952, -70.056529], [41.693939, -70.056485], [41.693937, -70.056449], [41.693938, -70.056414], [41.693942, -70.056387], [41.69395, -70.056364], [41.693963, -70.05634], [41.693976, -70.056314], [41.693995, -70.056286], [41.694012, -70.056276], [41.694029, -70.056268], [41.694046, -70.056265], [41.694063, -70.056264], [41.694083, -70.056268], [41.694099, -70.056277], [41.694116, -70.056284], [41.694124, -70.0563], [41.694134, -70.056316], [41.694139, -70.056339], [41.69414, -70.056361], [41.694137, -70.056393], [41.694129, -70.056419], [41.69412, -70.056453], [41.694115, -70.056478], [41.694106, -70.056504], [41.694099, -70.056538], [41.694087, -70.05658], [41.694082, -70.05661], [41.694055, -70.056601], [41.694029, -70.056591], [41.694002, -70.056581], [41.693985, -70.056574], [41.693965, -70.056567]]}, "3": {"path": [[41.694373, -70.056571], [41.694142, -70.058786], [41.695075, -70.0601]], "green": [[41.694991, -70.059997], [41.694981, -70.06005], [41.694999, -70.060127], [41.695007, -70.060187], [41.695016, -70.060241], [41.695049, -70.060265], [41.695084, -70.060273], [41.695108, -70.060264], [41.695126, -70.060236], [41.695147, -70.060192], [41.695149, -70.060166], [41.695149, -70.060142], [41.695163, -70.060061], [41.69515, -70.060023], [41.695133, -70.059982], [41.695101, -70.059948], [41.695098, -70.059947], [41.695048, -70.059935], [41.69501, -70.059958], [41.694991, -70.059997]]}, "6": {"path": [[41.697172, -70.053591], [41.69563, -70.054428], [41.694841, -70.055199]], "green": [[41.694908, -70.055133], [41.694908, -70.055152], [41.694904, -70.055168], [41.694902, -70.055194], [41.694901, -70.055225], [41.694899, -70.055249], [41.694894, -70.055272], [41.694887, -70.055291], [41.694882, -70.055308], [41.694877, -70.055317], [41.694866, -70.05533], [41.694842, -70.055342], [41.694827, -70.055345], [41.694814, -70.055339], [41.694799, -70.055335], [41.694787, -70.055328], [41.694775, -70.055312], [41.694758, -70.055278], [41.69474, -70.055231], [41.694725, -70.055198], [41.694716, -70.055165], [41.694725, -70.055133], [41.69475, -70.055092], [41.694771, -70.055066], [41.694792, -70.055037], [41.694826, -70.055006], [41.694888, -70.055023], [41.694907, -70.055056], [41.69491, -70.055083], [41.69491, -70.055098], [41.694912, -70.055116], [41.694908, -70.055133]]}, "7": {"path": [[41.694388, -70.054749], [41.69345, -70.056151]], "green": [[41.693442, -70.056261], [41.693454, -70.056243], [41.693468, -70.056223], [41.693485, -70.05619], [41.693503, -70.056168], [41.69352, -70.056149], [41.693537, -70.056131], [41.693543, -70.05612], [41.693549, -70.056111], [41.693554, -70.056106], [41.693557, -70.056101], [41.69356, -70.056091], [41.693561, -70.05608], [41.693561, -70.056071], [41.693561, -70.056062], [41.693539, -70.056], [41.693511, -70.05596], [41.693474, -70.055955], [41.693452, -70.055972], [41.693433, -70.055995], [41.693398, -70.056046], [41.693332, -70.056152], [41.693328, -70.056167], [41.693328, -70.05618], [41.69333, -70.056189], [41.693336, -70.056199], [41.693343, -70.056213], [41.693349, -70.056222], [41.693358, -70.056234], [41.693366, -70.056245], [41.693377, -70.056258], [41.693393, -70.056268], [41.693404, -70.056274], [41.693414, -70.056273], [41.693429, -70.056266], [41.693442, -70.056261]]}, "8": {"path": [[41.692864, -70.057249], [41.691893, -70.062321]], "green": [[41.691945, -70.062431], [41.692041, -70.062298], [41.692053, -70.062281], [41.692049, -70.062209], [41.692015, -70.062179], [41.691961, -70.062152], [41.691929, -70.062165], [41.691895, -70.062182], [41.691848, -70.062215], [41.6918, -70.06225], [41.691779, -70.062283], [41.691766, -70.062321], [41.691764, -70.062372], [41.691777, -70.062412], [41.691807, -70.062444], [41.691831, -70.062455], [41.69186, -70.062451], [41.691882, -70.062448], [41.691917, -70.062437], [41.691945, -70.062431]]}, "9": {"path": [[41.692485, -70.062157], [41.69413, -70.061421], [41.695412, -70.062172]], "green": [[41.69527, -70.062078], [41.695274, -70.062106], [41.695281, -70.062145], [41.695293, -70.062193], [41.695312, -70.062238], [41.695335, -70.062271], [41.695348, -70.06229], [41.695358, -70.062303], [41.695368, -70.062308], [41.695381, -70.062314], [41.695391, -70.062316], [41.695401, -70.062314], [41.695414, -70.062309], [41.695427, -70.062303], [41.695439, -70.062297], [41.695449, -70.062287], [41.695459, -70.062275], [41.695472, -70.062262], [41.695487, -70.062246], [41.695501, -70.06223], [41.695511, -70.062219], [41.695521, -70.062205], [41.695531, -70.062186], [41.695538, -70.06217], [41.695539, -70.06215], [41.695538, -70.062135], [41.695536, -70.062125], [41.695531, -70.062115], [41.695524, -70.062107], [41.695515, -70.062101], [41.695503, -70.0621], [41.695472, -70.062103], [41.695435, -70.062103], [41.695414, -70.062095], [41.695393, -70.062085], [41.69538, -70.062069], [41.695362, -70.062053], [41.69534, -70.062024], [41.695321, -70.062013], [41.695302, -70.062017], [41.695285, -70.062029], [41.695277, -70.062044], [41.69527, -70.062078]]}, "10": {"path": [[41.6965, -70.060367], [41.69674, -70.057775], [41.696514, -70.056612]], "green": [[41.69657, -70.056733], [41.696583, -70.056719], [41.696591, -70.056703], [41.696594, -70.056682], [41.696599, -70.056658], [41.696597, -70.056627], [41.696596, -70.056606], [41.696593, -70.056578], [41.696588, -70.056555], [41.696582, -70.056526], [41.696574, -70.056508], [41.696555, -70.056478], [41.696537, -70.056462], [41.69652, -70.056451], [41.696493, -70.056444], [41.696475, -70.056447], [41.696455, -70.056463], [41.696436, -70.056483], [41.696407, -70.056536], [41.696401, -70.056568], [41.696404, -70.056608], [41.696415, -70.056642], [41.696431, -70.056688], [41.69644, -70.056718], [41.69645, -70.056733], [41.696461, -70.056743], [41.696478, -70.056754], [41.696504, -70.056765], [41.696533, -70.056763], [41.69657, -70.056733]]}, "11": {"path": [[41.695774, -70.056535], [41.697221, -70.055433], [41.697502, -70.053912]], "green": [[41.697557, -70.05403], [41.697575, -70.053964], [41.697578, -70.053925], [41.697573, -70.053878], [41.697564, -70.053846], [41.697558, -70.053829], [41.697545, -70.053804], [41.697526, -70.053787], [41.697517, -70.053779], [41.697505, -70.053776], [41.697494, -70.053775], [41.697483, -70.05378], [41.697472, -70.053788], [41.697462, -70.053802], [41.697453, -70.053812], [41.697445, -70.053828], [41.697436, -70.053841], [41.69743, -70.053858], [41.697426, -70.053872], [41.697428, -70.053905], [41.697441, -70.053959], [41.697454, -70.053983], [41.697464, -70.054002], [41.697483, -70.054024], [41.697489, -70.054036], [41.697501, -70.054044], [41.69751, -70.054047], [41.697519, -70.054051], [41.697528, -70.054051], [41.697535, -70.054046], [41.697543, -70.054038], [41.697557, -70.05403]]}, "12": {"path": [[41.698232, -70.053129], [41.69786, -70.055487], [41.697849, -70.056896]],