{"holes": {"1": {"path": [[42.264056, -71.624342], [42.267098, -71.626728]], "green": [[42.267195, -71.626798], [42.267184, -71.626822], [42.267174, -71.62684], [42.267165, -71.626849], [42.267155, -71.626858], [42.267144, -71.626863], [42.267135, -71.626866], [42.267123, -71.626866], [42.267113, -71.626864], [42.267103, -71.62686], [42.267093, -71.626852], [42.267082, -71.626841], [42.267064, -71.626821], [42.267044, -71.6268], [42.267028, -71.626786], [42.26702, -71.626777], [42.267009, -71.626762], [42.266999, -71.626745], [42.26699, -71.626722], [42.266987, -71.626707], [42.266986, -71.626693], [42.266987, -71.626676], [42.266987, -71.626657], [42.266992, -71.626638], [42.266998, -71.626624], [42.267005, -71.626613], [42.267015, -71.626606], [42.267024, -71.626601], [42.26704, -71.626598], [42.267048, -71.626597], [42.267066, -71.626599], [42.267078, -71.626602], [42.267092, -71.626609], [42.2671, -71.626615], [42.267136, -71.626631], [42.267151, -71.626638], [42.267157, -71.626644], [42.267171, -71.626664], [42.267182, -71.626687], [42.267189, -71.6267], [42.267194, -71.626705], [42.267201, -71.626717], [42.267206, -71.626736], [42.267208, -71.626744], [42.267207, -71.626759], [42.267203, -71.626778], [42.267195, -71.626798]]}, "2": {"path": [[42.26748, -71.626136], [42.268765, -71.627706], [42.26918, -71.628024]], "green": [[42.269278, -71.62806], [42.269271, -71.628087], [42.269264, -71.628104], [42.269257, -71.628116], [42.269246, -71.628131], [42.269236, -71.628141], [42.269224, -71.628151], [42.26921, -71.628158], [42.269203, -71.628161], [42.26919, -71.628161], [42.269179, -71.628161], [42.269158, -71.628151], [42.26914, -71.62814], [42.269122, -71.628125], [42.269105, -71.628109], [42.269096, -71.628096], [42.269088, -71.62808], [42.269079, -71.628058], [42.269074, -71.628044], [42.269067, -71.628022], [42.269067, -71.628009], [42.269066, -71.627988], [42.269067, -71.627963], [42.269073, -71.627936], [42.269081, -71.627922], [42.269094, -71.627898], [42.269107, -71.627884], [42.269126, -71.62787], [42.26915, -71.627863], [42.269173, -71.627862], [42.269204, -71.627872], [42.269229, -71.627889], [42.269234, -71.627894], [42.269256, -71.627921], [42.269269, -71.627944], [42.269276, -71.627959], [42.269281, -71.627979], [42.269282, -71.627993], [42.269283, -71.628009], [42.269283, -71.628028], [42.269278, -71.62806]]}, "3": {"path": [[42.2691, -71.628431], [42.267474, -71.630402], [42.266405, -71.632957]], "green": [[42.266479, -71.632859], [42.266502, -71.632943], [42.266509, -71.63297], [42.266511, -71.632995], [42.266509, -71.633015], [42.266505, -71.633039], [42.266495, -71.633064], [42.266487, -71.633073], [42.266473, -71.633088], [42.266462, -71.633097], [42.266445, -71.633108], [42.266427, -71.633112], [42.26641, -71.633113], [42.266392, -71.63311], [42.266371, -71.6331], [42.266354, -71.633087], [42.266338, -71.633074], [42.266323, -71.633057], [42.266308, -71.633034], [42.2663, -71.633016], [42.266295, -71.633004], [42.266293, -71.63299], [42.266292, -71.632973], [42.266293, -71.632949], [42.266297, -71.632933], [42.266301, -71.632919], [42.266312, -71.632894], [42.266321, -71.632879], [42.266374, -71.632815], [42.266386, -71.632802], [42.266394, -71.632798], [42.266406, -71.632795], [42.266421, -71.632797], [42.266429, -71.632798], [42.266446, -71.632805], [42.266451, -71.632811], [42.266463, -71.632825], [42.26647, -71.632836], [42.266474, -71.632846], [42.266479, -71.632859]]}, "4": {"path": [[42.266237, -71.632191], [42.267086, -71.629668], [42.267866, -71.628274]], "green": [[42.267957, -71.628259], [42.267952, -71.628278], [42.267945, -71.628294], [42.267938, -71.628306], [42.267927, -71.628316], [42.267921, -71.628327], [42.267909, -71.628347], [42.267899, -71.628362], [42.267889, -71.628375], [42.267878, -71.628387], [42.267871, -71.628393], [42.267856, -71.628403], [42.267845, -71.628405], [42.267834, -71.628406], [42.267816, -71.628406], [42.267801, -71.6284], [42.267791, -71.628392], [42.267779, -71.628379], [42.26777, -71.628365], [42.267766, -71.628354], [42.267763, -71.628343], [42.267757, -71.628311], [42.267759, -71.628282], [42.267765, -71.628261], [42.267772, -71.62824], [42.267782, -71.628214], [42.267793, -71.628192], [42.267807, -71.628174], [42.267818, -71.628157], [42.267836, -71.628137], [42.267853, -71.628124], [42.267869, -71.628123], [42.267886, -71.628124], [42.2679, -71.62813], [42.267915, -71.628139], [42.267933, -71.628156], [42.267944, -71.628174], [42.267953, -71.628193], [42.267958, -71.628209], [42.26796, -71.628223], [42.267961, -71.628235], [42.26796, -71.628248], [42.267957, -71.628259]]}, "5": {"path": [[42.26865, -71.628448], [42.267442, -71.627101]], "green": [[42.267538, -71.627177], [42.267528, -71.627195], [42.267519, -71.627206], [42.26751, -71.627217], [42.267501, -71.627224], [42.267487, -71.62723], [42.267476, -71.62723], [42.267463, -71.62723], [42.267455, -71.627228], [42.267443, -71.627226], [42.267426, -71.627215], [42.267408, -71.627205], [42.267389, -71.627188], [42.267376, -71.627176], [42.267364, -71.62716], [42.267356, -71.627146], [42.267349, -71.627131], [42.267345, -71.62712], [42.267342, -71.627106], [42.267341, -71.627093], [42.267341, -71.627076], [42.267342, -71.627057], [42.267346, -71.627044], [42.267353, -71.627022], [42.267358, -71.62701], [42.267366, -71.626998], [42.267375, -71.626986], [42.267388, -71.626972], [42.2674, -71.626965], [42.267414, -71.626958], [42.267427, -71.626957], [42.267441, -71.626956], [42.267452, -71.62696], [42.267467, -71.626971], [42.267479, -71.626982], [42.267513, -71.627014], [42.26753, -71.627036], [42.267541, -71.62705], [42.267548, -71.627067], [42.267552, -71.627087], [42.267553, -71.627105], [42.267552, -71.627126], [42.267549, -71.627147], [42.267538, -71.627177]]}, "6": {"path": [[42.26694, -71.628107], [42.265589, -71.626221], [42.264677, -71.625914]], "green": [[42.264794, -71.625958], [42.264787, -71.62598], [42.264775, -71.626001], [42.26476, -71.626015], [42.264747, -71.626024], [42.264734, -71.626029], [42.264721, -71.62603], [42.264707, -71.626029], [42.264699, -71.626025], [42.264679, -71.626017], [42.264654, -71.626005], [42.264638, -71.626002], [42.264622, -71.626], [42.264607, -71.625999], [42.264589, -71.625996], [42.264573, -71.625987], [42.264561, -71.625975], [42.264555, -71.62596], [42.264552, -71.625946], [42.264548, -71.625917], [42.264547, -71.62589], [42.264551, -71.625866], [42.264558, -71.625843], [42.264567, -71.625823], [42.264578, -71.625809], [42.264592, -71.625795], [42.264607, -71.625785], [42.264627, -71.625778], [42.264645, -71.625774], [42.264666, -71.625778], [42.264686, -71.625784], [42.264699, -71.62579], [42.264729, -71.625809], [42.264752, -71.625825], [42.264768, -71.625842], [42.264779, -71.625856], [42.264788, -71.625873], [42.264793, -71.625889], [42.264795, -71.6259], [42.264797, -71.625914], [42.264798, -71.625932], [42.264794, -71.625958]]}, "7": {"path": [[42.264368, -71.626594], [42.263855, -71.624906]], "green": [[42.263941, -71.624934], [42.263928, -71.624962], [42.263912, -71.624987], [42.263901, -71.625005], [42.263884, -71.625022], [42.263871, -71.625031], [42.263854, -71.62504], [42.263837, -71.625045], [42.263823, -71.625044], [42.263799, -71.62504], [42.263782, -71.625031], [42.263772, -71.625022], [42.263756, -71.625], [42.263748, -71.624985], [42.263745, -71.624962], [42.263746, -71.624938], [42.26375, -71.624914], [42.263761, -71.624881], [42.263779, -71.62484], [42.263796, -71.624806], [42.263813, -71.62478], [42.263829, -71.624763], [42.263849, -71.62475], [42.263864, -71.624747], [42.263885, -71.624748], [42.263905, -71.624755], [42.263923, -71.624772], [42.263936, -71.624792], [42.263943, -71.624811], [42.263947, -71.62483], [42.263949, -71.624852], [42.263949, -71.624881], [42.263946, -71.624908], [42.263941, -71.624934]]}, "8": {"path": [[42.26443, -71.623461], [42.267579, -71.625018]],