{"holes": {"1": {"path": [[42.717085, -71.011358], [42.715189, -71.012465], [42.714139, -71.011887]], "green": [[42.714216, -71.011824], [42.714252, -71.01189], [42.714263, -71.011919], [42.714267, -71.011948], [42.714261, -71.011981], [42.714245, -71.012011], [42.714223, -71.012027], [42.714199, -71.01203], [42.714155, -71.012032], [42.714098, -71.012025], [42.714064, -71.012016], [42.714047, -71.012], [42.714036, -71.011988], [42.714027, -71.011957], [42.714026, -71.011926], [42.714031, -71.011883], [42.714041, -71.011838], [42.714052, -71.011797], [42.714064, -71.011771], [42.71408, -71.011752], [42.714099, -71.01174], [42.714118, -71.011737], [42.714141, -71.011736], [42.714157, -71.011742], [42.714176, -71.011764], [42.714192, -71.011783], [42.714216, -71.011824]]}, "2": {"path": [[42.714377, -71.011572], [42.712485, -71.009837], [42.711567, -71.008603], [42.711017, -71.008814]], "green": [[42.71113, -71.008867], [42.711097, -71.008899], [42.711072, -71.008909], [42.711052, -71.008914], [42.711015, -71.008917], [42.710987, -71.008915], [42.710953, -71.008903], [42.710929, -71.008887], [42.710909, -71.008869], [42.710896, -71.008841], [42.710889, -71.008814], [42.710886, -71.008785], [42.71089, -71.008758], [42.710903, -71.008738], [42.710923, -71.00872], [42.710946, -71.008708], [42.71097, -71.008704], [42.710997, -71.008707], [42.711038, -71.00872], [42.711073, -71.008736], [42.7111, -71.008751], [42.711118, -71.008767], [42.71113, -71.008787], [42.711137, -71.008808], [42.711141, -71.00883], [42.711138, -71.008847], [42.71113, -71.008867]]}, "3": {"path": [[42.710374, -71.008552], [42.711708, -71.007019]], "green": [[42.711808, -71.007009], [42.7118, -71.007042], [42.711787, -71.007061], [42.711767, -71.007069], [42.711745, -71.007069], [42.711709, -71.007076], [42.711674, -71.007087], [42.711659, -71.007095], [42.711656, -71.007096], [42.711639, -71.007107], [42.711617, -71.007114], [42.711597, -71.007112], [42.711583, -71.007102], [42.711575, -71.007081], [42.711574, -71.007061], [42.711579, -71.007028], [42.711589, -71.007012], [42.711614, -71.00698], [42.711719, -71.006892], [42.71174, -71.006886], [42.711758, -71.006884], [42.711779, -71.006892], [42.711795, -71.006908], [42.711806, -71.006933], [42.711811, -71.006951], [42.711813, -71.006975], [42.711812, -71.006995], [42.711808, -71.007009]]}, "4": {"path": [[42.712325, -71.007132], [42.714508, -71.007074], [42.715796, -71.007965], [42.71602, -71.008569]], "green": [[42.71611, -71.008589], [42.716108, -71.008629], [42.716103, -71.008661], [42.716091, -71.008686], [42.716074, -71.008708], [42.716054, -71.008724], [42.71603, -71.008734], [42.716011, -71.008736], [42.715992, -71.008733], [42.71597, -71.008722], [42.715953, -71.008704], [42.715944, -71.00868], [42.715941, -71.00865], [42.715944, -71.00862], [42.715947, -71.008576], [42.715951, -71.008529], [42.715955, -71.008486], [42.715956, -71.008453], [42.715963, -71.008417], [42.715971, -71.008386], [42.715987, -71.008368], [42.716012, -71.008359], [42.716039, -71.008366], [42.716062, -71.008394], [42.71608, -71.008429], [42.716096, -71.008474], [42.716104, -71.008528], [42.71611, -71.008589]]}, "5": {"path": [[42.716019, -71.009212], [42.714007, -71.007863], [42.713058, -71.007834]], "green": [[42.713171, -71.007813], [42.713165, -71.007828], [42.713158, -71.007845], [42.71314, -71.007865], [42.713114, -71.007884], [42.7131, -71.007893], [42.713079, -71.007918], [42.713057, -71.007944], [42.713036, -71.007965], [42.713012, -71.007977], [42.712983, -71.007973], [42.712965, -71.00796], [42.712945, -71.007941], [42.712931, -71.00792], [42.712922, -71.007899], [42.712915, -71.007869], [42.712916, -71.007837], [42.71292, -71.007808], [42.712936, -71.007769], [42.712952, -71.007752], [42.712973, -71.007737], [42.713036, -71.007714], [42.713096, -71.007703], [42.713116, -71.007705], [42.713135, -71.007711], [42.713157, -71.007727], [42.713168, -71.007744], [42.713173, -71.007759], [42.713177, -71.007782], [42.713175, -71.007804], [42.713171, -71.007813]]}, "6": {"path": [[42.711865, -71.007423], [42.712711, -71.00903]], "green": [[42.712817, -71.009123], [42.712807, -71.009146], [42.712793, -71.00916], [42.712777, -71.009168], [42.712758, -71.00917], [42.712738, -71.009161], [42.712724, -71.00915], [42.7127, -71.00913], [42.712683, -71.009111], [42.71267, -71.009098], [42.712657, -71.009089], [42.712638, -71.009074], [42.712623, -71.00906], [42.712605, -71.009034], [42.712596, -71.009017], [42.712589, -71.008995], [42.712589, -71.008967], [42.712593, -71.008947], [42.712601, -71.00892], [42.712617, -71.008895], [42.712636, -71.008879], [42.712655, -71.008871], [42.712676, -71.008872], [42.712701, -71.008881], [42.712719, -71.008892], [42.712729, -71.008905], [42.71274, -71.008932], [42.712752, -71.008962], [42.712757, -71.008974], [42.712779, -71.009011], [42.712796, -71.009035], [42.712813, -71.009054], [42.71282, -71.009072], [42.712823, -71.009092], [42.712821, -71.009111], [42.712817, -71.009123]]}, "7": {"path": [[42.713053, -71.009477], [42.714685, -71.011231], [42.715809, -71.011497]], "green": [[42.715925, -71.011542], [42.71591, -71.011577], [42.715893, -71.0116], [42.715876, -71.011616], [42.715854, -71.01163], [42.715836, -71.011633], [42.715815, -71.011633], [42.715793, -71.011625], [42.715767, -71.011608], [42.715742, -71.011586], [42.715718, -71.011558], [42.7157, -71.011531], [42.715691, -71.011518], [42.715678, -71.011496], [42.715673, -71.011477], [42.715672, -71.011452], [42.715676, -71.011435], [42.715691, -71.011405], [42.715702, -71.011394], [42.715724, -71.011388], [42.715753, -71.011388], [42.715779, -71.011393], [42.715806, -71.011397], [42.715839, -71.0114], [42.715863, -71.011398], [42.715876, -71.011401], [42.715897, -71.011415], [42.715913, -71.01143], [42.715924, -71.011449], [42.715929, -71.011469], [42.71593, -71.011486], [42.71593, -71.011518], [42.715925, -71.011542]]}, "8": {"path": [[42.716392, -71.011201], [42.714354, -71.010025], [42.713264, -71.008598]], "green": [[42.713381, -71.008667], [42.713377, -71.008697], [42.713364, -71.008722], [42.71335, -71.008736], [42.713331, -71.008752], [42.713319, -71.008755], [42.713301, -71.008758], [42.713294, -71.008757], [42.713283, -71.008756], [42.713266, -71.008747], [42.713258, -71.008738], [42.713242, -71.008715], [42.713231, -71.00869], [42.713223, -71.008666], [42.713212, -71.008636], [42.713204, -71.008608], [42.713192, -71.008582], [42.713183, -71.008566], [42.713164, -71.008545], [42.713143, -71.008527], [42.713131, -71.008508], [42.713124, -71.00849], [42.713124, -71.00847], [42.71314, -71.008443], [42.71316, -71.008425], [42.713184, -71.008415], [42.713213, -71.008413], [42.713247, -71.008417], [42.71327, -71.008431], [42.713289, -71.008452], [42.713308, -71.008484], [42.713318, -71.008505], [42.713334, -71.00854], [42.713348, -71.008568], [42.713368, -71.008608], [42.713378, -71.008634], [42.713381, -71.008648], [42.713381, -71.008667]]}, "9": {"path": [[42.713774, -71.008573], [42.715662, -71.010068], [42.716961, -71.010899]], "green": [[42.71708, -71.010967], [42.717063, -71.010994], [42.717047, -71.011006], [42.717029, -71.01101], [42.717007, -71.011012], [42.716978, -71.011006], [42.716914, -71.010978], [42.716848, -71.010941], [42.716828, -71.010919], [42.716817, -71.010894], [42.716811, -71.010871], [42.716813, -71.010843], [42.716822, -71.01082], [42.716841, -71.01079], [42.716866, -71.010769], [42.71689, -71.01076], [42.716919, -71.010763], [42.716957, -71.010784], [42.717038, -71.010844], [42.717062, -71.010868], [42.717073, -71.01089], [42.717082, -71.010911], [42.717085, -71.010925], [42.717085, -71.010944], [42.71708, -71.010967]]}, "11": {"path": [[42.714992, -71.015921], [42.713077, -71.014606], [42.712593, -71.014966]],