{"holes": {"1": {"path": [[42.113925, -71.164903], [42.113565, -71.161923], [42.113626, -71.160692]], "green": [[42.11368, -71.160778], [42.113655, -71.160799], [42.113626, -71.160808], [42.113597, -71.160803], [42.11357, -71.160785], [42.113549, -71.160756], [42.113537, -71.16072], [42.113534, -71.16068], [42.11354, -71.160642], [42.113556, -71.160608], [42.113579, -71.160584], [42.113606, -71.160571], [42.113635, -71.16057], [42.113662, -71.160581], [42.113685, -71.160604], [42.113702, -71.160636], [42.11371, -71.160673], [42.113709, -71.160712], [42.113699, -71.160748], [42.11368, -71.160778]]}, "2": {"path": [[42.113971, -71.161529], [42.114289, -71.158517], [42.114581, -71.157016]], "green": [[42.114645, -71.157091], [42.114634, -71.157114], [42.114619, -71.15713], [42.114601, -71.157139], [42.11458, -71.157141], [42.114556, -71.157141], [42.114528, -71.157126], [42.114503, -71.157099], [42.114486, -71.157066], [42.11448, -71.157018], [42.114488, -71.156963], [42.114506, -71.156921], [42.114522, -71.156899], [42.114542, -71.156882], [42.114557, -71.156878], [42.114583, -71.156877], [42.114612, -71.156887], [42.114634, -71.156908], [42.114655, -71.156938], [42.114666, -71.156974], [42.114664, -71.157015], [42.114657, -71.15706], [42.114645, -71.157091]]}, "3": {"path": [[42.114327, -71.156674], [42.113573, -71.159053], [42.113403, -71.159928]], "green": [[42.11349, -71.159883], [42.113496, -71.159926], [42.113491, -71.15997], [42.113476, -71.160007], [42.113454, -71.160036], [42.113426, -71.160054], [42.113395, -71.160059], [42.113364, -71.16005], [42.113337, -71.160029], [42.113317, -71.159998], [42.113305, -71.159959], [42.113302, -71.159917], [42.11331, -71.159875], [42.113329, -71.159838], [42.113355, -71.159812], [42.113386, -71.159799], [42.113418, -71.1598], [42.113449, -71.159816], [42.113473, -71.159845], [42.11349, -71.159883]]}, "4": {"path": [[42.112828, -71.160206], [42.112855, -71.158315]], "green": [[42.112869, -71.158435], [42.112878, -71.15843], [42.112891, -71.158418], [42.112903, -71.158399], [42.112915, -71.158373], [42.11292, -71.158347], [42.112923, -71.158329], [42.112924, -71.15831], [42.112926, -71.158284], [42.112925, -71.158255], [42.11292, -71.158233], [42.112915, -71.158216], [42.112899, -71.158186], [42.112876, -71.158165], [42.11285, -71.158156], [42.112815, -71.158156], [42.112796, -71.158165], [42.112779, -71.158183], [42.112756, -71.158233], [42.112748, -71.158276], [42.112753, -71.15832], [42.112769, -71.15837], [42.112788, -71.158407], [42.112809, -71.158428], [42.112828, -71.15844], [42.112847, -71.158442], [42.112859, -71.158442], [42.112869, -71.158435]]}, "5": {"path": [[42.113458, -71.158133], [42.110974, -71.156732]], "green": [[42.11105, -71.156791], [42.11103, -71.156823], [42.110999, -71.156844], [42.110967, -71.15685], [42.110938, -71.15685], [42.110902, -71.156829], [42.110882, -71.156795], [42.110872, -71.156752], [42.110872, -71.156696], [42.110888, -71.156645], [42.110921, -71.156612], [42.110963, -71.1566], [42.110995, -71.1566], [42.111026, -71.156614], [42.11105, -71.156644], [42.111062, -71.156687], [42.111065, -71.156745], [42.11105, -71.156791]]}, "6": {"path": [[42.11031, -71.157016], [42.112053, -71.158361], [42.112311, -71.159864]], "green": [[42.112327, -71.159989], [42.112332, -71.159988], [42.112341, -71.159983], [42.112346, -71.159979], [42.112353, -71.159972], [42.112359, -71.159967], [42.112365, -71.159959], [42.112371, -71.159945], [42.112376, -71.159934], [42.112379, -71.159919], [42.112383, -71.159899], [42.112384, -71.15988], [42.112384, -71.159863], [42.112381, -71.15983], [42.112374, -71.159799], [42.112364, -71.159775], [42.112356, -71.159757], [42.112346, -71.159738], [42.112329, -71.159721], [42.112316, -71.15971], [42.112304, -71.159706], [42.112285, -71.159703], [42.112272, -71.159704], [42.112263, -71.159709], [42.112249, -71.159718], [42.112236, -71.159732], [42.112225, -71.159753], [42.112218, -71.159772], [42.112215, -71.159803], [42.112214, -71.159845], [42.112217, -71.159881], [42.112229, -71.15992], [42.112247, -71.159948], [42.112265, -71.159966], [42.11228, -71.15998], [42.112291, -71.159986], [42.112304, -71.159988], [42.112314, -71.15999], [42.112327, -71.159989]]}, "8": {"path": [[42.108149, -71.157507], [42.110067, -71.158903], [42.1114, -71.160083], [42.111664, -71.160905]], "green": [[42.111727, -71.161005], [42.111708, -71.161029], [42.111683, -71.161046], [42.111659, -71.16105], [42.111637, -71.16105], [42.111607, -71.161031], [42.111581, -71.160994], [42.111567, -71.160948], [42.11156, -71.160886], [42.111561, -71.160828], [42.111572, -71.160775], [42.111591, -71.160752], [42.111618, -71.160746], [42.111644, -71.160751], [42.111669, -71.16077], [42.111699, -71.160793], [42.111721, -71.160813], [42.111741, -71.160842], [42.111754, -71.160874], [42.111755, -71.160907], [42.11175, -71.160945], [42.111739, -71.160978], [42.111727, -71.161005]]}, "9": {"path": [[42.111922, -71.161143], [42.112671, -71.164067], [42.113449, -71.165212]], "green": [[42.113525, -71.165255], [42.113513, -71.165279], [42.113496, -71.165299], [42.113476, -71.165313], [42.113455, -71.165319], [42.113432, -71.165318], [42.113411, -71.16531], [42.113392, -71.165294], [42.113377, -71.165272], [42.113366, -71.165246], [42.11336, -71.165217], [42.11336, -71.165187], [42.113368, -71.165152], [42.113383, -71.165121], [42.113405, -71.165098], [42.113431, -71.165086], [42.113459, -71.165085], [42.113485, -71.165096], [42.113507, -71.165117], [42.113524, -71.165147], [42.113533, -71.165182], [42.113533, -71.165219], [42.113525, -71.165255]]}, "18": {"path": [[42.111429, -71.159548], [42.112865, -71.161451], [42.113068, -71.163015]], "green": [[42.113144, -71.16306], [42.113133, -71.163082], [42.113112, -71.163113], [42.113088, -71.163146], [42.113066, -71.16317], [42.113049, -71.163185], [42.113038, -71.163189], [42.113029, -71.16319], [42.113014, -71.163188], [42.113, -71.163184], [42.112987, -71.163173], [42.112975, -71.163154], [42.112965, -71.163128], [42.112956, -71.163099], [42.112955, -71.163081], [42.112956, -71.163052], [42.112961, -71.163029], [42.112969, -71.163], [42.112983, -71.16296], [42.112997, -71.16293], [42.11301, -71.162905], [42.113028, -71.162881], [42.113045, -71.162866], [42.113062, -71.162856], [42.113086, -71.162853], [42.113106, -71.162854], [42.113123, -71.16286], [42.113139, -71.162871], [42.113147, -71.162878], [42.113153, -71.162887], [42.113159, -71.162896], [42.113165, -71.162907], [42.113172, -71.162928], [42.113175, -71.162951], [42.113175, -71.162978], [42.113169, -71.163007], [42.113159, -71.163033], [42.113144, -71.16306]]}}}