{"holes": {"4": {"path": [[41.632014, -70.313118], [41.633467, -70.311942], [41.6344, -70.312034], [41.635124, -70.311672]], "green": [[41.635054, -70.31168], [41.635034, -70.311745], [41.63502, -70.311767], [41.635012, -70.311788], [41.635018, -70.311808], [41.635028, -70.31181], [41.635056, -70.311819], [41.635096, -70.311817], [41.635145, -70.311807], [41.635189, -70.311781], [41.635212, -70.311754], [41.63522, -70.311709], [41.635223, -70.311669], [41.635237, -70.311622], [41.635239, -70.311554], [41.635235, -70.311527], [41.635222, -70.311497], [41.635199, -70.311475], [41.635132, -70.31148], [41.6351, -70.311499], [41.635072, -70.311554], [41.635056, -70.311618], [41.635054, -70.31168]]}, "7": {"path": [[41.639676, -70.312772], [41.636404, -70.313588]], "green": [[41.636368, -70.313496], [41.636334, -70.313515], [41.636315, -70.313545], [41.636304, -70.313587], [41.636305, -70.313634], [41.636321, -70.313671], [41.636344, -70.313691], [41.636378, -70.313702], [41.636415, -70.313698], [41.636449, -70.313685], [41.636494, -70.313667], [41.636511, -70.313634], [41.63651, -70.313589], [41.6365, -70.313534], [41.636489, -70.313495], [41.636466, -70.313469], [41.636407, -70.313485], [41.636368, -70.313496]]}, "14": {"path": [[41.638279, -70.311933], [41.635311, -70.310812]], "green": [[41.635359, -70.310736], [41.635328, -70.31073], [41.635294, -70.310699], [41.635266, -70.310684], [41.635247, -70.310679], [41.635235, -70.310688], [41.635218, -70.310711], [41.635199, -70.31076], [41.635188, -70.310812], [41.635191, -70.310855], [41.635192, -70.310878], [41.635219, -70.310913], [41.63529, -70.310961], [41.635328, -70.310971], [41.635362, -70.31096], [41.635393, -70.310944], [41.635399, -70.310929], [41.635402, -70.310902], [41.635402, -70.310853], [41.635401, -70.31082], [41.635402, -70.310782], [41.6354, -70.310754], [41.635386, -70.310739], [41.635359, -70.310736]]}, "16": {"path": [[41.636211, -70.309781], [41.638395, -70.310908]], "green": [[41.638437, -70.311025], [41.638456, -70.31099], [41.638459, -70.31096], [41.638455, -70.310914], [41.638443, -70.310839], [41.638434, -70.310815], [41.638412, -70.310786], [41.638394, -70.310776], [41.638374, -70.310777], [41.638356, -70.310789], [41.63834, -70.310807], [41.638325, -70.310861], [41.638325, -70.310913], [41.638332, -70.310983], [41.63835, -70.311019], [41.638368, -70.311032], [41.638409, -70.311037], [41.638437, -70.311025]]}, "18": {"path": [[41.628987, -70.310418], [41.630801, -70.308051]], "green": [[41.630895, -70.307999], [41.630887, -70.30798], [41.630875, -70.307964], [41.630861, -70.307953], [41.630845, -70.307948], [41.630825, -70.307944], [41.630806, -70.307947], [41.630784, -70.307951], [41.630764, -70.307968], [41.630731, -70.30801], [41.630702, -70.308048], [41.630688, -70.308071], [41.630683, -70.308101], [41.630689, -70.308128], [41.630707, -70.308148], [41.630735, -70.308178], [41.630756, -70.308187], [41.630781, -70.30818], [41.6308, -70.308169], [41.630818, -70.308151], [41.630833, -70.308135], [41.630885, -70.308064], [41.630895, -70.308043], [41.630897, -70.308021], [41.630895, -70.307999]]}}}