{"holes": {"1": {"path": [[42.364143, -72.524441], [42.363156, -72.528739]], "green": [[42.363222, -72.528818], [42.363216, -72.528727], [42.363214, -72.528683], [42.363216, -72.528659], [42.363217, -72.528633], [42.363215, -72.528608], [42.36321, -72.528589], [42.3632, -72.528575], [42.363191, -72.528569], [42.363174, -72.528565], [42.363159, -72.528569], [42.363146, -72.528578], [42.363135, -72.528589], [42.363129, -72.528603], [42.363122, -72.528638], [42.363116, -72.528669], [42.363109, -72.528691], [42.363095, -72.528722], [42.363078, -72.528758], [42.363066, -72.528801], [42.363065, -72.528824], [42.36307, -72.52885], [42.363081, -72.528869], [42.363097, -72.528892], [42.363114, -72.528905], [42.363132, -72.52891], [42.363151, -72.52891], [42.36317, -72.528905], [42.363184, -72.52889], [42.363196, -72.528873], [42.363206, -72.528856], [42.363216, -72.528833], [42.363222, -72.528818]]}, "2": {"path": [[42.3635, -72.529003], [42.361581, -72.53112], [42.361055, -72.531817]], "green": [[42.36106, -72.531955], [42.361083, -72.531951], [42.361101, -72.531935], [42.361114, -72.531921], [42.361132, -72.531886], [42.361136, -72.531873], [42.361138, -72.531841], [42.361143, -72.5318], [42.361147, -72.531772], [42.361151, -72.53174], [42.361151, -72.531728], [42.361145, -72.531704], [42.361134, -72.531688], [42.361117, -72.531675], [42.3611, -72.53167], [42.361086, -72.531671], [42.361065, -72.531685], [42.361049, -72.531701], [42.361035, -72.531728], [42.361026, -72.531748], [42.361016, -72.531772], [42.361006, -72.531788], [42.360994, -72.5318], [42.360987, -72.531806], [42.360979, -72.531813], [42.360969, -72.531823], [42.360959, -72.531835], [42.360953, -72.531846], [42.360948, -72.531875], [42.360948, -72.531892], [42.36096, -72.531914], [42.360979, -72.531929], [42.361, -72.531938], [42.361038, -72.531952], [42.36106, -72.531955]]}, "3": {"path": [[42.360804, -72.531699], [42.362032, -72.528436], [42.36243, -72.5277]], "green": [[42.3625, -72.527738], [42.362452, -72.527786], [42.362431, -72.52781], [42.362421, -72.527826], [42.362407, -72.52784], [42.36239, -72.527855], [42.36237, -72.527861], [42.362349, -72.527855], [42.362334, -72.527845], [42.362309, -72.527826], [42.362299, -72.527812], [42.362288, -72.527786], [42.362288, -72.527762], [42.362294, -72.527743], [42.362307, -72.527707], [42.362379, -72.527567], [42.362395, -72.527544], [42.362407, -72.527535], [42.362421, -72.527532], [42.362438, -72.527533], [42.362458, -72.527541], [42.362484, -72.527552], [42.3625, -72.527569], [42.362516, -72.527593], [42.362526, -72.527608], [42.362532, -72.527625], [42.362536, -72.527637], [42.362539, -72.527661], [42.362537, -72.527679], [42.362531, -72.527696], [42.362525, -72.527709], [42.362519, -72.527718], [42.3625, -72.527738]]}, "4": {"path": [[42.362926, -72.527349], [42.362378, -72.529025]], "green": [[42.3625, -72.529017], [42.362448, -72.529152], [42.362437, -72.529178], [42.362427, -72.529189], [42.362418, -72.529194], [42.362409, -72.529196], [42.362394, -72.529192], [42.362355, -72.529171], [42.362265, -72.529119], [42.36225, -72.529108], [42.362241, -72.529093], [42.362238, -72.52908], [42.36224, -72.52906], [42.362247, -72.529032], [42.362258, -72.52901], [42.362276, -72.528995], [42.362291, -72.528985], [42.362306, -72.528973], [42.362318, -72.528962], [42.362339, -72.52894], [42.362351, -72.52893], [42.362378, -72.528906], [42.362399, -72.528892], [42.362421, -72.528884], [42.362437, -72.528883], [42.362455, -72.528891], [42.362483, -72.528911], [42.362498, -72.528931], [42.362506, -72.52895], [42.36251, -72.528975], [42.362506, -72.528999], [42.3625, -72.529017]]}, "5": {"path": [[42.362988, -72.52804], [42.36379, -72.524329]], "green": [[42.363864, -72.524418], [42.363878, -72.524262], [42.363877, -72.524222], [42.363869, -72.524191], [42.363856, -72.524164], [42.363846, -72.524154], [42.363824, -72.524141], [42.36381, -72.524138], [42.363782, -72.524138], [42.363768, -72.524142], [42.363753, -72.524152], [42.363738, -72.524164], [42.363728, -72.524184], [42.363719, -72.524207], [42.363709, -72.524278], [42.363695, -72.524396], [42.363692, -72.524445], [42.363694, -72.524466], [42.363703, -72.524479], [42.363716, -72.52449], [42.363749, -72.524509], [42.363767, -72.524511], [42.363793, -72.524508], [42.36382, -72.524499], [42.363838, -72.524488], [42.363851, -72.524473], [42.363857, -72.524458], [42.363863, -72.524441], [42.363864, -72.524418]]}, "6": {"path": [[42.363577, -72.523616], [42.362684, -72.52745]], "green": [[42.362752, -72.527472], [42.362744, -72.527523], [42.362733, -72.527551], [42.362719, -72.527573], [42.362705, -72.527587], [42.36269, -72.527599], [42.36268, -72.5276], [42.362664, -72.527601], [42.362649, -72.527593], [42.362631, -72.527579], [42.362621, -72.527566], [42.36261, -72.52754], [42.362604, -72.527518], [42.3626, -72.527491], [42.362595, -72.527456], [42.362598, -72.527431], [42.362605, -72.527407], [42.362614, -72.52739], [42.362632, -72.527357], [42.362647, -72.527339], [42.362663, -72.527323], [42.362678, -72.527311], [42.362693, -72.52731], [42.362705, -72.527313], [42.362714, -72.527321], [42.362726, -72.527334], [42.362735, -72.527344], [42.362739, -72.527354], [42.362745, -72.52737], [42.36275, -72.527386], [42.362753, -72.527405], [42.362755, -72.527425], [42.362755, -72.527443], [42.362752, -72.527472]]}, "7": {"path": [[42.361875, -72.528053], [42.362848, -72.524805], [42.363369, -72.522543]], "green": [[42.363426, -72.522649], [42.363448, -72.522508], [42.36345, -72.522479], [42.363447, -72.522457], [42.363439, -72.522436], [42.363426, -72.522422], [42.36341, -72.522407], [42.363394, -72.522396], [42.363371, -72.522386], [42.363357, -72.522389], [42.363342, -72.522395], [42.363326, -72.522404], [42.363314, -72.522413], [42.363304, -72.522429], [42.3633, -72.52244], [42.363293, -72.522473], [42.363274, -72.522633], [42.363277, -72.522654], [42.363283, -72.522674], [42.363297, -72.522689], [42.363319, -72.522699], [42.36336, -72.522703], [42.363386, -72.5227], [42.3634, -72.522696], [42.363413, -72.522684], [42.363419, -72.522673], [42.363422, -72.522662], [42.363426, -72.522649]]}, "8": {"path": [[42.363422, -72.523654], [42.364722, -72.521652], [42.364822, -72.520965]], "green": [[42.364787, -72.520886], [42.364798, -72.520878], [42.364811, -72.520874], [42.364824, -72.520872], [42.364837, -72.520874], [42.364849, -72.520879], [42.36486, -72.520887], [42.364871, -72.520898], [42.364879, -72.520911], [42.364886, -72.520926], [42.364891, -72.520943], [42.364893, -72.52096], [42.364893, -72.520977], [42.36489, -72.520995], [42.364885, -72.521011], [42.364879, -72.521026], [42.36487, -72.521039], [42.364859, -72.521049], [42.364848, -72.521057], [42.364835, -72.521061], [42.364822, -72.521063], [42.364809, -72.521061], [42.364797, -72.521056], [42.364785, -72.521048], [42.364775, -72.521037], [42.364766, -72.521024], [42.364759, -72.521009], [42.364755, -72.520993], [42.364753, -72.520975], [42.364753, -72.520958], [42.364755, -72.52094], [42.36476, -72.520924], [42.364767, -72.520909], [42.364776, -72.520897], [42.364787, -72.520886]]}, "9": {"path": [[42.365149, -72.52095], [42.364302, -72.522813]], "green": [[42.364367, -72.522852], [42.364353, -72.522889], [42.364342, -72.522909], [42.364328, -72.522927], [42.364312, -72.52294], [42.364297, -72.522944], [42.364275, -72.522943], [42.364253, -72.52293], [42.364237, -72.522918], [42.364225, -72.522898], [42.364217, -72.522875], [42.364214, -72.522857], [42.364214, -72.52283], [42.364219, -72.522788], [42.364225, -72.522755], [42.364235, -72.522723], [42.364247, -72.522703], [42.364262, -72.522693], [42.364279, -72.522689], [42.364299, -72.522689], [42.364318, -72.522696], [42.364338, -72.522707], [42.36436, -72.522723], [42.364373, -72.522738], [42.364379, -72.522753], [42.364383, -72.522766], [42.364385, -72.522781], [42.364385, -72.522795], [42.364379, -72.522821], [42.364367, -72.522852]]}}}