{"holes": {"2": {"path": [[42.112893, -72.452195], [42.114326, -72.451814]], "green": [[42.114432, -72.451789], [42.114399, -72.451725], [42.114362, -72.451704], [42.114328, -72.451701], [42.114297, -72.451706], [42.114276, -72.451716], [42.114254, -72.451739], [42.114241, -72.451758], [42.114231, -72.451806], [42.114228, -72.451848], [42.114254, -72.451915], [42.114277, -72.451946], [42.114308, -72.451968], [42.114375, -72.451946], [42.114411, -72.45192], [42.114434, -72.451861], [42.114432, -72.451789]]}, "3": {"path": [[42.114211, -72.452551], [42.116228, -72.452172], [42.116489, -72.450792]], "green": [[42.11657, -72.450807], [42.116551, -72.450708], [42.116524, -72.450671], [42.116488, -72.450657], [42.116455, -72.450665], [42.116434, -72.450695], [42.116412, -72.45076], [42.116408, -72.450812], [42.116422, -72.450861], [42.116446, -72.450901], [42.11648, -72.450923], [42.116521, -72.450931], [42.116559, -72.450895], [42.11657, -72.450807]]}, "4": {"path": [[42.116729, -72.450485], [42.118727, -72.450326], [42.120169, -72.450039]], "green": [[42.12027, -72.449975], [42.12024, -72.449943], [42.12019, -72.449936], [42.120139, -72.449935], [42.120098, -72.449945], [42.120067, -72.449971], [42.12005, -72.450012], [42.120046, -72.450063], [42.120049, -72.450096], [42.120065, -72.450137], [42.120097, -72.450157], [42.12014, -72.450145], [42.120184, -72.450121], [42.120213, -72.450112], [42.120252, -72.450093], [42.12027, -72.450075], [42.120283, -72.450043], [42.120281, -72.450012], [42.12027, -72.449975]]}, "5": {"path": [[42.11956, -72.449614], [42.120845, -72.449718]], "green": [[42.120957, -72.4497], [42.12094, -72.44965], [42.120902, -72.449602], [42.120841, -72.449589], [42.120795, -72.449588], [42.12077, -72.44961], [42.120744, -72.449637], [42.12073, -72.449695], [42.120731, -72.449731], [42.120738, -72.449781], [42.120756, -72.449811], [42.120806, -72.449834], [42.120848, -72.449833], [42.120876, -72.449826], [42.12092, -72.449806], [42.120944, -72.449788], [42.120963, -72.449742], [42.120957, -72.4497]]}, "7": {"path": [[42.116649, -72.451872], [42.118775, -72.452505]], "green": [[42.118848, -72.452576], [42.118823, -72.452597], [42.118795, -72.4526], [42.118774, -72.4526], [42.118752, -72.452598], [42.118739, -72.452595], [42.118723, -72.452591], [42.118708, -72.452581], [42.118701, -72.452573], [42.118696, -72.452559], [42.118692, -72.452539], [42.118688, -72.452511], [42.11869, -72.452479], [42.118695, -72.452461], [42.118702, -72.452436], [42.118719, -72.452408], [42.118739, -72.452395], [42.118763, -72.452392], [42.118784, -72.452388], [42.118813, -72.452395], [42.118829, -72.452399], [42.118845, -72.452415], [42.118856, -72.452433], [42.118865, -72.452458], [42.118871, -72.452498], [42.118872, -72.452526], [42.118866, -72.452548], [42.118848, -72.452576]]}, "8": {"path": [[42.118652, -72.452931], [42.114247, -72.453122]], "green": [[42.114338, -72.453149], [42.114329, -72.453168], [42.114316, -72.453194], [42.114289, -72.453213], [42.114262, -72.453217], [42.114224, -72.453223], [42.114201, -72.453213], [42.114182, -72.453198], [42.114161, -72.453178], [42.11415, -72.453162], [42.114144, -72.453137], [42.114145, -72.453097], [42.114155, -72.453063], [42.114174, -72.453042], [42.114207, -72.453016], [42.114245, -72.453008], [42.114278, -72.453014], [42.114302, -72.453022], [42.114319, -72.453041], [42.114332, -72.453068], [42.11434, -72.453108], [42.114338, -72.453149]]}, "9": {"path": [[42.113445, -72.456508], [42.113033, -72.454839], [42.113008, -72.452729]], "green": [[42.115215, -72.456124], [42.115191, -72.456152], [42.115167, -72.456171], [42.115135, -72.456181], [42.115117, -72.456179], [42.115089, -72.456165], [42.115072, -72.456141], [42.115055, -72.456114], [42.115049, -72.456074], [42.11505, -72.456045], [42.115066, -72.456013], [42.115089, -72.455987], [42.115119, -72.455965], [42.115144, -72.455955], [42.115163, -72.455957], [42.115187, -72.455963], [42.1152, -72.455981], [42.115217, -72.45601], [42.115227, -72.456051], [42.115225, -72.456091], [42.115215, -72.456124]]}, "10": {"path": [[42.114613, -72.456896], [42.115217, -72.45826]], "green": [[42.115323, -72.458295], [42.115317, -72.458361], [42.115292, -72.458401], [42.115255, -72.458415], [42.115222, -72.458416], [42.115196, -72.458394], [42.115166, -72.458357], [42.115139, -72.458314], [42.115122, -72.458271], [42.11511, -72.458223], [42.115102, -72.458172], [42.115122, -72.458123], [42.115161, -72.45811], [42.115191, -72.458107], [42.115225, -72.458119], [42.11526, -72.458141], [42.115288, -72.458194], [42.11531, -72.45824], [42.115323, -72.458295]]}, "11": {"path": [[42.120907, -72.450392], [42.118469, -72.451165], [42.116956, -72.451377]], "green": [[42.112968, -72.463153], [42.112936, -72.463191], [42.112904, -72.463215], [42.112863, -72.463222], [42.112828, -72.463188], [42.112813, -72.463123], [42.112817, -72.463067], [42.112851, -72.463002], [42.112905, -72.462946], [42.112935, -72.462932], [42.112966, -72.462937], [42.112981, -72.462957], [42.112996, -72.462993], [42.113004, -72.463042], [42.112991, -72.463108], [42.112968, -72.463153]]}, "12": {"path": [[42.112797, -72.464029], [42.111836, -72.466878], [42.11132, -72.468097]], "green": [[42.11141, -72.468144], [42.111393, -72.468191], [42.111376, -72.468209], [42.11135, -72.468226], [42.111322, -72.468244], [42.111296, -72.468252], [42.111264, -72.468243], [42.111246, -72.468232], [42.111228, -72.468207], [42.111218, -72.468181], [42.111211, -72.468135], [42.111213, -72.468097], [42.111226, -72.468031], [42.111244, -72.467979], [42.111264, -72.467945], [42.111295, -72.467929], [42.11132, -72.467925], [42.111345, -72.467934], [42.11138, -72.467956], [42.111404, -72.467981], [42.111416, -72.468003], [42.111426, -72.468042], [42.111429, -72.468095], [42.11141, -72.468144]]}, "13": {"path": [[42.111134, -72.468795], [42.112934, -72.469461], [42.113942, -72.469153]], "green": [[42.114043, -72.469143], [42.114047, -72.469244], [42.114027, -72.469304], [42.113993, -72.469323], [42.11396, -72.469344], [42.113922, -72.469336], [42.113893, -72.469308], [42.113861, -72.469252], [42.113835, -72.469189], [42.113833, -72.469114], [42.11384, -72.469052], [42.113857, -72.469006], [42.113892, -72.468976], [42.113924, -72.468967], [42.113966, -72.468984], [42.113993, -72.469004], [42.114018, -72.469062], [42.114043, -72.469143]]}, "15": {"path": [[42.111554, -72.468415], [42.112833, -72.465969], [42.112956, -72.465125]], "green": [[42.113046, -72.465177], [42.113018, -72.465249], [42.11299, -72.465282], [42.112952, -72.46529], [42.112907, -72.465273], [42.112865, -72.465229], [42.112848, -72.46514], [42.112849, -72.465072], [42.112857, -72.465029], [42.112899, -72.464986], [42.112937, -72.464966], [42.112982, -72.464964], [42.113012, -72.464996], [42.113036, -72.46505], [42.113045, -72.465117], [42.113046, -72.465177]]}, "16": {"path": [[42.113047, -72.464144], [42.114053, -72.467207]], "green": [[42.114106, -72.467165], [42.114125, -72.467232], [42.114134, -72.467261], [42.114141, -72.4673], [42.114132, -72.467339], [42.114121, -72.467354], [42.114096, -72.467363], [42.114065, -72.467359], [42.114035, -72.467343], [42.114014, -72.467326], [42.113987, -72.467283], [42.113967, -72.46723], [42.113947, -72.467148], [42.113951, -72.467077], [42.113966, -72.467037], [42.113999, -72.467014], [42.114027, -72.467015], [42.114061, -72.467037], [42.114087, -72.467098], [42.114106, -72.467165]]}, "17": {"path": [[42.114341, -72.467378], [42.114263, -72.46476], [42.113404, -72.464101]],