{"holes": {"1": {"path": [[42.441857, -73.122542], [42.443849, -73.123587], [42.444518, -73.123726]], "green": [[42.444513, -73.123857], [42.444465, -73.123845], [42.444438, -73.123835], [42.444415, -73.123811], [42.444401, -73.123792], [42.444389, -73.123766], [42.444383, -73.123738], [42.444379, -73.123705], [42.444378, -73.123672], [42.444381, -73.123651], [42.444385, -73.123624], [42.44439, -73.123598], [42.4444, -73.123582], [42.44441, -73.123573], [42.444427, -73.12357], [42.444449, -73.123575], [42.444466, -73.123583], [42.444491, -73.123601], [42.444519, -73.123621], [42.444541, -73.123635], [42.444568, -73.123645], [42.444609, -73.123658], [42.44464, -73.123674], [42.444655, -73.123686], [42.444668, -73.123704], [42.444676, -73.123733], [42.444679, -73.123761], [42.444676, -73.123793], [42.444666, -73.123824], [42.444657, -73.123842], [42.444642, -73.123857], [42.444628, -73.123865], [42.444609, -73.123867], [42.444595, -73.123866], [42.444545, -73.123863], [42.444513, -73.123857]]}, "2": {"path": [[42.444704, -73.123307], [42.446434, -73.125008]], "green": [[42.446489, -73.125067], [42.44647, -73.125081], [42.446441, -73.125101], [42.446427, -73.125105], [42.446411, -73.125107], [42.4464, -73.125107], [42.446385, -73.125106], [42.446368, -73.125099], [42.446359, -73.125087], [42.446355, -73.125069], [42.446354, -73.125051], [42.446359, -73.125026], [42.446369, -73.124982], [42.446379, -73.124944], [42.446387, -73.124909], [42.446393, -73.124891], [42.446402, -73.124877], [42.446417, -73.124871], [42.446428, -73.124871], [42.446469, -73.1249], [42.446489, -73.124921], [42.446504, -73.124942], [42.44651, -73.12496], [42.446512, -73.124978], [42.446511, -73.124998], [42.446509, -73.125022], [42.446505, -73.125042], [42.446498, -73.125056], [42.446489, -73.125067]]}, "3": {"path": [[42.446653, -73.125427], [42.445166, -73.125007]], "green": [[42.445248, -73.125129], [42.445228, -73.125142], [42.445207, -73.125149], [42.445191, -73.125152], [42.445176, -73.125153], [42.44516, -73.12515], [42.44514, -73.125134], [42.445125, -73.125114], [42.445103, -73.125065], [42.445089, -73.125026], [42.44508, -73.124993], [42.445076, -73.124965], [42.445074, -73.124937], [42.445077, -73.124911], [42.445081, -73.124894], [42.445087, -73.124873], [42.445096, -73.124857], [42.44511, -73.124846], [42.445122, -73.124842], [42.445134, -73.124842], [42.445151, -73.124849], [42.445175, -73.124868], [42.44519, -73.124887], [42.445217, -73.124929], [42.445248, -73.124993], [42.445262, -73.125034], [42.445267, -73.125059], [42.445267, -73.125083], [42.445264, -73.125097], [42.445256, -73.125117], [42.445248, -73.125129]]}, "5": {"path": [[42.446635, -73.125526], [42.446526, -73.127367]], "green": [[42.44665, -73.127469], [42.446635, -73.12749], [42.446619, -73.127509], [42.446611, -73.127516], [42.446592, -73.127524], [42.446573, -73.127525], [42.446548, -73.127526], [42.446527, -73.127523], [42.4465, -73.127509], [42.446479, -73.127493], [42.446449, -73.127466], [42.446417, -73.127427], [42.446402, -73.127405], [42.446389, -73.127374], [42.446381, -73.127346], [42.446376, -73.127319], [42.446373, -73.127288], [42.446375, -73.127254], [42.446384, -73.127211], [42.446394, -73.127194], [42.446413, -73.127185], [42.446434, -73.127191], [42.446447, -73.127204], [42.446464, -73.12723], [42.446481, -73.12725], [42.446501, -73.127268], [42.446522, -73.127276], [42.446544, -73.127283], [42.446601, -73.127287], [42.446624, -73.127294], [42.446644, -73.127312], [42.446657, -73.127336], [42.446665, -73.12736], [42.44667, -73.127381], [42.446671, -73.127403], [42.446668, -73.127425], [42.446665, -73.127443], [42.44665, -73.127469]]}, "8": {"path": [[42.44529, -73.124442], [42.443538, -73.124249], [42.442708, -73.12447]], "green": [[42.442847, -73.124398], [42.442838, -73.124422], [42.442828, -73.124439], [42.44281, -73.124458], [42.442786, -73.124481], [42.442763, -73.124498], [42.442737, -73.124521], [42.442719, -73.124546], [42.442699, -73.124573], [42.442685, -73.124602], [42.442674, -73.124622], [42.442662, -73.124634], [42.442654, -73.124641], [42.44264, -73.124646], [42.442628, -73.124648], [42.442613, -73.124645], [42.442598, -73.124639], [42.442587, -73.124629], [42.442578, -73.124613], [42.442571, -73.124594], [42.44257, -73.124578], [42.442568, -73.124558], [42.442569, -73.124537], [42.442576, -73.124508], [42.442586, -73.124482], [42.442605, -73.124455], [42.442622, -73.124439], [42.442647, -73.124427], [42.442666, -73.124417], [42.442689, -73.1244], [42.442717, -73.124356], [42.442724, -73.124338], [42.442736, -73.12432], [42.442756, -73.124305], [42.442773, -73.124297], [42.442786, -73.124294], [42.442801, -73.124295], [42.442814, -73.124302], [42.442827, -73.124314], [42.442834, -73.124327], [42.442842, -73.124342], [42.442846, -73.12436], [42.442849, -73.124374], [42.442847, -73.124398]]}, "10": {"path": [[42.441931, -73.122337], [42.44187, -73.119415]], "green": [[42.441946, -73.119424], [42.441942, -73.119388], [42.441933, -73.119357], [42.441918, -73.119328], [42.441905, -73.119306], [42.441888, -73.119286], [42.441868, -73.119267], [42.44185, -73.119255], [42.441831, -73.11925], [42.441812, -73.119253], [42.441796, -73.119262], [42.441787, -73.119276], [42.441786, -73.119301], [42.441791, -73.119344], [42.441799, -73.119379], [42.441806, -73.119402], [42.441815, -73.119426], [42.44182, -73.119455], [42.441826, -73.119485], [42.441833, -73.119534], [42.441838, -73.119556], [42.441848, -73.119575], [42.441861, -73.11958], [42.44188, -73.119577], [42.441898, -73.119565], [42.441914, -73.119549], [42.441927, -73.11953], [42.441934, -73.119513], [42.44194, -73.119495], [42.441943, -73.119477], [42.441946, -73.119454], [42.441946, -73.119424]]}, "11": {"path": [[42.442067, -73.11894], [42.443516, -73.120081], [42.443711, -73.121308]], "green": [[42.443786, -73.121315], [42.443763, -73.121329], [42.443743, -73.121344], [42.443727, -73.121358], [42.44372, -73.121371], [42.443711, -73.121394], [42.443706, -73.121406], [42.443701, -73.121419], [42.443695, -73.121427], [42.443686, -73.121433], [42.443677, -73.121433], [42.443664, -73.121429], [42.443641, -73.12141], [42.443632, -73.121394], [42.443623, -73.121366], [42.443619, -73.121333], [42.443619, -73.1213], [42.443624, -73.121274], [42.443634, -73.121253], [42.443647, -73.121232], [42.443664, -73.121214], [42.443688, -73.121192], [42.443705, -73.121182], [42.443711, -73.121178], [42.44373, -73.121175], [42.443756, -73.12118], [42.44378, -73.121199], [42.443793, -73.121216], [42.443803, -73.121238], [42.443811, -73.121264], [42.443811, -73.121283], [42.443807, -73.1213], [42.443786, -73.121315]]}, "12": {"path": [[42.443324, -73.121398], [42.44412, -73.12303]], "green": [[42.444196, -73.123067], [42.444187, -73.123088], [42.444174, -73.123113], [42.444162, -73.123132], [42.44415, -73.123145], [42.444134, -73.123149], [42.444123, -73.123149], [42.444107, -73.123145], [42.444089, -73.123134], [42.44407, -73.123116], [42.444051, -73.123089], [42.444036, -73.123058], [42.444032, -73.123045], [42.444027, -73.123015], [42.444025, -73.122995], [42.44403, -73.122961], [42.444038, -73.122933], [42.44405, -73.122918], [42.444065, -73.122908], [42.444084, -73.122905], [42.444139, -73.122911], [42.444156, -73.122919], [42.444172, -73.122931], [42.444185, -73.122945], [42.444195, -73.122972], [42.444198, -73.122996], [42.444201, -73.123018], [42.444201, -73.123045], [42.444196, -73.123067]]}, "13": {"path": [[42.44452, -73.123085], [42.444189, -73.120373], [42.444015, -73.11981]],