{"holes": {"1": {"path": [[35.977048, -80.388154], [35.978587, -80.390356], [35.979066, -80.391661]], "green": [[35.97914, -80.391666], [35.979145, -80.391654], [35.979149, -80.39164], [35.979152, -80.391627], [35.979152, -80.391614], [35.979152, -80.391603], [35.979149, -80.391588], [35.979145, -80.391576], [35.979139, -80.391566], [35.979133, -80.39156], [35.97912, -80.391552], [35.97911, -80.391552], [35.979099, -80.391555], [35.979089, -80.391563], [35.979079, -80.391573], [35.979068, -80.391583], [35.979056, -80.391595], [35.979048, -80.391604], [35.979038, -80.391612], [35.979031, -80.391621], [35.979024, -80.391628], [35.979008, -80.391635], [35.978999, -80.391642], [35.978987, -80.391656], [35.978977, -80.39167], [35.978967, -80.391685], [35.978962, -80.391705], [35.978962, -80.391727], [35.978966, -80.391751], [35.978971, -80.391768], [35.978978, -80.391779], [35.978989, -80.391789], [35.979, -80.391795], [35.979015, -80.391796], [35.979032, -80.391791], [35.979047, -80.391778], [35.979072, -80.391749], [35.979086, -80.39173], [35.979106, -80.391707], [35.979118, -80.391692], [35.979125, -80.391684], [35.97913, -80.391678], [35.97914, -80.391666]]}, "2": {"path": [[35.97896, -80.392084], [35.977753, -80.393189]], "green": [[35.977826, -80.393169], [35.977829, -80.393157], [35.977834, -80.393141], [35.977836, -80.393127], [35.977835, -80.393106], [35.977833, -80.393093], [35.977826, -80.393076], [35.977815, -80.393067], [35.977803, -80.393062], [35.977793, -80.39306], [35.977781, -80.393061], [35.977771, -80.393063], [35.977762, -80.393072], [35.977752, -80.393082], [35.977741, -80.3931], [35.97773, -80.393117], [35.977721, -80.393133], [35.97771, -80.39315], [35.977701, -80.393165], [35.977691, -80.393183], [35.977681, -80.393202], [35.977673, -80.393218], [35.977669, -80.393233], [35.977665, -80.39325], [35.977664, -80.393268], [35.977667, -80.393292], [35.977672, -80.393308], [35.97768, -80.393322], [35.977691, -80.393328], [35.977702, -80.39333], [35.977716, -80.393328], [35.977725, -80.39332], [35.977734, -80.393308], [35.977746, -80.393293], [35.977757, -80.393276], [35.977768, -80.393259], [35.977778, -80.393243], [35.977789, -80.393227], [35.977799, -80.393212], [35.97781, -80.393195], [35.977818, -80.393181], [35.977826, -80.393169]]}, "3": {"path": [[35.976728, -80.393607], [35.976798, -80.39091], [35.976402, -80.389531]], "green": [[35.976484, -80.389494], [35.976485, -80.389453], [35.976472, -80.389419], [35.976457, -80.389407], [35.976433, -80.389399], [35.976413, -80.3894], [35.976396, -80.38941], [35.976374, -80.389425], [35.976353, -80.389448], [35.976337, -80.389474], [35.97633, -80.389492], [35.976327, -80.389509], [35.976326, -80.389536], [35.976322, -80.389588], [35.976321, -80.38964], [35.97633, -80.389673], [35.976357, -80.389691], [35.976385, -80.389695], [35.976415, -80.389683], [35.976434, -80.38965], [35.976442, -80.389616], [35.976447, -80.389589], [35.976453, -80.389564], [35.976469, -80.389529], [35.976484, -80.389494]]}, "4": {"path": [[35.975833, -80.389655], [35.976087, -80.393053], [35.974874, -80.394608]], "green": [[35.97499, -80.39458], [35.974961, -80.394549], [35.974943, -80.394541], [35.974924, -80.39453], [35.974905, -80.39452], [35.974885, -80.394512], [35.974868, -80.394504], [35.974847, -80.3945], [35.974829, -80.3945], [35.974813, -80.394503], [35.974801, -80.394508], [35.974791, -80.394515], [35.974776, -80.394529], [35.974766, -80.394544], [35.974758, -80.39456], [35.974757, -80.394577], [35.974756, -80.394595], [35.974762, -80.394618], [35.97477, -80.394632], [35.974784, -80.39465], [35.974798, -80.394664], [35.974821, -80.39468], [35.974846, -80.394696], [35.974868, -80.394711], [35.974886, -80.394724], [35.974899, -80.394731], [35.974919, -80.394737], [35.974945, -80.394735], [35.974958, -80.394731], [35.974975, -80.394719], [35.974988, -80.394698], [35.974998, -80.394673], [35.975006, -80.394644], [35.975006, -80.394603], [35.97499, -80.39458]]}, "5": {"path": [[35.974488, -80.395577], [35.972993, -80.393002], [35.972396, -80.392289]], "green": [[35.972509, -80.392225], [35.972488, -80.392217], [35.972474, -80.392214], [35.972459, -80.392216], [35.97244, -80.392217], [35.972419, -80.392215], [35.9724, -80.392215], [35.972385, -80.392208], [35.972369, -80.392199], [35.972351, -80.392189], [35.972333, -80.392183], [35.97231, -80.392184], [35.972293, -80.392191], [35.972281, -80.392202], [35.972268, -80.392215], [35.972257, -80.392229], [35.972249, -80.392246], [35.972241, -80.392263], [35.97224, -80.392277], [35.972237, -80.392296], [35.972239, -80.392316], [35.972246, -80.392336], [35.972251, -80.392351], [35.972261, -80.392362], [35.972274, -80.392373], [35.972305, -80.392384], [35.972341, -80.392393], [35.972377, -80.392399], [35.972411, -80.392407], [35.972438, -80.392415], [35.97246, -80.392419], [35.972488, -80.392421], [35.972515, -80.392412], [35.972532, -80.392399], [35.972545, -80.392383], [35.972554, -80.39236], [35.972561, -80.392336], [35.972561, -80.392309], [35.972555, -80.392282], [35.972546, -80.392261], [35.972532, -80.39224], [35.972522, -80.392231], [35.972509, -80.392225]]}, "6": {"path": [[35.971921, -80.391833], [35.970276, -80.389009]], "green": [[35.970333, -80.389038], [35.970335, -80.389027], [35.970338, -80.389015], [35.970342, -80.389003], [35.970345, -80.388988], [35.970348, -80.388975], [35.970349, -80.388962], [35.970348, -80.388944], [35.970344, -80.388929], [35.970339, -80.388916], [35.970331, -80.388904], [35.970324, -80.388896], [35.970314, -80.388891], [35.970303, -80.388889], [35.970294, -80.388889], [35.970283, -80.388891], [35.970273, -80.388895], [35.970264, -80.3889], [35.970255, -80.388908], [35.970247, -80.388919], [35.970242, -80.38893], [35.970236, -80.388946], [35.970232, -80.388958], [35.970227, -80.388975], [35.970223, -80.388985], [35.970218, -80.388997], [35.970213, -80.389013], [35.970206, -80.389033], [35.970203, -80.38904], [35.970198, -80.389053], [35.970193, -80.389065], [35.970191, -80.389079], [35.97019, -80.389093], [35.970189, -80.389108], [35.970197, -80.389132], [35.970217, -80.389157], [35.970244, -80.389168], [35.970275, -80.389163], [35.970292, -80.389143], [35.970299, -80.389134], [35.970306, -80.389121], [35.970312, -80.389103], [35.970319, -80.389085], [35.970323, -80.389072], [35.970328, -80.389057], [35.970333, -80.389038]]}, "7": {"path": [[35.970718, -80.388471], [35.972715, -80.391393], [35.973828, -80.392865]], "green": [[35.973822, -80.392989], [35.973836, -80.392989], [35.973847, -80.392984], [35.973859, -80.392974], [35.973872, -80.392962], [35.973884, -80.39295], [35.973897, -80.392936], [35.973907, -80.392922], [35.973922, -80.392899], [35.973931, -80.392879], [35.973935, -80.392857], [35.973937, -80.392828], [35.97393, -80.392802], [35.973917, -80.39278], [35.973899, -80.392765], [35.97388, -80.392751], [35.97386, -80.392739], [35.973832, -80.392731], [35.973808, -80.392722], [35.973785, -80.392715], [35.973768, -80.392716], [35.973743, -80.392726], [35.973721, -80.392744], [35.973706, -80.392778], [35.973708, -80.392813], [35.973718, -80.392845], [35.973729, -80.392875], [35.973748, -80.392921], [35.973759, -80.39294], [35.973769, -80.392957], [35.973784, -80.392972], [35.973798, -80.392982], [35.973808, -80.392986], [35.973822, -80.392989]]}, "8": {"path": [[35.97453, -80.393154], [35.973601, -80.391462]],