{"holes": {"1": {"path": [[35.179457, -80.833969], [35.179698, -80.830774]], "green": [[35.179735, -80.83094], [35.179751, -80.830944], [35.179765, -80.830944], [35.179777, -80.830938], [35.179782, -80.830929], [35.179785, -80.83091], [35.179784, -80.830881], [35.179788, -80.830848], [35.179795, -80.830801], [35.179809, -80.830742], [35.179812, -80.830722], [35.179806, -80.830701], [35.179788, -80.830685], [35.179747, -80.83065], [35.17972, -80.830634], [35.179706, -80.83062], [35.179677, -80.830589], [35.179662, -80.830576], [35.179643, -80.830569], [35.179627, -80.830571], [35.179611, -80.830582], [35.179602, -80.830594], [35.1796, -80.830616], [35.179611, -80.830684], [35.179615, -80.830715], [35.179616, -80.830744], [35.179609, -80.830791], [35.179597, -80.830874], [35.179596, -80.830892], [35.179601, -80.830909], [35.179621, -80.830914], [35.179659, -80.830922], [35.179704, -80.830932], [35.179735, -80.83094]]}, "2": {"path": [[35.179057, -80.831181], [35.176966, -80.830462], [35.175628, -80.830292]], "green": [[35.175711, -80.830403], [35.175739, -80.830403], [35.175751, -80.830399], [35.175756, -80.830387], [35.175757, -80.830375], [35.175758, -80.830301], [35.175767, -80.830251], [35.175771, -80.830222], [35.17577, -80.830205], [35.175764, -80.830194], [35.175751, -80.830189], [35.175639, -80.83019], [35.175597, -80.830187], [35.175572, -80.830186], [35.175543, -80.830183], [35.175516, -80.830183], [35.175505, -80.830189], [35.175502, -80.830203], [35.175499, -80.830218], [35.175502, -80.830241], [35.17551, -80.830296], [35.175513, -80.830322], [35.175513, -80.830346], [35.175519, -80.830383], [35.175524, -80.830397], [35.175533, -80.830405], [35.175548, -80.830409], [35.17568, -80.830404], [35.175711, -80.830403]]}, "3": {"path": [[35.174784, -80.830652], [35.17344, -80.828586], [35.172821, -80.827244]], "green": [[35.172904, -80.827365], [35.172918, -80.827355], [35.172936, -80.827345], [35.172958, -80.827331], [35.172973, -80.827316], [35.172978, -80.827299], [35.172978, -80.827283], [35.172977, -80.827266], [35.172971, -80.827247], [35.172949, -80.827213], [35.172922, -80.827171], [35.17288, -80.827137], [35.172833, -80.827103], [35.172792, -80.82708], [35.172776, -80.827074], [35.17276, -80.827076], [35.172749, -80.827078], [35.172733, -80.827091], [35.172721, -80.827097], [35.172686, -80.827113], [35.172662, -80.827123], [35.172654, -80.827135], [35.172655, -80.827148], [35.172658, -80.827161], [35.172669, -80.82718], [35.172719, -80.827236], [35.172745, -80.827272], [35.172768, -80.827307], [35.17278, -80.827339], [35.172792, -80.827367], [35.172798, -80.827382], [35.172807, -80.827394], [35.17282, -80.827401], [35.172837, -80.827403], [35.172855, -80.827397], [35.172878, -80.827381], [35.172904, -80.827365]]}, "4": {"path": [[35.172499, -80.826585], [35.170718, -80.825917], [35.169938, -80.826433]], "green": [[35.169857, -80.826442], [35.169873, -80.82646], [35.169888, -80.826479], [35.169895, -80.826499], [35.169903, -80.826519], [35.169919, -80.826538], [35.169943, -80.826551], [35.169971, -80.826565], [35.169992, -80.826568], [35.170021, -80.826566], [35.170047, -80.826553], [35.170065, -80.82653], [35.170076, -80.826505], [35.17008, -80.826473], [35.170077, -80.826445], [35.170069, -80.826414], [35.17006, -80.826393], [35.170033, -80.826344], [35.170006, -80.826321], [35.169949, -80.826299], [35.169914, -80.82629], [35.169885, -80.826292], [35.169865, -80.826301], [35.169851, -80.826314], [35.169835, -80.826337], [35.169827, -80.826356], [35.169823, -80.826377], [35.169825, -80.826399], [35.16983, -80.826417], [35.16984, -80.826432], [35.169857, -80.826442]]}, "5": {"path": [[35.169857, -80.825662], [35.170495, -80.824245]], "green": [[35.170549, -80.82443], [35.170557, -80.824425], [35.170566, -80.824405], [35.170575, -80.824365], [35.170583, -80.824284], [35.170599, -80.824215], [35.170601, -80.824167], [35.170598, -80.824128], [35.170592, -80.824111], [35.170583, -80.824098], [35.170544, -80.82407], [35.170512, -80.82406], [35.170489, -80.824056], [35.170476, -80.82406], [35.170465, -80.824065], [35.170454, -80.824079], [35.170447, -80.824099], [35.170436, -80.824133], [35.170429, -80.824164], [35.170419, -80.824196], [35.170387, -80.824264], [35.170378, -80.824284], [35.170373, -80.824292], [35.170375, -80.82431], [35.170381, -80.824331], [35.170391, -80.82435], [35.170471, -80.824417], [35.170502, -80.824435], [35.170517, -80.82444], [35.170542, -80.824436], [35.170549, -80.82443]]}, "6": {"path": [[35.17063, -80.823908], [35.172113, -80.825625], [35.17301, -80.826244], [35.174058, -80.827417]], "green": [[35.174085, -80.827555], [35.174117, -80.827551], [35.174129, -80.827546], [35.174138, -80.82753], [35.174157, -80.827453], [35.174158, -80.827432], [35.174152, -80.827414], [35.174141, -80.827398], [35.174122, -80.827363], [35.174107, -80.827326], [35.174098, -80.827304], [35.174085, -80.827285], [35.174076, -80.827281], [35.174053, -80.827276], [35.174028, -80.827278], [35.174016, -80.827283], [35.174008, -80.827292], [35.173999, -80.827312], [35.173988, -80.827344], [35.173955, -80.827402], [35.17395, -80.827417], [35.173948, -80.827432], [35.173952, -80.827449], [35.173961, -80.827461], [35.174011, -80.827512], [35.174037, -80.827541], [35.174052, -80.827553], [35.174065, -80.82756], [35.174085, -80.827555]]}, "9": {"path": [[35.180124, -80.83099], [35.180307, -80.832794], [35.179739, -80.834263]], "green": [[35.179764, -80.834435], [35.179798, -80.834436], [35.179817, -80.834431], [35.179821, -80.83442], [35.179822, -80.834399], [35.179819, -80.834321], [35.179822, -80.834242], [35.179827, -80.834214], [35.179828, -80.834189], [35.179827, -80.834167], [35.179814, -80.834159], [35.179788, -80.834134], [35.17977, -80.834101], [35.179749, -80.834077], [35.179732, -80.834074], [35.179715, -80.834073], [35.179693, -80.834088], [35.179681, -80.834105], [35.179676, -80.834123], [35.179674, -80.83415], [35.179664, -80.834189], [35.17963, -80.834317], [35.179627, -80.834353], [35.17963, -80.83437], [35.179636, -80.834389], [35.179647, -80.8344], [35.179667, -80.834412], [35.179716, -80.834421], [35.179764, -80.834435]]}, "10": {"path": [[35.178529, -80.83351], [35.17683, -80.832812], [35.175532, -80.832503]], "green": [[35.175589, -80.832656], [35.175608, -80.832655], [35.175621, -80.832648], [35.175633, -80.832637], [35.175637, -80.832623], [35.175644, -80.832579], [35.175651, -80.832532], [35.17566, -80.832501], [35.175665, -80.832482], [35.175665, -80.832461], [35.175663, -80.832452], [35.175654, -80.832448], [35.175633, -80.83244], [35.175577, -80.832425], [35.175551, -80.832415], [35.175524, -80.832398], [35.175493, -80.832369], [35.175475, -80.832363], [35.175461, -80.832363], [35.175448, -80.832364], [35.17544, -80.832375], [35.175431, -80.832386], [35.175428, -80.832403], [35.175427, -80.83242], [35.175431, -80.832446], [35.175434, -80.832473], [35.175434, -80.832503], [35.175429, -80.832523], [35.175424, -80.832554], [35.175423, -80.832582], [35.17543, -80.8326], [35.175442, -80.832613], [35.175458, -80.832623], [35.175536, -80.832645], [35.175589, -80.832656]]}, "11": {"path": [[35.175543, -80.832885], [35.174154, -80.832147]],