{"holes": {"1": {"path": [[35.897419, -79.020876], [35.899448, -79.019295], [35.900492, -79.018778]], "green": [[35.900347, -79.018921], [35.900357, -79.018934], [35.900376, -79.01894], [35.9004, -79.018947], [35.900421, -79.018949], [35.900444, -79.018946], [35.900467, -79.01894], [35.900493, -79.018929], [35.900521, -79.018915], [35.900552, -79.018896], [35.90058, -79.018883], [35.900615, -79.018864], [35.900643, -79.018848], [35.900663, -79.018838], [35.900686, -79.018817], [35.9007, -79.018804], [35.900709, -79.018781], [35.900714, -79.018758], [35.900712, -79.018737], [35.900705, -79.018717], [35.900696, -79.018708], [35.900681, -79.0187], [35.900668, -79.018699], [35.900649, -79.018693], [35.900636, -79.018681], [35.90062, -79.018665], [35.900606, -79.018648], [35.900586, -79.01863], [35.900572, -79.018619], [35.900554, -79.018611], [35.900538, -79.018604], [35.90052, -79.018603], [35.900496, -79.018603], [35.900478, -79.018605], [35.900463, -79.018613], [35.900452, -79.018624], [35.900442, -79.018641], [35.900432, -79.018657], [35.900424, -79.01867], [35.900416, -79.018686], [35.900411, -79.0187], [35.900407, -79.018719], [35.900403, -79.018739], [35.900401, -79.018751], [35.900398, -79.018768], [35.900392, -79.018785], [35.900385, -79.018799], [35.900377, -79.018809], [35.900368, -79.018821], [35.900358, -79.018826], [35.900351, -79.018833], [35.900346, -79.018841], [35.900339, -79.018852], [35.900337, -79.018864], [35.900337, -79.018877], [35.900337, -79.018887], [35.900338, -79.018899], [35.900342, -79.01891], [35.900347, -79.018921]]}, "2": {"path": [[35.924117, -79.005952], [35.925341, -79.005121]], "green": [[35.925455, -79.005217], [35.925476, -79.005198], [35.925486, -79.005184], [35.925494, -79.00516], [35.925497, -79.005135], [35.925494, -79.005106], [35.925484, -79.005086], [35.925465, -79.005066], [35.925444, -79.00505], [35.925413, -79.005025], [35.925393, -79.005004], [35.925372, -79.004972], [35.925359, -79.004948], [35.92534, -79.004931], [35.925322, -79.004925], [35.925304, -79.004925], [35.925285, -79.004933], [35.925272, -79.004948], [35.925266, -79.004967], [35.925262, -79.004996], [35.925256, -79.005042], [35.925249, -79.005079], [35.925236, -79.005112], [35.925216, -79.005154], [35.925205, -79.005186], [35.925201, -79.005207], [35.925203, -79.005228], [35.925208, -79.005247], [35.925216, -79.005257], [35.92523, -79.005267], [35.925246, -79.005271], [35.925265, -79.005267], [35.925283, -79.005259], [35.925327, -79.005239], [35.925356, -79.005233], [35.925393, -79.005229], [35.925419, -79.005229], [35.925438, -79.005225], [35.925455, -79.005217]]}, "3": {"path": [[35.925886, -79.005306], [35.925081, -79.007639], [35.925661, -79.008483]], "green": [[35.9258, -79.008574], [35.925772, -79.008586], [35.925742, -79.008593], [35.925711, -79.008595], [35.925688, -79.0086], [35.925665, -79.008606], [35.925642, -79.008618], [35.925619, -79.008626], [35.925594, -79.008625], [35.92558, -79.008618], [35.925564, -79.008596], [35.925556, -79.008572], [35.925547, -79.008524], [35.925538, -79.008482], [35.925523, -79.008435], [35.92551, -79.008389], [35.925505, -79.008349], [35.925508, -79.008325], [35.925522, -79.008307], [35.925542, -79.008297], [35.925562, -79.008292], [35.925585, -79.0083], [35.9256, -79.008315], [35.925637, -79.008356], [35.925664, -79.008378], [35.9257, -79.008393], [35.925768, -79.008425], [35.925791, -79.008443], [35.925805, -79.008463], [35.925815, -79.008485], [35.92582, -79.008507], [35.925821, -79.008528], [35.925819, -79.00855], [35.925812, -79.008564], [35.9258, -79.008574]]}, "4": {"path": [[35.926343, -79.008944], [35.928427, -79.007575], [35.929638, -79.008131]], "green": [[35.929722, -79.008245], [35.929747, -79.00819], [35.929768, -79.008148], [35.929783, -79.008122], [35.929789, -79.008105], [35.929792, -79.00809], [35.929792, -79.008073], [35.929788, -79.00805], [35.929778, -79.008029], [35.929763, -79.008014], [35.929742, -79.008003], [35.929718, -79.007999], [35.929688, -79.008006], [35.929666, -79.008022], [35.929639, -79.008046], [35.929619, -79.008057], [35.929598, -79.008059], [35.929578, -79.008053], [35.929555, -79.00804], [35.929527, -79.008035], [35.929504, -79.008037], [35.929489, -79.008044], [35.929473, -79.008061], [35.929465, -79.008094], [35.929463, -79.008129], [35.929471, -79.008167], [35.929488, -79.008196], [35.929513, -79.008214], [35.92954, -79.008216], [35.929557, -79.008212], [35.929569, -79.00821], [35.929583, -79.008212], [35.929598, -79.00822], [35.929634, -79.008248], [35.929653, -79.008266], [35.929672, -79.008273], [35.929684, -79.008275], [35.929695, -79.008273], [35.929711, -79.008263], [35.929722, -79.008245]]}, "5": {"path": [[35.93045, -79.008252], [35.929616, -79.005391], [35.928751, -79.004113]], "green": [[35.928882, -79.004265], [35.928866, -79.004295], [35.928844, -79.00431], [35.92882, -79.004313], [35.928797, -79.004308], [35.928773, -79.004291], [35.928745, -79.004253], [35.928706, -79.0042], [35.928685, -79.004182], [35.92866, -79.004172], [35.928636, -79.004159], [35.928622, -79.004143], [35.928611, -79.004121], [35.928606, -79.004095], [35.928608, -79.00407], [35.928616, -79.004041], [35.928631, -79.00402], [35.92865, -79.003994], [35.928661, -79.003965], [35.928674, -79.003941], [35.92869, -79.003927], [35.92871, -79.003915], [35.928731, -79.003915], [35.928751, -79.003924], [35.928765, -79.003939], [35.928779, -79.003963], [35.928787, -79.003991], [35.928791, -79.004022], [35.928795, -79.004051], [35.928805, -79.004083], [35.928823, -79.004105], [35.928856, -79.004134], [35.928875, -79.004163], [35.928885, -79.00419], [35.92889, -79.004221], [35.928888, -79.004245], [35.928882, -79.004265]]}, "7": {"path": [[35.92574, -79.001165], [35.923759, -79.001694], [35.922663, -79.001583]], "green": [[35.922666, -79.001763], [35.922649, -79.001769], [35.922629, -79.001769], [35.922611, -79.001761], [35.922601, -79.001745], [35.922584, -79.001692], [35.922574, -79.001644], [35.922561, -79.00161], [35.922538, -79.001576], [35.922518, -79.001544], [35.922511, -79.001523], [35.922509, -79.001502], [35.922514, -79.00148], [35.922522, -79.001462], [35.922539, -79.00145], [35.922561, -79.001439], [35.922598, -79.001432], [35.922622, -79.001427], [35.922639, -79.001423], [35.922651, -79.001422], [35.922669, -79.001427], [35.922682, -79.001438], [35.922709, -79.00147], [35.922728, -79.00149], [35.922756, -79.001502], [35.922782, -79.001511], [35.922806, -79.001525], [35.922821, -79.001543], [35.922829, -79.001564], [35.922829, -79.001588], [35.922825, -79.001615], [35.922816, -79.00163], [35.9228, -79.001643], [35.922753, -79.00167], [35.922724, -79.001694], [35.922704, -79.001722], [35.922691, -79.00174], [35.922681, -79.001753], [35.922666, -79.001763]]}, "8": {"path": [[35.898539, -79.016069], [35.900683, -79.016684], [35.901636, -79.016723], [35.903331, -79.01802]],