{"holes": {"1": {"path": [[35.207574, -79.409403], [35.205926, -79.410453], [35.204921, -79.412346], [35.204637, -79.413629]], "green": [[35.204739, -79.41362], [35.204702, -79.41353], [35.204662, -79.413466], [35.204625, -79.413452], [35.204584, -79.413464], [35.204544, -79.413533], [35.204522, -79.413615], [35.204515, -79.413674], [35.204527, -79.413716], [35.204564, -79.413754], [35.204618, -79.413766], [35.204675, -79.413763], [35.204708, -79.413734], [35.20473, -79.413696], [35.204737, -79.413656], [35.204739, -79.41362]]}, "3": {"path": [[35.202951, -79.415285], [35.202399, -79.411469]], "green": [[35.202346, -79.411569], [35.202307, -79.411502], [35.20229, -79.411465], [35.20229, -79.411411], [35.202307, -79.411359], [35.202338, -79.411319], [35.202385, -79.411299], [35.202424, -79.411308], [35.202481, -79.411373], [35.202507, -79.411406], [35.202514, -79.411439], [35.202513, -79.41148], [35.202491, -79.411543], [35.202464, -79.41159], [35.202424, -79.411611], [35.202386, -79.411609], [35.202362, -79.411594], [35.202346, -79.411569]]}, "4": {"path": [[35.201646, -79.410835], [35.202035, -79.412903], [35.202362, -79.415567]], "green": [[35.202251, -79.415488], [35.202272, -79.415464], [35.202314, -79.415452], [35.202354, -79.415454], [35.202381, -79.415473], [35.202438, -79.415514], [35.202473, -79.415533], [35.202501, -79.415568], [35.202511, -79.415612], [35.202497, -79.415651], [35.202474, -79.415686], [35.202429, -79.415703], [35.20238, -79.415696], [35.202352, -79.415683], [35.202285, -79.415632], [35.202249, -79.415604], [35.202232, -79.415558], [35.202236, -79.415518], [35.202251, -79.415488]]}, "6": {"path": [[35.205289, -79.416898], [35.206231, -79.415072], [35.206502, -79.414191]], "green": [[35.20644, -79.414322], [35.206456, -79.41433], [35.206483, -79.41433], [35.206511, -79.414313], [35.206533, -79.414291], [35.206557, -79.414266], [35.206581, -79.41425], [35.20661, -79.414228], [35.206633, -79.414202], [35.206644, -79.414169], [35.206633, -79.41412], [35.206605, -79.414079], [35.206569, -79.414034], [35.206523, -79.414004], [35.206484, -79.414008], [35.206451, -79.414029], [35.20641, -79.414074], [35.206388, -79.414117], [35.20638, -79.414156], [35.206386, -79.414203], [35.206399, -79.414242], [35.20642, -79.414297], [35.20644, -79.414322]]}, "7": {"path": [[35.205474, -79.412545], [35.206921, -79.410694], [35.208079, -79.410562]], "green": [[35.208191, -79.410609], [35.208178, -79.41063], [35.208155, -79.410646], [35.208133, -79.410657], [35.20811, -79.410662], [35.20807, -79.410645], [35.208034, -79.410634], [35.207996, -79.410635], [35.20796, -79.410625], [35.207939, -79.410605], [35.207929, -79.410569], [35.207935, -79.410533], [35.20795, -79.410495], [35.207979, -79.410468], [35.208002, -79.410461], [35.208022, -79.410461], [35.208049, -79.410484], [35.208069, -79.410496], [35.208099, -79.4105], [35.208129, -79.410503], [35.208157, -79.410507], [35.20818, -79.410517], [35.208194, -79.410535], [35.2082, -79.410556], [35.208202, -79.410581], [35.208191, -79.410609]]}, "8": {"path": [[35.207163, -79.411562], [35.209356, -79.411356], [35.210216, -79.411823]], "green": [[35.210282, -79.411691], [35.21027, -79.411683], [35.210253, -79.411683], [35.21023, -79.411687], [35.210201, -79.411702], [35.210183, -79.411713], [35.210157, -79.411722], [35.210124, -79.411734], [35.210108, -79.411745], [35.210095, -79.411757], [35.210088, -79.411775], [35.210081, -79.411798], [35.210082, -79.411821], [35.210088, -79.411842], [35.210099, -79.411861], [35.210116, -79.411881], [35.210131, -79.411897], [35.210149, -79.411919], [35.210164, -79.411943], [35.210183, -79.411959], [35.2102, -79.411973], [35.210214, -79.411984], [35.210231, -79.411987], [35.21025, -79.411982], [35.210274, -79.411963], [35.210298, -79.411931], [35.210323, -79.411904], [35.210335, -79.411881], [35.210343, -79.411859], [35.210351, -79.411825], [35.210353, -79.411793], [35.21035, -79.411767], [35.210342, -79.411742], [35.210317, -79.411712], [35.210282, -79.411691]]}, "9": {"path": [[35.192575, -79.396721], [35.193534, -79.395883], [35.193913, -79.395212], [35.193918, -79.394132]], "green": [[35.194003, -79.394146], [35.194, -79.394194], [35.193975, -79.39425], [35.193952, -79.394269], [35.193919, -79.394266], [35.193896, -79.394245], [35.193876, -79.394206], [35.193844, -79.394159], [35.193823, -79.394119], [35.193811, -79.394087], [35.193821, -79.394049], [35.193845, -79.394027], [35.193882, -79.394014], [35.193909, -79.394018], [35.19394, -79.394041], [35.193964, -79.394072], [35.193979, -79.394092], [35.193995, -79.394117], [35.194003, -79.394146]]}, "10": {"path": [[35.206824, -79.40871], [35.204884, -79.40857], [35.204325, -79.409368]], "green": [[35.204243, -79.409486], [35.204268, -79.409498], [35.204301, -79.409502], [35.204331, -79.409486], [35.204358, -79.409451], [35.204386, -79.409435], [35.20443, -79.409414], [35.204447, -79.409395], [35.204454, -79.409364], [35.20445, -79.409331], [35.204426, -79.409272], [35.204403, -79.409235], [35.20438, -79.409199], [35.204348, -79.409187], [35.204311, -79.409195], [35.204276, -79.40922], [35.204253, -79.409262], [35.204218, -79.409356], [35.204205, -79.409404], [35.204207, -79.409441], [35.204221, -79.409467], [35.204243, -79.409486]]}, "11": {"path": [[35.203801, -79.409797], [35.202067, -79.409255], [35.201357, -79.407295], [35.201223, -79.40665]], "green": [[35.201308, -79.40675], [35.201328, -79.406738], [35.20134, -79.406707], [35.201335, -79.406665], [35.201319, -79.406628], [35.201298, -79.406573], [35.201281, -79.406526], [35.201257, -79.4065], [35.201223, -79.406488], [35.201193, -79.406494], [35.201156, -79.406528], [35.201127, -79.406557], [35.201102, -79.406586], [35.201093, -79.406616], [35.201096, -79.406665], [35.201113, -79.406701], [35.201135, -79.406728], [35.201159, -79.406744], [35.20119, -79.406746], [35.201232, -79.406745], [35.201258, -79.406755], [35.201289, -79.406762], [35.201308, -79.40675]]}, "12": {"path": [[35.201775, -79.406214], [35.202724, -79.408533], [35.203674, -79.409096]], "green": [[35.20376, -79.409217], [35.203773, -79.409195], [35.203786, -79.409145], [35.203784, -79.409098], [35.20377, -79.40907], [35.203739, -79.409051], [35.203711, -79.409038], [35.203694, -79.40902], [35.203669, -79.408999], [35.203648, -79.408976], [35.203627, -79.40896], [35.203595, -79.408961], [35.20357, -79.408986], [35.203557, -79.40902], [35.20355, -79.409075], [35.203558, -79.409122], [35.203578, -79.409155], [35.203612, -79.40918], [35.20366, -79.409197], [35.203698, -79.409212], [35.20373, -79.409227], [35.20376, -79.409217]]}, "13": {"path": [[35.203937, -79.408469], [35.203883, -79.406951]], "green": [[35.203902, -79.40705], [35.203943, -79.407008], [35.203967, -79.406983], [35.203993, -79.406934], [35.20399, -79.40689], [35.203966, -79.406847], [35.203931, -79.406814], [35.203882, -79.406807], [35.203832, -79.406818], [35.203795, -79.406858], [35.203782, -79.406899], [35.203789, -79.40696], [35.203802, -79.407027], [35.203814, -79.407063], [35.203846, -79.40708], [35.203878, -79.407073], [35.203902, -79.40705]]}, "14": {"path": [[35.204575, -79.405886], [35.206417, -79.40628], [35.207351, -79.406685]], "green": [[35.207374, -79.406799], [35.207417, -79.406765], [35.20745, -79.406722], [35.207465, -79.406648], [35.207455, -79.406586], [35.207408, -79.406547], [35.207351, -79.406544], [35.207285, -79.406564], [35.20725, -79.406596], [35.207242, -79.406652], [35.207253, -79.406746], [35.207272, -79.406796], [35.207321, -79.406821], [35.207374, -79.406799]]}, "16": {"path": [[35.207918, -79.404747], [35.208385, -79.402425], [35.209251, -79.401013]],