{"holes": {"1": {"path": [[35.28764, -79.05674], [35.287594, -79.054613], [35.288295, -79.052993]], "green": [[35.288315, -79.053116], [35.288282, -79.053128], [35.288263, -79.053131], [35.288238, -79.053134], [35.288201, -79.053118], [35.28818, -79.05311], [35.288152, -79.05307], [35.288149, -79.053037], [35.288148, -79.052989], [35.288162, -79.052921], [35.28818, -79.052878], [35.288201, -79.052858], [35.288234, -79.05283], [35.288276, -79.052809], [35.288301, -79.05281], [35.288341, -79.052815], [35.288367, -79.052831], [35.288395, -79.052854], [35.288413, -79.052887], [35.288425, -79.052925], [35.288428, -79.052969], [35.288422, -79.053014], [35.28841, -79.05305], [35.288394, -79.053079], [35.288377, -79.053098], [35.288353, -79.053111], [35.288339, -79.053119], [35.288315, -79.053116]]}, "3": {"path": [[35.288588, -79.056941], [35.290448, -79.055389]], "green": [[35.290485, -79.055453], [35.290481, -79.055474], [35.290475, -79.055503], [35.290465, -79.055531], [35.290444, -79.055563], [35.290425, -79.055569], [35.290408, -79.055574], [35.290382, -79.055571], [35.290363, -79.055567], [35.290345, -79.055559], [35.290329, -79.055545], [35.29032, -79.055533], [35.290311, -79.055508], [35.290309, -79.055478], [35.290307, -79.055434], [35.29031, -79.055394], [35.29032, -79.055373], [35.290335, -79.055349], [35.290343, -79.055341], [35.290364, -79.055338], [35.290385, -79.055343], [35.290397, -79.05534], [35.290419, -79.05533], [35.290423, -79.055312], [35.29043, -79.055283], [35.290447, -79.055254], [35.290452, -79.055243], [35.290479, -79.055221], [35.290497, -79.055215], [35.290518, -79.055211], [35.29054, -79.055211], [35.290563, -79.055219], [35.290583, -79.055232], [35.290592, -79.055249], [35.290605, -79.055285], [35.290605, -79.055314], [35.290597, -79.055342], [35.290574, -79.055358], [35.290558, -79.055379], [35.290535, -79.055394], [35.290515, -79.055406], [35.290504, -79.055416], [35.290493, -79.055431], [35.290485, -79.055453]]}, "4": {"path": [[35.292025, -79.054766], [35.292349, -79.05288], [35.292073, -79.051871]], "green": [[35.291957, -79.051902], [35.291932, -79.051872], [35.291917, -79.051825], [35.291915, -79.051782], [35.291927, -79.051759], [35.291955, -79.051738], [35.291983, -79.051736], [35.292009, -79.051723], [35.292037, -79.051729], [35.292069, -79.051738], [35.292111, -79.051748], [35.292136, -79.051763], [35.292175, -79.051789], [35.292193, -79.051818], [35.292212, -79.051853], [35.292221, -79.051891], [35.292221, -79.051925], [35.292229, -79.051957], [35.292203, -79.051987], [35.292186, -79.052006], [35.292162, -79.052016], [35.292129, -79.052027], [35.292101, -79.052031], [35.292075, -79.052006], [35.292049, -79.05197], [35.292037, -79.051944], [35.292012, -79.051919], [35.291998, -79.051912], [35.291957, -79.051902]]}, "5": {"path": [[35.292855, -79.052424], [35.291377, -79.04964], [35.290133, -79.048323]], "green": [[35.290206, -79.04837], [35.290199, -79.048339], [35.290201, -79.048309], [35.290206, -79.048269], [35.290194, -79.04823], [35.290177, -79.048202], [35.290151, -79.048179], [35.290126, -79.048164], [35.290092, -79.048163], [35.290064, -79.04818], [35.290035, -79.04821], [35.290019, -79.04826], [35.290014, -79.048325], [35.290024, -79.04837], [35.290061, -79.048437], [35.290087, -79.048463], [35.290116, -79.048483], [35.290151, -79.048486], [35.290178, -79.048465], [35.290201, -79.048426], [35.29021, -79.048396], [35.290206, -79.04837]]}, "7": {"path": [[35.289895, -79.049292], [35.291272, -79.050576], [35.291426, -79.051605]], "green": [[35.291337, -79.051521], [35.291327, -79.051551], [35.291323, -79.05159], [35.291323, -79.051658], [35.29133, -79.051695], [35.29135, -79.051731], [35.291379, -79.051758], [35.291408, -79.051761], [35.291433, -79.051759], [35.291458, -79.051749], [35.29148, -79.051741], [35.291506, -79.051716], [35.291526, -79.051693], [35.291536, -79.051665], [35.291544, -79.051634], [35.291544, -79.051581], [35.291529, -79.051534], [35.291509, -79.051505], [35.29149, -79.051489], [35.291467, -79.051476], [35.291441, -79.051476], [35.291412, -79.051477], [35.291388, -79.051478], [35.291362, -79.051479], [35.291347, -79.051495], [35.291337, -79.051521]]}, "8": {"path": [[35.2916, -79.053634], [35.291544, -79.054889]], "green": [[35.29158, -79.054951], [35.291569, -79.054981], [35.291558, -79.055007], [35.291545, -79.055015], [35.291525, -79.055019], [35.2915, -79.055013], [35.291474, -79.054998], [35.291457, -79.054969], [35.291456, -79.054938], [35.291456, -79.054911], [35.291469, -79.054865], [35.291492, -79.054827], [35.291521, -79.054772], [35.291539, -79.054751], [35.291553, -79.054739], [35.291566, -79.054737], [35.291578, -79.054745], [35.291589, -79.054767], [35.291601, -79.054803], [35.291603, -79.054838], [35.2916, -79.054879], [35.291596, -79.054903], [35.291594, -79.054917], [35.291587, -79.054936], [35.29158, -79.054951]]}, "9": {"path": [[35.291832, -79.055547], [35.289029, -79.05706]], "green": [[35.28903, -79.056961], [35.289044, -79.056949], [35.289064, -79.056943], [35.289085, -79.05694], [35.289107, -79.056947], [35.289124, -79.056957], [35.289143, -79.056972], [35.289156, -79.056984], [35.289164, -79.057007], [35.28917, -79.05703], [35.289172, -79.057058], [35.289167, -79.057085], [35.289157, -79.057105], [35.289143, -79.05712], [35.289127, -79.057135], [35.289099, -79.057159], [35.289065, -79.057179], [35.289038, -79.057187], [35.289012, -79.057185], [35.28899, -79.057183], [35.288964, -79.057176], [35.28894, -79.05717], [35.288912, -79.057158], [35.288885, -79.05714], [35.288877, -79.057111], [35.288878, -79.057085], [35.288882, -79.057063], [35.288891, -79.057046], [35.2889, -79.057031], [35.288911, -79.05702], [35.288931, -79.057006], [35.288953, -79.056996], [35.288981, -79.056982], [35.28903, -79.056961]]}, "10": {"path": [[35.287222, -79.057311], [35.286405, -79.055211], [35.285738, -79.054064]], "green": [[35.285793, -79.054155], [35.285781, -79.054162], [35.285768, -79.054174], [35.285752, -79.054193], [35.28574, -79.054199], [35.285723, -79.054211], [35.285706, -79.054215], [35.28569, -79.054213], [35.285679, -79.054202], [35.285666, -79.054177], [35.285654, -79.054149], [35.285648, -79.054143], [35.28563, -79.054126], [35.28561, -79.054086], [35.285603, -79.05407], [35.285621, -79.054024], [35.285643, -79.053976], [35.285666, -79.053941], [35.285673, -79.053934], [35.285694, -79.05391], [35.285702, -79.053891], [35.285719, -79.053873], [35.285731, -79.053881], [35.285759, -79.053903], [35.285772, -79.053914], [35.28578, -79.053929], [35.285792, -79.053943], [35.285808, -79.053961], [35.285818, -79.053975], [35.285827, -79.053993], [35.28584, -79.05403], [35.285842, -79.05406], [35.28584, -79.054098], [35.285837, -79.054118], [35.285827, -79.054142], [35.285814, -79.05415], [35.285806, -79.05415], [35.285793, -79.054155]]}, "12": {"path": [[35.287303, -79.05847], [35.285961, -79.059136]], "green": [[35.285986, -79.059027], [35.285927, -79.059032], [35.285892, -79.05904], [35.285854, -79.059043], [35.285846, -79.059066], [35.285825, -79.05913], [35.285812, -79.059173], [35.285829, -79.059194], [35.285854, -79.059235], [35.285886, -79.059247], [35.285934, -79.059273], [35.285984, -79.059265], [35.286017, -79.059253], [35.28604, -79.059232], [35.286068, -79.059194], [35.286118, -79.059166], [35.286116, -79.059124], [35.286095, -79.059078], [35.286075, -79.059031], [35.286031, -79.059034], [35.285986, -79.059027]]}, "14": {"path": [[35.285503, -79.056196], [35.284892, -79.058543], [35.284084, -79.059372]],