{"holes": {"1": {"path": [[35.352465, -80.771849], [35.351425, -80.769619], [35.351306, -80.768377]], "green": [[35.351396, -80.768383], [35.351397, -80.768357], [35.351397, -80.768323], [35.351394, -80.768292], [35.351389, -80.768266], [35.351376, -80.768245], [35.35135, -80.768234], [35.351331, -80.768225], [35.351312, -80.768225], [35.351287, -80.768232], [35.351269, -80.768243], [35.351252, -80.76826], [35.35124, -80.768281], [35.35123, -80.768297], [35.35122, -80.768316], [35.351214, -80.768335], [35.351208, -80.768356], [35.351206, -80.768375], [35.351204, -80.768398], [35.351205, -80.768421], [35.351211, -80.768444], [35.351222, -80.768466], [35.351239, -80.768486], [35.351257, -80.768499], [35.351279, -80.768512], [35.351297, -80.768514], [35.351311, -80.768515], [35.351331, -80.768512], [35.351354, -80.768505], [35.351368, -80.768497], [35.351379, -80.768477], [35.351386, -80.76846], [35.351391, -80.768435], [35.351395, -80.768409], [35.351396, -80.768383]]}, "2": {"path": [[35.352322, -80.769281], [35.351612, -80.765043]], "green": [[35.351687, -80.765019], [35.351681, -80.765098], [35.351664, -80.765149], [35.35165, -80.765175], [35.351628, -80.765187], [35.3516, -80.765187], [35.35157, -80.765167], [35.351557, -80.765134], [35.351555, -80.765085], [35.351546, -80.765047], [35.351531, -80.764967], [35.351536, -80.764936], [35.351557, -80.764909], [35.351589, -80.764895], [35.351634, -80.764908], [35.351661, -80.764928], [35.351677, -80.764964], [35.351687, -80.765019]]}, "3": {"path": [[35.35139, -80.764043], [35.35101, -80.761199], [35.350525, -80.760227], [35.349942, -80.759746]], "green": [[35.350042, -80.759729], [35.350039, -80.75977], [35.350017, -80.759823], [35.34997, -80.759876], [35.349916, -80.759898], [35.349864, -80.759891], [35.349824, -80.759844], [35.349808, -80.759785], [35.349812, -80.759717], [35.349844, -80.759649], [35.349892, -80.759615], [35.349946, -80.759611], [35.34999, -80.759625], [35.350021, -80.759667], [35.350039, -80.759704], [35.350042, -80.759729]]}, "4": {"path": [[35.349751, -80.760655], [35.350509, -80.763143], [35.350553, -80.764714]], "green": [[35.350495, -80.764596], [35.350467, -80.764668], [35.350454, -80.764754], [35.350456, -80.764819], [35.350482, -80.764884], [35.350518, -80.764904], [35.350573, -80.764906], [35.350627, -80.764877], [35.35066, -80.764818], [35.350669, -80.764735], [35.350651, -80.764654], [35.350616, -80.764571], [35.350591, -80.764548], [35.35056, -80.764544], [35.350527, -80.764556], [35.350495, -80.764596]]}, "5": {"path": [[35.351108, -80.764939], [35.351356, -80.766904]], "green": [[35.351443, -80.766899], [35.351445, -80.766961], [35.351437, -80.767009], [35.35141, -80.767046], [35.351368, -80.767066], [35.351333, -80.767062], [35.351294, -80.767039], [35.35126, -80.766984], [35.351239, -80.766905], [35.351242, -80.766821], [35.351266, -80.766767], [35.3513, -80.766738], [35.351344, -80.766735], [35.351378, -80.766758], [35.351416, -80.766814], [35.351434, -80.766863], [35.351443, -80.766899]]}, "6": {"path": [[35.350641, -80.766851], [35.349297, -80.764321], [35.349163, -80.763819]], "green": [[35.349266, -80.76384], [35.349265, -80.763892], [35.349243, -80.763939], [35.349216, -80.763959], [35.34918, -80.763964], [35.349142, -80.763929], [35.349095, -80.763887], [35.349061, -80.763863], [35.349037, -80.763811], [35.349025, -80.763754], [35.349041, -80.763698], [35.349107, -80.763662], [35.349187, -80.763662], [35.349224, -80.763674], [35.349245, -80.763732], [35.349266, -80.76384]]}, "7": {"path": [[35.348484, -80.764736], [35.350241, -80.767453]], "green": [[35.350358, -80.767442], [35.350365, -80.767492], [35.350356, -80.76754], [35.350334, -80.767568], [35.350294, -80.76759], [35.350234, -80.767594], [35.350179, -80.767571], [35.350109, -80.767516], [35.350084, -80.767471], [35.350082, -80.767433], [35.35009, -80.767381], [35.350123, -80.767338], [35.350173, -80.767313], [35.350233, -80.767319], [35.350285, -80.767343], [35.350333, -80.767382], [35.350351, -80.767417], [35.350358, -80.767442]]}, "8": {"path": [[35.350892, -80.767063], [35.350499, -80.76847]], "green": [[35.350557, -80.768328], [35.350584, -80.76838], [35.350593, -80.768422], [35.350585, -80.768499], [35.350544, -80.768607], [35.350514, -80.768634], [35.350477, -80.768646], [35.350432, -80.768632], [35.350406, -80.768591], [35.350395, -80.76853], [35.350402, -80.768461], [35.350437, -80.768367], [35.350478, -80.768314], [35.350517, -80.768307], [35.350557, -80.768328]]}, "9": {"path": [[35.3492, -80.768648], [35.35075, -80.770267], [35.351928, -80.772074]], "green": [[35.351968, -80.771995], [35.352006, -80.772046], [35.352031, -80.772077], [35.352044, -80.772124], [35.352041, -80.772164], [35.352015, -80.772217], [35.351974, -80.772252], [35.35194, -80.772253], [35.351905, -80.772243], [35.351847, -80.772188], [35.351803, -80.772113], [35.351795, -80.772066], [35.351802, -80.772011], [35.351832, -80.771952], [35.351877, -80.771915], [35.351909, -80.771914], [35.351932, -80.771927], [35.351948, -80.77196], [35.351968, -80.771995]]}, "10": {"path": [[35.350482, -80.773767], [35.34865, -80.770519]], "green": [[35.348749, -80.770585], [35.348753, -80.770614], [35.348747, -80.770654], [35.348717, -80.770692], [35.348681, -80.770703], [35.348638, -80.7707], [35.348598, -80.770685], [35.348565, -80.770638], [35.348533, -80.770546], [35.348519, -80.77047], [35.348523, -80.770394], [35.348547, -80.770349], [35.348582, -80.77033], [35.348613, -80.770328], [35.348646, -80.770333], [35.348667, -80.770355], [35.348684, -80.7704], [35.348696, -80.770461], [35.348715, -80.770523], [35.348736, -80.770554], [35.348749, -80.770585]]}, "11": {"path": [[35.348309, -80.771266], [35.347753, -80.773351]], "green": [[35.347754, -80.773192], [35.347804, -80.773198], [35.347842, -80.773212], [35.347882, -80.773226], [35.347895, -80.773252], [35.347898, -80.773276], [35.347887, -80.773392], [35.347843, -80.773519], [35.347801, -80.773567], [35.347759, -80.773576], [35.347712, -80.773561], [35.347686, -80.773532], [35.347671, -80.773493], [35.347653, -80.773428], [35.347638, -80.773379], [35.347624, -80.773329], [35.347622, -80.77327], [35.34764, -80.773225], [35.347687, -80.773198], [35.347754, -80.773192]]}, "12": {"path": [[35.347092, -80.773236], [35.347862, -80.770412], [35.348343, -80.769081]], "green": [[35.348478, -80.769078], [35.348461, -80.769116], [35.348413, -80.769173], [35.348352, -80.76922], [35.348303, -80.769233], [35.348253, -80.769227], [35.348201, -80.769195], [35.348177, -80.769156], [35.348174, -80.76911], [35.348189, -80.769049], [35.348238, -80.768994], [35.348344, -80.768914], [35.348383, -80.768908], [35.34843, -80.768923], [35.348469, -80.768974], [35.348482, -80.769027], [35.348478, -80.769078]]}, "13": {"path": [[35.348261, -80.767663], [35.347382, -80.76927], [35.3469, -80.770903]], "green": [[35.346989, -80.770866], [35.346992, -80.770926], [35.34699, -80.770987], [35.346972, -80.771023], [35.346944, -80.771045], [35.346911, -80.771046], [35.34688, -80.771021], [35.346845, -80.770983], [35.346808, -80.77096], [35.346778, -80.770933], [35.346769, -80.770895], [35.346775, -80.77083], [35.34682, -80.770766], [35.34688, -80.770748], [35.34692, -80.770754], [35.346955, -80.770785], [35.346979, -80.770823], [35.346989, -80.770866]]}, "14": {"path": [[35.346412, -80.770432], [35.347232, -80.767886], [35.347769, -80.765678]], "green": [[35.347823, -80.76576], [35.347821, -80.765807], [35.347808, -80.765846], [35.347777, -80.765862], [35.347747, -80.765862], [35.347715, -80.765844], [35.34769, -80.765811], [35.347684, -80.765764], [35.347692, -80.765696], [35.347708, -80.765617], [35.347709, -80.765567], [35.347715, -80.765521], [35.347733, -80.765486], [35.347764, -80.765478], [35.347802, -80.765486], [35.347823, -80.765502], [35.34784, -80.765562], [35.34784, -80.765622], [35.347826, -80.765673], [35.347818, -80.765719], [35.347823, -80.76576]]},