{"holes": {"1": {"path": [[35.981376, -78.520257], [35.980321, -78.52199], [35.978691, -78.523028]], "green": [[35.97877, -78.523018], [35.978768, -78.523028], [35.978764, -78.523039], [35.978757, -78.523049], [35.97875, -78.523057], [35.978743, -78.523065], [35.978735, -78.523071], [35.978727, -78.523076], [35.978718, -78.523081], [35.978706, -78.523086], [35.978694, -78.523091], [35.978684, -78.523093], [35.978671, -78.523094], [35.978658, -78.523094], [35.978647, -78.523093], [35.978636, -78.523089], [35.978627, -78.523083], [35.978621, -78.523077], [35.978615, -78.523068], [35.978611, -78.523059], [35.978607, -78.52305], [35.978607, -78.52304], [35.978609, -78.52303], [35.978612, -78.523021], [35.978618, -78.523012], [35.978625, -78.523005], [35.978633, -78.522997], [35.978641, -78.52299], [35.978652, -78.522983], [35.978661, -78.522976], [35.978674, -78.522969], [35.978686, -78.522964], [35.978698, -78.52296], [35.97871, -78.522959], [35.978723, -78.522958], [35.978736, -78.522962], [35.978746, -78.522966], [35.978755, -78.522972], [35.978762, -78.52298], [35.978766, -78.522989], [35.978769, -78.522999], [35.97877, -78.523008], [35.97877, -78.523018]]}, "2": {"path": [[35.978284, -78.523279], [35.978788, -78.521346], [35.978829, -78.520501]], "green": [[35.978891, -78.520488], [35.978892, -78.520501], [35.97889, -78.520514], [35.978885, -78.520527], [35.978881, -78.52054], [35.978875, -78.520551], [35.978869, -78.52056], [35.97886, -78.520571], [35.978851, -78.520579], [35.97884, -78.520585], [35.978828, -78.520587], [35.978817, -78.520588], [35.978803, -78.520585], [35.978792, -78.520578], [35.978783, -78.520569], [35.978774, -78.520559], [35.978767, -78.520548], [35.978762, -78.520534], [35.97876, -78.520523], [35.978759, -78.520507], [35.978759, -78.520493], [35.978761, -78.52048], [35.978766, -78.520466], [35.978774, -78.520452], [35.978782, -78.520444], [35.978793, -78.520434], [35.978803, -78.520427], [35.978814, -78.520422], [35.978825, -78.520419], [35.978837, -78.520419], [35.978851, -78.52042], [35.97886, -78.520423], [35.978869, -78.520429], [35.978876, -78.520437], [35.978883, -78.520449], [35.978887, -78.520462], [35.97889, -78.520475], [35.978891, -78.520488]]}, "3": {"path": [[35.979366, -78.521173], [35.979971, -78.519329], [35.980704, -78.51867], [35.981133, -78.518488]], "green": [[35.981222, -78.518497], [35.981217, -78.51852], [35.98121, -78.518541], [35.9812, -78.51856], [35.981187, -78.518572], [35.981172, -78.518581], [35.981158, -78.518585], [35.981139, -78.518589], [35.981122, -78.518588], [35.981105, -78.518584], [35.981089, -78.51858], [35.981077, -78.518574], [35.981068, -78.518569], [35.981055, -78.51856], [35.981048, -78.518552], [35.981041, -78.518541], [35.981037, -78.518531], [35.981036, -78.518518], [35.981038, -78.5185], [35.981043, -78.518479], [35.981054, -78.518458], [35.981068, -78.51844], [35.981081, -78.518421], [35.981096, -78.518403], [35.981112, -78.518389], [35.981126, -78.518378], [35.981136, -78.518373], [35.981149, -78.518371], [35.981164, -78.518372], [35.981181, -78.518377], [35.981194, -78.518385], [35.981206, -78.518398], [35.981215, -78.518416], [35.98122, -78.518436], [35.981223, -78.518455], [35.981224, -78.518475], [35.981222, -78.518497]]}, "4": {"path": [[35.981517, -78.518465], [35.982092, -78.519541]], "green": [[35.982163, -78.519602], [35.982153, -78.519616], [35.982142, -78.519627], [35.982128, -78.519636], [35.982114, -78.519641], [35.982098, -78.519644], [35.982079, -78.519643], [35.982065, -78.519638], [35.982051, -78.519631], [35.982041, -78.519622], [35.982031, -78.519611], [35.982022, -78.519597], [35.982015, -78.519583], [35.982011, -78.51957], [35.982008, -78.519554], [35.982007, -78.519538], [35.982009, -78.519521], [35.982012, -78.519508], [35.982018, -78.519495], [35.982025, -78.519484], [35.982033, -78.519475], [35.982041, -78.519466], [35.982052, -78.519457], [35.982063, -78.519452], [35.982075, -78.519447], [35.982088, -78.519446], [35.982103, -78.519446], [35.982116, -78.519449], [35.982127, -78.519454], [35.982139, -78.519463], [35.982149, -78.519473], [35.982156, -78.519482], [35.982163, -78.519493], [35.982168, -78.519506], [35.982172, -78.519521], [35.982174, -78.519537], [35.982175, -78.519554], [35.982173, -78.519571], [35.98217, -78.519586], [35.982163, -78.519602]]}, "5": {"path": [[35.981901, -78.520405], [35.982958, -78.522266], [35.983442, -78.523391]], "green": [[35.983506, -78.523444], [35.983501, -78.523457], [35.983496, -78.523469], [35.983489, -78.523479], [35.98348, -78.523488], [35.98347, -78.523494], [35.983459, -78.523498], [35.983445, -78.523499], [35.983435, -78.523495], [35.983425, -78.523488], [35.983414, -78.523479], [35.983406, -78.523468], [35.983399, -78.523457], [35.983394, -78.523445], [35.983388, -78.523432], [35.983384, -78.523417], [35.983381, -78.523405], [35.983379, -78.52339], [35.983376, -78.523375], [35.983376, -78.523361], [35.983377, -78.523346], [35.983378, -78.523332], [35.983382, -78.523319], [35.983388, -78.523307], [35.983395, -78.523296], [35.983404, -78.523288], [35.983415, -78.523284], [35.983426, -78.523283], [35.983438, -78.523285], [35.983449, -78.523291], [35.98346, -78.523297], [35.98347, -78.523305], [35.983479, -78.523315], [35.983486, -78.523325], [35.983492, -78.523339], [35.983498, -78.523352], [35.983502, -78.523368], [35.983505, -78.523383], [35.983508, -78.523399], [35.983509, -78.523413], [35.983508, -78.523429], [35.983506, -78.523444]]}, "6": {"path": [[35.98344, -78.523857], [35.985006, -78.52155]], "green": [[35.985076, -78.521604], [35.985072, -78.521621], [35.985064, -78.521637], [35.985053, -78.521653], [35.985043, -78.521664], [35.98503, -78.521672], [35.985015, -78.521675], [35.984999, -78.521671], [35.984986, -78.521664], [35.984974, -78.521652], [35.984964, -78.521639], [35.984956, -78.521625], [35.984949, -78.521609], [35.984942, -78.521589], [35.984936, -78.52157], [35.984931, -78.521547], [35.984928, -78.521526], [35.984926, -78.521506], [35.984929, -78.521488], [35.984934, -78.52147], [35.984941, -78.521454], [35.984951, -78.521441], [35.984964, -78.52143], [35.984979, -78.521425], [35.984994, -78.521426], [35.985009, -78.52143], [35.985025, -78.521439], [35.985037, -78.521451], [35.985048, -78.521464], [35.985055, -78.521476], [35.985062, -78.521493], [35.985068, -78.521511], [35.985071, -78.521528], [35.985075, -78.521546], [35.985077, -78.521564], [35.985077, -78.521584], [35.985076, -78.521604]]}, "7": {"path": [[35.985046, -78.522241], [35.985305, -78.523609]], "green": [[35.985381, -78.523635], [35.985375, -78.52365], [35.985366, -78.523665], [35.985353, -78.523679], [35.98534, -78.52369], [35.985324, -78.523699], [35.985308, -78.523702], [35.98529, -78.523703], [35.985273, -78.523698], [35.985263, -78.52369], [35.985249, -78.523678], [35.985238, -78.523666], [35.98523, -78.523652], [35.985224, -78.523637], [35.98522, -78.523619], [35.985222, -78.5236], [35.985227, -78.523584], [35.985234, -78.52357], [35.985243, -78.523555], [35.985254, -78.523542], [35.985267, -78.523531], [35.985281, -78.523524], [35.985296, -78.523519], [35.985313, -78.523517], [35.985327, -78.52352], [35.985341, -78.523526], [35.985354, -78.523533], [35.985365, -78.523545], [35.985374, -78.523559], [35.985381, -78.523574], [35.985385, -78.52359], [35.985386, -78.523613], [35.985381, -78.523635]]}, "8": {"path": [[35.985915, -78.523899], [35.984079, -78.524231], [35.983243, -78.524944]],