{"holes": {"1": {"path": [[45.113101, -93.326662], [45.113218, -93.329591], [45.111714, -93.332268]], "green": [[45.111834, -93.332315], [45.111821, -93.332334], [45.111801, -93.332345], [45.111778, -93.332348], [45.111754, -93.332354], [45.111733, -93.332357], [45.111712, -93.33236], [45.111697, -93.332364], [45.111675, -93.332368], [45.111657, -93.332371], [45.11163, -93.332372], [45.111616, -93.332367], [45.111603, -93.332356], [45.111592, -93.332343], [45.111581, -93.332328], [45.111576, -93.332307], [45.111579, -93.332285], [45.111583, -93.332268], [45.111596, -93.332245], [45.111612, -93.332227], [45.111632, -93.332206], [45.111642, -93.332201], [45.111652, -93.332199], [45.111669, -93.332192], [45.111689, -93.332173], [45.111706, -93.332158], [45.111726, -93.332143], [45.111746, -93.332136], [45.111769, -93.332136], [45.111789, -93.332145], [45.111805, -93.332159], [45.111822, -93.332173], [45.111835, -93.332196], [45.111845, -93.332217], [45.111852, -93.332241], [45.11185, -93.332274], [45.111842, -93.332301], [45.111834, -93.332315]]}, "2": {"path": [[45.111937, -93.333106], [45.112348, -93.332643], [45.112989, -93.331561]], "green": [[45.112981, -93.331696], [45.112995, -93.331702], [45.113019, -93.331706], [45.113031, -93.331707], [45.113054, -93.331708], [45.113109, -93.331703], [45.113133, -93.331699], [45.113157, -93.331665], [45.113162, -93.33162], [45.113155, -93.331576], [45.113135, -93.331538], [45.113098, -93.331499], [45.113067, -93.331463], [45.113041, -93.331434], [45.11301, -93.331407], [45.112988, -93.331385], [45.112966, -93.331362], [45.112936, -93.331361], [45.112918, -93.331376], [45.112905, -93.331394], [45.112897, -93.331417], [45.112893, -93.331461], [45.112888, -93.331508], [45.112886, -93.331522], [45.112884, -93.331536], [45.112882, -93.331549], [45.11288, -93.33158], [45.112879, -93.331593], [45.112884, -93.331618], [45.11289, -93.33164], [45.112954, -93.331697], [45.112973, -93.331697], [45.112981, -93.331696]]}, "3": {"path": [[45.113381, -93.330888], [45.114548, -93.333431], [45.115645, -93.333981]], "green": [[45.11554, -93.334066], [45.115547, -93.334079], [45.115556, -93.334096], [45.11558, -93.33412], [45.115599, -93.334135], [45.115619, -93.334142], [45.115643, -93.334141], [45.115648, -93.33414], [45.115676, -93.334116], [45.11569, -93.334082], [45.115698, -93.334041], [45.115714, -93.334006], [45.115732, -93.333988], [45.115752, -93.333975], [45.115781, -93.333949], [45.115791, -93.333936], [45.115795, -93.333922], [45.115798, -93.3339], [45.115793, -93.333877], [45.115786, -93.333865], [45.115777, -93.333851], [45.115748, -93.333828], [45.115717, -93.333818], [45.115666, -93.33382], [45.115619, -93.333831], [45.115575, -93.333855], [45.115544, -93.333883], [45.115505, -93.333895], [45.115493, -93.333939], [45.115487, -93.33396], [45.115492, -93.333987], [45.115497, -93.333998], [45.115518, -93.334035], [45.11554, -93.334066]]}, "4": {"path": [[45.11649, -93.333838], [45.118067, -93.335577], [45.120149, -93.335124]], "green": [[45.1201, -93.335273], [45.120123, -93.335288], [45.120138, -93.3353], [45.120151, -93.335309], [45.120171, -93.335331], [45.120194, -93.335336], [45.120211, -93.335328], [45.120226, -93.335315], [45.120235, -93.33529], [45.120241, -93.335258], [45.12024, -93.335204], [45.120234, -93.335164], [45.120225, -93.335103], [45.120224, -93.335063], [45.120221, -93.335008], [45.120223, -93.334954], [45.120226, -93.33493], [45.120222, -93.334907], [45.120212, -93.334891], [45.120196, -93.334878], [45.12018, -93.334878], [45.120157, -93.334887], [45.120139, -93.334909], [45.120123, -93.334929], [45.120112, -93.334952], [45.120105, -93.334982], [45.120101, -93.335021], [45.120099, -93.335054], [45.120094, -93.335079], [45.120087, -93.335101], [45.120078, -93.335118], [45.120074, -93.335135], [45.120067, -93.33516], [45.120063, -93.335179], [45.120061, -93.335199], [45.120061, -93.335223], [45.120075, -93.335249], [45.120079, -93.335256], [45.120084, -93.335263], [45.1201, -93.335273]]}, "5": {"path": [[45.120393, -93.333591], [45.121652, -93.331448], [45.121667, -93.33058]], "green": [[45.12178, -93.330628], [45.121778, -93.330645], [45.12177, -93.330662], [45.121762, -93.330675], [45.121755, -93.330683], [45.121749, -93.330689], [45.121738, -93.330695], [45.121724, -93.330696], [45.12171, -93.330693], [45.121698, -93.330684], [45.121682, -93.330675], [45.121665, -93.330668], [45.121646, -93.330664], [45.121631, -93.330664], [45.121617, -93.330665], [45.121605, -93.330667], [45.121588, -93.330662], [45.121572, -93.33065], [45.121552, -93.330633], [45.121537, -93.330613], [45.121527, -93.330587], [45.121523, -93.330567], [45.121523, -93.33055], [45.121527, -93.330529], [45.121533, -93.330508], [45.121541, -93.330491], [45.121552, -93.330477], [45.121566, -93.330463], [45.121581, -93.330456], [45.121599, -93.330456], [45.121612, -93.330457], [45.121634, -93.330463], [45.12166, -93.330469], [45.121684, -93.330474], [45.121698, -93.330475], [45.121709, -93.330478], [45.121717, -93.330482], [45.121726, -93.330488], [45.121734, -93.330496], [45.121746, -93.330513], [45.121757, -93.33053], [45.121767, -93.330551], [45.121774, -93.330567], [45.121778, -93.330584], [45.12178, -93.330594], [45.121781, -93.33061], [45.12178, -93.330628]]}, "6": {"path": [[45.121478, -93.329826], [45.120552, -93.331743]], "green": [[45.120641, -93.331794], [45.12064, -93.331816], [45.120639, -93.331836], [45.120635, -93.331853], [45.120627, -93.331877], [45.12062, -93.331893], [45.120611, -93.331903], [45.120602, -93.331913], [45.120593, -93.33192], [45.120581, -93.331926], [45.12057, -93.33193], [45.120557, -93.33193], [45.120547, -93.331925], [45.120535, -93.331918], [45.120518, -93.331899], [45.120502, -93.331879], [45.120463, -93.33183], [45.120444, -93.331799], [45.120429, -93.331762], [45.120421, -93.331724], [45.12042, -93.331692], [45.120424, -93.331663], [45.12043, -93.331638], [45.120436, -93.331616], [45.120445, -93.331602], [45.120456, -93.331584], [45.120486, -93.331558], [45.120518, -93.331535], [45.120537, -93.331528], [45.12055, -93.331527], [45.120569, -93.331531], [45.120587, -93.33154], [45.120603, -93.331563], [45.120617, -93.331591], [45.120627, -93.331619], [45.120635, -93.33165], [45.120641, -93.331688], [45.120642, -93.331723], [45.120641, -93.331758], [45.120641, -93.331794]]}, "7": {"path": [[45.120014, -93.331332], [45.117895, -93.332622], [45.116836, -93.332505]], "green": [[45.116926, -93.332578], [45.116945, -93.332552], [45.116957, -93.332525], [45.116957, -93.332508], [45.11695, -93.332484], [45.116933, -93.332454], [45.116917, -93.332426], [45.116899, -93.332403], [45.116876, -93.332379], [45.116839, -93.332358], [45.116805, -93.332351], [45.116769, -93.332356], [45.116741, -93.33237], [45.116706, -93.332424], [45.116695, -93.332471], [45.116697, -93.33252], [45.116706, -93.332574], [45.116723, -93.332607], [45.116756, -93.332633], [45.11678, -93.33265], [45.116828, -93.332652], [45.116857, -93.332638], [45.116887, -93.332618], [45.116926, -93.332578]]}, "8": {"path": [[45.116007, -93.333524], [45.11485, -93.332534]],