{"holes": {"1": {"path": [[44.892996, -93.463873], [44.893868, -93.463664]], "green": [[44.893819, -93.463844], [44.893849, -93.463811], [44.893883, -93.463774], [44.893902, -93.463736], [44.893929, -93.463699], [44.893959, -93.463661], [44.893997, -93.463613], [44.894001, -93.463554], [44.893986, -93.4635], [44.893952, -93.463463], [44.893917, -93.463484], [44.893883, -93.463538], [44.89386, -93.463581], [44.893826, -93.463602], [44.893781, -93.463618], [44.893746, -93.46365], [44.893735, -93.463709], [44.893746, -93.463774], [44.893777, -93.463822], [44.893819, -93.463844]]}, "2": {"path": [[44.890721, -93.461978], [44.889332, -93.461714]], "green": [[44.895763, -93.464979], [44.895789, -93.464992], [44.895813, -93.464985], [44.89584, -93.464965], [44.895857, -93.464945], [44.895865, -93.464918], [44.895865, -93.464894], [44.895863, -93.464867], [44.895856, -93.464845], [44.895842, -93.464817], [44.895818, -93.464789], [44.895789, -93.464773], [44.895763, -93.464758], [44.895744, -93.464745], [44.895719, -93.464726], [44.895701, -93.464713], [44.895676, -93.464709], [44.895657, -93.464715], [44.895632, -93.464733], [44.895611, -93.46475], [44.895593, -93.464746], [44.895571, -93.464782], [44.895552, -93.464814], [44.89555, -93.464864], [44.895578, -93.464912], [44.895608, -93.464932], [44.89563, -93.464933], [44.895651, -93.464933], [44.895683, -93.464934], [44.895703, -93.464933], [44.895731, -93.46495], [44.895745, -93.464963], [44.895763, -93.464979]]}, "3": {"path": [[44.896534, -93.465199], [44.894969, -93.466215], [44.894493, -93.466995]], "green": [[44.894598, -93.466952], [44.894588, -93.466988], [44.894573, -93.467034], [44.894558, -93.467076], [44.894542, -93.467101], [44.894505, -93.46712], [44.894477, -93.467148], [44.894433, -93.467161], [44.894402, -93.467144], [44.894379, -93.467125], [44.894365, -93.4671], [44.894364, -93.467064], [44.89437, -93.467034], [44.894388, -93.467011], [44.894426, -93.466982], [44.894462, -93.466944], [44.89447, -93.466902], [44.894488, -93.466865], [44.89451, -93.466844], [44.894534, -93.466838], [44.894543, -93.466836], [44.894568, -93.466845], [44.894587, -93.466874], [44.894598, -93.466925], [44.894598, -93.466952]]}, "4": {"path": [[44.894684, -93.467564], [44.895834, -93.466741]], "green": [[44.895718, -93.466856], [44.895765, -93.466868], [44.895805, -93.466833], [44.895857, -93.466802], [44.89593, -93.466792], [44.895982, -93.466765], [44.896005, -93.466694], [44.896004, -93.466636], [44.895985, -93.466604], [44.895939, -93.466586], [44.895801, -93.466633], [44.895751, -93.466654], [44.89571, -93.466703], [44.895685, -93.466755], [44.895688, -93.466818], [44.895718, -93.466856]]}, "5": {"path": [[44.896329, -93.466373], [44.897393, -93.465264], [44.89818, -93.464835]], "green": [[44.898089, -93.464975], [44.898155, -93.464962], [44.898243, -93.464911], [44.898283, -93.464834], [44.898313, -93.464742], [44.898302, -93.464708], [44.898271, -93.464684], [44.898236, -93.464684], [44.898213, -93.464696], [44.898113, -93.464824], [44.898081, -93.464861], [44.898068, -93.464889], [44.898068, -93.464941], [44.898089, -93.464975]]}, "6": {"path": [[44.898081, -93.464358], [44.8965, -93.46422], [44.895292, -93.463456]], "green": [[44.895238, -93.463538], [44.895299, -93.463538], [44.895373, -93.463562], [44.89541, -93.463557], [44.895431, -93.463528], [44.895431, -93.463489], [44.895412, -93.463434], [44.895379, -93.463379], [44.895342, -93.463362], [44.895291, -93.463364], [44.89525, -93.463365], [44.895193, -93.463351], [44.895174, -93.463359], [44.895161, -93.463401], [44.895161, -93.463466], [44.895181, -93.463521], [44.895238, -93.463538]]}, "7": {"path": [[44.894167, -93.462951], [44.892945, -93.462826]], "green": [[44.892964, -93.462949], [44.893006, -93.463008], [44.893047, -93.463007], [44.89307, -93.462977], [44.893082, -93.462923], [44.89307, -93.46284], [44.893032, -93.462779], [44.892947, -93.462682], [44.89292, -93.46265], [44.892882, -93.462641], [44.892851, -93.462644], [44.892828, -93.462682], [44.892819, -93.462739], [44.892819, -93.462808], [44.89284, -93.462845], [44.892921, -93.462915], [44.892964, -93.462949]]}, "9": {"path": [[44.889018, -93.461942], [44.891157, -93.463847]], "green": [[44.891132, -93.463899], [44.891157, -93.463965], [44.891177, -93.463988], [44.891212, -93.464004], [44.891244, -93.463996], [44.891263, -93.463971], [44.891263, -93.463923], [44.891246, -93.463808], [44.891216, -93.46374], [44.891151, -93.46372], [44.89111, -93.463692], [44.891081, -93.463692], [44.891067, -93.463708], [44.891055, -93.463748], [44.891055, -93.463791], [44.891101, -93.46385], [44.891132, -93.463899]]}, "17": {"path": [[44.867709, -93.465093], [44.867954, -93.46688]], "green": [[44.868016, -93.467032], [44.867991, -93.467064], [44.867947, -93.467088], [44.867906, -93.467087], [44.867874, -93.467052], [44.867859, -93.467017], [44.867856, -93.466938], [44.867867, -93.466747], [44.867877, -93.466702], [44.867901, -93.466668], [44.867932, -93.466657], [44.867961, -93.466667], [44.86798, -93.466691], [44.868007, -93.466752], [44.86803, -93.46681], [44.868036, -93.466853], [44.868037, -93.466909], [44.868035, -93.466963], [44.868016, -93.467032]]}}}