{"holes": {"1": {"path": [[45.547295, -94.213197], [45.546874, -94.210718], [45.546544, -94.209585]], "green": [[45.546497, -94.209671], [45.546527, -94.209692], [45.546545, -94.209695], [45.546563, -94.209698], [45.546599, -94.209685], [45.546623, -94.209658], [45.546635, -94.209614], [45.546635, -94.209561], [45.546624, -94.209523], [45.546606, -94.209482], [45.546578, -94.209463], [45.546546, -94.209456], [45.546513, -94.209462], [45.546486, -94.209481], [45.546469, -94.209511], [45.54646, -94.209556], [45.546462, -94.2096], [45.546476, -94.209644], [45.546497, -94.209671]]}, "2": {"path": [[45.546481, -94.211065], [45.545777, -94.209193]], "green": [[45.545823, -94.209307], [45.545848, -94.209279], [45.545854, -94.209258], [45.545863, -94.209226], [45.545858, -94.209154], [45.545841, -94.209104], [45.545814, -94.209077], [45.54578, -94.209059], [45.545738, -94.209058], [45.545712, -94.209076], [45.54569, -94.209112], [45.545682, -94.20915], [45.545686, -94.209195], [45.545704, -94.209232], [45.545731, -94.209266], [45.545754, -94.209294], [45.54579, -94.209317], [45.545823, -94.209307]]}, "3": {"path": [[45.545274, -94.20899], [45.546375, -94.212371]], "green": [[45.546449, -94.212388], [45.546441, -94.212341], [45.546426, -94.212309], [45.546402, -94.212284], [45.54638, -94.212263], [45.546363, -94.21226], [45.546344, -94.212273], [45.546331, -94.212288], [45.546315, -94.212307], [45.546303, -94.212335], [45.546304, -94.212345], [45.546309, -94.212362], [45.546318, -94.212381], [45.54633, -94.212401], [45.546344, -94.212421], [45.546358, -94.212444], [45.546369, -94.212471], [45.54639, -94.212484], [45.546415, -94.212498], [45.546458, -94.212476], [45.546457, -94.212434], [45.546449, -94.212388]]}, "4": {"path": [[45.545872, -94.212002], [45.54501, -94.209904], [45.544818, -94.209202]], "green": [[45.544769, -94.209293], [45.544795, -94.20931], [45.544829, -94.20932], [45.544866, -94.209308], [45.544889, -94.209282], [45.544905, -94.209228], [45.544906, -94.20917], [45.544893, -94.20913], [45.544878, -94.209102], [45.544854, -94.209072], [45.544823, -94.209067], [45.544793, -94.209082], [45.544766, -94.209113], [45.544752, -94.209151], [45.544742, -94.209198], [45.544744, -94.209239], [45.544756, -94.209273], [45.544769, -94.209293]]}, "5": {"path": [[45.544695, -94.207709], [45.541905, -94.207952], [45.541005, -94.208536]], "green": [[45.540945, -94.208634], [45.540964, -94.20865], [45.540996, -94.208655], [45.541033, -94.208645], [45.541057, -94.208616], [45.541077, -94.208573], [45.541083, -94.208526], [45.541081, -94.208513], [45.541078, -94.208482], [45.541069, -94.208453], [45.541052, -94.208425], [45.541027, -94.208416], [45.540998, -94.208422], [45.540967, -94.208438], [45.540943, -94.208461], [45.540929, -94.208502], [45.540926, -94.20855], [45.540932, -94.208596], [45.540945, -94.208634]]}, "6": {"path": [[45.540887, -94.207932], [45.543248, -94.206968], [45.545068, -94.206979]], "green": [[45.544966, -94.20698], [45.544978, -94.206942], [45.544989, -94.206922], [45.544998, -94.206904], [45.545025, -94.206885], [45.545052, -94.206874], [45.545082, -94.206872], [45.54511, -94.206874], [45.545135, -94.206886], [45.545157, -94.206905], [45.545173, -94.206939], [45.545181, -94.206969], [45.545179, -94.207013], [45.545163, -94.207049], [45.545141, -94.207077], [45.545114, -94.207095], [45.545085, -94.207098], [45.545061, -94.207088], [45.545039, -94.207065], [45.545012, -94.207048], [45.544988, -94.20704], [45.544971, -94.207018], [45.544966, -94.20698]]}, "7": {"path": [[45.544644, -94.207395], [45.547074, -94.207252]], "green": [[45.547133, -94.207129], [45.547161, -94.207155], [45.547179, -94.20718], [45.547195, -94.207228], [45.547196, -94.20729], [45.547185, -94.20733], [45.547155, -94.207368], [45.547119, -94.207385], [45.547079, -94.207379], [45.547041, -94.207357], [45.54701, -94.207344], [45.546985, -94.207339], [45.546962, -94.207335], [45.546943, -94.207302], [45.54694, -94.207263], [45.546953, -94.20722], [45.546975, -94.207197], [45.547014, -94.207191], [45.547047, -94.207192], [45.547076, -94.207186], [45.547106, -94.207165], [45.547122, -94.207137], [45.547133, -94.207129]]}, "8": {"path": [[45.547348, -94.209009], [45.547718, -94.210911]], "green": [[45.547706, -94.211039], [45.547733, -94.211043], [45.547764, -94.211034], [45.547789, -94.211019], [45.547807, -94.210991], [45.54782, -94.210931], [45.54782, -94.210881], [45.547807, -94.210846], [45.547789, -94.210818], [45.547764, -94.210799], [45.54774, -94.210791], [45.547715, -94.210786], [45.547706, -94.210784], [45.54768, -94.21078], [45.547661, -94.210795], [45.547647, -94.210823], [45.547643, -94.210864], [45.547644, -94.21089], [45.547638, -94.210919], [45.547638, -94.210955], [45.547653, -94.210991], [45.547672, -94.211017], [45.547686, -94.211032], [45.547706, -94.211039]]}, "9": {"path": [[45.547091, -94.209647], [45.547702, -94.212597]], "green": [[45.547708, -94.212507], [45.547728, -94.212508], [45.547748, -94.212506], [45.547769, -94.212521], [45.547783, -94.212538], [45.547798, -94.21258], [45.547803, -94.212608], [45.547799, -94.212642], [45.547784, -94.212669], [45.547759, -94.212697], [45.54773, -94.212705], [45.547707, -94.212706], [45.547678, -94.212699], [45.547651, -94.212694], [45.547627, -94.212685], [45.547612, -94.212668], [45.547602, -94.212642], [45.547599, -94.212601], [45.54761, -94.212562], [45.547631, -94.212537], [45.547655, -94.212522], [45.547669, -94.212516], [45.547681, -94.21251], [45.547708, -94.212507]]}}}