{"holes": {"1": {"path": [[43.645033, -96.168645], [43.644968, -96.164057]], "green": [[43.645077, -96.163972], [43.645066, -96.164027], [43.645044, -96.16407], [43.645015, -96.164087], [43.644994, -96.164102], [43.64498, -96.164135], [43.644962, -96.164182], [43.644931, -96.164216], [43.644889, -96.164199], [43.644866, -96.164169], [43.644861, -96.164135], [43.644867, -96.164102], [43.644879, -96.164062], [43.644898, -96.164014], [43.644928, -96.163978], [43.644959, -96.16395], [43.644985, -96.163927], [43.645024, -96.163914], [43.645053, -96.163929], [43.645077, -96.163972]]}, "2": {"path": [[43.645077, -96.163558], [43.643839, -96.165752], [43.642841, -96.167875]], "green": [[43.64292, -96.167907], [43.642896, -96.167979], [43.642873, -96.168006], [43.642845, -96.168028], [43.642819, -96.168033], [43.64279, -96.168028], [43.64277, -96.168014], [43.642754, -96.167979], [43.642753, -96.16795], [43.642769, -96.167924], [43.642791, -96.1679], [43.642802, -96.167887], [43.642809, -96.16787], [43.642803, -96.167833], [43.642799, -96.167803], [43.642799, -96.167779], [43.642811, -96.167761], [43.642831, -96.16774], [43.642841, -96.167731], [43.642865, -96.167729], [43.642894, -96.167732], [43.642918, -96.16776], [43.642933, -96.167796], [43.642933, -96.167822], [43.642933, -96.167851], [43.64292, -96.167907]]}, "4": {"path": [[43.644443, -96.165857], [43.643731, -96.16816], [43.642311, -96.169396]], "green": [[43.642386, -96.169355], [43.642392, -96.169393], [43.642395, -96.169409], [43.642404, -96.16947], [43.642395, -96.169494], [43.64238, -96.16953], [43.642358, -96.169547], [43.642333, -96.169559], [43.642308, -96.169557], [43.642289, -96.169554], [43.642268, -96.169545], [43.642243, -96.169532], [43.642217, -96.169456], [43.642211, -96.169421], [43.64221, -96.169382], [43.64221, -96.169332], [43.642226, -96.169289], [43.642246, -96.169247], [43.64226, -96.169225], [43.642272, -96.16921], [43.642309, -96.169214], [43.642336, -96.169236], [43.642356, -96.169265], [43.642378, -96.169325], [43.642386, -96.169355]]}, "5": {"path": [[43.642283, -96.168801], [43.64291, -96.166082], [43.642356, -96.164255]], "green": [[43.642424, -96.164244], [43.642457, -96.164265], [43.642482, -96.164298], [43.642489, -96.164339], [43.642459, -96.164398], [43.6424, -96.164426], [43.642356, -96.164428], [43.642336, -96.164405], [43.642326, -96.164358], [43.642322, -96.164324], [43.642312, -96.164301], [43.642285, -96.164278], [43.64226, -96.164255], [43.642239, -96.164222], [43.642239, -96.16419], [43.642251, -96.16416], [43.642269, -96.164131], [43.642299, -96.164123], [43.642333, -96.164118], [43.642362, -96.164118], [43.642386, -96.164132], [43.642394, -96.164171], [43.6424, -96.164211], [43.642407, -96.164232], [43.642424, -96.164244]]}, "6": {"path": [[43.64217, -96.163773], [43.643711, -96.163936], [43.644385, -96.163133]], "green": [[43.644449, -96.163117], [43.644455, -96.163146], [43.644465, -96.16318], [43.644469, -96.163214], [43.644461, -96.163242], [43.644431, -96.163275], [43.644409, -96.163295], [43.644376, -96.163301], [43.644353, -96.163292], [43.644333, -96.163281], [43.644315, -96.163263], [43.644307, -96.163246], [43.644307, -96.163212], [43.644315, -96.163187], [43.644332, -96.163154], [43.644343, -96.163092], [43.64433, -96.16308], [43.644319, -96.163042], [43.644323, -96.163009], [43.644334, -96.162987], [43.644352, -96.162967], [43.644371, -96.162952], [43.644399, -96.162952], [43.644427, -96.162976], [43.644444, -96.163015], [43.644453, -96.163048], [43.644453, -96.163084], [43.644449, -96.163117]]}, "7": {"path": [[43.643602, -96.163131], [43.642164, -96.163138]], "green": [[43.642316, -96.163133], [43.642317, -96.16316], [43.642309, -96.163193], [43.64229, -96.163228], [43.642264, -96.163227], [43.642244, -96.163219], [43.642228, -96.163224], [43.642204, -96.163233], [43.642152, -96.163239], [43.642135, -96.163222], [43.642119, -96.163208], [43.642098, -96.163196], [43.642069, -96.163192], [43.642038, -96.16319], [43.642011, -96.163176], [43.641998, -96.163148], [43.642003, -96.163111], [43.642008, -96.163074], [43.642017, -96.163044], [43.642038, -96.163023], [43.642055, -96.16301], [43.642088, -96.163017], [43.642116, -96.163038], [43.642144, -96.16307], [43.642183, -96.163099], [43.642221, -96.163103], [43.642235, -96.163091], [43.642263, -96.16308], [43.642289, -96.163081], [43.642311, -96.163104], [43.642316, -96.163133]]}, "8": {"path": [[43.641804, -96.163277], [43.642148, -96.166648], [43.641949, -96.169374]], "green": [[43.642024, -96.169365], [43.642024, -96.169399], [43.642025, -96.169457], [43.642002, -96.169502], [43.641976, -96.169533], [43.641931, -96.169555], [43.641901, -96.169532], [43.641883, -96.169503], [43.641876, -96.169467], [43.641879, -96.169424], [43.641884, -96.1694], [43.641881, -96.169354], [43.641869, -96.169328], [43.641874, -96.169265], [43.641895, -96.169218], [43.641922, -96.169201], [43.64196, -96.169202], [43.641985, -96.169236], [43.642009, -96.169272], [43.642019, -96.169306], [43.642027, -96.169333], [43.642024, -96.169365]]}, "9": {"path": [[43.641787, -96.170239], [43.64365, -96.169586], [43.644838, -96.169764]], "green": [[43.644967, -96.169749], [43.644967, -96.169828], [43.644933, -96.16986], [43.644897, -96.169893], [43.644855, -96.169902], [43.644809, -96.169893], [43.644774, -96.169867], [43.64474, -96.169837], [43.644716, -96.169816], [43.644705, -96.169766], [43.644705, -96.169723], [43.644715, -96.169685], [43.644738, -96.169661], [43.644784, -96.169679], [43.644811, -96.169699], [43.644846, -96.169703], [43.644874, -96.169681], [43.6449, -96.169678], [43.64494, -96.169678], [43.644963, -96.169697], [43.644967, -96.169749]]}}}