{"holes": {"1": {"path": [[46.660266, -94.239077], [46.659908, -94.235797], [46.659932, -94.234574]], "green": [[46.660031, -94.234579], [46.66001, -94.234606], [46.659992, -94.234626], [46.659973, -94.234651], [46.659956, -94.23468], [46.659942, -94.234705], [46.659916, -94.234726], [46.659892, -94.234735], [46.659863, -94.234733], [46.659845, -94.234726], [46.659828, -94.234703], [46.659822, -94.234676], [46.659816, -94.234645], [46.659819, -94.234608], [46.659833, -94.234559], [46.659848, -94.234518], [46.659869, -94.234482], [46.659888, -94.234452], [46.659908, -94.234433], [46.659933, -94.234419], [46.659957, -94.234415], [46.659982, -94.234421], [46.660003, -94.23443], [46.660021, -94.234449], [46.660033, -94.234476], [46.660041, -94.234494], [46.660041, -94.234537], [46.660031, -94.234579]]}, "2": {"path": [[46.659311, -94.2351], [46.660191, -94.232397], [46.660257, -94.230763]], "green": [[46.660315, -94.230669], [46.660327, -94.230692], [46.660333, -94.230714], [46.660346, -94.230744], [46.660356, -94.23078], [46.660359, -94.230812], [46.660359, -94.230838], [46.660354, -94.230874], [46.66034, -94.230908], [46.660322, -94.230935], [46.660299, -94.230953], [46.66028, -94.230961], [46.660258, -94.230959], [46.660238, -94.230945], [46.66022, -94.230932], [46.660208, -94.23091], [46.660198, -94.230868], [46.660184, -94.230828], [46.660168, -94.230786], [46.660155, -94.230757], [46.660151, -94.230726], [46.660152, -94.230695], [46.660158, -94.230669], [46.660167, -94.230637], [46.66018, -94.230618], [46.660195, -94.230605], [46.660212, -94.230598], [46.660232, -94.230599], [46.66025, -94.230605], [46.660269, -94.230617], [46.660284, -94.230628], [46.660301, -94.230645], [46.660315, -94.230669]]}, "3": {"path": [[46.659827, -94.23038], [46.659078, -94.233467], [46.658981, -94.235013]], "green": [[46.659061, -94.235062], [46.659044, -94.235097], [46.65902, -94.235126], [46.658999, -94.235155], [46.658981, -94.235172], [46.658959, -94.235182], [46.658937, -94.235185], [46.658915, -94.235181], [46.658899, -94.235169], [46.658886, -94.235148], [46.658878, -94.235122], [46.658874, -94.235098], [46.658875, -94.235062], [46.658891, -94.23498], [46.65891, -94.234901], [46.658922, -94.234869], [46.65894, -94.234849], [46.658965, -94.23483], [46.658989, -94.234821], [46.659015, -94.234827], [46.659034, -94.234842], [46.659049, -94.234859], [46.659061, -94.234888], [46.65907, -94.234917], [46.659073, -94.234948], [46.659075, -94.234975], [46.659072, -94.235025], [46.659061, -94.235062]]}, "4": {"path": [[46.658491, -94.234143], [46.658594, -94.231913]], "green": [[46.658657, -94.231813], [46.65866, -94.231838], [46.658664, -94.231873], [46.658672, -94.231909], [46.658678, -94.231938], [46.658683, -94.231979], [46.658684, -94.23201], [46.658683, -94.232043], [46.658673, -94.232077], [46.658661, -94.232101], [46.658649, -94.232126], [46.658629, -94.232137], [46.658614, -94.232143], [46.658599, -94.232139], [46.658586, -94.232126], [46.658569, -94.232103], [46.658557, -94.232077], [46.658546, -94.232034], [46.658529, -94.231981], [46.658512, -94.23194], [46.6585, -94.231908], [46.658489, -94.231884], [46.658484, -94.231852], [46.658485, -94.23182], [46.658494, -94.231792], [46.658504, -94.231769], [46.658518, -94.231746], [46.658534, -94.231731], [46.658548, -94.231723], [46.658565, -94.231715], [46.658582, -94.231716], [46.6586, -94.231726], [46.658622, -94.231744], [46.658636, -94.231764], [46.658647, -94.231784], [46.658657, -94.231813]]}, "5": {"path": [[46.659154, -94.231284], [46.656532, -94.230662], [46.654998, -94.230613]], "green": [[46.655088, -94.230705], [46.655075, -94.230727], [46.655055, -94.230738], [46.655031, -94.23074], [46.654991, -94.230731], [46.654952, -94.230719], [46.654922, -94.230707], [46.654902, -94.230693], [46.654886, -94.230664], [46.654877, -94.230629], [46.654877, -94.230585], [46.65488, -94.230555], [46.654889, -94.230525], [46.654901, -94.230507], [46.654919, -94.23049], [46.654936, -94.230486], [46.654963, -94.230486], [46.654998, -94.230496], [46.655026, -94.230505], [46.655046, -94.230518], [46.655065, -94.230537], [46.655079, -94.230556], [46.655092, -94.230581], [46.6551, -94.230612], [46.655103, -94.230638], [46.655103, -94.230658], [46.655099, -94.230684], [46.655088, -94.230705]]}, "6": {"path": [[46.654601, -94.230406], [46.654816, -94.233321], [46.654709, -94.234172]], "green": [[46.654784, -94.234287], [46.654769, -94.234304], [46.654744, -94.234311], [46.654714, -94.234313], [46.654685, -94.234305], [46.654663, -94.234287], [46.65464, -94.234262], [46.654616, -94.234222], [46.654601, -94.234189], [46.654595, -94.234139], [46.654593, -94.234101], [46.654599, -94.234061], [46.654618, -94.234026], [46.654647, -94.23401], [46.654672, -94.234009], [46.654695, -94.234014], [46.654715, -94.234026], [46.65474, -94.234052], [46.654763, -94.234083], [46.654783, -94.234123], [46.6548, -94.234154], [46.654807, -94.234179], [46.654811, -94.234214], [46.654805, -94.234242], [46.654797, -94.234268], [46.654784, -94.234287]]}, "7": {"path": [[46.655182, -94.233968], [46.655375, -94.231875]], "green": [[46.655461, -94.232002], [46.655447, -94.232028], [46.655425, -94.232045], [46.655394, -94.232052], [46.65537, -94.232046], [46.655349, -94.232026], [46.655313, -94.231972], [46.655291, -94.231933], [46.655275, -94.231887], [46.655266, -94.231845], [46.655257, -94.231805], [46.655258, -94.231771], [46.655266, -94.231742], [46.65528, -94.23172], [46.655303, -94.231707], [46.655334, -94.231707], [46.655372, -94.231719], [46.6554, -94.231732], [46.655425, -94.231742], [46.655443, -94.231772], [46.655459, -94.231816], [46.655471, -94.23186], [46.655476, -94.2319], [46.655474, -94.231947], [46.655471, -94.231975], [46.655461, -94.232002]]}, "8": {"path": [[46.655748, -94.231244], [46.657683, -94.232157], [46.658326, -94.234614]], "green": [[46.658386, -94.234718], [46.658358, -94.234735], [46.658328, -94.234741], [46.658302, -94.23473], [46.658275, -94.234717], [46.658254, -94.2347], [46.658231, -94.234675], [46.658218, -94.234655], [46.658207, -94.234623], [46.658205, -94.23459], [46.658214, -94.234557], [46.658228, -94.23453], [46.65825, -94.234515], [46.658276, -94.234497], [46.658304, -94.234492], [46.658333, -94.234492], [46.658362, -94.234509], [46.658398, -94.234524], [46.658416, -94.234537], [46.658428, -94.234545], [46.658434, -94.234574], [46.658435, -94.234603], [46.658429, -94.234635], [46.658422, -94.234661], [46.658409, -94.234692], [46.658386, -94.234718]]}, "9": {"path": [[46.658218, -94.235267], [46.659378, -94.237599], [46.659823, -94.238751]], "green": [[46.659876, -94.238677], [46.659894, -94.238688], [46.659914, -94.238705], [46.65993, -94.23873], [46.659942, -94.238761], [46.659943, -94.2388], [46.659934, -94.238838], [46.659918, -94.238872], [46.659897, -94.238901], [46.659878, -94.23892], [46.659856, -94.238925], [46.659834, -94.238926], [46.659806, -94.238923], [46.659779, -94.238912], [46.659758, -94.238891], [46.659741, -94.238862], [46.659728, -94.238833], [46.659716, -94.238789], [46.65971, -94.238756], [46.659713, -94.238725], [46.65972, -94.238693], [46.65973, -94.238662], [46.659741, -94.238643], [46.659753, -94.23863], [46.659772, -94.238618], [46.659792, -94.238613], [46.659804, -94.238611], [46.659818, -94.238618], [46.659829, -94.23863], [46.659839, -94.238645], [46.65985, -94.238657], [46.659863, -94.238667], [46.659876, -94.238677]]}, "10": {"path": [[46.659689, -94.239729], [46.657993, -94.235673]],