{"holes": {"1": {"path": [[33.561848, -79.079992], [33.561935, -79.076126]], "green": [[33.561943, -79.076275], [33.561924, -79.076239], [33.561902, -79.0762], [33.561887, -79.076172], [33.561872, -79.076145], [33.561849, -79.076119], [33.561825, -79.076106], [33.561801, -79.07608], [33.56178, -79.076048], [33.561768, -79.076012], [33.561764, -79.075979], [33.561774, -79.075943], [33.561798, -79.075923], [33.561826, -79.07591], [33.561852, -79.075912], [33.561883, -79.075927], [33.561927, -79.075948], [33.561963, -79.075969], [33.561989, -79.075992], [33.562019, -79.076053], [33.562036, -79.076088], [33.562048, -79.076115], [33.562056, -79.076143], [33.562058, -79.076169], [33.562058, -79.076194], [33.562054, -79.07622], [33.562046, -79.076238], [33.562039, -79.076255], [33.562034, -79.076274], [33.56203, -79.076283], [33.562023, -79.076291], [33.562, -79.076305], [33.561982, -79.076302], [33.561961, -79.07629], [33.561943, -79.076275]]}, "2": {"path": [[33.559148, -79.070052], [33.558062, -79.068217], [33.55723, -79.066096]], "green": [[33.561774, -79.071665], [33.561768, -79.071697], [33.561751, -79.071735], [33.561735, -79.071757], [33.561712, -79.071765], [33.56169, -79.07177], [33.561663, -79.071753], [33.561599, -79.071701], [33.561543, -79.071649], [33.561512, -79.071618], [33.561494, -79.071589], [33.561485, -79.071567], [33.561474, -79.071532], [33.561481, -79.071498], [33.561491, -79.071471], [33.561508, -79.071456], [33.561531, -79.071439], [33.561563, -79.071431], [33.561601, -79.071436], [33.561635, -79.071455], [33.56167, -79.071484], [33.561701, -79.071523], [33.561734, -79.071561], [33.561755, -79.071595], [33.561771, -79.071632], [33.561774, -79.071665]]}, "5": {"path": [[33.556034, -79.064781], [33.553819, -79.064615], [33.552823, -79.065248]], "green": [[33.552932, -79.065204], [33.552921, -79.065239], [33.552911, -79.065259], [33.5529, -79.065282], [33.552883, -79.065314], [33.552863, -79.065346], [33.552842, -79.065367], [33.552813, -79.065387], [33.55279, -79.065404], [33.552764, -79.065419], [33.552733, -79.065418], [33.552705, -79.065393], [33.552691, -79.065351], [33.552692, -79.065298], [33.552697, -79.065259], [33.552712, -79.065214], [33.552728, -79.065188], [33.552754, -79.065171], [33.552779, -79.065161], [33.552803, -79.065134], [33.552821, -79.065114], [33.552846, -79.065107], [33.55287, -79.065107], [33.552892, -79.065116], [33.552907, -79.065136], [33.552923, -79.065165], [33.552931, -79.065188], [33.552932, -79.065204]]}, "9": {"path": [[33.561249, -79.075966], [33.561123, -79.079713]], "green": [[33.561228, -79.079741], [33.561196, -79.079776], [33.56115, -79.079809], [33.561114, -79.079839], [33.561088, -79.07986], [33.561059, -79.079873], [33.561032, -79.079864], [33.560996, -79.079839], [33.560969, -79.079792], [33.56097, -79.079735], [33.560988, -79.079681], [33.561014, -79.079647], [33.561039, -79.079627], [33.561069, -79.079604], [33.5611, -79.079584], [33.561135, -79.079573], [33.561182, -79.079572], [33.561209, -79.07959], [33.561225, -79.079627], [33.561234, -79.079662], [33.561238, -79.079679], [33.561239, -79.079698], [33.561239, -79.079705], [33.561228, -79.079741]]}, "15": {"path": [[33.548964, -79.081384], [33.55048, -79.080016], [33.55174, -79.079455]], "green": [[33.551873, -79.079487], [33.551842, -79.079538], [33.551809, -79.079566], [33.551776, -79.079579], [33.551744, -79.079586], [33.551718, -79.079584], [33.551697, -79.079576], [33.55166, -79.079554], [33.551638, -79.079534], [33.551624, -79.079513], [33.551606, -79.079472], [33.551605, -79.079437], [33.55162, -79.079402], [33.551624, -79.079398], [33.551644, -79.079379], [33.551656, -79.079369], [33.551682, -79.079361], [33.551701, -79.079357], [33.551742, -79.079348], [33.551759, -79.079346], [33.551806, -79.079352], [33.551825, -79.079362], [33.551845, -79.079383], [33.551862, -79.079415], [33.551874, -79.07944], [33.551876, -79.079469], [33.551873, -79.079487]]}, "17": {"path": [[33.557375, -79.078399], [33.556755, -79.080161]], "green": [[33.556819, -79.080202], [33.556836, -79.080238], [33.556851, -79.080279], [33.556857, -79.080312], [33.556851, -79.080349], [33.55684, -79.080379], [33.556819, -79.080397], [33.556798, -79.080405], [33.556773, -79.080407], [33.55675, -79.080386], [33.556731, -79.080356], [33.556713, -79.080315], [33.5567, -79.080271], [33.556688, -79.08023], [33.556666, -79.080181], [33.556652, -79.08014], [33.556645, -79.080093], [33.556646, -79.080059], [33.556652, -79.080022], [33.556667, -79.079988], [33.556686, -79.079945], [33.556704, -79.079925], [33.556719, -79.079917], [33.556725, -79.079914], [33.556751, -79.079916], [33.556773, -79.079941], [33.556786, -79.079988], [33.556793, -79.080038], [33.556794, -79.080076], [33.556799, -79.080122], [33.556805, -79.080159], [33.556809, -79.080176], [33.556819, -79.080202]]}, "18": {"path": [[33.556589, -79.080454], [33.55827, -79.082189], [33.558956, -79.083136], [33.559477, -79.084707]], "green": [[33.559612, -79.08467], [33.559629, -79.084695], [33.559648, -79.084732], [33.559652, -79.08478], [33.559642, -79.084808], [33.559626, -79.084835], [33.559596, -79.08486], [33.559562, -79.084875], [33.559532, -79.084881], [33.559504, -79.08488], [33.559485, -79.084875], [33.559449, -79.084847], [33.559407, -79.084803], [33.559379, -79.08476], [33.559363, -79.084729], [33.559349, -79.084704], [33.559346, -79.084688], [33.559348, -79.084681], [33.559346, -79.084654], [33.559346, -79.084632], [33.559349, -79.084599], [33.559357, -79.084577], [33.559376, -79.084557], [33.559395, -79.084544], [33.559412, -79.084538], [33.559436, -79.084549], [33.55948, -79.084572], [33.559516, -79.084599], [33.559547, -79.084619], [33.559612, -79.08467]]}}}