{"holes": {"1": {"path": [[34.125805, -80.822932], [34.124438, -80.824846], [34.123544, -80.824769]], "green": [[34.123648, -80.824862], [34.12367, -80.824847], [34.123685, -80.824832], [34.123692, -80.824809], [34.123693, -80.824797], [34.123686, -80.82477], [34.123668, -80.824741], [34.123646, -80.824724], [34.123614, -80.824692], [34.123586, -80.824659], [34.123562, -80.824627], [34.12354, -80.824602], [34.123522, -80.824589], [34.1235, -80.824586], [34.123482, -80.824592], [34.123463, -80.824606], [34.123443, -80.824632], [34.123426, -80.824659], [34.123412, -80.824691], [34.123403, -80.824724], [34.123402, -80.824763], [34.123395, -80.824805], [34.123406, -80.824849], [34.123428, -80.824892], [34.123452, -80.824907], [34.123479, -80.824914], [34.12351, -80.824907], [34.123538, -80.824904], [34.123562, -80.824893], [34.123579, -80.824884], [34.123595, -80.824878], [34.123631, -80.824868], [34.123648, -80.824862]]}, "2": {"path": [[34.122768, -80.825444], [34.124047, -80.827926], [34.124758, -80.828874]], "green": [[34.12479, -80.829006], [34.124818, -80.828994], [34.12485, -80.828975], [34.124882, -80.828956], [34.124915, -80.828914], [34.124925, -80.828888], [34.124923, -80.828846], [34.124904, -80.828809], [34.124877, -80.828783], [34.124845, -80.828767], [34.124808, -80.828757], [34.124774, -80.828744], [34.124743, -80.828735], [34.124703, -80.828723], [34.124678, -80.828718], [34.12464, -80.828732], [34.12462, -80.828754], [34.124614, -80.828784], [34.124618, -80.828834], [34.124623, -80.828885], [34.124633, -80.828948], [34.124655, -80.828992], [34.124682, -80.829009], [34.124701, -80.829017], [34.124721, -80.829017], [34.124744, -80.829015], [34.12479, -80.829006]]}, "3": {"path": [[34.125719, -80.829902], [34.123287, -80.831197], [34.122239, -80.83158]], "green": [[34.122373, -80.83166], [34.122391, -80.831635], [34.122401, -80.831604], [34.122407, -80.831585], [34.122407, -80.831557], [34.122395, -80.831518], [34.122363, -80.831485], [34.12234, -80.831477], [34.122306, -80.831474], [34.122278, -80.831475], [34.122248, -80.83147], [34.122199, -80.831456], [34.122183, -80.831448], [34.12216, -80.831435], [34.122131, -80.831429], [34.122091, -80.831445], [34.122075, -80.831455], [34.122061, -80.831478], [34.122051, -80.831504], [34.122051, -80.831538], [34.122058, -80.831563], [34.122072, -80.831586], [34.122092, -80.831607], [34.122108, -80.831615], [34.12212, -80.831624], [34.12216, -80.831648], [34.122183, -80.831658], [34.12222, -80.83169], [34.122239, -80.831701], [34.12226, -80.831708], [34.122284, -80.831707], [34.122302, -80.831704], [34.122314, -80.8317], [34.122327, -80.831697], [34.122337, -80.831695], [34.122351, -80.831689], [34.122361, -80.831677], [34.122373, -80.83166]]}, "4": {"path": [[34.121331, -80.830426], [34.119191, -80.828241], [34.117805, -80.8281]], "green": [[34.117769, -80.828165], [34.117788, -80.828173], [34.117816, -80.828181], [34.117841, -80.828192], [34.117866, -80.828194], [34.117889, -80.828196], [34.117914, -80.828189], [34.117928, -80.828176], [34.117941, -80.828156], [34.117944, -80.828133], [34.117941, -80.82811], [34.117932, -80.828087], [34.117914, -80.828066], [34.117897, -80.828047], [34.11787, -80.828023], [34.117845, -80.828004], [34.117818, -80.827992], [34.117787, -80.82798], [34.117742, -80.827973], [34.117713, -80.827977], [34.117679, -80.827991], [34.117664, -80.828016], [34.117657, -80.82805], [34.117661, -80.828086], [34.117672, -80.82811], [34.117689, -80.828126], [34.117707, -80.828138], [34.11773, -80.82815], [34.117753, -80.828158], [34.117769, -80.828165]]}, "5": {"path": [[34.117789, -80.827171], [34.117003, -80.825205]], "green": [[34.11701, -80.825283], [34.117042, -80.825286], [34.117062, -80.825298], [34.117104, -80.825312], [34.11713, -80.825311], [34.117151, -80.825297], [34.11717, -80.825273], [34.117174, -80.825225], [34.117164, -80.825192], [34.117152, -80.825163], [34.117131, -80.825136], [34.117113, -80.825114], [34.11708, -80.825092], [34.117048, -80.825079], [34.117016, -80.825074], [34.116991, -80.825071], [34.116952, -80.825069], [34.116922, -80.825076], [34.116902, -80.82509], [34.116888, -80.825111], [34.11688, -80.82513], [34.116876, -80.825155], [34.116872, -80.825187], [34.116875, -80.825217], [34.116881, -80.825239], [34.116891, -80.825257], [34.116899, -80.825267], [34.116912, -80.825277], [34.116928, -80.825283], [34.116943, -80.825283], [34.116968, -80.825282], [34.116982, -80.825282], [34.116993, -80.825281], [34.11701, -80.825283]]}, "6": {"path": [[34.116616, -80.823595], [34.115457, -80.821264], [34.114435, -80.820353]], "green": [[34.114481, -80.8205], [34.114506, -80.82046], [34.114524, -80.820401], [34.114532, -80.820346], [34.114527, -80.820269], [34.114512, -80.820216], [34.114485, -80.820184], [34.114458, -80.820173], [34.114422, -80.820175], [34.114394, -80.820193], [34.11437, -80.820229], [34.114351, -80.820261], [34.114343, -80.820307], [34.114341, -80.820353], [34.114345, -80.820432], [34.114365, -80.820497], [34.114389, -80.82052], [34.114426, -80.820525], [34.114453, -80.820517], [34.114481, -80.8205]]}, "7": {"path": [[34.115286, -80.818475], [34.117301, -80.819258], [34.118253, -80.819159]], "green": [[34.118165, -80.819341], [34.118191, -80.819351], [34.118226, -80.81935], [34.118242, -80.819345], [34.118263, -80.819339], [34.11828, -80.819324], [34.118297, -80.819311], [34.118312, -80.819299], [34.118333, -80.819276], [34.11835, -80.819254], [34.118367, -80.819226], [34.118379, -80.819205], [34.11839, -80.819178], [34.11839, -80.819159], [34.118392, -80.819143], [34.118393, -80.819121], [34.118386, -80.819099], [34.118378, -80.819084], [34.118368, -80.819069], [34.118355, -80.819053], [34.118341, -80.819034], [34.118326, -80.819024], [34.118308, -80.819013], [34.118291, -80.819007], [34.118267, -80.818998], [34.118246, -80.818995], [34.118218, -80.818991], [34.118192, -80.818991], [34.118159, -80.818995], [34.118129, -80.819002], [34.118107, -80.819013], [34.118102, -80.819038], [34.11811, -80.81907], [34.11814, -80.819091], [34.118158, -80.8191], [34.118178, -80.819118], [34.118195, -80.819136], [34.118205, -80.819156], [34.118207, -80.819182], [34.118201, -80.819214], [34.118186, -80.819249], [34.118173, -80.819273], [34.118166, -80.819292], [34.118158, -80.819316], [34.118165, -80.819341]]}, "8": {"path": [[34.118626, -80.819542], [34.119482, -80.820691]], "green": [[34.119375, -80.820807], [34.119373, -80.820779], [34.119373, -80.820744], [34.119378, -80.820702], [34.119388, -80.820643], [34.119398, -80.820572], [34.119426, -80.820525], [34.119469, -80.820498], [34.119505, -80.820494], [34.119521, -80.820494], [34.119549, -80.820498], [34.119571, -80.820513], [34.119581, -80.820529], [34.119592, -80.820545], [34.119599, -80.820565], [34.119599, -80.820594], [34.119599, -80.820622], [34.119591, -80.820653], [34.119576, -80.820689], [34.119565, -80.820708], [34.119553, -80.820728], [34.119539, -80.820751], [34.119524, -80.82078], [34.119505, -80.820813], [34.119485, -80.820838], [34.119465, -80.820854], [34.119442, -80.820858], [34.119416, -80.820855], [34.119405, -80.820848], [34.119394, -80.820837], [34.119384, -80.820829], [34.11938, -80.82082], [34.119375, -80.820807]]}, "9": {"path": [[34.120956, -80.821516], [34.123417, -80.822286], [34.124985, -80.822831]],