{"holes": {"2": {"path": [[32.28481, -80.802377], [32.283132, -80.802454], [32.281506, -80.802363]], "green": [[32.281656, -80.80241], [32.281627, -80.80244], [32.281618, -80.802448], [32.281592, -80.802461], [32.281563, -80.802471], [32.281522, -80.802482], [32.281482, -80.802481], [32.281458, -80.802476], [32.281435, -80.802465], [32.281422, -80.802462], [32.281412, -80.802454], [32.281402, -80.802444], [32.281383, -80.802418], [32.281362, -80.802372], [32.281355, -80.802327], [32.281356, -80.80231], [32.281361, -80.802294], [32.281368, -80.802282], [32.281377, -80.802273], [32.281389, -80.802266], [32.281418, -80.802256], [32.281431, -80.802255], [32.281447, -80.802256], [32.281514, -80.802272], [32.281559, -80.802272], [32.281596, -80.802266], [32.281621, -80.802267], [32.281656, -80.802298], [32.281664, -80.802309], [32.281669, -80.802326], [32.281673, -80.802356], [32.281667, -80.802385], [32.281656, -80.80241]]}, "5": {"path": [[32.264523, -80.812466], [32.263721, -80.810966]], "green": [[32.26382, -80.810993], [32.263826, -80.811019], [32.263815, -80.811056], [32.263788, -80.811085], [32.263768, -80.811095], [32.263717, -80.811106], [32.263665, -80.811097], [32.263638, -80.811069], [32.263621, -80.811029], [32.263614, -80.810936], [32.263616, -80.810892], [32.263623, -80.810855], [32.263646, -80.810827], [32.263681, -80.810817], [32.26371, -80.810821], [32.263742, -80.810845], [32.263767, -80.81086], [32.263817, -80.810957], [32.26382, -80.810993]]}, "6": {"path": [[32.262265, -80.810681], [32.260859, -80.810905], [32.259912, -80.810496], [32.258927, -80.809427]], "green": [[32.26849, -80.809457], [32.268532, -80.809457], [32.268577, -80.809455], [32.268651, -80.809487], [32.268667, -80.809527], [32.268667, -80.809586], [32.268655, -80.809617], [32.268616, -80.809646], [32.268575, -80.809657], [32.268538, -80.809654], [32.268499, -80.809631], [32.26846, -80.809614], [32.268428, -80.809582], [32.268417, -80.809542], [32.268414, -80.809505], [32.268417, -80.809481], [32.268426, -80.809461], [32.268439, -80.809451], [32.268463, -80.809448], [32.26849, -80.809457]]}, "7": {"path": [[32.25568, -80.807574], [32.254959, -80.808746]], "green": [[32.27041, -80.808961], [32.270415, -80.808985], [32.270424, -80.809052], [32.270421, -80.809079], [32.270409, -80.809111], [32.270393, -80.809134], [32.270369, -80.809145], [32.270342, -80.809148], [32.270316, -80.809136], [32.270296, -80.80911], [32.270283, -80.809089], [32.270273, -80.809057], [32.270265, -80.80902], [32.270262, -80.80899], [32.270264, -80.808959], [32.270271, -80.808924], [32.270278, -80.808902], [32.270292, -80.808881], [32.270308, -80.808868], [32.270328, -80.808863], [32.270345, -80.808868], [32.270362, -80.808879], [32.270387, -80.808902], [32.270401, -80.808928], [32.27041, -80.808961]]}, "9": {"path": [[32.287671, -80.802635], [32.286891, -80.800566], [32.287717, -80.799182]], "green": [[32.287855, -80.799073], [32.287885, -80.799093], [32.287895, -80.799106], [32.287907, -80.79913], [32.287913, -80.799156], [32.287914, -80.79917], [32.287909, -80.799196], [32.287906, -80.799209], [32.287891, -80.799229], [32.287881, -80.799238], [32.287874, -80.799248], [32.287835, -80.799277], [32.287822, -80.799279], [32.287802, -80.799292], [32.287791, -80.799294], [32.287745, -80.799316], [32.287694, -80.799323], [32.287637, -80.799322], [32.287626, -80.799321], [32.287614, -80.799317], [32.287593, -80.799306], [32.287582, -80.799297], [32.287575, -80.799288], [32.287572, -80.799276], [32.287567, -80.799262], [32.287563, -80.799251], [32.28756, -80.79924], [32.287556, -80.799222], [32.287557, -80.799207], [32.287557, -80.799193], [32.287558, -80.79918], [32.28756, -80.799166], [32.287566, -80.799153], [32.287574, -80.799143], [32.287583, -80.799133], [32.287591, -80.799124], [32.287601, -80.799117], [32.287613, -80.799109], [32.287626, -80.799107], [32.287641, -80.799106], [32.287654, -80.799106], [32.287678, -80.799108], [32.28769, -80.799115], [32.287702, -80.799114], [32.287728, -80.799117], [32.287766, -80.799116], [32.287775, -80.799109], [32.287785, -80.799105], [32.287794, -80.799098], [32.28781, -80.799082], [32.287818, -80.799073], [32.287829, -80.79907], [32.287842, -80.799069], [32.287855, -80.799073]]}, "10": {"path": [[32.268002, -80.805825], [32.26903, -80.804907]], "green": [[32.269137, -80.804931], [32.269127, -80.804956], [32.269113, -80.804961], [32.269086, -80.804964], [32.269058, -80.804974], [32.269036, -80.80499], [32.268964, -80.805006], [32.268952, -80.805003], [32.268943, -80.804993], [32.268937, -80.804972], [32.268937, -80.80494], [32.268942, -80.804894], [32.268948, -80.804855], [32.268958, -80.804828], [32.268982, -80.804804], [32.269016, -80.804791], [32.269039, -80.804789], [32.269066, -80.804793], [32.269111, -80.80482], [32.269135, -80.804853], [32.269137, -80.804931]]}, "11": {"path": [[32.255907, -80.813033], [32.255568, -80.811247], [32.255579, -80.80967], [32.255794, -80.808671]], "green": [[32.255863, -80.808675], [32.255865, -80.8087], [32.25586, -80.808736], [32.255851, -80.808769], [32.255836, -80.808788], [32.255817, -80.808793], [32.255788, -80.808784], [32.255767, -80.808771], [32.255724, -80.808718], [32.25571, -80.808699], [32.255704, -80.808678], [32.255701, -80.808601], [32.255711, -80.808572], [32.25574, -80.808545], [32.255779, -80.808544], [32.255794, -80.808554], [32.255814, -80.808573], [32.255828, -80.808595], [32.255858, -80.808651], [32.255863, -80.808675]]}, "12": {"path": [[32.264548, -80.805534], [32.262968, -80.804559], [32.261781, -80.804274]], "green": [[32.261859, -80.804371], [32.261834, -80.804408], [32.261801, -80.804417], [32.261745, -80.804394], [32.261716, -80.804361], [32.261682, -80.804315], [32.261672, -80.804278], [32.261672, -80.804245], [32.261675, -80.804212], [32.261685, -80.804185], [32.261705, -80.804168], [32.261771, -80.804149], [32.261805, -80.804161], [32.26185, -80.804189], [32.261866, -80.804207], [32.261875, -80.804223], [32.261888, -80.804257], [32.261886, -80.804298], [32.261859, -80.804371]]}, "13": {"path": [[32.256625, -80.805764], [32.254242, -80.803595]], "green": [[32.254288, -80.80352], [32.254293, -80.803551], [32.254314, -80.803643], [32.254321, -80.80371], [32.254313, -80.803735], [32.254294, -80.803748], [32.254274, -80.803752], [32.254228, -80.803737], [32.254202, -80.803717], [32.254188, -80.803697], [32.254179, -80.803677], [32.25417, -80.803639], [32.254165, -80.803607], [32.254166, -80.803493], [32.254182, -80.803468], [32.254208, -80.803453], [32.254227, -80.803447], [32.254253, -80.803453], [32.254263, -80.803459], [32.254276, -80.803477], [32.254288, -80.80352]]}, "14": {"path": [[32.264286, -80.807102], [32.263376, -80.808414], [32.262892, -80.809682]], "green": [[32.262985, -80.80971], [32.262946, -80.809754], [32.262918, -80.809774], [32.262876, -80.80979], [32.262848, -80.809789], [32.262832, -80.809784], [32.262802, -80.809764], [32.262789, -80.80974], [32.262782, -80.809709], [32.262783, -80.809675], [32.262799, -80.809639], [32.262829, -80.809616], [32.262859, -80.809596], [32.262888, -80.809583], [32.262924, -80.80958], [32.262941, -80.809585], [32.262963, -80.80959], [32.262991, -80.809624], [32.262996, -80.809646], [32.262997, -80.809669], [32.262985, -80.80971]]}}}