{"holes": {"1": {"path": [[34.079788, -81.369285], [34.081343, -81.368463], [34.082437, -81.368291]], "green": [[34.082504, -81.368351], [34.082527, -81.368358], [34.082552, -81.368362], [34.082568, -81.368354], [34.082581, -81.368332], [34.082588, -81.36831], [34.082584, -81.368289], [34.082574, -81.368273], [34.082551, -81.368255], [34.082524, -81.368237], [34.082489, -81.368219], [34.082465, -81.36821], [34.082441, -81.368203], [34.082412, -81.368204], [34.082376, -81.368207], [34.082349, -81.368208], [34.082328, -81.368217], [34.082316, -81.36823], [34.082304, -81.368249], [34.082301, -81.368266], [34.082302, -81.368284], [34.082307, -81.368301], [34.082317, -81.368321], [34.082331, -81.368336], [34.082348, -81.368349], [34.08237, -81.368356], [34.082394, -81.368353], [34.082422, -81.368347], [34.082454, -81.368346], [34.082479, -81.368345], [34.082504, -81.368351]]}, "2": {"path": [[34.083044, -81.368248], [34.083297, -81.366083], [34.084215, -81.364834]], "green": [[34.084243, -81.364928], [34.084255, -81.36489], [34.084264, -81.364863], [34.084284, -81.364837], [34.084305, -81.364809], [34.084317, -81.364792], [34.084318, -81.364763], [34.0843, -81.364711], [34.084278, -81.364679], [34.084241, -81.364657], [34.084216, -81.364662], [34.084196, -81.364674], [34.084176, -81.364697], [34.084174, -81.364738], [34.084182, -81.364774], [34.08418, -81.3648], [34.084163, -81.364834], [34.084144, -81.364862], [34.084125, -81.364884], [34.084117, -81.36491], [34.084127, -81.364953], [34.084145, -81.364975], [34.084172, -81.364988], [34.084192, -81.364988], [34.08422, -81.364972], [34.084235, -81.364951], [34.084243, -81.364928]]}, "3": {"path": [[34.085028, -81.364626], [34.084964, -81.362204], [34.084215, -81.361266]], "green": [[34.084244, -81.361438], [34.08426, -81.361419], [34.084271, -81.361386], [34.084272, -81.361352], [34.08427, -81.361316], [34.084269, -81.361298], [34.084277, -81.361263], [34.084285, -81.36124], [34.084291, -81.361212], [34.08429, -81.361162], [34.084279, -81.361119], [34.084263, -81.361094], [34.084251, -81.361079], [34.084235, -81.361064], [34.084221, -81.36106], [34.084203, -81.361065], [34.08419, -81.361079], [34.084173, -81.361101], [34.08416, -81.361133], [34.084156, -81.361151], [34.084155, -81.361175], [34.084162, -81.361202], [34.084167, -81.361217], [34.084173, -81.361251], [34.084175, -81.361279], [34.084171, -81.361311], [34.084158, -81.361342], [34.084158, -81.361362], [34.084159, -81.361385], [34.084164, -81.361405], [34.084171, -81.361418], [34.084182, -81.361434], [34.084199, -81.361444], [34.084222, -81.361447], [34.084234, -81.361445], [34.084244, -81.361438]]}, "5": {"path": [[34.085451, -81.358819], [34.086496, -81.361188], [34.086816, -81.363021]], "green": [[34.086908, -81.363127], [34.086928, -81.3631], [34.086937, -81.363057], [34.086935, -81.363033], [34.086919, -81.363], [34.086899, -81.36298], [34.08688, -81.362967], [34.086854, -81.362959], [34.086825, -81.362941], [34.086797, -81.362916], [34.086779, -81.362897], [34.086766, -81.362892], [34.086746, -81.362885], [34.08673, -81.362888], [34.086713, -81.3629], [34.086701, -81.362928], [34.086695, -81.362959], [34.086696, -81.362994], [34.086712, -81.363047], [34.086737, -81.363098], [34.086757, -81.363132], [34.086782, -81.363149], [34.086812, -81.363155], [34.086845, -81.363157], [34.086874, -81.363153], [34.086896, -81.363139], [34.086908, -81.363127]]}, "6": {"path": [[34.086867, -81.363779], [34.086374, -81.365897], [34.085499, -81.366451]], "green": [[34.085559, -81.366509], [34.085566, -81.366488], [34.085568, -81.366452], [34.085571, -81.366398], [34.085577, -81.366365], [34.085579, -81.366331], [34.085569, -81.366316], [34.08555, -81.366303], [34.085527, -81.3663], [34.085501, -81.366312], [34.085486, -81.366328], [34.085422, -81.366429], [34.085394, -81.366469], [34.085386, -81.366483], [34.085384, -81.3665], [34.085388, -81.366519], [34.085402, -81.366536], [34.085425, -81.366548], [34.085472, -81.366555], [34.085493, -81.366559], [34.085516, -81.366558], [34.085538, -81.366539], [34.085549, -81.366523], [34.085559, -81.366509]]}, "7": {"path": [[34.084775, -81.366371], [34.085594, -81.369967]], "green": [[34.085626, -81.370102], [34.08564, -81.370079], [34.085651, -81.370046], [34.085654, -81.370012], [34.08566, -81.369988], [34.085674, -81.369953], [34.085685, -81.369924], [34.085682, -81.369879], [34.085666, -81.369852], [34.085641, -81.369814], [34.085614, -81.369793], [34.085585, -81.369792], [34.085563, -81.369801], [34.085551, -81.369813], [34.085546, -81.369833], [34.085547, -81.369861], [34.085558, -81.369894], [34.085562, -81.369925], [34.085558, -81.369952], [34.085548, -81.369978], [34.085535, -81.370004], [34.085524, -81.370027], [34.085517, -81.370053], [34.085523, -81.370087], [34.085535, -81.370106], [34.085564, -81.370122], [34.085582, -81.370126], [34.085608, -81.370119], [34.085626, -81.370102]]}, "8": {"path": [[34.08587, -81.370458], [34.0847, -81.370639]], "green": [[34.084767, -81.370692], [34.084789, -81.370665], [34.084803, -81.370628], [34.084803, -81.370594], [34.084787, -81.370547], [34.084762, -81.370506], [34.084735, -81.370483], [34.084717, -81.370486], [34.084693, -81.370489], [34.084679, -81.370506], [34.084664, -81.370538], [34.084657, -81.370569], [34.084656, -81.3706], [34.084642, -81.370632], [34.084624, -81.370671], [34.08461, -81.370698], [34.084607, -81.370733], [34.084614, -81.370758], [34.084629, -81.370773], [34.084646, -81.370779], [34.084675, -81.370777], [34.084701, -81.37075], [34.084728, -81.370718], [34.08475, -81.3707], [34.084767, -81.370692]]}, "9": {"path": [[34.084077, -81.371527], [34.082336, -81.370851], [34.081235, -81.37106]], "green": [[34.081291, -81.371091], [34.081306, -81.371064], [34.081328, -81.371024], [34.081338, -81.370997], [34.081338, -81.370975], [34.081327, -81.370953], [34.081305, -81.370941], [34.081276, -81.370942], [34.081252, -81.370952], [34.081228, -81.370968], [34.081199, -81.370979], [34.081147, -81.370995], [34.081128, -81.371013], [34.081116, -81.371027], [34.081112, -81.371056], [34.081113, -81.371079], [34.081126, -81.371111], [34.081153, -81.371152], [34.081186, -81.37118], [34.081213, -81.371189], [34.081246, -81.371189], [34.08126, -81.371179], [34.081269, -81.371157], [34.081275, -81.371135], [34.081281, -81.371115], [34.081291, -81.371091]]}, "10": {"path": [[34.080323, -81.372119], [34.081985, -81.372814], [34.083183, -81.37285]], "green": [[34.083241, -81.372903], [34.083273, -81.372867], [34.083292, -81.372846], [34.083305, -81.372811], [34.083304, -81.372784], [34.083289, -81.372755], [34.08327, -81.37274], [34.083243, -81.372743], [34.083211, -81.372766], [34.083182, -81.372795], [34.083139, -81.372811], [34.083098, -81.372821], [34.083074, -81.372827], [34.083052, -81.372851], [34.083045, -81.372888], [34.083048, -81.372923], [34.083064, -81.372953], [34.083105, -81.372968], [34.083157, -81.372966], [34.083205, -81.372939], [34.083241, -81.372903]]}, "11": {"path": [[34.084043, -81.374439], [34.085864, -81.374699], [34.087061, -81.374662]], "green": [[34.087096, -81.374776], [34.087118, -81.374782], [34.087144, -81.374772], [34.087161, -81.374756], [34.087173, -81.374722], [34.087173, -81.37469], [34.087161, -81.37466], [34.087137, -81.374643], [34.087114, -81.374628], [34.087096, -81.374606], [34.087088, -81.374581], [34.087076, -81.374564], [34.087065, -81.374552], [34.087051, -81.374543], [34.087024, -81.374546], [34.086987, -81.374557], [34.086959, -81.374572], [34.086945, -81.37459], [34.086938, -81.374614], [34.086941, -81.374641], [34.086949, -81.374656], [34.086962, -81.37467], [34.086999, -81.374681], [34.087038, -81.374708], [34.087063, -81.37473], [34.087077, -81.374761], [34.087086, -81.374772], [34.087096, -81.374776]]}, "12": {"path": [[34.088379, -81.375422], [34.091393, -81.377399], [34.092176, -81.377584]],