{"holes": {"1": {"path": [[34.101569, -80.972224], [34.103429, -80.972149], [34.104242, -80.971448]], "green": [[34.104148, -80.971442], [34.104163, -80.971415], [34.104176, -80.971393], [34.104187, -80.971374], [34.104197, -80.971361], [34.104206, -80.971352], [34.104216, -80.971346], [34.104226, -80.971342], [34.10424, -80.97134], [34.104254, -80.971339], [34.104275, -80.971338], [34.104294, -80.971339], [34.104307, -80.971343], [34.104317, -80.971348], [34.104324, -80.971354], [34.10433, -80.971361], [34.104338, -80.971372], [34.104344, -80.971385], [34.104348, -80.971396], [34.10435, -80.971407], [34.104349, -80.971418], [34.104348, -80.971431], [34.104345, -80.971445], [34.104341, -80.971457], [34.104338, -80.971465], [34.104334, -80.971475], [34.104326, -80.971485], [34.104318, -80.971493], [34.104306, -80.971504], [34.104282, -80.971524], [34.10426, -80.971539], [34.104241, -80.97155], [34.104228, -80.971556], [34.10422, -80.971558], [34.104213, -80.971559], [34.104205, -80.97156], [34.104193, -80.971558], [34.10418, -80.971554], [34.104169, -80.971548], [34.104157, -80.971539], [34.10415, -80.971529], [34.104144, -80.971518], [34.104141, -80.971508], [34.104139, -80.971495], [34.104138, -80.971486], [34.104138, -80.971476], [34.10414, -80.971466], [34.104143, -80.971456], [34.104148, -80.971442]]}, "3": {"path": [[34.105463, -80.971007], [34.104492, -80.972643], [34.10501, -80.973947], [34.105936, -80.974877]], "green": [[34.105845, -80.974811], [34.105852, -80.974801], [34.105864, -80.974787], [34.105873, -80.974782], [34.105881, -80.97478], [34.105891, -80.974779], [34.105908, -80.97478], [34.10593, -80.974782], [34.105947, -80.974785], [34.105966, -80.974791], [34.105986, -80.974799], [34.106001, -80.974808], [34.106017, -80.974819], [34.106027, -80.974831], [34.106032, -80.974841], [34.106038, -80.974851], [34.106042, -80.974864], [34.106044, -80.974874], [34.106045, -80.974885], [34.106044, -80.974898], [34.10604, -80.974914], [34.106035, -80.974926], [34.106024, -80.974942], [34.106014, -80.974957], [34.105999, -80.97497], [34.105989, -80.974975], [34.105978, -80.974979], [34.105968, -80.974981], [34.105953, -80.974981], [34.105912, -80.974976], [34.1059, -80.974974], [34.105891, -80.97497], [34.105883, -80.974964], [34.105877, -80.974958], [34.10587, -80.97495], [34.105864, -80.974942], [34.105859, -80.974931], [34.105847, -80.9749], [34.105841, -80.974881], [34.105838, -80.974866], [34.105836, -80.974849], [34.105837, -80.974836], [34.10584, -80.974824], [34.105845, -80.974811]]}, "4": {"path": [[34.106329, -80.974872], [34.105709, -80.973051]], "green": [[34.105793, -80.973207], [34.10578, -80.973211], [34.105766, -80.973216], [34.10575, -80.973218], [34.105736, -80.973215], [34.10572, -80.973209], [34.105713, -80.973205], [34.105705, -80.9732], [34.105698, -80.973192], [34.105691, -80.97318], [34.105685, -80.973167], [34.105679, -80.973152], [34.105671, -80.973136], [34.105663, -80.973121], [34.105655, -80.973107], [34.105646, -80.973093], [34.105636, -80.973081], [34.105626, -80.973071], [34.105615, -80.973062], [34.105603, -80.973051], [34.105596, -80.973043], [34.105589, -80.973032], [34.105584, -80.973015], [34.10558, -80.973], [34.105578, -80.972977], [34.105578, -80.972963], [34.105579, -80.972945], [34.105583, -80.972933], [34.105592, -80.972918], [34.1056, -80.972907], [34.105607, -80.972898], [34.105616, -80.972891], [34.105628, -80.972884], [34.105638, -80.97288], [34.10565, -80.972876], [34.105661, -80.972874], [34.105676, -80.972874], [34.105688, -80.972877], [34.105701, -80.972884], [34.105709, -80.972891], [34.105719, -80.972901], [34.105729, -80.972915], [34.105739, -80.972934], [34.105747, -80.972951], [34.105756, -80.97297], [34.105762, -80.972982], [34.105772, -80.972997], [34.105781, -80.973012], [34.105795, -80.973029], [34.105805, -80.973042], [34.105813, -80.973054], [34.10582, -80.973065], [34.105824, -80.973074], [34.10583, -80.973087], [34.105834, -80.973101], [34.105837, -80.973116], [34.105838, -80.97313], [34.105837, -80.973144], [34.105834, -80.973156], [34.105829, -80.973167], [34.105824, -80.973179], [34.105815, -80.97319], [34.105806, -80.973198], [34.105793, -80.973207]]}, "5": {"path": [[34.10579, -80.972181], [34.107388, -80.974944]], "green": [[34.107323, -80.974831], [34.107337, -80.974821], [34.107349, -80.974814], [34.107362, -80.974811], [34.107374, -80.974811], [34.107385, -80.974813], [34.107397, -80.974816], [34.107405, -80.974818], [34.107416, -80.974824], [34.107427, -80.974832], [34.107433, -80.974838], [34.107439, -80.974847], [34.107444, -80.974859], [34.107448, -80.974873], [34.107452, -80.974889], [34.107457, -80.974904], [34.107462, -80.97492], [34.107469, -80.974939], [34.107475, -80.974955], [34.107478, -80.974967], [34.10748, -80.97498], [34.10748, -80.974993], [34.107479, -80.97501], [34.107476, -80.975021], [34.107472, -80.975034], [34.107466, -80.975046], [34.107458, -80.975056], [34.107448, -80.975063], [34.107435, -80.975071], [34.107423, -80.975075], [34.107411, -80.975076], [34.107401, -80.975077], [34.107389, -80.975076], [34.107378, -80.975073], [34.107368, -80.975068], [34.107362, -80.975064], [34.107357, -80.975058], [34.107351, -80.975049], [34.107344, -80.975038], [34.107339, -80.975026], [34.107335, -80.975012], [34.107332, -80.974996], [34.107327, -80.974978], [34.107322, -80.974965], [34.107316, -80.974953], [34.10731, -80.97494], [34.107306, -80.974931], [34.107302, -80.97492], [34.1073, -80.974906], [34.107299, -80.974892], [34.107301, -80.974879], [34.107304, -80.974866], [34.107309, -80.974853], [34.107315, -80.974842], [34.107323, -80.974831]]}, "6": {"path": [[34.107036, -80.976244], [34.105955, -80.977773], [34.105121, -80.979266], [34.104736, -80.979617]], "green": [[34.104786, -80.979701], [34.104774, -80.979712], [34.104755, -80.979717], [34.10474, -80.979717], [34.10472, -80.979712], [34.104706, -80.979703], [34.104688, -80.9797], [34.104676, -80.979694], [34.104659, -80.979689], [34.104644, -80.979683], [34.104631, -80.979675], [34.104625, -80.979658], [34.104619, -80.979646], [34.104618, -80.979629], [34.104623, -80.979606], [34.104629, -80.979591], [34.104638, -80.979579], [34.104661, -80.979568], [34.104671, -80.979559], [34.10469, -80.979545], [34.104706, -80.979535], [34.104724, -80.979521], [34.10474, -80.979509], [34.104756, -80.979504], [34.104774, -80.979499], [34.104791, -80.979502], [34.104809, -80.979504], [34.10483, -80.979508], [34.104844, -80.97952], [34.104854, -80.979536], [34.104857, -80.979566], [34.104854, -80.9796], [34.104836, -80.97964], [34.104829, -80.979662], [34.104821, -80.979679], [34.104808, -80.97969], [34.104798, -80.979697], [34.104786, -80.979701]]}, "7": {"path": [[34.10448, -80.97911], [34.105742, -80.977022], [34.106758, -80.975941]], "green": [[34.106759, -80.976081], [34.106749, -80.976088], [34.106735, -80.976092], [34.106721, -80.976092], [34.106701, -80.976092], [34.106687, -80.976081], [34.106676, -80.976068], [34.106667, -80.976046], [34.106661, -80.976025], [34.10666, -80.975997], [34.106659, -80.97597], [34.10666, -80.975923], [34.106666, -80.97589], [34.106675, -80.975863], [34.106683, -80.975844], [34.106696, -80.975827], [34.106713, -80.975808], [34.106733, -80.975793], [34.106754, -80.975782], [34.106777, -80.975776], [34.1068, -80.97577], [34.106819, -80.975771], [34.106838, -80.975773], [34.106856, -80.975785], [34.106872, -80.975805], [34.10688, -80.975836], [34.106884, -80.975864], [34.106877, -80.975907], [34.10686, -80.975945], [34.106841, -80.975978], [34.106823, -80.976003], [34.106805, -80.976033], [34.106784, -80.976056], [34.106777, -80.976068], [34.106767, -80.976076], [34.106759, -80.976081]]}, "8": {"path": [[34.106019, -80.975504], [34.104552, -80.974596], [34.103749, -80.97329]],