{"holes": {"1": {"path": [[33.030739, -80.230132], [33.031328, -80.226433]], "green": [[33.031446, -80.226428], [33.031444, -80.22641], [33.031435, -80.226392], [33.031423, -80.226381], [33.031407, -80.226367], [33.031394, -80.226351], [33.031381, -80.22633], [33.031367, -80.226312], [33.03135, -80.226302], [33.031329, -80.226301], [33.031309, -80.226312], [33.031296, -80.226331], [33.031284, -80.226355], [33.031279, -80.226375], [33.031271, -80.226397], [33.031257, -80.226415], [33.031245, -80.226432], [33.031227, -80.22645], [33.031216, -80.226467], [33.031209, -80.226485], [33.03121, -80.226505], [33.031218, -80.226525], [33.031231, -80.226543], [33.031253, -80.226548], [33.031274, -80.22655], [33.03129, -80.226544], [33.031312, -80.226531], [33.031334, -80.226521], [33.031358, -80.226511], [33.031385, -80.2265], [33.031409, -80.226487], [33.031427, -80.226469], [33.03144, -80.226451], [33.031446, -80.226428]]}, "2": {"path": [[33.032248, -80.225777], [33.034338, -80.223057]], "green": [[33.034288, -80.223067], [33.034285, -80.223095], [33.034276, -80.22313], [33.034279, -80.223164], [33.034287, -80.223183], [33.034298, -80.223197], [33.034319, -80.223202], [33.034345, -80.223201], [33.034365, -80.223187], [33.034382, -80.223163], [33.034388, -80.223129], [33.034395, -80.223086], [33.034401, -80.223064], [33.034411, -80.223037], [33.034421, -80.223], [33.03442, -80.222967], [33.034411, -80.222944], [33.034393, -80.222926], [33.034367, -80.222921], [33.034347, -80.222926], [33.034324, -80.222933], [33.0343, -80.222942], [33.034283, -80.222963], [33.03428, -80.222985], [33.034279, -80.223012], [33.034286, -80.223039], [33.034288, -80.223067]]}, "3": {"path": [[33.03497, -80.222108], [33.036926, -80.221512], [33.037914, -80.219573]], "green": [[33.037862, -80.219577], [33.037864, -80.219596], [33.037866, -80.219617], [33.03787, -80.219639], [33.037878, -80.219653], [33.037884, -80.219669], [33.037897, -80.219682], [33.037911, -80.219692], [33.037926, -80.219693], [33.037938, -80.219692], [33.037953, -80.219682], [33.037962, -80.219668], [33.037966, -80.219644], [33.037966, -80.21962], [33.037965, -80.219603], [33.037964, -80.219579], [33.037965, -80.219554], [33.037963, -80.219533], [33.037964, -80.21951], [33.037962, -80.219489], [33.037953, -80.219475], [33.03794, -80.21947], [33.037926, -80.219463], [33.037915, -80.219464], [33.037902, -80.219465], [33.037887, -80.21947], [33.037878, -80.219479], [33.037868, -80.219491], [33.037861, -80.219509], [33.037862, -80.219535], [33.037861, -80.219558], [33.037862, -80.219577]]}, "4": {"path": [[33.037466, -80.21927], [33.036157, -80.221175], [33.034771, -80.221665]], "green": [[33.034843, -80.221735], [33.034831, -80.221752], [33.034803, -80.221776], [33.034779, -80.221796], [33.034742, -80.221797], [33.034707, -80.221784], [33.034673, -80.221756], [33.034653, -80.221714], [33.034655, -80.221665], [33.034681, -80.221625], [33.034698, -80.221589], [33.034713, -80.221561], [33.034732, -80.221542], [33.034746, -80.221533], [33.034775, -80.221525], [33.034809, -80.221539], [33.034838, -80.221571], [33.034854, -80.221603], [33.034864, -80.221644], [33.034864, -80.221672], [33.034859, -80.221711], [33.034843, -80.221735]]}, "5": {"path": [[33.034163, -80.22251], [33.033311, -80.2234]], "green": [[33.033429, -80.223421], [33.033427, -80.223392], [33.03342, -80.223361], [33.033411, -80.223337], [33.033397, -80.223314], [33.033376, -80.223296], [33.033356, -80.22329], [33.033329, -80.223288], [33.0333, -80.223295], [33.033275, -80.223295], [33.033254, -80.223302], [33.033231, -80.22331], [33.033217, -80.223323], [33.033202, -80.223349], [33.033198, -80.223367], [33.033189, -80.223399], [33.033188, -80.223427], [33.033192, -80.223454], [33.033203, -80.223472], [33.033219, -80.223486], [33.033239, -80.223494], [33.033264, -80.223494], [33.033292, -80.223491], [33.033322, -80.223495], [33.033352, -80.223504], [33.03338, -80.223504], [33.033401, -80.223497], [33.033412, -80.223482], [33.033425, -80.223454], [33.033429, -80.223421]]}, "6": {"path": [[33.032981, -80.222926], [33.032776, -80.21937]], "green": [[33.03279, -80.219217], [33.032768, -80.219226], [33.032751, -80.219244], [33.032735, -80.21926], [33.032719, -80.219275], [33.032709, -80.219288], [33.032692, -80.219301], [33.032682, -80.219315], [33.032676, -80.219331], [33.032675, -80.21935], [33.032679, -80.219375], [33.032683, -80.219398], [33.032687, -80.219423], [33.032688, -80.219446], [33.032688, -80.219469], [33.032688, -80.219499], [33.032692, -80.219526], [33.032699, -80.219556], [33.032711, -80.219568], [33.032723, -80.219576], [33.032743, -80.219576], [33.03276, -80.219569], [33.032772, -80.219557], [33.032783, -80.219532], [33.032787, -80.219501], [33.032791, -80.219474], [33.032792, -80.219444], [33.032799, -80.21941], [33.032817, -80.219387], [33.032836, -80.219374], [33.032861, -80.219364], [33.032884, -80.219351], [33.032904, -80.219335], [33.032919, -80.219316], [33.032928, -80.219291], [33.032927, -80.219265], [33.032915, -80.219233], [33.03289, -80.219219], [33.032872, -80.21921], [33.032844, -80.219208], [33.032823, -80.21921], [33.032806, -80.219212], [33.03279, -80.219217]]}, "7": {"path": [[33.032231, -80.219564], [33.032517, -80.223162]], "green": [[33.032524, -80.223089], [33.032492, -80.223089], [33.032465, -80.223083], [33.032441, -80.223068], [33.032412, -80.223065], [33.032392, -80.223085], [33.032379, -80.223118], [33.032383, -80.223159], [33.032398, -80.223189], [33.032417, -80.223209], [33.032443, -80.223223], [33.032463, -80.22324], [33.032487, -80.223255], [33.032507, -80.223268], [33.032564, -80.223279], [33.03261, -80.22327], [33.032642, -80.223249], [33.032655, -80.223226], [33.032664, -80.223196], [33.032657, -80.223167], [33.032641, -80.223142], [33.032621, -80.223115], [33.032592, -80.223089], [33.032561, -80.223083], [33.032524, -80.223089]]}, "8": {"path": [[33.032865, -80.223958], [33.031889, -80.225216]], "green": [[33.031779, -80.22523], [33.031776, -80.225248], [33.031781, -80.225271], [33.031797, -80.225295], [33.031814, -80.225309], [33.031835, -80.225319], [33.031852, -80.225334], [33.03187, -80.225341], [33.031889, -80.225352], [33.031907, -80.225357], [33.031931, -80.225357], [33.03195, -80.225353], [33.03197, -80.225344], [33.03198, -80.225321], [33.031982, -80.225298], [33.03198, -80.225273], [33.031968, -80.225249], [33.031963, -80.22523], [33.031959, -80.225204], [33.031962, -80.225173], [33.031967, -80.225144], [33.031968, -80.225118], [33.031962, -80.225092], [33.031945, -80.225078], [33.031932, -80.225066], [33.031918, -80.225061], [33.031904, -80.225061], [33.031884, -80.225066], [33.03187, -80.225087], [33.031856, -80.225103], [33.031842, -80.225123], [33.031829, -80.225141], [33.031815, -80.22516], [33.031801, -80.22518], [33.031785, -80.225203], [33.031779, -80.22523]]}, "9": {"path": [[33.031064, -80.225752], [33.030358, -80.227941], [33.030188, -80.230625]], "green": [[33.030216, -80.230475], [33.030194, -80.230489], [33.030176, -80.230503], [33.030155, -80.230516], [33.030142, -80.230526], [33.030122, -80.230544], [33.030104, -80.23056], [33.030084, -80.230581], [33.030075, -80.230604], [33.030074, -80.23063], [33.030081, -80.230659], [33.030097, -80.230673], [33.030119, -80.230694], [33.030138, -80.230714], [33.03015, -80.230737], [33.030164, -80.230769], [33.030173, -80.230787], [33.030186, -80.2308], [33.030206, -80.230805], [33.03022, -80.230796], [33.030231, -80.230785], [33.030238, -80.230763], [33.030242, -80.230729], [33.030246, -80.230695], [33.03025, -80.230653], [33.030257, -80.230623], [33.030267, -80.230593], [33.030279, -80.230569], [33.030281, -80.230542], [33.030275, -80.230521], [33.030262, -80.230497], [33.030248, -80.230483], [33.030229, -80.230475], [33.030216, -80.230475]]}, "10": {"path": [[33.031576, -80.230836], [33.034719, -80.231821]],