{"holes": {"4": {"path": [[36.123427, -115.12503], [36.122677, -115.122487], [36.122075, -115.1212]], "green": [[36.137604, -115.138663], [36.137605, -115.138645], [36.137601, -115.138628], [36.137594, -115.138613], [36.137585, -115.138603], [36.137567, -115.138589], [36.137557, -115.138578], [36.137548, -115.138572], [36.137537, -115.13856], [36.137531, -115.138549], [36.137523, -115.138538], [36.137516, -115.138521], [36.137509, -115.13851], [36.137501, -115.138496], [36.137493, -115.138484], [36.137481, -115.138475], [36.137469, -115.138469], [36.137456, -115.138464], [36.137446, -115.138466], [36.137435, -115.13847], [36.13742, -115.138478], [36.137412, -115.138485], [36.137402, -115.138499], [36.13739, -115.138515], [36.137379, -115.138535], [36.13737, -115.138555], [36.137362, -115.138576], [36.137357, -115.138594], [36.137353, -115.138611], [36.137351, -115.138631], [36.137352, -115.138647], [36.137355, -115.138667], [36.137361, -115.138686], [36.137368, -115.138698], [36.137376, -115.138709], [36.137387, -115.138719], [36.137399, -115.138728], [36.137414, -115.138735], [36.137426, -115.138741], [36.137439, -115.138744], [36.137451, -115.138746], [36.137463, -115.138748], [36.137473, -115.138747], [36.137486, -115.138746], [36.137498, -115.138743], [36.13751, -115.138741], [36.137521, -115.138738], [36.13753, -115.138735], [36.137541, -115.138731], [36.137553, -115.138726], [36.137563, -115.138721], [36.137574, -115.138716], [36.137584, -115.138709], [36.137591, -115.138699], [36.137598, -115.138683], [36.137604, -115.138663]]}, "8": {"path": [[36.133736, -115.14644], [36.132905, -115.142113]], "green": [[36.133018, -115.142199], [36.133022, -115.142179], [36.133019, -115.142163], [36.133012, -115.142145], [36.133005, -115.142128], [36.132998, -115.142106], [36.132993, -115.142088], [36.132992, -115.142068], [36.132994, -115.142045], [36.133, -115.14202], [36.133003, -115.142002], [36.133001, -115.141978], [36.132993, -115.141963], [36.132978, -115.141949], [36.132965, -115.141943], [36.132947, -115.14194], [36.132934, -115.141941], [36.132923, -115.141945], [36.132911, -115.141952], [36.132902, -115.141962], [36.132896, -115.141971], [36.132887, -115.141981], [36.132876, -115.141994], [36.132863, -115.142004], [36.132847, -115.142017], [36.132835, -115.142023], [36.132823, -115.142029], [36.132809, -115.142038], [36.132797, -115.142045], [36.132789, -115.142052], [36.132776, -115.142068], [36.132769, -115.142084], [36.132764, -115.142102], [36.132762, -115.142118], [36.132763, -115.142133], [36.132764, -115.142149], [36.132771, -115.142161], [36.132776, -115.142168], [36.132782, -115.142176], [36.132792, -115.142183], [36.132803, -115.14219], [36.132815, -115.142192], [36.132828, -115.142196], [36.13284, -115.142198], [36.132857, -115.142202], [36.13287, -115.142206], [36.132883, -115.14221], [36.132895, -115.142216], [36.132907, -115.142223], [36.132916, -115.142227], [36.132925, -115.142231], [36.132935, -115.142238], [36.132946, -115.142242], [36.132959, -115.142244], [36.132969, -115.142243], [36.132979, -115.14224], [36.13299, -115.142236], [36.132998, -115.142231], [36.133004, -115.142226], [36.133009, -115.14222], [36.133013, -115.142209], [36.133018, -115.142199]]}, "9": {"path": [[36.133316, -115.141923], [36.134095, -115.144115], [36.134167, -115.146525]], "green": [[36.134259, -115.146661], [36.134278, -115.146654], [36.134289, -115.146641], [36.134299, -115.146624], [36.134302, -115.146605], [36.134306, -115.146587], [36.134303, -115.14657], [36.134299, -115.146553], [36.134289, -115.146534], [36.134277, -115.146524], [36.134271, -115.146512], [36.134261, -115.146501], [36.134248, -115.146489], [36.134238, -115.146478], [36.134225, -115.146465], [36.134217, -115.146445], [36.134206, -115.146427], [36.134197, -115.146412], [36.134186, -115.146398], [36.134179, -115.146384], [36.134167, -115.146372], [36.13416, -115.14636], [36.134147, -115.14635], [36.134135, -115.146347], [36.134122, -115.146345], [36.134106, -115.146346], [36.134095, -115.146356], [36.134085, -115.146363], [36.134078, -115.146377], [36.134076, -115.146392], [36.134073, -115.146405], [36.134073, -115.146423], [36.134072, -115.146444], [36.134072, -115.146462], [36.134071, -115.146477], [36.13407, -115.146495], [36.134066, -115.146521], [36.134065, -115.146539], [36.134062, -115.146554], [36.134061, -115.146571], [36.134058, -115.146589], [36.134061, -115.146606], [36.134064, -115.146622], [36.13407, -115.146639], [36.134082, -115.14665], [36.134096, -115.146663], [36.134111, -115.146668], [36.134132, -115.146671], [36.134153, -115.146671], [36.134176, -115.146671], [36.134188, -115.146673], [36.134207, -115.146671], [36.134224, -115.14667], [36.134239, -115.146669], [36.134249, -115.146668], [36.134259, -115.146661]]}, "13": {"path": [[36.139719, -115.145222], [36.139774, -115.140743]], "green": [[36.13975, -115.140903], [36.139761, -115.140903], [36.139772, -115.140899], [36.139782, -115.140891], [36.139787, -115.140884], [36.139794, -115.14087], [36.139804, -115.140855], [36.139809, -115.140843], [36.139814, -115.140833], [36.139823, -115.140815], [36.13983, -115.140803], [36.139836, -115.140795], [36.139846, -115.140782], [36.139857, -115.140771], [36.139867, -115.140759], [36.139877, -115.140746], [36.139886, -115.140736], [36.139894, -115.140719], [36.1399, -115.140707], [36.139902, -115.140694], [36.139903, -115.14068], [36.139901, -115.140663], [36.139899, -115.14065], [36.139889, -115.140639], [36.139882, -115.140631], [36.139871, -115.140624], [36.13986, -115.140617], [36.139846, -115.140612], [36.139832, -115.14061], [36.139817, -115.140609], [36.139802, -115.140608], [36.139789, -115.140607], [36.139773, -115.140606], [36.139757, -115.140609], [36.13974, -115.14061], [36.139725, -115.140614], [36.139713, -115.140618], [36.139698, -115.140625], [36.139686, -115.140636], [36.139676, -115.140647], [36.139668, -115.140657], [36.139663, -115.140672], [36.139657, -115.140686], [36.139656, -115.140699], [36.139657, -115.140715], [36.13966, -115.14073], [36.139664, -115.140745], [36.139671, -115.140761], [36.139676, -115.140775], [36.139683, -115.14079], [36.139691, -115.140807], [36.139697, -115.140823], [36.139701, -115.140836], [36.139703, -115.140848], [36.139708, -115.140865], [36.139712, -115.140879], [36.139721, -115.140888], [36.139728, -115.140895], [36.139738, -115.140901], [36.13975, -115.140903]]}, "15": {"path": [[36.139435, -115.140535], [36.139017, -115.143226], [36.139357, -115.144857]],