{"holes": {"1": {"path": [[43.02046, -88.234396], [43.017829, -88.233649]], "green": [[43.017932, -88.233588], [43.017927, -88.233581], [43.017923, -88.233577], [43.017917, -88.233571], [43.017909, -88.233566], [43.0179, -88.233561], [43.017888, -88.233557], [43.017877, -88.233555], [43.01787, -88.233553], [43.017861, -88.233552], [43.017851, -88.233552], [43.01784, -88.233553], [43.017829, -88.233553], [43.017816, -88.233556], [43.017804, -88.233561], [43.017796, -88.233567], [43.017786, -88.233571], [43.017773, -88.233581], [43.017758, -88.233587], [43.01775, -88.233592], [43.017742, -88.233603], [43.01773, -88.233614], [43.017721, -88.233621], [43.017712, -88.23363], [43.017705, -88.233637], [43.017698, -88.233646], [43.017691, -88.233662], [43.017688, -88.233677], [43.017687, -88.233691], [43.017688, -88.233699], [43.017692, -88.233711], [43.017696, -88.233718], [43.017702, -88.233724], [43.017707, -88.23373], [43.017721, -88.233732], [43.017741, -88.233733], [43.017764, -88.233735], [43.017781, -88.233736], [43.017798, -88.233736], [43.017815, -88.233739], [43.017827, -88.233739], [43.017841, -88.233736], [43.017853, -88.233739], [43.017864, -88.233738], [43.017879, -88.233736], [43.01789, -88.233731], [43.0179, -88.233726], [43.017908, -88.233722], [43.017916, -88.233718], [43.017923, -88.233715], [43.017931, -88.233705], [43.017937, -88.233698], [43.017944, -88.23369], [43.017948, -88.233685], [43.017949, -88.233667], [43.017949, -88.23365], [43.017949, -88.233632], [43.017945, -88.233621], [43.01794, -88.233608], [43.017932, -88.233588]]}, "2": {"path": [[43.017505, -88.234463], [43.019235, -88.235321], [43.02019, -88.235073]], "green": [[43.020305, -88.235065], [43.020307, -88.235051], [43.020308, -88.235033], [43.020309, -88.235016], [43.020309, -88.235], [43.020306, -88.234984], [43.020301, -88.234966], [43.020295, -88.234953], [43.020288, -88.234942], [43.02028, -88.234934], [43.020273, -88.234928], [43.020262, -88.234924], [43.020253, -88.23492], [43.020244, -88.234921], [43.020233, -88.234922], [43.020224, -88.234927], [43.020215, -88.234938], [43.020209, -88.234952], [43.0202, -88.234962], [43.020191, -88.234975], [43.020185, -88.234985], [43.020173, -88.234996], [43.02016, -88.235009], [43.020147, -88.235022], [43.02014, -88.235028], [43.020135, -88.235033], [43.020121, -88.235043], [43.02011, -88.235054], [43.020106, -88.235059], [43.020098, -88.23507], [43.020097, -88.235072], [43.020092, -88.235082], [43.020088, -88.235089], [43.020087, -88.235091], [43.020085, -88.235097], [43.020081, -88.235106], [43.020079, -88.235113], [43.020075, -88.235127], [43.020074, -88.235151], [43.020076, -88.235167], [43.020078, -88.235184], [43.020087, -88.235198], [43.020095, -88.235212], [43.020104, -88.235221], [43.020118, -88.235228], [43.020136, -88.235233], [43.020153, -88.235236], [43.020167, -88.235235], [43.020182, -88.235232], [43.020203, -88.235227], [43.020217, -88.23522], [43.020232, -88.235209], [43.020246, -88.235196], [43.020257, -88.23518], [43.020269, -88.235162], [43.020279, -88.23514], [43.02029, -88.235113], [43.020298, -88.235092], [43.020305, -88.235065]]}, "3": {"path": [[43.020184, -88.233175], [43.018751, -88.233246]], "green": [[43.018861, -88.233309], [43.018865, -88.233298], [43.018867, -88.233286], [43.018869, -88.233267], [43.018871, -88.233254], [43.018871, -88.233249], [43.018864, -88.233223], [43.018861, -88.233209], [43.01886, -88.233205], [43.018852, -88.233193], [43.018846, -88.23319], [43.01883, -88.233183], [43.018823, -88.233177], [43.01881, -88.233168], [43.018801, -88.233162], [43.018792, -88.233158], [43.018783, -88.233155], [43.018768, -88.233151], [43.018756, -88.233146], [43.018748, -88.233142], [43.018739, -88.233139], [43.01873, -88.233142], [43.018721, -88.233142], [43.018709, -88.233145], [43.018697, -88.233149], [43.018685, -88.233157], [43.018675, -88.233167], [43.01867, -88.23317], [43.018657, -88.233185], [43.018644, -88.233197], [43.018631, -88.233212], [43.01862, -88.23323], [43.018612, -88.233244], [43.018602, -88.233274], [43.018603, -88.2333], [43.018609, -88.233326], [43.018622, -88.233348], [43.018641, -88.233374], [43.01866, -88.233393], [43.018678, -88.233405], [43.018701, -88.233414], [43.018717, -88.233415], [43.018737, -88.233406], [43.018761, -88.233395], [43.018785, -88.233375], [43.01881, -88.233357], [43.018851, -88.233329], [43.018861, -88.233309]]}, "4": {"path": [[43.017884, -88.232704], [43.019697, -88.232374], [43.020161, -88.231556]], "green": [[43.020151, -88.231717], [43.020159, -88.231714], [43.020168, -88.231707], [43.020179, -88.231699], [43.020187, -88.23169], [43.020196, -88.231682], [43.020203, -88.231673], [43.020209, -88.231664], [43.020216, -88.231658], [43.020223, -88.23165], [43.020231, -88.231636], [43.020237, -88.231626], [43.020243, -88.231614], [43.020248, -88.231602], [43.020251, -88.231587], [43.020255, -88.231572], [43.020258, -88.231552], [43.02026, -88.23153], [43.020261, -88.231503], [43.020259, -88.231484], [43.020257, -88.23147], [43.020252, -88.231451], [43.020248, -88.231438], [43.020243, -88.231424], [43.020234, -88.231413], [43.020226, -88.231405], [43.020218, -88.231398], [43.020209, -88.231393], [43.0202, -88.231392], [43.02019, -88.231392], [43.02018, -88.231393], [43.02017, -88.231393], [43.020162, -88.231394], [43.020154, -88.231397], [43.020145, -88.231403], [43.020137, -88.231407], [43.020129, -88.231414], [43.02012, -88.231423], [43.020114, -88.231434], [43.020107, -88.231443], [43.020101, -88.231454], [43.020094, -88.231464], [43.020087, -88.231478], [43.020082, -88.231494], [43.020077, -88.231508], [43.020075, -88.231519], [43.020072, -88.231533], [43.020069, -88.23155], [43.020066, -88.23157], [43.020064, -88.231587], [43.020064, -88.231608], [43.020063, -88.231624], [43.020065, -88.231638], [43.020069, -88.231656], [43.020074, -88.231673], [43.020078, -88.23169], [43.020088, -88.231701], [43.020102, -88.231715], [43.020113, -88.231717], [43.020124, -88.231719], [43.020131, -88.231721], [43.020138, -88.231721], [43.020146, -88.23172], [43.020151, -88.231717]]}, "5": {"path": [[43.022395, -88.23265], [43.022833, -88.231359], [43.024196, -88.23144]], "green": [[43.024302, -88.231439], [43.024302, -88.231431], [43.0243, -88.231422], [43.024298, -88.231413], [43.024292, -88.231401], [43.024287, -88.231392], [43.024281, -88.231386], [43.024277, -88.23138], [43.024269, -88.231376], [43.024263, -88.231374], [43.024257, -88.231373], [43.024248, -88.231372], [43.0242, -88.231369], [43.02419, -88.231369], [43.024176, -88.231367], [43.024163, -88.231368], [43.024154, -88.231369], [43.024143, -88.231371], [43.024132, -88.231374], [43.02412, -88.231378], [43.02411, -88.231381], [43.024098, -88.231387], [43.024091, -88.231401], [43.024086, -88.231419], [43.024085, -88.231436], [43.024086, -88.23145], [43.024088, -88.231455], [43.024091, -88.231464], [43.024097, -88.231477], [43.024106, -88.231486], [43.024117, -88.231496], [43.024131, -88.231504], [43.024143, -88.231512], [43.024158, -88.231519], [43.024169, -88.231523], [43.024184, -88.231527], [43.024196, -88.231529], [43.02421, -88.23153], [43.024221, -88.23153], [43.024233, -88.231527], [43.024246, -88.231523], [43.024261, -88.231515], [43.024276, -88.231506], [43.024288, -88.231493], [43.024299, -88.231465], [43.024302, -88.231439]]}, "6": {"path": [[43.024106, -88.231975], [43.023469, -88.234084], [43.022084, -88.234464]],