{"holes": {"2": {"path": [[43.753239, -88.475195], [43.750915, -88.473531]], "green": [[43.750989, -88.473563], [43.750984, -88.473553], [43.750975, -88.473534], [43.750965, -88.473512], [43.750957, -88.473489], [43.75095, -88.473474], [43.750937, -88.47345], [43.750929, -88.473434], [43.750912, -88.473416], [43.750897, -88.473405], [43.750882, -88.473398], [43.750869, -88.473398], [43.750856, -88.473403], [43.750845, -88.473407], [43.750827, -88.473414], [43.75082, -88.473427], [43.750811, -88.473444], [43.750807, -88.47346], [43.750806, -88.473479], [43.750806, -88.4735], [43.750814, -88.473518], [43.750821, -88.473533], [43.75083, -88.473543], [43.750844, -88.47356], [43.750862, -88.473576], [43.750892, -88.473603], [43.750916, -88.473633], [43.750937, -88.473656], [43.750952, -88.47367], [43.750973, -88.473676], [43.750987, -88.473677], [43.750995, -88.473666], [43.751005, -88.473649], [43.751008, -88.473639], [43.75101, -88.47362], [43.751008, -88.473606], [43.751002, -88.47359], [43.750997, -88.473578], [43.750989, -88.473563]]}, "5": {"path": [[43.74915, -88.479157], [43.753081, -88.476207]], "green": [[43.753143, -88.476321], [43.753159, -88.476283], [43.753166, -88.476248], [43.753171, -88.476215], [43.753163, -88.476178], [43.753146, -88.476132], [43.753123, -88.476087], [43.753098, -88.476055], [43.753072, -88.476037], [43.75304, -88.476029], [43.753018, -88.476037], [43.753, -88.476065], [43.752992, -88.476082], [43.752991, -88.476117], [43.752995, -88.476161], [43.753006, -88.476232], [43.753023, -88.476286], [43.753037, -88.476327], [43.753053, -88.476347], [43.753067, -88.476359], [43.753089, -88.476356], [43.75311, -88.476353], [43.753129, -88.47634], [43.753143, -88.476321]]}, "6": {"path": [[43.744091, -88.483044], [43.741275, -88.483894]], "green": [[43.741228, -88.483793], [43.74125, -88.483774], [43.741273, -88.483758], [43.741301, -88.483754], [43.741325, -88.483767], [43.741354, -88.483781], [43.741385, -88.483793], [43.741409, -88.483811], [43.741426, -88.483825], [43.741439, -88.483855], [43.741439, -88.483896], [43.741428, -88.483922], [43.741412, -88.483947], [43.741391, -88.483961], [43.741374, -88.483963], [43.741356, -88.483968], [43.741329, -88.483984], [43.741308, -88.484005], [43.741287, -88.484016], [43.741269, -88.484025], [43.741244, -88.484028], [43.741216, -88.484016], [43.741196, -88.484005], [43.741168, -88.483995], [43.741136, -88.483972], [43.741114, -88.483949], [43.741096, -88.48392], [43.741091, -88.483887], [43.741106, -88.483855], [43.741133, -88.483843], [43.741172, -88.483829], [43.7412, -88.483818], [43.741228, -88.483793]]}, "8": {"path": [[43.746961, -88.483724], [43.750769, -88.480028]], "green": [[43.750913, -88.480047], [43.750895, -88.480086], [43.750878, -88.480115], [43.750867, -88.48013], [43.750851, -88.480145], [43.75084, -88.480154], [43.750823, -88.480164], [43.75081, -88.480168], [43.750794, -88.480171], [43.750776, -88.480177], [43.750751, -88.480178], [43.750729, -88.480176], [43.750702, -88.48017], [43.750684, -88.48016], [43.75067, -88.480152], [43.750643, -88.480135], [43.750633, -88.480107], [43.750624, -88.480083], [43.750615, -88.480054], [43.750613, -88.480035], [43.750617, -88.480007], [43.750625, -88.479986], [43.750637, -88.479968], [43.750648, -88.479957], [43.750664, -88.479943], [43.750685, -88.47993], [43.750711, -88.47992], [43.750734, -88.479905], [43.750749, -88.479896], [43.750766, -88.479885], [43.750784, -88.47988], [43.750803, -88.479877], [43.750822, -88.47988], [43.750837, -88.479883], [43.750849, -88.479889], [43.750864, -88.479899], [43.750876, -88.479912], [43.750892, -88.479939], [43.750904, -88.479973], [43.75091, -88.479988], [43.750913, -88.480017], [43.750913, -88.480047]]}, "10": {"path": [[43.752484, -88.476345], [43.750205, -88.478822]], "green": [[43.750337, -88.47882], [43.750329, -88.478846], [43.750314, -88.478874], [43.7503, -88.478887], [43.750277, -88.478894], [43.750245, -88.478903], [43.750217, -88.478913], [43.750183, -88.478923], [43.750166, -88.478934], [43.750143, -88.478942], [43.75012, -88.478948], [43.750104, -88.478945], [43.750087, -88.478941], [43.750072, -88.47893], [43.750059, -88.478914], [43.750047, -88.478894], [43.75004, -88.478848], [43.750038, -88.47882], [43.750045, -88.478796], [43.750061, -88.478776], [43.750079, -88.478762], [43.750125, -88.478752], [43.750189, -88.478738], [43.75021, -88.478732], [43.750218, -88.478723], [43.750234, -88.478716], [43.750253, -88.478707], [43.750278, -88.478701], [43.750295, -88.478703], [43.750308, -88.478716], [43.750319, -88.478728], [43.75033, -88.47874], [43.750334, -88.478746], [43.750338, -88.478764], [43.750341, -88.478787], [43.750337, -88.47882]]}, "12": {"path": [[43.74561, -88.482581], [43.747969, -88.480257]], "green": [[43.74804, -88.480361], [43.748011, -88.480384], [43.747979, -88.4804], [43.747947, -88.480415], [43.747926, -88.480418], [43.74791, -88.480416], [43.747883, -88.480411], [43.747864, -88.480394], [43.747852, -88.480369], [43.74784, -88.480345], [43.747835, -88.480318], [43.747834, -88.480291], [43.747836, -88.480262], [43.747842, -88.480225], [43.747856, -88.480186], [43.747875, -88.480163], [43.7479, -88.480122], [43.747929, -88.480093], [43.747956, -88.480082], [43.74798, -88.480079], [43.748007, -88.480082], [43.748026, -88.480092], [43.748046, -88.480107], [43.748066, -88.480134], [43.748076, -88.480152], [43.748085, -88.480174], [43.748094, -88.480197], [43.748099, -88.480234], [43.748097, -88.480261], [43.74809, -88.480294], [43.748083, -88.480312], [43.748065, -88.480337], [43.74804, -88.480361]]}, "14": {"path": [[43.747809, -88.481793], [43.7447, -88.485814]],