{"holes": {"1": {"path": [[44.490847, -87.909592], [44.491494, -87.914059]], "green": [[44.491532, -87.913938], [44.491554, -87.913955], [44.491577, -87.913985], [44.491594, -87.914008], [44.491606, -87.91404], [44.491612, -87.914081], [44.491608, -87.914137], [44.491593, -87.914158], [44.491576, -87.914173], [44.491556, -87.914197], [44.491529, -87.914211], [44.491492, -87.914216], [44.491458, -87.914207], [44.491432, -87.91419], [44.491411, -87.914162], [44.491394, -87.914132], [44.491384, -87.914087], [44.491381, -87.91404], [44.491384, -87.914013], [44.491391, -87.913983], [44.491402, -87.913963], [44.491419, -87.913946], [44.491443, -87.913934], [44.491475, -87.913925], [44.49151, -87.913927], [44.491532, -87.913938]]}, "3": {"path": [[44.492208, -87.91683], [44.492527, -87.915116], [44.492281, -87.913645], [44.491512, -87.911391]], "green": [[44.491506, -87.911518], [44.491479, -87.9115], [44.491459, -87.911476], [44.491438, -87.911451], [44.491419, -87.91142], [44.491411, -87.911376], [44.491406, -87.911331], [44.49141, -87.911294], [44.491424, -87.911268], [44.491444, -87.911254], [44.491476, -87.911245], [44.491501, -87.911252], [44.491519, -87.911264], [44.491549, -87.911278], [44.491568, -87.911301], [44.491583, -87.911324], [44.491599, -87.911345], [44.491609, -87.911385], [44.491614, -87.911446], [44.491611, -87.911481], [44.491601, -87.9115], [44.491584, -87.911513], [44.491551, -87.911525], [44.491529, -87.911521], [44.491506, -87.911518]]}, "4": {"path": [[44.492021, -87.911193], [44.492751, -87.9128], [44.493124, -87.914168], [44.493067, -87.916204], [44.492905, -87.916599]], "green": [[44.492987, -87.916528], [44.492999, -87.916568], [44.492995, -87.916611], [44.492976, -87.916658], [44.492957, -87.916678], [44.492931, -87.916703], [44.492902, -87.916713], [44.492875, -87.916715], [44.492861, -87.916715], [44.492835, -87.916705], [44.49282, -87.916684], [44.492809, -87.916648], [44.492807, -87.916599], [44.492823, -87.916562], [44.492838, -87.916534], [44.492858, -87.916516], [44.492884, -87.916505], [44.492909, -87.916499], [44.492935, -87.916497], [44.492955, -87.916503], [44.492971, -87.916516], [44.492987, -87.916528]]}, "5": {"path": [[44.493975, -87.915991], [44.494419, -87.914463], [44.494696, -87.913951], [44.494818, -87.912466]], "green": [[44.494896, -87.912479], [44.494893, -87.912514], [44.494883, -87.912557], [44.49487, -87.912587], [44.494841, -87.912599], [44.494812, -87.912607], [44.494787, -87.912605], [44.494761, -87.912587], [44.494743, -87.912561], [44.494733, -87.912528], [44.494722, -87.912471], [44.494719, -87.91241], [44.494729, -87.912368], [44.494752, -87.912347], [44.49478, -87.912333], [44.494812, -87.912321], [44.494836, -87.912329], [44.494865, -87.912341], [44.494878, -87.91238], [44.494887, -87.912414], [44.494893, -87.912443], [44.494896, -87.912479]]}, "7": {"path": [[44.495117, -87.916878], [44.493851, -87.916621]], "green": [[44.493981, -87.916611], [44.493978, -87.916637], [44.493963, -87.91667], [44.493948, -87.916686], [44.493923, -87.9167], [44.493903, -87.916707], [44.493884, -87.916713], [44.493862, -87.916721], [44.493829, -87.916725], [44.493796, -87.916713], [44.493763, -87.916696], [44.493747, -87.916682], [44.493739, -87.916664], [44.493732, -87.916639], [44.493729, -87.916613], [44.493735, -87.916584], [44.493744, -87.916546], [44.493752, -87.916526], [44.493773, -87.916501], [44.493814, -87.916479], [44.493862, -87.916478], [44.493915, -87.916507], [44.49396, -87.91654], [44.493973, -87.916573], [44.493981, -87.916611]]}, "8": {"path": [[44.493282, -87.916706], [44.493936, -87.913552], [44.493966, -87.913015], [44.49415, -87.912811]], "green": [[44.49422, -87.912785], [44.494218, -87.912826], [44.494208, -87.912866], [44.4942, -87.912899], [44.494181, -87.912932], [44.494163, -87.912948], [44.49414, -87.912955], [44.49412, -87.912957], [44.494105, -87.91295], [44.494091, -87.912939], [44.49408, -87.91291], [44.494068, -87.912864], [44.494068, -87.912813], [44.494075, -87.912773], [44.494081, -87.912726], [44.494103, -87.912693], [44.494121, -87.912677], [44.494141, -87.912668], [44.494163, -87.912665], [44.494183, -87.912675], [44.494203, -87.912691], [44.494216, -87.912717], [44.494225, -87.912747], [44.49422, -87.912785]]}, "9": {"path": [[44.493635, -87.912951], [44.492809, -87.911304], [44.491967, -87.910462], [44.491256, -87.910031]], "green": [[44.491366, -87.910071], [44.491352, -87.9101], [44.491338, -87.910115], [44.491314, -87.910137], [44.491289, -87.910149], [44.49125, -87.910154], [44.491228, -87.910151], [44.491203, -87.910141], [44.491179, -87.910117], [44.491158, -87.910088], [44.49115, -87.91005], [44.491144, -87.910006], [44.491149, -87.909974], [44.491157, -87.909944], [44.491173, -87.90992], [44.49119, -87.909903], [44.491217, -87.909901], [44.491257, -87.909907], [44.491282, -87.909915], [44.491312, -87.909933], [44.491336, -87.909964], [44.491356, -87.909992], [44.491369, -87.910033], [44.491366, -87.910071]]}, "10": {"path": [[44.491496, -87.909598], [44.493677, -87.910167], [44.494505, -87.90956]], "green": [[44.49454, -87.909431], [44.494584, -87.909471], [44.494607, -87.909524], [44.494601, -87.909598], [44.494578, -87.909646], [44.49454, -87.909695], [44.494491, -87.909699], [44.49445, -87.909687], [44.494424, -87.909659], [44.494392, -87.909598], [44.494406, -87.909514], [44.494429, -87.909459], [44.494486, -87.909427], [44.49454, -87.909431]]}, "13": {"path": [[44.494941, -87.909811], [44.495234, -87.908895]], "green": [[44.495347, -87.908974], [44.49534, -87.908993], [44.495324, -87.909013], [44.495311, -87.909025], [44.495284, -87.909035], [44.495261, -87.909039], [44.495241, -87.909033], [44.495225, -87.909019], [44.495205, -87.908999], [44.495189, -87.908972], [44.495177, -87.908954], [44.495166, -87.908922], [44.495156, -87.908893], [44.49514, -87.908856], [44.495126, -87.90883], [44.495121, -87.908806], [44.495122, -87.908769], [44.495132, -87.908749], [44.495148, -87.908737], [44.49517, -87.90873], [44.49519, -87.908745], [44.495213, -87.908771], [44.495237, -87.908789], [44.495257, -87.908813], [44.495279, -87.90883], [44.495305, -87.90885], [44.495328, -87.908877], [44.495345, -87.908915], [44.495348, -87.90894], [44.495347, -87.908974]]}, "18": {"path": [[44.494392, -87.908733], [44.492889, -87.909268], [44.491633, -87.909226]], "green": [[44.491703, -87.909153], [44.491718, -87.909183], [44.491724, -87.909231], [44.49172, -87.909268], [44.491708, -87.909303], [44.491691, -87.909314], [44.491666, -87.909327], [44.491638, -87.909327], [44.491611, -87.90933], [44.491584, -87.909322], [44.491563, -87.909306], [44.491548, -87.909282], [44.491534, -87.909258], [44.491527, -87.909217], [44.491532, -87.909169], [44.491555, -87.909134], [44.491596, -87.90911], [44.491626, -87.909105], [44.491659, -87.909113], [44.49168, -87.909132], [44.491703, -87.909153]]}}}