{"holes": {"1": {"path": [[42.743767, -87.814952], [42.745152, -87.817303], [42.746265, -87.818918]], "green": [[42.746336, -87.818953], [42.746333, -87.818973], [42.746328, -87.81899], [42.746318, -87.819004], [42.746308, -87.819013], [42.746294, -87.819019], [42.746278, -87.819019], [42.746259, -87.819013], [42.746245, -87.819001], [42.746229, -87.818986], [42.746212, -87.818968], [42.746196, -87.818947], [42.746183, -87.81892], [42.746175, -87.81889], [42.746173, -87.818863], [42.746176, -87.818834], [42.746189, -87.818816], [42.746207, -87.818811], [42.746226, -87.81881], [42.746248, -87.818815], [42.746262, -87.818825], [42.746275, -87.818835], [42.746292, -87.818852], [42.746305, -87.818867], [42.746317, -87.818885], [42.746326, -87.818901], [42.746331, -87.818919], [42.746336, -87.818936], [42.746336, -87.818953]]}, "2": {"path": [[42.746681, -87.81966], [42.744972, -87.821272], [42.744484, -87.822604]], "green": [[42.744473, -87.822422], [42.744443, -87.822444], [42.744428, -87.822474], [42.744415, -87.822511], [42.744391, -87.822578], [42.744381, -87.822631], [42.744378, -87.822664], [42.74439, -87.822714], [42.744407, -87.822741], [42.744417, -87.822755], [42.744432, -87.822769], [42.744451, -87.822778], [42.74447, -87.82278], [42.744489, -87.822782], [42.744513, -87.82277], [42.744538, -87.822753], [42.74455, -87.822734], [42.744559, -87.822714], [42.744574, -87.822659], [42.744579, -87.822603], [42.744577, -87.822557], [42.744572, -87.822508], [42.744563, -87.822463], [42.744554, -87.822436], [42.744538, -87.822418], [42.744514, -87.822408], [42.744492, -87.822412], [42.744473, -87.822422]]}, "3": {"path": [[42.744111, -87.822012], [42.743433, -87.819357], [42.742699, -87.817972]], "green": [[42.742779, -87.818059], [42.742766, -87.818073], [42.742756, -87.818082], [42.74274, -87.818095], [42.74272, -87.8181], [42.742696, -87.818103], [42.742675, -87.8181], [42.742655, -87.818088], [42.742633, -87.818068], [42.742611, -87.818044], [42.74259, -87.818008], [42.742575, -87.817974], [42.742568, -87.817946], [42.74257, -87.817907], [42.742577, -87.817873], [42.742597, -87.817847], [42.742618, -87.817828], [42.742654, -87.817812], [42.742677, -87.817809], [42.7427, -87.817818], [42.742717, -87.817827], [42.742737, -87.817849], [42.742757, -87.817881], [42.74277, -87.817903], [42.742785, -87.817939], [42.742795, -87.817965], [42.742798, -87.81799], [42.742799, -87.818012], [42.742793, -87.818033], [42.742788, -87.818046], [42.742779, -87.818059]]}, "4": {"path": [[42.742038, -87.818872], [42.742239, -87.820887]], "green": [[42.742314, -87.820923], [42.742323, -87.820899], [42.742325, -87.820864], [42.742325, -87.820825], [42.742316, -87.820796], [42.742301, -87.820773], [42.742288, -87.82076], [42.74226, -87.820748], [42.742232, -87.820743], [42.742208, -87.820753], [42.742185, -87.820764], [42.742171, -87.820772], [42.742162, -87.820785], [42.742154, -87.820805], [42.742148, -87.820842], [42.742148, -87.82088], [42.742156, -87.820924], [42.742166, -87.820958], [42.74218, -87.820987], [42.742192, -87.821002], [42.742205, -87.821015], [42.742221, -87.82102], [42.742239, -87.821021], [42.742257, -87.821019], [42.742264, -87.821012], [42.74228, -87.820995], [42.742297, -87.820964], [42.742307, -87.820943], [42.742314, -87.820923]]}, "5": {"path": [[42.742566, -87.820462], [42.742482, -87.822753], [42.741741, -87.824177]], "green": [[42.741765, -87.82428], [42.741739, -87.824301], [42.741717, -87.824306], [42.741698, -87.824304], [42.741674, -87.824288], [42.74166, -87.824257], [42.741651, -87.82422], [42.741649, -87.82419], [42.741655, -87.824165], [42.741661, -87.824139], [42.741675, -87.824112], [42.741691, -87.82409], [42.741715, -87.824065], [42.741735, -87.824047], [42.741758, -87.824041], [42.741781, -87.824043], [42.741796, -87.824061], [42.741808, -87.824086], [42.741813, -87.82411], [42.741816, -87.824138], [42.741815, -87.824154], [42.741814, -87.824167], [42.741803, -87.824197], [42.741796, -87.824221], [42.741785, -87.824249], [42.741776, -87.824266], [42.741765, -87.82428]]}, "6": {"path": [[42.740855, -87.824359], [42.741854, -87.821172]], "green": [[42.741892, -87.821027], [42.74191, -87.821046], [42.741922, -87.821062], [42.741931, -87.821086], [42.741937, -87.821107], [42.74194, -87.821125], [42.741942, -87.821158], [42.741939, -87.821193], [42.741932, -87.82122], [42.741925, -87.821236], [42.741916, -87.821249], [42.741909, -87.821261], [42.741895, -87.821273], [42.741881, -87.821287], [42.741865, -87.821299], [42.74185, -87.82131], [42.741834, -87.821316], [42.741823, -87.82132], [42.741807, -87.82132], [42.741792, -87.821309], [42.741781, -87.821296], [42.741769, -87.821273], [42.741767, -87.821268], [42.741765, -87.821247], [42.741766, -87.82122], [42.741776, -87.821191], [42.741786, -87.821162], [42.741794, -87.821129], [42.7418, -87.821101], [42.741805, -87.82108], [42.741816, -87.821053], [42.741826, -87.821039], [42.741837, -87.821028], [42.741848, -87.82102], [42.741866, -87.821018], [42.741879, -87.821021], [42.741892, -87.821027]]}, "7": {"path": [[42.741493, -87.820406], [42.739736, -87.822278], [42.738491, -87.822413]], "green": [[42.738584, -87.822339], [42.738501, -87.822297], [42.73846, -87.822275], [42.738419, -87.822258], [42.738393, -87.822257], [42.738372, -87.822267], [42.738354, -87.822298], [42.738347, -87.822335], [42.738355, -87.82237], [42.738366, -87.822402], [42.738399, -87.822466], [42.738434, -87.822526], [42.738458, -87.822543], [42.738486, -87.822557], [42.738493, -87.822557], [42.738512, -87.822558], [42.738538, -87.822546], [42.738566, -87.822528], [42.738593, -87.822504], [42.738606, -87.82248], [42.738613, -87.822455], [42.738619, -87.822423], [42.738616, -87.822391], [42.738605, -87.822366], [42.738584, -87.822339]]}, "8": {"path": [[42.737714, -87.821807], [42.7383, -87.820178]], "green": [[42.738327, -87.820274], [42.738351, -87.820281], [42.738368, -87.820281], [42.738394, -87.820272], [42.738416, -87.820259], [42.738433, -87.82024], [42.738442, -87.820224], [42.738449, -87.820204], [42.738452, -87.820184], [42.73845, -87.820164], [42.738445, -87.820144], [42.738435, -87.820119], [42.738419, -87.820098], [42.738403, -87.820075], [42.738372, -87.820044], [42.738354, -87.820028], [42.738337, -87.820023], [42.738316, -87.820023], [42.738296, -87.820026], [42.738274, -87.820036], [42.738245, -87.820057], [42.738223, -87.820078], [42.738208, -87.820096], [42.738202, -87.820111], [42.738194, -87.820126], [42.738188, -87.820143], [42.738184, -87.820154], [42.738176, -87.820179], [42.738173, -87.820197], [42.738169, -87.820222], [42.73817, -87.820242], [42.738175, -87.820253], [42.738185, -87.820263], [42.738202, -87.820272], [42.738216, -87.820279], [42.73823, -87.820281], [42.738243, -87.820278], [42.738256, -87.820272], [42.738278, -87.820267], [42.738307, -87.820269], [42.738327, -87.820274]]}, "9": {"path": [[42.738634, -87.81946], [42.740628, -87.818303], [42.741193, -87.815489]], "green": [[42.741219, -87.815599], [42.741202, -87.815606], [42.741183, -87.815606], [42.741167, -87.815602], [42.741153, -87.815592], [42.741139, -87.815581], [42.741134, -87.815574], [42.741128, -87.815564], [42.74112, -87.815542], [42.741112, -87.815503], [42.741112, -87.815466], [42.741123, -87.815432], [42.741135, -87.815404], [42.741146, -87.815376], [42.741162, -87.815349], [42.741182, -87.815335], [42.741214, -87.815334], [42.74123, -87.81534], [42.741242, -87.815356], [42.741253, -87.815382], [42.74126, -87.815409], [42.741262, -87.815439], [42.741264, -87.815473], [42.741261, -87.815501], [42.741254, -87.815525], [42.741246, -87.815549], [42.741241, -87.815567], [42.741231, -87.815585], [42.741219, -87.815599]]}, "10": {"path": [[42.741567, -87.816622], [42.741395, -87.818569]],