{"holes": {"1": {"path": [[42.54181, -88.578356], [42.540903, -88.580917], [42.540653, -88.5835]], "green": [[42.540734, -88.583592], [42.540723, -88.583609], [42.540703, -88.583628], [42.540678, -88.583623], [42.540647, -88.583613], [42.540627, -88.583606], [42.54061, -88.583601], [42.540594, -88.583579], [42.540586, -88.583559], [42.540579, -88.583528], [42.540577, -88.583494], [42.540577, -88.583457], [42.540578, -88.583433], [42.540581, -88.583408], [42.540591, -88.583387], [42.540612, -88.583369], [42.540632, -88.583368], [42.540662, -88.583371], [42.540681, -88.583381], [42.540703, -88.583398], [42.540718, -88.583418], [42.540726, -88.583454], [42.54073, -88.583489], [42.540734, -88.583542], [42.540734, -88.583592]]}, "2": {"path": [[42.540172, -88.582378], [42.538518, -88.583743], [42.537091, -88.585776]], "green": [[42.537161, -88.585887], [42.537143, -88.5859], [42.537129, -88.585901], [42.53711, -88.585898], [42.537088, -88.585886], [42.537041, -88.58585], [42.537019, -88.585837], [42.536996, -88.585829], [42.53698, -88.585823], [42.53697, -88.585812], [42.536965, -88.58579], [42.536964, -88.585773], [42.536966, -88.585748], [42.536974, -88.585725], [42.536984, -88.585705], [42.536995, -88.585689], [42.537, -88.585672], [42.537062, -88.585648], [42.537088, -88.585646], [42.537109, -88.585649], [42.537137, -88.585657], [42.537163, -88.585667], [42.537181, -88.585674], [42.537192, -88.585697], [42.537196, -88.585707], [42.537198, -88.585733], [42.537198, -88.585772], [42.537196, -88.5858], [42.537192, -88.585833], [42.537186, -88.585854], [42.537181, -88.585868], [42.537161, -88.585887]]}, "3": {"path": [[42.536732, -88.586033], [42.537855, -88.587591], [42.538032, -88.588758]], "green": [[42.538066, -88.588919], [42.538051, -88.588932], [42.538028, -88.588932], [42.53801, -88.588923], [42.53799, -88.588904], [42.537972, -88.588884], [42.537954, -88.588841], [42.537949, -88.588811], [42.537949, -88.58876], [42.537956, -88.588699], [42.537959, -88.588661], [42.537963, -88.588629], [42.537982, -88.588594], [42.537996, -88.58859], [42.53801, -88.588586], [42.538022, -88.588589], [42.538042, -88.58859], [42.538059, -88.588602], [42.538074, -88.588623], [42.538086, -88.588644], [42.538099, -88.588676], [42.538105, -88.588708], [42.538112, -88.588771], [42.538115, -88.588805], [42.538111, -88.588846], [42.5381, -88.588874], [42.538084, -88.588902], [42.538066, -88.588919]]}, "4": {"path": [[42.537721, -88.588873], [42.536226, -88.588582]], "green": [[42.536262, -88.588776], [42.536106, -88.588616], [42.536077, -88.588573], [42.536067, -88.588541], [42.536068, -88.5885], [42.536075, -88.588474], [42.536094, -88.588439], [42.536114, -88.58842], [42.536136, -88.588403], [42.536157, -88.588398], [42.536182, -88.58841], [42.536205, -88.588427], [42.536247, -88.58846], [42.536274, -88.588486], [42.536313, -88.588533], [42.536337, -88.588562], [42.536349, -88.588578], [42.536364, -88.588632], [42.536372, -88.58868], [42.536361, -88.58872], [42.536334, -88.58877], [42.536322, -88.588789], [42.536303, -88.588792], [42.536277, -88.588786], [42.536262, -88.588776]]}, "5": {"path": [[42.535323, -88.588709], [42.53619, -88.586327], [42.536757, -88.585226]], "green": [[42.536864, -88.585315], [42.536852, -88.585331], [42.536834, -88.585354], [42.536802, -88.585358], [42.536771, -88.58535], [42.536734, -88.585337], [42.536714, -88.585321], [42.53669, -88.585298], [42.536668, -88.585272], [42.536649, -88.585244], [42.536625, -88.585207], [42.536622, -88.585191], [42.536634, -88.585148], [42.536648, -88.585122], [42.536668, -88.585098], [42.53669, -88.585088], [42.536713, -88.585087], [42.536741, -88.585094], [42.536785, -88.585116], [42.536814, -88.585136], [42.536837, -88.58516], [42.536855, -88.585187], [42.536867, -88.58522], [42.536871, -88.585253], [42.536871, -88.585285], [42.536864, -88.585315]]}, "6": {"path": [[42.537243, -88.586209], [42.53912, -88.584275], [42.541542, -88.583984]], "green": [[42.54164, -88.584086], [42.541616, -88.584118], [42.541595, -88.584127], [42.541568, -88.584132], [42.541545, -88.584126], [42.541527, -88.584117], [42.541506, -88.584108], [42.54149, -88.584108], [42.541452, -88.584091], [42.541403, -88.584059], [42.541385, -88.584018], [42.541384, -88.583986], [42.541401, -88.583952], [42.541419, -88.583928], [42.541429, -88.58392], [42.541448, -88.583926], [42.541475, -88.583918], [42.541498, -88.583891], [42.541518, -88.583844], [42.541543, -88.583816], [42.541579, -88.583799], [42.541598, -88.583804], [42.541636, -88.583836], [42.541652, -88.583866], [42.541661, -88.583893], [42.541668, -88.583935], [42.541669, -88.583967], [42.541664, -88.58401], [42.541657, -88.584051], [42.54164, -88.584086]]}, "7": {"path": [[42.541793, -88.58378], [42.541543, -88.581007], [42.542017, -88.578919]], "green": [[42.54202, -88.579082], [42.542047, -88.579059], [42.542065, -88.579042], [42.542091, -88.579033], [42.542113, -88.579013], [42.542139, -88.57895], [42.542138, -88.578876], [42.542135, -88.578812], [42.542127, -88.578775], [42.542101, -88.57874], [42.542075, -88.578718], [42.542049, -88.578711], [42.542028, -88.578707], [42.542003, -88.578721], [42.541983, -88.578738], [42.541966, -88.57878], [42.541957, -88.578825], [42.541952, -88.578843], [42.541943, -88.578914], [42.541937, -88.578948], [42.541932, -88.578975], [42.541929, -88.579001], [42.541924, -88.579042], [42.541928, -88.579067], [42.541932, -88.57909], [42.541961, -88.579098], [42.541989, -88.579095], [42.54202, -88.579082]]}, "8": {"path": [[42.542297, -88.578895], [42.543314, -88.579854]], "green": [[42.543223, -88.57997], [42.543205, -88.579944], [42.543186, -88.57991], [42.543172, -88.579876], [42.543172, -88.579854], [42.543188, -88.579832], [42.543201, -88.579811], [42.543211, -88.579803], [42.543228, -88.579805], [42.543246, -88.579805], [42.54328, -88.579778], [42.5433, -88.579749], [42.543333, -88.579712], [42.543371, -88.579691], [42.543401, -88.579692], [42.543441, -88.579735], [42.543455, -88.579756], [42.543467, -88.579776], [42.543471, -88.579814], [42.543469, -88.579844], [42.543458, -88.579869], [42.543449, -88.5799], [42.543407, -88.579926], [42.543373, -88.579931], [42.543356, -88.579938], [42.543326, -88.579958], [42.543294, -88.579982], [42.543281, -88.579993], [42.543248, -88.579983], [42.543223, -88.57997]]}, "10": {"path": [[42.541135, -88.577986], [42.540218, -88.579866], [42.539604, -88.581448]], "green": [[42.539719, -88.581383], [42.539708, -88.581462], [42.539693, -88.581517], [42.539664, -88.581582], [42.539641, -88.581608], [42.539605, -88.581626], [42.539576, -88.581635], [42.539552, -88.581633], [42.539527, -88.58162], [42.539504, -88.581593], [42.539492, -88.581554], [42.53949, -88.581492], [42.539496, -88.581428], [42.539512, -88.581392], [42.539538, -88.581359], [42.539568, -88.581327], [42.539589, -88.581307], [42.539595, -88.581293], [42.539628, -88.58128], [42.539643, -88.581292], [42.539663, -88.58131], [42.539677, -88.58133], [42.53969, -88.581348], [42.539719, -88.581383]]}, "11": {"path": [[42.539132, -88.58142], [42.538038, -88.583188], [42.536841, -88.584664]], "green": [[42.536853, -88.584471], [42.536826, -88.58448], [42.536809, -88.584495], [42.536794, -88.584509], [42.536772, -88.584524], [42.53675, -88.584552], [42.536727, -88.584593], [42.536714, -88.584632], [42.536709, -88.584686], [42.536714, -88.584735], [42.536728, -88.584782], [42.536755, -88.584827], [42.536793, -88.584863], [42.536814, -88.584868], [42.536829, -88.584868], [42.536848, -88.584866], [42.53687, -88.584855], [42.536888, -88.584847], [42.536901, -88.584827], [42.536913, -88.584795], [42.53693, -88.58475], [42.536939, -88.584718], [42.536947, -88.584679], [42.536942, -88.584634], [42.536937, -88.584602], [42.536928, -88.584582], [42.536915, -88.584553], [42.536905, -88.584535], [42.536888, -88.584505], [42.536869, -88.584486], [42.536853, -88.584471]]}, "13": {"path": [[42.534054, -88.588759], [42.534293, -88.584848], [42.534293, -88.582065]],