{"holes": {"1": {"path": [[43.833261, -90.080972], [43.83497, -90.080615], [43.836242, -90.080919]], "green": [[43.836309, -90.080989], [43.836328, -90.080965], [43.836338, -90.080939], [43.836337, -90.080906], [43.836329, -90.080881], [43.836296, -90.080837], [43.836267, -90.080819], [43.836233, -90.080806], [43.836197, -90.080802], [43.836166, -90.080814], [43.836141, -90.080854], [43.83613, -90.080904], [43.836136, -90.08095], [43.836155, -90.080982], [43.836183, -90.081004], [43.836213, -90.081014], [43.836253, -90.081008], [43.836287, -90.080999], [43.836309, -90.080989]]}, "2": {"path": [[43.836442, -90.080354], [43.838019, -90.080821], [43.83905, -90.081713]], "green": [[43.83912, -90.081766], [43.839129, -90.081727], [43.839132, -90.081675], [43.839125, -90.081634], [43.839114, -90.081601], [43.839091, -90.081574], [43.839058, -90.081564], [43.839027, -90.081567], [43.839, -90.081586], [43.838978, -90.081617], [43.838963, -90.081655], [43.838958, -90.08171], [43.83896, -90.081772], [43.838971, -90.081821], [43.838993, -90.081852], [43.839024, -90.081868], [43.839051, -90.081862], [43.839081, -90.081835], [43.839104, -90.081804], [43.83912, -90.081766]]}, "3": {"path": [[43.838711, -90.081999], [43.837429, -90.081473]], "green": [[43.837531, -90.081509], [43.837539, -90.081488], [43.83754, -90.081452], [43.837536, -90.081423], [43.837523, -90.081395], [43.837503, -90.081374], [43.837482, -90.081361], [43.837463, -90.081354], [43.837444, -90.081354], [43.837425, -90.081357], [43.837409, -90.081371], [43.837393, -90.081386], [43.837368, -90.081402], [43.837344, -90.081421], [43.837321, -90.081441], [43.837305, -90.081464], [43.8373, -90.081498], [43.837299, -90.081533], [43.837308, -90.081562], [43.837329, -90.081588], [43.837357, -90.081604], [43.83739, -90.081605], [43.837418, -90.081589], [43.83745, -90.081574], [43.837477, -90.081563], [43.837501, -90.081549], [43.837518, -90.081527], [43.837531, -90.081509]]}, "5": {"path": [[43.832709, -90.081867], [43.831482, -90.079988], [43.830504, -90.080348]], "green": [[43.830594, -90.080404], [43.830611, -90.08038], [43.830627, -90.080341], [43.83063, -90.080293], [43.830625, -90.080269], [43.830613, -90.080243], [43.830589, -90.080221], [43.83056, -90.080209], [43.830517, -90.080208], [43.830465, -90.080228], [43.830414, -90.08026], [43.830385, -90.080292], [43.830368, -90.080332], [43.830361, -90.080375], [43.830363, -90.08041], [43.830382, -90.080448], [43.830408, -90.080472], [43.830438, -90.080486], [43.830474, -90.080483], [43.830516, -90.080466], [43.830559, -90.08044], [43.830594, -90.080404]]}, "6": {"path": [[43.830166, -90.080318], [43.82959, -90.078625]], "green": [[43.829644, -90.078755], [43.829657, -90.078717], [43.829667, -90.07865], [43.829673, -90.078603], [43.82967, -90.078549], [43.829654, -90.0785], [43.829636, -90.078468], [43.829616, -90.078447], [43.829589, -90.078437], [43.829562, -90.078451], [43.829536, -90.078478], [43.829517, -90.078528], [43.829502, -90.07859], [43.829496, -90.078635], [43.829498, -90.07867], [43.829511, -90.078707], [43.82953, -90.078735], [43.829556, -90.078756], [43.829583, -90.078772], [43.829609, -90.07878], [43.829628, -90.078775], [43.829644, -90.078755]]}, "7": {"path": [[43.829894, -90.077483], [43.832567, -90.077605]], "green": [[43.832639, -90.077731], [43.832672, -90.077709], [43.832693, -90.077673], [43.832701, -90.077622], [43.832693, -90.077575], [43.832677, -90.077541], [43.832644, -90.077519], [43.832616, -90.0775], [43.832588, -90.077486], [43.832553, -90.077477], [43.832513, -90.077472], [43.832489, -90.077481], [43.832468, -90.077501], [43.832451, -90.077535], [43.832445, -90.077567], [43.832448, -90.077601], [43.832461, -90.07764], [43.832478, -90.07767], [43.8325, -90.077693], [43.832525, -90.077717], [43.832552, -90.077732], [43.832595, -90.077741], [43.832639, -90.077731]]}, "8": {"path": [[43.832792, -90.07848], [43.830804, -90.078542], [43.829886, -90.078091]], "green": [[43.82995, -90.078219], [43.829962, -90.078193], [43.829973, -90.07816], [43.829981, -90.078121], [43.829983, -90.078075], [43.829976, -90.078028], [43.829961, -90.077971], [43.829943, -90.077921], [43.829912, -90.077894], [43.829884, -90.077884], [43.829849, -90.077893], [43.829822, -90.077914], [43.8298, -90.077946], [43.829784, -90.077999], [43.829781, -90.078057], [43.829787, -90.078111], [43.829797, -90.078143], [43.829809, -90.078175], [43.829819, -90.078214], [43.829839, -90.078251], [43.829872, -90.078269], [43.829903, -90.078266], [43.829931, -90.078249], [43.82995, -90.078219]]}, "9": {"path": [[43.830266, -90.079356], [43.831633, -90.07917], [43.832568, -90.079255]], "green": [[43.832662, -90.079318], [43.832675, -90.079288], [43.832679, -90.079246], [43.832668, -90.07921], [43.832646, -90.079173], [43.832621, -90.079146], [43.832589, -90.079131], [43.832555, -90.079131], [43.832525, -90.079145], [43.832489, -90.079167], [43.832468, -90.079195], [43.832453, -90.079229], [43.832448, -90.07926], [43.832452, -90.079291], [43.83247, -90.079323], [43.832498, -90.07935], [43.832536, -90.079369], [43.832578, -90.079367], [43.832618, -90.079353], [43.832643, -90.07934], [43.832662, -90.079318]]}, "10": {"path": [[43.833709, -90.079423], [43.8352, -90.078468], [43.835937, -90.079505]], "green": [[43.835992, -90.079664], [43.836016, -90.079643], [43.836027, -90.07961], [43.836031, -90.079561], [43.83603, -90.079497], [43.836026, -90.079455], [43.836019, -90.079425], [43.836001, -90.079386], [43.835977, -90.079353], [43.835956, -90.079331], [43.83593, -90.079324], [43.835898, -90.079332], [43.835874, -90.079347], [43.835853, -90.079379], [43.835839, -90.079433], [43.835831, -90.079479], [43.83583, -90.079515], [43.835841, -90.079553], [43.835856, -90.07959], [43.835875, -90.079615], [43.835904, -90.079643], [43.83593, -90.079658], [43.835957, -90.079667], [43.835992, -90.079664]]}, "11": {"path": [[43.836454, -90.080137], [43.838556, -90.079841], [43.839997, -90.081744]], "green": [[43.840053, -90.081835], [43.840068, -90.081812], [43.840075, -90.081786], [43.840073, -90.081745], [43.840061, -90.081706], [43.840044, -90.081675], [43.840024, -90.081654], [43.839995, -90.08164], [43.839975, -90.081636], [43.839948, -90.081637], [43.839927, -90.08165], [43.839914, -90.081676], [43.839912, -90.08171], [43.83992, -90.081742], [43.839937, -90.081784], [43.839955, -90.081816], [43.839975, -90.08184], [43.839998, -90.081852], [43.840031, -90.081847], [43.840053, -90.081835]]}, "12": {"path": [[43.84013, -90.081089], [43.839298, -90.078954], [43.839926, -90.077649]], "green": [[43.839986, -90.077725], [43.840014, -90.07767], [43.840023, -90.077621], [43.840019, -90.077569], [43.840008, -90.077529], [43.839981, -90.077495], [43.839953, -90.077481], [43.839914, -90.077497], [43.839887, -90.077528], [43.839861, -90.077572], [43.839841, -90.077613], [43.839829, -90.077653], [43.839827, -90.077694], [43.839837, -90.077737], [43.839856, -90.07777], [43.839882, -90.077787], [43.839914, -90.07779], [43.839943, -90.077777], [43.839966, -90.077753], [43.839986, -90.077725]]}, "13": {"path": [[43.839596, -90.077285], [43.838227, -90.07872], [43.83701, -90.079241]], "green": [[43.837085, -90.079328], [43.837099, -90.079297], [43.837112, -90.07925], [43.837112, -90.079194], [43.837092, -90.079139], [43.837062, -90.079107], [43.837026, -90.079095], [43.83699, -90.079094], [43.836961, -90.079104], [43.836934, -90.079128], [43.836916, -90.079163], [43.836898, -90.079208], [43.836896, -90.079261], [43.83691, -90.079317], [43.836933, -90.079349], [43.836969, -90.07937], [43.83701, -90.079372], [43.83704, -90.079366], [43.837064, -90.079353], [43.837085, -90.079328]]}, "14": {"path": [[43.836521, -90.079879], [43.83631, -90.078141]],