{"holes": {"1": {"path": [[41.723718, -88.215057], [41.725684, -88.215098], [41.727144, -88.215587]], "green": [[41.727253, -88.215492], [41.72726, -88.215514], [41.727262, -88.215533], [41.727259, -88.215553], [41.727253, -88.215575], [41.727228, -88.215609], [41.727209, -88.215635], [41.727195, -88.21566], [41.727182, -88.21569], [41.727173, -88.215714], [41.727161, -88.215735], [41.727148, -88.215746], [41.727134, -88.21575], [41.727121, -88.215747], [41.727111, -88.215739], [41.727098, -88.215726], [41.727085, -88.215705], [41.72708, -88.215684], [41.727074, -88.21566], [41.727063, -88.215628], [41.727053, -88.215604], [41.727045, -88.215591], [41.727034, -88.215576], [41.72703, -88.215556], [41.727032, -88.215529], [41.727044, -88.215497], [41.72706, -88.215473], [41.727075, -88.215458], [41.727099, -88.215442], [41.727131, -88.215435], [41.727167, -88.215436], [41.727204, -88.215446], [41.727216, -88.215452], [41.727233, -88.215468], [41.727253, -88.215492]]}, "2": {"path": [[41.727069, -88.214514], [41.72895, -88.209656]], "green": [[41.729017, -88.209684], [41.729024, -88.209715], [41.729024, -88.209747], [41.729019, -88.209765], [41.729016, -88.209776], [41.729008, -88.209787], [41.728992, -88.209799], [41.728971, -88.209807], [41.728955, -88.209811], [41.728937, -88.20981], [41.728917, -88.2098], [41.728894, -88.209785], [41.728865, -88.209764], [41.728854, -88.20975], [41.728845, -88.209739], [41.728839, -88.209722], [41.728835, -88.209698], [41.728835, -88.209674], [41.728841, -88.209647], [41.728854, -88.209612], [41.728876, -88.209567], [41.728893, -88.209535], [41.728919, -88.209502], [41.728934, -88.209491], [41.728946, -88.209484], [41.72896, -88.209481], [41.728977, -88.209487], [41.728997, -88.209498], [41.72901, -88.209512], [41.729019, -88.209527], [41.729023, -88.209543], [41.729024, -88.209566], [41.729022, -88.209589], [41.729017, -88.20962], [41.729015, -88.209651], [41.729017, -88.209684]]}, "3": {"path": [[41.728564, -88.20944], [41.727147, -88.211744], [41.725669, -88.212419]], "green": [[41.725779, -88.212288], [41.725791, -88.212311], [41.725795, -88.212328], [41.725797, -88.212344], [41.725796, -88.212366], [41.725793, -88.212383], [41.725786, -88.212404], [41.725756, -88.212447], [41.725712, -88.212509], [41.725682, -88.212544], [41.725656, -88.212568], [41.725634, -88.212582], [41.725618, -88.21259], [41.725595, -88.212591], [41.72558, -88.212586], [41.725565, -88.212575], [41.725555, -88.212563], [41.72555, -88.21255], [41.725543, -88.212528], [41.725543, -88.212508], [41.725545, -88.212477], [41.725551, -88.212444], [41.725564, -88.212397], [41.725581, -88.212342], [41.725596, -88.212313], [41.72563, -88.212289], [41.725679, -88.212266], [41.725707, -88.212254], [41.72573, -88.212252], [41.725748, -88.212258], [41.725763, -88.212265], [41.725779, -88.212288]]}, "4": {"path": [[41.724843, -88.213083], [41.723009, -88.214087], [41.721754, -88.214631]], "green": [[41.721829, -88.214516], [41.721856, -88.214528], [41.721871, -88.214538], [41.721882, -88.214551], [41.721888, -88.214566], [41.72189, -88.214582], [41.721889, -88.214597], [41.721884, -88.214616], [41.721877, -88.214637], [41.721863, -88.214661], [41.721839, -88.214691], [41.721798, -88.214733], [41.721777, -88.214759], [41.721751, -88.214785], [41.721735, -88.214801], [41.721717, -88.214808], [41.7217, -88.214806], [41.721683, -88.214794], [41.721655, -88.214771], [41.721631, -88.214736], [41.72162, -88.214708], [41.721613, -88.214679], [41.721611, -88.214645], [41.721616, -88.214613], [41.721624, -88.214582], [41.721639, -88.214549], [41.721658, -88.214529], [41.721686, -88.214513], [41.72172, -88.214504], [41.721733, -88.214503], [41.72175, -88.214503], [41.721784, -88.214508], [41.721829, -88.214516]]}, "5": {"path": [[41.720803, -88.214212], [41.71945, -88.215357]], "green": [[41.71954, -88.215302], [41.719567, -88.215316], [41.719583, -88.215339], [41.719594, -88.215367], [41.719597, -88.215391], [41.719597, -88.21541], [41.719595, -88.215432], [41.71959, -88.215451], [41.71958, -88.215467], [41.719563, -88.21548], [41.719541, -88.215489], [41.719517, -88.215488], [41.719491, -88.215483], [41.719452, -88.21547], [41.719413, -88.215453], [41.719367, -88.21543], [41.719341, -88.215413], [41.71933, -88.215402], [41.719321, -88.215386], [41.719311, -88.215356], [41.719305, -88.215329], [41.719303, -88.2153], [41.719305, -88.215279], [41.719314, -88.215257], [41.719328, -88.215239], [41.719345, -88.215229], [41.719368, -88.215227], [41.719391, -88.215232], [41.719412, -88.215245], [41.719432, -88.215259], [41.719452, -88.215273], [41.719475, -88.215284], [41.71954, -88.215302]]}, "6": {"path": [[41.719012, -88.215237], [41.718675, -88.218665], [41.718773, -88.221546]], "green": [[41.718864, -88.221572], [41.718861, -88.221596], [41.718855, -88.221609], [41.718838, -88.221625], [41.718824, -88.221635], [41.718803, -88.221654], [41.718783, -88.22167], [41.718763, -88.221689], [41.718748, -88.221705], [41.71874, -88.221714], [41.718729, -88.22172], [41.718718, -88.221722], [41.718709, -88.221719], [41.7187, -88.221708], [41.718688, -88.221682], [41.718682, -88.221651], [41.718677, -88.221602], [41.718674, -88.221563], [41.718676, -88.22152], [41.718683, -88.22148], [41.718697, -88.221443], [41.718713, -88.221409], [41.718725, -88.22139], [41.718738, -88.221378], [41.718751, -88.221371], [41.718768, -88.221364], [41.718788, -88.221363], [41.718819, -88.221373], [41.718841, -88.221385], [41.718854, -88.2214], [41.718863, -88.221416], [41.718869, -88.221433], [41.718869, -88.221467], [41.718865, -88.221525], [41.718864, -88.221572]]}, "7": {"path": [[41.719145, -88.221774], [41.719444, -88.219121], [41.719354, -88.21688]], "green": [[41.719456, -88.216854], [41.719461, -88.21688], [41.719461, -88.216903], [41.719458, -88.216927], [41.719448, -88.216951], [41.719422, -88.216989], [41.7194, -88.217012], [41.719383, -88.217022], [41.719366, -88.217022], [41.719349, -88.217015], [41.719332, -88.217001], [41.719318, -88.216986], [41.7193, -88.21696], [41.719283, -88.216929], [41.719268, -88.216902], [41.719252, -88.216867], [41.719244, -88.216841], [41.71924, -88.21682], [41.719242, -88.216804], [41.719248, -88.216783], [41.719262, -88.216762], [41.719279, -88.216749], [41.719311, -88.216742], [41.719341, -88.216747], [41.719384, -88.216765], [41.719416, -88.21679], [41.719436, -88.216812], [41.719448, -88.216833], [41.719456, -88.216854]]}, "8": {"path": [[41.719818, -88.217063], [41.720117, -88.218979]], "green": [[41.720221, -88.219037], [41.720226, -88.219054], [41.720226, -88.219064], [41.720222, -88.219078], [41.720207, -88.219093], [41.720182, -88.219114], [41.720159, -88.219131], [41.72014, -88.219144], [41.720123, -88.219149], [41.720109, -88.219147], [41.720093, -88.219137], [41.720079, -88.219119], [41.720064, -88.219085], [41.720052, -88.219048], [41.72004, -88.219002], [41.720024, -88.218958], [41.720017, -88.218931], [41.720015, -88.21891], [41.720017, -88.218893], [41.720021, -88.218872], [41.720031, -88.218852], [41.720044, -88.218836], [41.720056, -88.218826], [41.72007, -88.218817], [41.720084, -88.218812], [41.720104, -88.218815], [41.720121, -88.21882], [41.720134, -88.218834], [41.720146, -88.21886], [41.720157, -88.218896], [41.72017, -88.21894], [41.720184, -88.218973], [41.720208, -88.219009], [41.720221, -88.219037]]}, "9": {"path": [[41.720489, -88.219287], [41.722438, -88.217853], [41.723484, -88.217859]],