{"holes": {"1": {"path": [[41.992755, -87.757573], [41.991521, -87.759476], [41.99083, -87.760946]], "green": [[41.990847, -87.760797], [41.990857, -87.760803], [41.990875, -87.760814], [41.990901, -87.760844], [41.99092, -87.760876], [41.990931, -87.760908], [41.990937, -87.760954], [41.990937, -87.760997], [41.990933, -87.761031], [41.990923, -87.761062], [41.990903, -87.761088], [41.990872, -87.761108], [41.990833, -87.761119], [41.990799, -87.761111], [41.990769, -87.761096], [41.990742, -87.761074], [41.990725, -87.761049], [41.990714, -87.761015], [41.990709, -87.760979], [41.990711, -87.760936], [41.990727, -87.760889], [41.990757, -87.760834], [41.99078, -87.760813], [41.990803, -87.760797], [41.990827, -87.760793], [41.990847, -87.760797]]}, "2": {"path": [[41.990382, -87.760948], [41.990472, -87.758826], [41.990209, -87.757838], [41.989698, -87.75684]], "green": [[41.989794, -87.756842], [41.989797, -87.756886], [41.989794, -87.756929], [41.989785, -87.75696], [41.989765, -87.756991], [41.989746, -87.757007], [41.989719, -87.757013], [41.989691, -87.757007], [41.989662, -87.756984], [41.989631, -87.756949], [41.989608, -87.756904], [41.989592, -87.756858], [41.989584, -87.756822], [41.989584, -87.756777], [41.989592, -87.756744], [41.989604, -87.756721], [41.989623, -87.756698], [41.989647, -87.756685], [41.98968, -87.756688], [41.989712, -87.756696], [41.989735, -87.756712], [41.98975, -87.756725], [41.989768, -87.756753], [41.989783, -87.756798], [41.989794, -87.756842]]}, "3": {"path": [[41.989061, -87.756793], [41.990049, -87.75952]], "green": [[41.990153, -87.759493], [41.99016, -87.759528], [41.99016, -87.75956], [41.990155, -87.759597], [41.990141, -87.759631], [41.990118, -87.759665], [41.990096, -87.759678], [41.990075, -87.759686], [41.990049, -87.759684], [41.990021, -87.759668], [41.989991, -87.759641], [41.989965, -87.759602], [41.989949, -87.759571], [41.989938, -87.759544], [41.989933, -87.759513], [41.989933, -87.75948], [41.989938, -87.759453], [41.989952, -87.759423], [41.989963, -87.759408], [41.989972, -87.759395], [41.989999, -87.759378], [41.990033, -87.759377], [41.990059, -87.759383], [41.990082, -87.759397], [41.990108, -87.759415], [41.990125, -87.759434], [41.990141, -87.75946], [41.990153, -87.759493]]}, "4": {"path": [[41.990218, -87.76096], [41.989179, -87.758671], [41.988637, -87.757186]], "green": [[41.988742, -87.757156], [41.988734, -87.757201], [41.988718, -87.757251], [41.988699, -87.757292], [41.988685, -87.757319], [41.988666, -87.757339], [41.988645, -87.757356], [41.988625, -87.757358], [41.988601, -87.757347], [41.988579, -87.757329], [41.988552, -87.757295], [41.988536, -87.757262], [41.988524, -87.757227], [41.988517, -87.757189], [41.988518, -87.757154], [41.988526, -87.757119], [41.988544, -87.757089], [41.988567, -87.757066], [41.988597, -87.757044], [41.988627, -87.757036], [41.988656, -87.757038], [41.988684, -87.757044], [41.988707, -87.757059], [41.988725, -87.757076], [41.988736, -87.757101], [41.988742, -87.757119], [41.988742, -87.757156]]}, "6": {"path": [[41.985447, -87.756289], [41.984493, -87.755799]], "green": [[41.984592, -87.755705], [41.98461, -87.755737], [41.984619, -87.755776], [41.984621, -87.75581], [41.984621, -87.75584], [41.98461, -87.755875], [41.984591, -87.75591], [41.984567, -87.755938], [41.984546, -87.755951], [41.984514, -87.755963], [41.984487, -87.755966], [41.98446, -87.755962], [41.98444, -87.75595], [41.984412, -87.755926], [41.984388, -87.75589], [41.984373, -87.755858], [41.984361, -87.75582], [41.984354, -87.755784], [41.984353, -87.755747], [41.984364, -87.75571], [41.984385, -87.75567], [41.98441, -87.755644], [41.984441, -87.755634], [41.984472, -87.755628], [41.984508, -87.755639], [41.984545, -87.755663], [41.984571, -87.755682], [41.984592, -87.755705]]}, "7": {"path": [[41.985317, -87.756407], [41.988129, -87.758137]], "green": [[41.988143, -87.757989], [41.988166, -87.757987], [41.988185, -87.757992], [41.988202, -87.758002], [41.988217, -87.758018], [41.988227, -87.75804], [41.988234, -87.758064], [41.988237, -87.758097], [41.988237, -87.758143], [41.988233, -87.758175], [41.988228, -87.758206], [41.988219, -87.758231], [41.988207, -87.758254], [41.988192, -87.758271], [41.988175, -87.758284], [41.988151, -87.758296], [41.988129, -87.758295], [41.988111, -87.758287], [41.988081, -87.758269], [41.988053, -87.758247], [41.988025, -87.758219], [41.988012, -87.7582], [41.988003, -87.758178], [41.987999, -87.758151], [41.987998, -87.758119], [41.988003, -87.758089], [41.988013, -87.758065], [41.988028, -87.758044], [41.98805, -87.758025], [41.988086, -87.75801], [41.988143, -87.757989]]}, "8": {"path": [[41.988297, -87.757732], [41.989149, -87.76005], [41.98969, -87.761025], [41.990092, -87.761309]], "green": [[41.990171, -87.761241], [41.990185, -87.761267], [41.990192, -87.7613], [41.990195, -87.761332], [41.990191, -87.761367], [41.990185, -87.761393], [41.990173, -87.761422], [41.990155, -87.761438], [41.990134, -87.761449], [41.990099, -87.761447], [41.990068, -87.761438], [41.990035, -87.761415], [41.990008, -87.76138], [41.989993, -87.761349], [41.989985, -87.76132], [41.98998, -87.761288], [41.989979, -87.761245], [41.989987, -87.761208], [41.990003, -87.76118], [41.990031, -87.761166], [41.990062, -87.761166], [41.990097, -87.761176], [41.990131, -87.761199], [41.990171, -87.761241]]}, "9": {"path": [[41.990554, -87.760855], [41.991403, -87.758358], [41.992091, -87.757099]], "green": [[41.992168, -87.757043], [41.992172, -87.757071], [41.992173, -87.757093], [41.99217, -87.757121], [41.992153, -87.75716], [41.992135, -87.757187], [41.992109, -87.757207], [41.992086, -87.757217], [41.99206, -87.757222], [41.992042, -87.757217], [41.992025, -87.757208], [41.992012, -87.75719], [41.992005, -87.757168], [41.992002, -87.757144], [41.992007, -87.757111], [41.992017, -87.75707], [41.992032, -87.757046], [41.992046, -87.757027], [41.992061, -87.757013], [41.992078, -87.757004], [41.992092, -87.756997], [41.992114, -87.756993], [41.992134, -87.756999], [41.99215, -87.757008], [41.992161, -87.757025], [41.992168, -87.757043]]}}}