{"holes": {"1": {"path": [[38.770282, -88.097429], [38.769191, -88.09814], [38.767541, -88.100009], [38.767315, -88.101449]], "green": [[38.767377, -88.101465], [38.767379, -88.101452], [38.767379, -88.101438], [38.767377, -88.101426], [38.76737, -88.101407], [38.767361, -88.10139], [38.767352, -88.10138], [38.767345, -88.101371], [38.767335, -88.101363], [38.767327, -88.101355], [38.767314, -88.101348], [38.767299, -88.101347], [38.767278, -88.101351], [38.767263, -88.101364], [38.767243, -88.101389], [38.767228, -88.10141], [38.767221, -88.101437], [38.76722, -88.101462], [38.767223, -88.101483], [38.767233, -88.101504], [38.76725, -88.101519], [38.767265, -88.101532], [38.767282, -88.101539], [38.767298, -88.101543], [38.767312, -88.101545], [38.767337, -88.101536], [38.76735, -88.101529], [38.767358, -88.101521], [38.767367, -88.101512], [38.767371, -88.101497], [38.767375, -88.10148], [38.767377, -88.101465]]}, "2": {"path": [[38.767353, -88.101743], [38.768663, -88.101468], [38.769718, -88.100656], [38.770014, -88.10014]], "green": [[38.770019, -88.100222], [38.770052, -88.100185], [38.770087, -88.100149], [38.770098, -88.100126], [38.770099, -88.100106], [38.770096, -88.100085], [38.770088, -88.100064], [38.770076, -88.100047], [38.77006, -88.100047], [38.770048, -88.100045], [38.770013, -88.100056], [38.770001, -88.100062], [38.769982, -88.100077], [38.769952, -88.100105], [38.769927, -88.100139], [38.769919, -88.100178], [38.769919, -88.100196], [38.769927, -88.100222], [38.76994, -88.100244], [38.769973, -88.100257], [38.770002, -88.100248], [38.770019, -88.100222]]}, "3": {"path": [[38.770917, -88.098414], [38.76941, -88.099872], [38.768299, -88.100175]], "green": [[38.768254, -88.10025], [38.768275, -88.100271], [38.768291, -88.100272], [38.768325, -88.100263], [38.768338, -88.10025], [38.768357, -88.100227], [38.768363, -88.100204], [38.768368, -88.100177], [38.768367, -88.100138], [38.768347, -88.100102], [38.76834, -88.10008], [38.768315, -88.100057], [38.768289, -88.100057], [38.768266, -88.100069], [38.768235, -88.100111], [38.768226, -88.100133], [38.768226, -88.100174], [38.768238, -88.100232], [38.768254, -88.10025]]}, "4": {"path": [[38.768103, -88.099942], [38.76972, -88.098338], [38.77073, -88.098049]], "green": [[38.770648, -88.098], [38.770661, -88.097969], [38.770694, -88.097949], [38.770735, -88.097934], [38.770758, -88.097936], [38.770778, -88.097945], [38.770801, -88.09795], [38.770823, -88.09799], [38.770829, -88.098032], [38.770827, -88.098067], [38.770809, -88.098097], [38.770785, -88.098131], [38.770764, -88.098157], [38.770736, -88.098164], [38.770719, -88.098164], [38.7707, -88.098158], [38.770676, -88.09814], [38.770658, -88.098121], [38.770646, -88.098089], [38.770641, -88.098042], [38.770648, -88.098]]}, "6": {"path": [[38.770447, -88.0947], [38.769523, -88.096294], [38.768623, -88.097003]], "green": [[38.768658, -88.096945], [38.768644, -88.096928], [38.768619, -88.096924], [38.768597, -88.096922], [38.768566, -88.096932], [38.768552, -88.096953], [38.768552, -88.097026], [38.768568, -88.097062], [38.768586, -88.097072], [38.768601, -88.09708], [38.768616, -88.09708], [38.768633, -88.097075], [38.768653, -88.09706], [38.768672, -88.09705], [38.768678, -88.097024], [38.768684, -88.097001], [38.768676, -88.096969], [38.768658, -88.096945]]}, "7": {"path": [[38.768545, -88.096626], [38.76948, -88.095412]], "green": [[38.769413, -88.095446], [38.769405, -88.095411], [38.769406, -88.095374], [38.769424, -88.095335], [38.769446, -88.09532], [38.769471, -88.09531], [38.769504, -88.095316], [38.769522, -88.095326], [38.769535, -88.095343], [38.769545, -88.095373], [38.769551, -88.095407], [38.769548, -88.095427], [38.769537, -88.095458], [38.769531, -88.095479], [38.769506, -88.095491], [38.769488, -88.0955], [38.769469, -88.0955], [38.769451, -88.095497], [38.769428, -88.095476], [38.769413, -88.095446]]}, "8": {"path": [[38.769225, -88.095081], [38.768016, -88.0967], [38.767713, -88.098725]], "green": [[38.767629, -88.098706], [38.767641, -88.098673], [38.767658, -88.098656], [38.767672, -88.098645], [38.767691, -88.098641], [38.767712, -88.098638], [38.767725, -88.09864], [38.767744, -88.098643], [38.767756, -88.098648], [38.767767, -88.098657], [38.767779, -88.098669], [38.76779, -88.09869], [38.767792, -88.09871], [38.767792, -88.098742], [38.767781, -88.09878], [38.767767, -88.098794], [38.767753, -88.098815], [38.767736, -88.09883], [38.767717, -88.098836], [38.767688, -88.098828], [38.767675, -88.098822], [38.767661, -88.098805], [38.767647, -88.098788], [38.767632, -88.098753], [38.767629, -88.098706]]}, "9": {"path": [[38.767681, -88.099217], [38.768948, -88.097577], [38.770291, -88.096902]], "green": [[38.770198, -88.0969], [38.770208, -88.09686], [38.770225, -88.096831], [38.770274, -88.09681], [38.770303, -88.096804], [38.770326, -88.09681], [38.770342, -88.096817], [38.770353, -88.096826], [38.770376, -88.096872], [38.770381, -88.096902], [38.770378, -88.096932], [38.770372, -88.096964], [38.770344, -88.096998], [38.770322, -88.097015], [38.770281, -88.097017], [38.770235, -88.096988], [38.770211, -88.096961], [38.770204, -88.096935], [38.770198, -88.0969]]}, "10": {"path": [[38.771251, -88.09845], [38.771042, -88.100569], [38.772148, -88.101359]], "green": [[38.772074, -88.101355], [38.772082, -88.101324], [38.772091, -88.101294], [38.772114, -88.101289], [38.772134, -88.101275], [38.772173, -88.101261], [38.772196, -88.10127], [38.772214, -88.101287], [38.772223, -88.1013], [38.772227, -88.101318], [38.772232, -88.101369], [38.772227, -88.101403], [38.772207, -88.101442], [38.772187, -88.101455], [38.772151, -88.10147], [38.772113, -88.101464], [38.77209, -88.101439], [38.772079, -88.101416], [38.772079, -88.101387], [38.772074, -88.101355]]}, "11": {"path": [[38.771363, -88.101537], [38.769836, -88.10144], [38.768471, -88.102311]], "green": [[38.768428, -88.102159], [38.768477, -88.10214], [38.768516, -88.102142], [38.768557, -88.102171], [38.768587, -88.102214], [38.768601, -88.102269], [38.768607, -88.102328], [38.768605, -88.102393], [38.768581, -88.102438], [38.768556, -88.102471], [38.768503, -88.102502], [38.76844, -88.102508], [38.768406, -88.102487], [38.768379, -88.102464], [38.768348, -88.102395], [38.768334, -88.102332], [38.76834, -88.102269], [38.768349, -88.102214], [38.768379, -88.102167], [38.768428, -88.102159]]}, "12": {"path": [[38.76739, -88.101989], [38.767525, -88.103571]], "green": [[38.767448, -88.103517], [38.767488, -88.103463], [38.767519, -88.103425], [38.76754, -88.103414], [38.767584, -88.103407], [38.767616, -88.10342], [38.767641, -88.103444], [38.767656, -88.103476], [38.767661, -88.103508], [38.767663, -88.103557], [38.767654, -88.103585], [38.767627, -88.10362], [38.767601, -88.103656], [38.767567, -88.103693], [38.767525, -88.103697], [38.767488, -88.103725], [38.767458, -88.103734], [38.767445, -88.103718], [38.767418, -88.103693], [38.767388, -88.103663], [38.767383, -88.103626], [38.767381, -88.103594], [38.767401, -88.103545], [38.767448, -88.103517]]}, "13": {"path": [[38.768498, -88.102945], [38.770134, -88.102007], [38.772148, -88.101359]], "green": [[38.772074, -88.101355], [38.772082, -88.101324], [38.772091, -88.101294], [38.772114, -88.101289], [38.772134, -88.101275], [38.772173, -88.101261], [38.772196, -88.10127], [38.772214, -88.101287], [38.772223, -88.1013], [38.772227, -88.101318], [38.772232, -88.101369], [38.772227, -88.101403], [38.772207, -88.101442], [38.772187, -88.101455], [38.772151, -88.10147], [38.772113, -88.101464], [38.77209, -88.101439], [38.772079, -88.101416], [38.772079, -88.101387], [38.772074, -88.101355]]}, "15": {"path": [[38.773488, -88.101019], [38.773296, -88.098954], [38.773722, -88.097568]],