{"holes": {"1": {"path": [[41.433414, -88.202553], [41.429825, -88.202378]], "green": [[41.429922, -88.202286], [41.429903, -88.202276], [41.429886, -88.202266], [41.429867, -88.202259], [41.429846, -88.202253], [41.429825, -88.202246], [41.429807, -88.202243], [41.429784, -88.202247], [41.429761, -88.20226], [41.429744, -88.202283], [41.429721, -88.202317], [41.429705, -88.202348], [41.429694, -88.202369], [41.429688, -88.202389], [41.429684, -88.202409], [41.429686, -88.20243], [41.429691, -88.202455], [41.429703, -88.202477], [41.429718, -88.202488], [41.429734, -88.202492], [41.429749, -88.202492], [41.429765, -88.202485], [41.42978, -88.202478], [41.429797, -88.202473], [41.429818, -88.202465], [41.429839, -88.202461], [41.429857, -88.202462], [41.42988, -88.202457], [41.429899, -88.202455], [41.42991, -88.20245], [41.42992, -88.202447], [41.429938, -88.202437], [41.429957, -88.202414], [41.429965, -88.202393], [41.42997, -88.202367], [41.429961, -88.202334], [41.429949, -88.202312], [41.429938, -88.202298], [41.429922, -88.202286]]}, "2": {"path": [[41.429705, -88.204025], [41.428022, -88.208082]], "green": [[41.428063, -88.207932], [41.428046, -88.207932], [41.428017, -88.207945], [41.427995, -88.207976], [41.427976, -88.20802], [41.427955, -88.208065], [41.427924, -88.208106], [41.427901, -88.208143], [41.427892, -88.208172], [41.427896, -88.208203], [41.427916, -88.208232], [41.427944, -88.208248], [41.427976, -88.208255], [41.427998, -88.208254], [41.428023, -88.20824], [41.428041, -88.208219], [41.428065, -88.208176], [41.42808, -88.208142], [41.428099, -88.208097], [41.42811, -88.208056], [41.428115, -88.208028], [41.428114, -88.208002], [41.428111, -88.207982], [41.428105, -88.20797], [41.428088, -88.207944], [41.428075, -88.207935], [41.428063, -88.207932]]}, "3": {"path": [[41.427443, -88.208866], [41.426398, -88.211108], [41.425732, -88.212959], [41.425575, -88.214005]], "green": [[41.425621, -88.213886], [41.425634, -88.213901], [41.425646, -88.213945], [41.425645, -88.213967], [41.425641, -88.21399], [41.425635, -88.214013], [41.425631, -88.214047], [41.425632, -88.214108], [41.425631, -88.214139], [41.425618, -88.214162], [41.425602, -88.214185], [41.425572, -88.214193], [41.425551, -88.214188], [41.425522, -88.214153], [41.425507, -88.214119], [41.425497, -88.214082], [41.425488, -88.214045], [41.425487, -88.214006], [41.425492, -88.21396], [41.425505, -88.213921], [41.425524, -88.213891], [41.425531, -88.213886], [41.425549, -88.21387], [41.425564, -88.21386], [41.425579, -88.213857], [41.425596, -88.213863], [41.425621, -88.213886]]}, "4": {"path": [[41.426182, -88.213763], [41.427741, -88.209425]], "green": [[41.427833, -88.209307], [41.427818, -88.209271], [41.4278, -88.209252], [41.427776, -88.209238], [41.427748, -88.209239], [41.427721, -88.209253], [41.427703, -88.209276], [41.42769, -88.209312], [41.42768, -88.209343], [41.427676, -88.209375], [41.427671, -88.209401], [41.427661, -88.209428], [41.427647, -88.209455], [41.427638, -88.20949], [41.427638, -88.209512], [41.427642, -88.209529], [41.427651, -88.209552], [41.427665, -88.209576], [41.427685, -88.209587], [41.427701, -88.209592], [41.42772, -88.209589], [41.427741, -88.209573], [41.427754, -88.209557], [41.427767, -88.209542], [41.42778, -88.209523], [41.427791, -88.209502], [41.427802, -88.20948], [41.427815, -88.209453], [41.42782, -88.209436], [41.42783, -88.209411], [41.427834, -88.209387], [41.427837, -88.209367], [41.427837, -88.20934], [41.427833, -88.209307]]}, "5": {"path": [[41.428592, -88.208373], [41.429274, -88.206438]], "green": [[41.429218, -88.206598], [41.429247, -88.206598], [41.429292, -88.206576], [41.429318, -88.206548], [41.429349, -88.206501], [41.429361, -88.206478], [41.429378, -88.206429], [41.429387, -88.206371], [41.429383, -88.206302], [41.429357, -88.206259], [41.429328, -88.206244], [41.429301, -88.206244], [41.429262, -88.206258], [41.429238, -88.206301], [41.429218, -88.206358], [41.429194, -88.206409], [41.429172, -88.206466], [41.429167, -88.206517], [41.429166, -88.20655], [41.429202, -88.206591], [41.429218, -88.206598]]}, "8": {"path": [[41.429259, -88.203953], [41.428688, -88.202185]], "green": [[41.428727, -88.202099], [41.428743, -88.202122], [41.428754, -88.202139], [41.428771, -88.20216], [41.428787, -88.202187], [41.428802, -88.202213], [41.428813, -88.202241], [41.428815, -88.202281], [41.428812, -88.202299], [41.428803, -88.202325], [41.428788, -88.202341], [41.428771, -88.202347], [41.428747, -88.202351], [41.428718, -88.202341], [41.428681, -88.202316], [41.428654, -88.202289], [41.428629, -88.202256], [41.428615, -88.202239], [41.428593, -88.202213], [41.428575, -88.202193], [41.42856, -88.202169], [41.428551, -88.202125], [41.428553, -88.202103], [41.428558, -88.202081], [41.428566, -88.202065], [41.428579, -88.202052], [41.42861, -88.202043], [41.428639, -88.202044], [41.428663, -88.202052], [41.428687, -88.202061], [41.42871, -88.202078], [41.428727, -88.202099]]}, "9": {"path": [[41.428958, -88.201657], [41.433578, -88.201667]], "green": [[41.433721, -88.201677], [41.433711, -88.201684], [41.433698, -88.201692], [41.433675, -88.201706], [41.43365, -88.201715], [41.433631, -88.20173], [41.433592, -88.201755], [41.433565, -88.201774], [41.433539, -88.201783], [41.433514, -88.201782], [41.433482, -88.201782], [41.433446, -88.201769], [41.433418, -88.201747], [41.433401, -88.20172], [41.433393, -88.201697], [41.433393, -88.201669], [41.433397, -88.201651], [41.433426, -88.201618], [41.433443, -88.201608], [41.433478, -88.201607], [41.433503, -88.201617], [41.433531, -88.201619], [41.433562, -88.201619], [41.433586, -88.201611], [41.433606, -88.201605], [41.433619, -88.201597], [41.433631, -88.201587], [41.43365, -88.20158], [41.433664, -88.201578], [41.433687, -88.201579], [41.43371, -88.201593], [41.433726, -88.20161], [41.43373, -88.20164], [41.433728, -88.201661], [41.433721, -88.201677]]}, "10": {"path": [[41.433381, -88.204456], [41.433359, -88.207288], [41.433643, -88.20854]], "green": [[41.433679, -88.208384], [41.433698, -88.2084], [41.433708, -88.208413], [41.433726, -88.208442], [41.43373, -88.208471], [41.433727, -88.2085], [41.433723, -88.208528], [41.433716, -88.208553], [41.433706, -88.208582], [41.433695, -88.208608], [41.433682, -88.208637], [41.433668, -88.20867], [41.433655, -88.20869], [41.433633, -88.208708], [41.433602, -88.208715], [41.433579, -88.208706], [41.43356, -88.208691], [41.433549, -88.208673], [41.433543, -88.20864], [41.433549, -88.208601], [41.433558, -88.208549], [41.433571, -88.208512], [41.433579, -88.208471], [41.433596, -88.208424], [41.433612, -88.208399], [41.433633, -88.208385], [41.433657, -88.208379], [41.433679, -88.208384]]}, "11": {"path": [[41.433654, -88.209389], [41.431736, -88.20898], [41.429353, -88.210185]], "green": [[41.429496, -88.210137], [41.429505, -88.210167], [41.429503, -88.210196], [41.429486, -88.210237], [41.429466, -88.210258], [41.429449, -88.210274], [41.429435, -88.210281], [41.429415, -88.21029], [41.429393, -88.210302], [41.429375, -88.210307], [41.429357, -88.210319], [41.42933, -88.210322], [41.429306, -88.210322], [41.429281, -88.210306], [41.429266, -88.210291], [41.429248, -88.210264], [41.429229, -88.210232], [41.429213, -88.210198], [41.429207, -88.210167], [41.429201, -88.210121], [41.429207, -88.210086], [41.429222, -88.210058], [41.429246, -88.210053], [41.429263, -88.210052], [41.429289, -88.210061], [41.429321, -88.210065], [41.429355, -88.210071], [41.429392, -88.210086], [41.429425, -88.210086], [41.429454, -88.210089], [41.429472, -88.2101], [41.429496, -88.210137]]}, "12": {"path": [[41.428312, -88.209498], [41.427584, -88.211944], [41.426734, -88.214194]],