{"holes": {"1": {"path": [[40.130658, -88.208516], [40.130906, -88.202731]], "green": [[40.13092, -88.202853], [40.130949, -88.202837], [40.130973, -88.202817], [40.130996, -88.202778], [40.131001, -88.202727], [40.130992, -88.202681], [40.13097, -88.202638], [40.130945, -88.202608], [40.130915, -88.202597], [40.130884, -88.2026], [40.130858, -88.202614], [40.130836, -88.202641], [40.130821, -88.202679], [40.130816, -88.202723], [40.130823, -88.202773], [40.130842, -88.202799], [40.130864, -88.202825], [40.130886, -88.202842], [40.13092, -88.202853]]}, "2": {"path": [[40.130792, -88.202441], [40.129142, -88.203311], [40.12788, -88.203263]], "green": [[40.128012, -88.203266], [40.128006, -88.203303], [40.127995, -88.203325], [40.127978, -88.203349], [40.12794, -88.203371], [40.127907, -88.203371], [40.127874, -88.203356], [40.127835, -88.203337], [40.127795, -88.203326], [40.12776, -88.20331], [40.127736, -88.203284], [40.127721, -88.203245], [40.127723, -88.203201], [40.127739, -88.203173], [40.127762, -88.203159], [40.127818, -88.203153], [40.12791, -88.203148], [40.12796, -88.203164], [40.127987, -88.203186], [40.128007, -88.203223], [40.128012, -88.203266]]}, "3": {"path": [[40.127549, -88.203134], [40.127822, -88.205371], [40.127907, -88.208669]], "green": [[40.127954, -88.208784], [40.127918, -88.208802], [40.127893, -88.208804], [40.127868, -88.208791], [40.127846, -88.208766], [40.127817, -88.208723], [40.127806, -88.208688], [40.127811, -88.208635], [40.127833, -88.208585], [40.127853, -88.208562], [40.12788, -88.208545], [40.12791, -88.208539], [40.127935, -88.208546], [40.127952, -88.208558], [40.127973, -88.208583], [40.127978, -88.208589], [40.127988, -88.208637], [40.127991, -88.208703], [40.127975, -88.20875], [40.127954, -88.208784]]}, "4": {"path": [[40.127633, -88.209789], [40.129286, -88.209771], [40.129437, -88.211388]], "green": [[40.1295, -88.211509], [40.129479, -88.211527], [40.129445, -88.211537], [40.129416, -88.211536], [40.129393, -88.211527], [40.129364, -88.211498], [40.129343, -88.211436], [40.129339, -88.211382], [40.129348, -88.211327], [40.12936, -88.211278], [40.129364, -88.211275], [40.129389, -88.211254], [40.12942, -88.211247], [40.129453, -88.21125], [40.129467, -88.211257], [40.129477, -88.211263], [40.129494, -88.211284], [40.129508, -88.211321], [40.129515, -88.211383], [40.129517, -88.211449], [40.129513, -88.21149], [40.1295, -88.211509]]}, "5": {"path": [[40.130408, -88.210703], [40.131181, -88.211693]], "green": [[40.131251, -88.211818], [40.131222, -88.211827], [40.131178, -88.21181], [40.131143, -88.21178], [40.131101, -88.211728], [40.131073, -88.211696], [40.131054, -88.211659], [40.131044, -88.211615], [40.13107, -88.211571], [40.131112, -88.211547], [40.131151, -88.211549], [40.131206, -88.211563], [40.131255, -88.211595], [40.131287, -88.211654], [40.131298, -88.211703], [40.131292, -88.21175], [40.131273, -88.211798], [40.131251, -88.211818]]}, "6": {"path": [[40.13144, -88.211626], [40.132893, -88.212146], [40.133524, -88.212863], [40.133985, -88.214398]], "green": [[40.134074, -88.214498], [40.134057, -88.214519], [40.134024, -88.214529], [40.133985, -88.214529], [40.133955, -88.214518], [40.133931, -88.214496], [40.133911, -88.214467], [40.133898, -88.214443], [40.133887, -88.214403], [40.133882, -88.214364], [40.133893, -88.214333], [40.133911, -88.214299], [40.13393, -88.214276], [40.133962, -88.214255], [40.133991, -88.214249], [40.134016, -88.214257], [40.134034, -88.214277], [40.134047, -88.214299], [40.134057, -88.21435], [40.134075, -88.214432], [40.134083, -88.214467], [40.134074, -88.214498]]}, "7": {"path": [[40.134514, -88.215266], [40.134367, -88.210975]], "green": [[40.134419, -88.211075], [40.134435, -88.211024], [40.134458, -88.210965], [40.134466, -88.210931], [40.134469, -88.21088], [40.134456, -88.210837], [40.134428, -88.210812], [40.134388, -88.210798], [40.134339, -88.210806], [40.134292, -88.210841], [40.134267, -88.210879], [40.134258, -88.210927], [40.134269, -88.210982], [40.134291, -88.21103], [40.134303, -88.211061], [40.134313, -88.211086], [40.134327, -88.211107], [40.134347, -88.211123], [40.134371, -88.211125], [40.134394, -88.211104], [40.134419, -88.211075]]}, "9": {"path": [[40.134763, -88.208558], [40.133237, -88.208772], [40.131607, -88.208645]], "green": [[40.131691, -88.208701], [40.131668, -88.208735], [40.131626, -88.208756], [40.131587, -88.208763], [40.131531, -88.208742], [40.131499, -88.208717], [40.131482, -88.208672], [40.131488, -88.208628], [40.131496, -88.208587], [40.131522, -88.208557], [40.131566, -88.208541], [40.131606, -88.208539], [40.131636, -88.208548], [40.131664, -88.208569], [40.131688, -88.208597], [40.131693, -88.208612], [40.131699, -88.208628], [40.131701, -88.208668], [40.131691, -88.208701]]}, "10": {"path": [[40.131235, -88.209697], [40.13226, -88.20936], [40.1339, -88.209542]], "green": [[40.133953, -88.209633], [40.133912, -88.209642], [40.133869, -88.209641], [40.133846, -88.209632], [40.133821, -88.209613], [40.133806, -88.209567], [40.133811, -88.20953], [40.133819, -88.209491], [40.133843, -88.209464], [40.133865, -88.209448], [40.133895, -88.20943], [40.133919, -88.209427], [40.133948, -88.209444], [40.133974, -88.209474], [40.133992, -88.209518], [40.133996, -88.209571], [40.133986, -88.209603], [40.133953, -88.209633]]}, "11": {"path": [[40.133856, -88.209798], [40.133669, -88.211424]], "green": [[40.133758, -88.211462], [40.133738, -88.211518], [40.133701, -88.211554], [40.13366, -88.21156], [40.133626, -88.211549], [40.133594, -88.211525], [40.133565, -88.211478], [40.133568, -88.211415], [40.133578, -88.211357], [40.13361, -88.211315], [40.133624, -88.21131], [40.133663, -88.211298], [40.133705, -88.21131], [40.133733, -88.211342], [40.133744, -88.211366], [40.133754, -88.211388], [40.133758, -88.211462]]}, "12": {"path": [[40.133858, -88.211904], [40.131784, -88.211111], [40.130932, -88.209958]], "green": [[40.131081, -88.210056], [40.131044, -88.210077], [40.130993, -88.210092], [40.130944, -88.210091], [40.130885, -88.210068], [40.130813, -88.210025], [40.130778, -88.21], [40.130747, -88.209961], [40.130748, -88.209911], [40.130761, -88.209868], [40.130785, -88.209838], [40.130822, -88.20982], [40.130876, -88.209817], [40.130926, -88.209825], [40.130973, -88.209851], [40.131011, -88.209882], [40.13105, -88.209915], [40.131081, -88.209952], [40.131091, -88.209987], [40.13109, -88.210022], [40.131081, -88.210056]]}, "14": {"path": [[40.129714, -88.210667], [40.129366, -88.207383], [40.129385, -88.20483]], "green": [[40.129436, -88.204902], [40.12941, -88.204949], [40.129384, -88.204978], [40.129347, -88.204982], [40.129324, -88.204971], [40.129301, -88.204934], [40.129293, -88.2049], [40.12929, -88.204859], [40.129295, -88.2048], [40.129317, -88.204743], [40.129352, -88.204696], [40.129381, -88.204675], [40.129418, -88.204669], [40.129453, -88.204689], [40.12947, -88.204719], [40.129478, -88.204756], [40.129476, -88.204792], [40.129462, -88.204847], [40.129436, -88.204902]]}, "15": {"path": [[40.128929, -88.204492], [40.128801, -88.208284]], "green": [[40.12886, -88.208382], [40.128838, -88.208405], [40.128806, -88.208422], [40.128776, -88.20842], [40.128742, -88.208411], [40.128725, -88.208396], [40.128711, -88.208371], [40.128703, -88.208327], [40.128701, -88.20827], [40.128707, -88.208233], [40.12873, -88.20819], [40.128745, -88.208175], [40.128765, -88.208163], [40.128787, -88.208158], [40.128824, -88.208158], [40.128844, -88.208162], [40.128855, -88.208166], [40.128876, -88.208196], [40.12889, -88.208229], [40.128895, -88.208264], [40.128893, -88.20831], [40.12888, -88.208352], [40.12886, -88.208382]]}, "17": {"path": [[40.127862, -88.203759], [40.129118, -88.204034], [40.130208, -88.203952]],