{"holes": {"1": {"path": [[40.087366, -88.304008], [40.089202, -88.303673], [40.09055, -88.30305]], "green": [[40.090556, -88.30315], [40.090516, -88.303138], [40.090487, -88.303114], [40.09047, -88.303091], [40.090458, -88.303049], [40.090463, -88.303018], [40.090466, -88.303], [40.090489, -88.302949], [40.090525, -88.302922], [40.090567, -88.302918], [40.090617, -88.302934], [40.090638, -88.302972], [40.090645, -88.303021], [40.090641, -88.303071], [40.090627, -88.303114], [40.090601, -88.303135], [40.090579, -88.303146], [40.090556, -88.30315]]}, "2": {"path": [[40.084608, -88.30101], [40.085709, -88.303027], [40.086328, -88.303818]], "green": [[40.086341, -88.303893], [40.086308, -88.303882], [40.086266, -88.303847], [40.086243, -88.303802], [40.086245, -88.303757], [40.086276, -88.303731], [40.08632, -88.303731], [40.086366, -88.303747], [40.086395, -88.303789], [40.086402, -88.303825], [40.086391, -88.303861], [40.086366, -88.303879], [40.086341, -88.303893]]}, "5": {"path": [[40.074049, -88.318606], [40.07293, -88.318988]], "green": [[40.071306, -88.322872], [40.071338, -88.322868], [40.071367, -88.322871], [40.071432, -88.322909], [40.071446, -88.322928], [40.071489, -88.323017], [40.071492, -88.323064], [40.071482, -88.323093], [40.071472, -88.323113], [40.071459, -88.323128], [40.071438, -88.32314], [40.071397, -88.323142], [40.071207, -88.323075], [40.071173, -88.323048], [40.071167, -88.323035], [40.071164, -88.323017], [40.071164, -88.322981], [40.071182, -88.322944], [40.07126, -88.32289], [40.071306, -88.322872]]}, "7": {"path": [[40.072178, -88.322957], [40.071061, -88.321802]], "green": [[40.071124, -88.321722], [40.071088, -88.321679], [40.071048, -88.321652], [40.071008, -88.321656], [40.070994, -88.321666], [40.070974, -88.321689], [40.070964, -88.321716], [40.070958, -88.321795], [40.070966, -88.321851], [40.07099, -88.321921], [40.071057, -88.321958], [40.071088, -88.321958], [40.071113, -88.321946], [40.071136, -88.321929], [40.071148, -88.3219], [40.071159, -88.321858], [40.07116, -88.321815], [40.071124, -88.321722]]}, "10": {"path": [[40.087599, -88.305434], [40.085775, -88.306204], [40.08511, -88.307619]], "green": [[40.085095, -88.307732], [40.085067, -88.307739], [40.085034, -88.307736], [40.085004, -88.307713], [40.084994, -88.307688], [40.085001, -88.307642], [40.085028, -88.307567], [40.085068, -88.3075], [40.085111, -88.307467], [40.085153, -88.307458], [40.085182, -88.307464], [40.085208, -88.307502], [40.08522, -88.307552], [40.085219, -88.307597], [40.085203, -88.30765], [40.085173, -88.307686], [40.085131, -88.307714], [40.085095, -88.307732]]}, "11": {"path": [[40.084933, -88.308442], [40.086258, -88.310111], [40.086303, -88.312519], [40.086946, -88.313067]], "green": [[40.087004, -88.313068], [40.087015, -88.313134], [40.087017, -88.313171], [40.087001, -88.313212], [40.086973, -88.313231], [40.086937, -88.31322], [40.086905, -88.313192], [40.086867, -88.313136], [40.086841, -88.313084], [40.08683, -88.313032], [40.086846, -88.312983], [40.086885, -88.312933], [40.086922, -88.312911], [40.086954, -88.312918], [40.086982, -88.312944], [40.086997, -88.312981], [40.087, -88.313012], [40.087002, -88.313046], [40.087004, -88.313068]]}, "12": {"path": [[40.072322, -88.321484], [40.074037, -88.320403], [40.073878, -88.319531]], "green": [[40.073938, -88.319471], [40.073914, -88.319428], [40.073861, -88.319389], [40.073824, -88.319385], [40.073811, -88.319404], [40.073796, -88.319427], [40.073795, -88.319469], [40.073806, -88.319525], [40.073842, -88.319618], [40.073868, -88.319643], [40.07388, -88.319648], [40.073896, -88.319654], [40.07391, -88.319655], [40.07393, -88.319642], [40.073954, -88.319611], [40.073964, -88.319582], [40.073938, -88.319471]]}, "13": {"path": [[40.095615, -88.310247], [40.095508, -88.308228]], "green": [[40.0896, -88.308465], [40.089523, -88.308476], [40.089494, -88.30847], [40.089484, -88.30845], [40.089488, -88.308422], [40.089501, -88.308394], [40.089535, -88.308342], [40.089588, -88.308214], [40.089622, -88.308188], [40.089666, -88.308187], [40.08972, -88.308217], [40.089747, -88.308254], [40.089754, -88.308291], [40.089737, -88.308337], [40.089705, -88.308394], [40.089671, -88.308425], [40.089636, -88.308446], [40.0896, -88.308465]]}, "14": {"path": [[40.089953, -88.307862], [40.090784, -88.309798], [40.09095, -88.311145]], "green": [[40.091, -88.311046], [40.091035, -88.311103], [40.091045, -88.311143], [40.091047, -88.311198], [40.091028, -88.31124], [40.090984, -88.311272], [40.090931, -88.311282], [40.090887, -88.311281], [40.090857, -88.31125], [40.090846, -88.311171], [40.090855, -88.311063], [40.090874, -88.311031], [40.090911, -88.311021], [40.090955, -88.311024], [40.091, -88.311046]]}, "18": {"path": [[40.092461, -88.305629], [40.088588, -88.305625]], "green": [[40.088458, -88.305672], [40.088477, -88.305616], [40.088531, -88.305542], [40.088592, -88.305484], [40.088639, -88.305468], [40.088685, -88.305471], [40.088725, -88.305516], [40.088739, -88.305579], [40.088726, -88.305647], [40.088679, -88.305704], [40.088612, -88.305736], [40.08855, -88.305766], [40.088497, -88.305766], [40.088458, -88.305731], [40.088458, -88.305672]]}}}