{"holes": {"1": {"path": [[41.95889, -88.040169], [41.96139, -88.040847]], "green": [[41.961314, -88.04092], [41.961321, -88.040931], [41.961331, -88.040944], [41.961344, -88.040959], [41.961362, -88.040969], [41.961377, -88.040976], [41.96139, -88.04098], [41.961402, -88.04098], [41.961418, -88.040978], [41.961437, -88.040968], [41.96145, -88.040959], [41.961463, -88.040944], [41.961471, -88.040928], [41.96148, -88.040906], [41.961485, -88.040885], [41.961488, -88.040862], [41.961487, -88.040835], [41.961477, -88.040785], [41.961469, -88.040764], [41.96146, -88.040748], [41.961447, -88.040732], [41.961436, -88.040722], [41.961421, -88.040711], [41.961405, -88.040706], [41.961389, -88.040704], [41.961369, -88.040703], [41.961354, -88.040706], [41.961333, -88.040713], [41.961324, -88.040721], [41.961306, -88.040748], [41.961303, -88.040763], [41.961298, -88.040786], [41.961298, -88.040849], [41.961299, -88.040869], [41.961306, -88.040901], [41.961314, -88.04092]]}, "2": {"path": [[41.961559, -88.040211], [41.959049, -88.038426]], "green": [[41.959124, -88.038492], [41.959121, -88.038515], [41.959117, -88.038534], [41.959109, -88.038556], [41.9591, -88.038572], [41.959087, -88.038581], [41.959071, -88.038583], [41.959058, -88.038583], [41.959043, -88.038579], [41.959032, -88.038569], [41.959017, -88.038555], [41.959008, -88.038541], [41.958999, -88.038527], [41.958991, -88.038508], [41.958983, -88.038481], [41.95898, -88.03846], [41.958974, -88.038434], [41.95897, -88.038398], [41.95897, -88.038378], [41.958973, -88.038354], [41.958978, -88.038331], [41.958984, -88.038315], [41.958991, -88.038303], [41.959002, -88.038292], [41.959015, -88.038282], [41.959027, -88.038276], [41.959037, -88.038274], [41.959053, -88.038278], [41.959068, -88.038286], [41.959079, -88.038297], [41.959088, -88.03831], [41.9591, -88.038323], [41.959108, -88.038336], [41.959115, -88.038356], [41.959121, -88.038387], [41.959124, -88.038417], [41.959125, -88.038451], [41.959124, -88.038492]]}, "3": {"path": [[41.958645, -88.039043], [41.960419, -88.038499], [41.961211, -88.038537]], "green": [[41.961232, -88.038654], [41.961212, -88.038645], [41.961196, -88.038639], [41.961172, -88.038625], [41.961141, -88.038609], [41.961125, -88.038601], [41.961107, -88.038582], [41.961096, -88.03857], [41.961089, -88.038555], [41.961086, -88.038528], [41.961091, -88.038511], [41.9611, -88.038492], [41.961114, -88.038476], [41.961127, -88.038464], [41.961151, -88.038439], [41.961179, -88.03842], [41.961195, -88.038415], [41.96121, -88.038408], [41.961224, -88.03841], [41.961233, -88.038413], [41.961245, -88.038421], [41.961262, -88.038437], [41.961296, -88.038473], [41.961307, -88.038492], [41.961311, -88.038509], [41.961314, -88.038527], [41.961316, -88.038548], [41.961314, -88.038563], [41.96131, -88.038586], [41.961304, -88.038598], [41.961294, -88.038615], [41.96128, -88.038627], [41.961263, -88.038641], [41.961251, -88.03865], [41.961232, -88.038654]]}, "4": {"path": [[41.960197, -88.039053], [41.962787, -88.039404]], "green": [[41.962811, -88.039535], [41.962824, -88.039532], [41.962834, -88.039525], [41.96285, -88.039517], [41.962859, -88.039511], [41.962865, -88.039501], [41.96287, -88.03949], [41.962872, -88.039475], [41.962871, -88.039459], [41.962868, -88.039434], [41.962869, -88.039427], [41.962872, -88.039411], [41.962876, -88.039395], [41.962884, -88.039349], [41.962885, -88.039326], [41.962883, -88.039312], [41.962871, -88.039286], [41.962862, -88.039275], [41.962851, -88.039264], [41.962842, -88.039256], [41.962831, -88.03925], [41.962816, -88.039248], [41.962801, -88.039249], [41.962783, -88.039248], [41.962764, -88.03925], [41.962741, -88.039257], [41.96272, -88.039268], [41.962708, -88.039284], [41.962702, -88.039301], [41.962704, -88.039327], [41.962709, -88.039349], [41.96271, -88.039382], [41.962707, -88.039402], [41.9627, -88.039416], [41.962693, -88.039431], [41.962685, -88.039445], [41.962676, -88.039468], [41.962675, -88.039484], [41.962679, -88.0395], [41.962685, -88.039516], [41.962699, -88.039532], [41.962713, -88.039541], [41.962736, -88.039545], [41.962763, -88.039543], [41.962786, -88.039541], [41.962811, -88.039535]]}, "6": {"path": [[41.962585, -88.036313], [41.963153, -88.034408]], "green": [[41.963223, -88.034455], [41.963217, -88.03447], [41.963208, -88.034487], [41.963198, -88.034496], [41.963189, -88.034507], [41.963181, -88.034515], [41.963171, -88.034522], [41.963163, -88.034523], [41.963149, -88.034524], [41.963135, -88.034522], [41.963125, -88.03452], [41.963115, -88.034515], [41.963104, -88.034507], [41.963086, -88.034485], [41.963082, -88.034474], [41.963079, -88.034456], [41.963077, -88.03444], [41.963076, -88.034415], [41.963076, -88.034394], [41.963077, -88.034378], [41.963081, -88.034353], [41.963085, -88.034335], [41.963092, -88.034313], [41.963101, -88.034298], [41.96311, -88.034283], [41.963121, -88.034271], [41.963137, -88.034263], [41.963153, -88.03426], [41.963166, -88.034263], [41.963186, -88.034281], [41.963198, -88.034295], [41.963209, -88.034314], [41.963218, -88.03433], [41.963226, -88.034356], [41.963234, -88.03438], [41.963234, -88.034398], [41.963234, -88.03442], [41.963231, -88.034434], [41.963223, -88.034455]]}, "7": {"path": [[41.962777, -88.034161], [41.961991, -88.03669], [41.962166, -88.038462]], "green": [[41.96223, -88.038584], [41.96222, -88.038616], [41.96221, -88.038628], [41.962202, -88.038639], [41.962187, -88.038649], [41.962174, -88.038655], [41.962162, -88.038657], [41.962131, -88.038649], [41.962121, -88.038642], [41.962111, -88.03863], [41.962104, -88.038611], [41.962101, -88.038592], [41.962103, -88.038573], [41.962107, -88.038561], [41.962114, -88.038533], [41.96212, -88.038507], [41.962123, -88.038487], [41.962121, -88.038461], [41.962114, -88.038434], [41.962108, -88.038411], [41.962103, -88.038387], [41.962103, -88.038363], [41.962106, -88.038344], [41.962109, -88.038325], [41.962115, -88.038307], [41.962125, -88.038286], [41.962136, -88.038275], [41.962147, -88.038267], [41.962162, -88.038268], [41.962179, -88.038272], [41.96219, -88.038282], [41.962206, -88.038297], [41.962215, -88.038308], [41.962223, -88.03832], [41.96223, -88.038335], [41.962238, -88.038352], [41.962242, -88.038374], [41.962244, -88.038403], [41.962243, -88.038441], [41.962239, -88.038483], [41.962238, -88.038509], [41.962236, -88.038545], [41.96223, -88.038584]]}, "8": {"path": [[41.958634, -88.044552], [41.957258, -88.045672]], "green": [[41.957384, -88.04566], [41.957376, -88.04569], [41.957355, -88.045732], [41.957339, -88.045764], [41.957319, -88.045793], [41.957289, -88.045818], [41.95724, -88.045844], [41.957216, -88.045851], [41.957183, -88.045841], [41.957164, -88.045804], [41.957157, -88.045778], [41.957148, -88.04575], [41.95714, -88.045729], [41.957128, -88.045708], [41.957121, -88.045673], [41.957131, -88.045643], [41.957143, -88.04562], [41.957154, -88.045599], [41.957169, -88.045585], [41.957185, -88.045575], [41.95722, -88.045575], [41.957249, -88.045578], [41.957268, -88.045573], [41.957289, -88.045573], [41.957315, -88.045571], [41.957334, -88.045566], [41.957348, -88.045553], [41.957364, -88.045566], [41.957374, -88.045585], [41.957376, -88.045612], [41.957378, -88.045636], [41.957384, -88.04566]]}, "9": {"path": [[41.96105, -88.037682], [41.959729, -88.038096], [41.959049, -88.038426]],