{"holes": {"1": {"path": [[38.480266, -90.219303], [38.47885, -90.214539]], "green": [[38.478895, -90.21444], [38.478908, -90.214484], [38.478925, -90.214546], [38.478937, -90.214592], [38.478941, -90.214608], [38.478944, -90.214625], [38.478945, -90.214648], [38.478943, -90.214667], [38.478938, -90.214685], [38.47893, -90.2147], [38.478921, -90.214715], [38.478909, -90.214727], [38.478899, -90.214733], [38.478883, -90.214736], [38.478868, -90.214733], [38.478847, -90.21472], [38.47882, -90.214686], [38.478811, -90.214668], [38.478802, -90.214652], [38.478779, -90.2146], [38.478741, -90.214504], [38.478732, -90.214467], [38.478727, -90.214431], [38.478726, -90.214405], [38.478733, -90.214378], [38.478747, -90.21435], [38.478764, -90.21433], [38.47878, -90.214324], [38.478804, -90.214322], [38.478827, -90.214329], [38.478843, -90.214338], [38.478863, -90.214359], [38.478877, -90.214389], [38.478895, -90.21444]]}, "2": {"path": [[38.478637, -90.213803], [38.478121, -90.209917]], "green": [[38.478153, -90.209758], [38.478166, -90.209773], [38.478179, -90.20979], [38.47819, -90.209809], [38.478201, -90.209831], [38.47821, -90.209854], [38.478215, -90.209869], [38.478221, -90.209892], [38.478224, -90.209915], [38.478226, -90.209942], [38.478224, -90.209968], [38.478216, -90.209998], [38.478206, -90.210031], [38.478194, -90.21005], [38.478175, -90.210067], [38.478161, -90.210077], [38.478145, -90.210083], [38.47813, -90.21009], [38.478113, -90.210094], [38.478094, -90.210093], [38.478077, -90.210088], [38.478065, -90.210081], [38.478042, -90.210057], [38.478032, -90.210043], [38.478025, -90.210024], [38.478018, -90.209998], [38.478014, -90.209972], [38.478009, -90.209923], [38.478006, -90.209884], [38.478009, -90.209853], [38.478019, -90.209819], [38.478035, -90.209788], [38.478051, -90.20977], [38.478063, -90.209759], [38.478084, -90.209746], [38.478102, -90.209742], [38.478119, -90.209743], [38.478137, -90.209749], [38.478153, -90.209758]]}, "3": {"path": [[38.477363, -90.209286], [38.476885, -90.207083], [38.476185, -90.20656]], "green": [[38.476238, -90.206447], [38.476246, -90.206482], [38.476253, -90.206501], [38.476263, -90.206533], [38.47627, -90.206558], [38.476274, -90.206574], [38.476276, -90.206595], [38.476275, -90.206619], [38.476274, -90.206634], [38.476269, -90.206649], [38.476258, -90.206671], [38.476242, -90.206693], [38.476225, -90.206708], [38.476205, -90.206719], [38.476186, -90.206726], [38.476171, -90.206727], [38.476148, -90.206725], [38.476121, -90.206711], [38.476104, -90.206701], [38.476087, -90.20668], [38.476071, -90.206656], [38.476061, -90.20663], [38.476057, -90.206604], [38.476059, -90.206571], [38.476071, -90.206533], [38.476088, -90.206492], [38.476105, -90.206452], [38.476131, -90.206404], [38.476151, -90.206386], [38.476172, -90.206378], [38.476188, -90.206378], [38.476203, -90.206381], [38.476212, -90.206387], [38.476221, -90.206399], [38.47623, -90.206419], [38.476238, -90.206447]]}, "4": {"path": [[38.475301, -90.206418], [38.4746, -90.205526]], "green": [[38.474622, -90.205638], [38.474655, -90.205608], [38.4747, -90.205564], [38.474715, -90.205541], [38.474721, -90.205523], [38.474723, -90.205503], [38.474723, -90.205479], [38.47472, -90.205462], [38.474716, -90.205445], [38.474708, -90.205428], [38.474694, -90.205409], [38.474678, -90.205397], [38.474658, -90.205388], [38.47463, -90.205379], [38.474616, -90.205376], [38.474605, -90.205375], [38.474588, -90.205381], [38.47456, -90.205403], [38.474512, -90.205457], [38.474487, -90.205495], [38.474476, -90.205516], [38.474473, -90.205532], [38.474472, -90.205549], [38.474473, -90.205576], [38.474478, -90.205595], [38.474487, -90.205617], [38.474507, -90.205643], [38.474522, -90.205657], [38.474538, -90.205668], [38.474555, -90.205669], [38.474575, -90.205667], [38.474591, -90.205659], [38.474605, -90.205652], [38.474622, -90.205638]]}, "5": {"path": [[38.474637, -90.206263], [38.474704, -90.209838]], "green": [[38.474774, -90.209705], [38.474781, -90.209736], [38.474784, -90.209762], [38.474787, -90.209793], [38.474784, -90.209828], [38.474779, -90.209858], [38.474774, -90.209879], [38.474771, -90.209897], [38.47477, -90.209917], [38.474769, -90.209951], [38.474767, -90.209972], [38.474763, -90.20999], [38.474758, -90.21], [38.474747, -90.210012], [38.474734, -90.21002], [38.474707, -90.210033], [38.474689, -90.210036], [38.474668, -90.210037], [38.47465, -90.210033], [38.474635, -90.210021], [38.474625, -90.210006], [38.474611, -90.209979], [38.474599, -90.209946], [38.474591, -90.209912], [38.474586, -90.209877], [38.474584, -90.209806], [38.474586, -90.209759], [38.474594, -90.209726], [38.474607, -90.209695], [38.474631, -90.209662], [38.474665, -90.209639], [38.474698, -90.209626], [38.474707, -90.209625], [38.474715, -90.209626], [38.474734, -90.209633], [38.474745, -90.20964], [38.474753, -90.20965], [38.474764, -90.209673], [38.474774, -90.209705]]}, "6": {"path": [[38.475189, -90.209388], [38.476642, -90.209971]], "green": [[38.476474, -90.210064], [38.476472, -90.210047], [38.476474, -90.210017], [38.476478, -90.209998], [38.476499, -90.209968], [38.476541, -90.209933], [38.476567, -90.209925], [38.47661, -90.209915], [38.47663, -90.209907], [38.476648, -90.209895], [38.476663, -90.209876], [38.476677, -90.209851], [38.476694, -90.20982], [38.476708, -90.209801], [38.476719, -90.209793], [38.476728, -90.20979], [38.476744, -90.20979], [38.476753, -90.209793], [38.47677, -90.209806], [38.476785, -90.209828], [38.476795, -90.209847], [38.476801, -90.209882], [38.476803, -90.20991], [38.476802, -90.209954], [38.476798, -90.209978], [38.476791, -90.210001], [38.47678, -90.210029], [38.476765, -90.210052], [38.476751, -90.210069], [38.476719, -90.21009], [38.476683, -90.210103], [38.476628, -90.21012], [38.476579, -90.210128], [38.476549, -90.210129], [38.476524, -90.210124], [38.476511, -90.210119], [38.476499, -90.210111], [38.47649, -90.210101], [38.476483, -90.21009], [38.476478, -90.210077], [38.476474, -90.210064]]}, "7": {"path": [[38.477091, -90.209815], [38.4759, -90.207835], [38.475681, -90.206281]], "green": [[38.475612, -90.20636], [38.475643, -90.206395], [38.475667, -90.206417], [38.475687, -90.206426], [38.475709, -90.206427], [38.475738, -90.206421], [38.475763, -90.206407], [38.475781, -90.206389], [38.475799, -90.206354], [38.475805, -90.206321], [38.475808, -90.206281], [38.475804, -90.206235], [38.475795, -90.206209], [38.475778, -90.206185], [38.475756, -90.206164], [38.475712, -90.206143], [38.475691, -90.206138], [38.475669, -90.206138], [38.475635, -90.20615], [38.475616, -90.206164], [38.475602, -90.20618], [38.475591, -90.206199], [38.475581, -90.206225], [38.475577, -90.206247], [38.475574, -90.206266], [38.475575, -90.206288], [38.475581, -90.206315], [38.475591, -90.206335], [38.475612, -90.20636]]}, "8": {"path": [[38.476074, -90.205565], [38.477458, -90.206743], [38.47792, -90.208058]], "green": [[38.477882, -90.207858], [38.477866, -90.207888], [38.47786, -90.207905], [38.47784, -90.20796], [38.477821, -90.208012], [38.477812, -90.208044], [38.477811, -90.208068], [38.477814, -90.208087], [38.47782, -90.208114], [38.477828, -90.208145], [38.477843, -90.20819], [38.47785, -90.208222], [38.477859, -90.208248], [38.477866, -90.208264], [38.477875, -90.208277], [38.477884, -90.208285], [38.4779, -90.208295], [38.477916, -90.208296], [38.477938, -90.208291], [38.477976, -90.208268], [38.478006, -90.208244], [38.478028, -90.208222], [38.478042, -90.2082], [38.478049, -90.208175], [38.478049, -90.208151], [38.478043, -90.208126], [38.478035, -90.208096], [38.478021, -90.208048], [38.478, -90.207951], [38.477989, -90.2079], [38.477981, -90.207877], [38.477972, -90.207859], [38.477961, -90.207851], [38.477946, -90.207843], [38.47793, -90.207838], [38.477917, -90.207836], [38.477909, -90.207837], [38.477901, -90.207839], [38.477894, -90.207844], [38.477882, -90.207858]]},