{"holes": {"1": {"path": [[41.304658, -89.02793], [41.306276, -89.02752], [41.307688, -89.027692]], "green": [[41.307665, -89.027799], [41.307636, -89.027776], [41.307584, -89.027715], [41.307573, -89.027663], [41.307572, -89.027626], [41.307574, -89.027617], [41.307592, -89.027582], [41.3076, -89.027575], [41.307658, -89.027557], [41.307666, -89.027557], [41.30769, -89.027567], [41.307698, -89.027575], [41.307709, -89.027594], [41.307732, -89.027635], [41.307736, -89.02765], [41.307747, -89.027666], [41.307764, -89.027706], [41.307775, -89.027718], [41.30778, -89.027748], [41.30778, -89.027768], [41.307774, -89.027788], [41.307761, -89.027813], [41.307739, -89.02783], [41.307723, -89.027834], [41.307698, -89.027835], [41.307665, -89.027799]]}, "4": {"path": [[41.308393, -89.028598], [41.306451, -89.028195], [41.304646, -89.028529]], "green": [[41.304756, -89.028547], [41.304752, -89.028591], [41.304745, -89.028617], [41.304736, -89.028637], [41.304726, -89.028649], [41.304711, -89.028653], [41.304679, -89.028638], [41.304643, -89.028603], [41.304609, -89.028582], [41.304549, -89.028572], [41.304534, -89.028564], [41.304521, -89.028533], [41.304518, -89.028507], [41.304519, -89.028481], [41.30453, -89.028458], [41.304548, -89.028446], [41.304563, -89.028442], [41.304576, -89.028443], [41.304589, -89.028455], [41.304615, -89.028466], [41.304651, -89.028467], [41.304688, -89.028455], [41.304707, -89.028456], [41.30473, -89.028473], [41.304747, -89.028495], [41.304752, -89.028507], [41.304756, -89.028547]]}, "5": {"path": [[41.302884, -89.028094], [41.300745, -89.02689], [41.300373, -89.02704]], "green": [[41.300349, -89.027165], [41.300371, -89.027156], [41.300385, -89.027146], [41.300423, -89.027109], [41.300441, -89.027088], [41.300455, -89.027065], [41.300462, -89.027042], [41.300464, -89.027021], [41.300462, -89.026972], [41.300456, -89.026946], [41.300434, -89.026902], [41.300421, -89.026886], [41.300409, -89.026878], [41.300387, -89.02688], [41.300366, -89.026897], [41.300337, -89.026943], [41.300268, -89.02703], [41.300264, -89.027048], [41.300263, -89.027081], [41.300268, -89.027103], [41.300276, -89.027117], [41.300311, -89.027152], [41.300322, -89.027159], [41.300349, -89.027165]]}, "10": {"path": [[41.303624, -89.026842], [41.306567, -89.025677]], "green": [[41.306603, -89.025792], [41.30657, -89.025807], [41.306545, -89.025814], [41.306505, -89.025818], [41.30648, -89.025807], [41.306461, -89.025781], [41.306447, -89.025749], [41.306436, -89.025714], [41.306431, -89.025657], [41.306447, -89.025605], [41.306462, -89.025586], [41.306515, -89.025543], [41.306548, -89.025527], [41.306605, -89.025511], [41.306648, -89.025514], [41.306657, -89.025525], [41.306671, -89.025562], [41.306688, -89.025629], [41.306694, -89.025673], [41.306692, -89.025692], [41.306677, -89.025724], [41.306657, -89.025753], [41.306603, -89.025792]]}, "11": {"path": [[41.306746, -89.02516], [41.303967, -89.025368], [41.303691, -89.026174]], "green": [[41.303744, -89.026274], [41.303713, -89.026322], [41.303706, -89.026329], [41.303683, -89.026345], [41.303639, -89.026352], [41.303618, -89.026335], [41.303604, -89.026304], [41.303593, -89.026256], [41.30359, -89.026223], [41.30359, -89.026199], [41.303611, -89.026117], [41.303619, -89.026096], [41.303658, -89.026016], [41.303681, -89.025992], [41.303697, -89.025984], [41.303723, -89.025981], [41.303737, -89.025993], [41.303753, -89.02602], [41.303761, -89.026054], [41.303765, -89.026084], [41.303765, -89.02612], [41.303759, -89.026211], [41.303756, -89.026222], [41.303754, -89.026243], [41.303744, -89.026274]]}, "13": {"path": [[41.303161, -89.024377], [41.305478, -89.024683], [41.30729, -89.024665]], "green": [[41.307389, -89.024685], [41.307385, -89.024701], [41.307384, -89.024714], [41.30737, -89.02475], [41.307361, -89.024759], [41.30735, -89.024765], [41.307329, -89.024773], [41.307309, -89.024775], [41.30729, -89.024766], [41.307269, -89.024761], [41.30725, -89.024752], [41.307219, -89.024747], [41.307191, -89.024731], [41.307177, -89.024714], [41.307164, -89.024679], [41.307162, -89.024666], [41.307169, -89.024626], [41.307173, -89.024614], [41.307197, -89.024565], [41.307212, -89.024547], [41.307246, -89.024521], [41.307287, -89.024521], [41.307307, -89.024524], [41.307329, -89.024534], [41.307347, -89.02455], [41.307374, -89.024587], [41.307389, -89.024626], [41.307392, -89.024651], [41.307389, -89.024685]]}, "14": {"path": [[41.308105, -89.024324], [41.306846, -89.026436], [41.306083, -89.026826]], "green": [[41.306038, -89.026968], [41.30603, -89.026964], [41.306012, -89.026963], [41.305996, -89.026951], [41.305985, -89.026929], [41.30597, -89.026912], [41.305965, -89.026877], [41.305969, -89.026854], [41.305976, -89.026832], [41.305988, -89.026817], [41.306003, -89.026803], [41.306029, -89.026758], [41.306033, -89.026747], [41.306062, -89.026702], [41.306107, -89.026651], [41.306132, -89.02664], [41.306141, -89.02664], [41.30619, -89.026661], [41.306197, -89.026667], [41.306207, -89.026688], [41.306212, -89.026735], [41.306207, -89.026745], [41.306196, -89.026793], [41.306184, -89.026823], [41.306175, -89.026844], [41.30614, -89.026894], [41.30613, -89.026913], [41.3061, -89.02694], [41.306088, -89.026957], [41.306072, -89.026966], [41.306038, -89.026968]]}, "17": {"path": [[41.298517, -89.02833], [41.298494, -89.026311]], "green": [[41.298576, -89.026339], [41.298575, -89.026356], [41.298571, -89.026375], [41.298565, -89.02639], [41.298547, -89.026417], [41.298527, -89.026438], [41.298515, -89.026445], [41.29847, -89.026446], [41.298459, -89.026438], [41.29844, -89.026418], [41.298431, -89.026407], [41.298425, -89.026393], [41.298414, -89.026323], [41.298408, -89.026257], [41.298409, -89.026241], [41.298414, -89.026224], [41.298427, -89.026196], [41.298436, -89.026185], [41.298471, -89.026166], [41.298496, -89.026165], [41.298532, -89.026183], [41.298544, -89.026193], [41.298559, -89.026218], [41.298564, -89.026233], [41.298576, -89.026339]]}, "18": {"path": [[41.298839, -89.026075], [41.299899, -89.027911], [41.302426, -89.028203]], "green": [[41.302521, -89.028167], [41.302528, -89.028187], [41.30251, -89.028238], [41.302495, -89.028258], [41.302479, -89.028272], [41.302433, -89.028295], [41.302411, -89.0283], [41.302394, -89.028299], [41.302368, -89.0283], [41.302339, -89.028279], [41.302332, -89.02826], [41.302327, -89.028235], [41.302326, -89.028212], [41.302331, -89.028185], [41.302364, -89.028146], [41.302383, -89.028132], [41.302424, -89.028106], [41.302444, -89.028098], [41.302467, -89.028102], [41.302483, -89.028109], [41.302496, -89.028125], [41.302521, -89.028167]]}}}