{"holes": {"1": {"path": [[40.680543, -88.993381], [40.679849, -88.990601]], "green": [[40.679902, -88.990701], [40.679918, -88.990691], [40.67993, -88.990675], [40.679939, -88.990654], [40.679942, -88.990632], [40.679941, -88.990611], [40.679937, -88.990586], [40.679929, -88.990563], [40.67992, -88.990542], [40.679907, -88.990519], [40.679896, -88.990504], [40.679881, -88.99049], [40.679862, -88.990479], [40.67984, -88.990471], [40.679823, -88.990473], [40.679805, -88.990483], [40.679792, -88.990492], [40.679782, -88.990505], [40.679772, -88.99052], [40.679763, -88.990545], [40.679759, -88.990566], [40.679756, -88.99059], [40.679759, -88.990611], [40.679763, -88.990638], [40.679772, -88.990661], [40.679786, -88.990678], [40.679797, -88.990689], [40.679809, -88.990698], [40.679828, -88.990711], [40.679848, -88.990715], [40.679868, -88.990715], [40.679883, -88.990712], [40.679902, -88.990701]]}, "2": {"path": [[40.679741, -88.990246], [40.682888, -88.990454]], "green": [[40.682775, -88.990437], [40.682784, -88.990418], [40.682805, -88.990393], [40.682825, -88.990368], [40.682843, -88.990349], [40.682859, -88.990336], [40.682878, -88.990324], [40.682897, -88.990314], [40.68292, -88.990315], [40.682941, -88.990321], [40.682963, -88.990339], [40.682986, -88.990363], [40.683007, -88.990384], [40.683023, -88.990414], [40.683031, -88.990448], [40.683031, -88.990478], [40.683026, -88.990512], [40.683012, -88.990544], [40.682991, -88.990566], [40.682968, -88.990578], [40.682933, -88.990575], [40.682903, -88.99057], [40.682879, -88.990566], [40.682858, -88.990565], [40.682833, -88.990561], [40.682806, -88.990555], [40.682784, -88.990542], [40.682773, -88.990523], [40.68277, -88.990504], [40.682768, -88.99048], [40.68277, -88.990458], [40.682775, -88.990437]]}, "3": {"path": [[40.682671, -88.991654], [40.682874, -88.993252]], "green": [[40.682918, -88.993341], [40.6829, -88.993352], [40.682872, -88.993367], [40.682855, -88.993373], [40.682846, -88.993374], [40.682837, -88.993375], [40.682825, -88.993373], [40.682809, -88.993366], [40.682798, -88.993352], [40.682784, -88.993333], [40.682773, -88.993305], [40.682769, -88.993273], [40.682771, -88.993246], [40.682775, -88.993223], [40.682784, -88.993199], [40.682793, -88.99318], [40.682805, -88.993162], [40.682817, -88.993148], [40.682833, -88.993134], [40.68285, -88.993126], [40.682868, -88.993124], [40.682888, -88.993126], [40.682906, -88.99313], [40.682923, -88.993138], [40.682938, -88.993141], [40.682952, -88.993156], [40.682963, -88.993171], [40.682972, -88.993188], [40.68298, -88.993211], [40.682982, -88.993244], [40.682976, -88.993265], [40.682967, -88.993288], [40.682956, -88.993305], [40.682945, -88.993316], [40.682932, -88.993329], [40.682918, -88.993341]]}, "4": {"path": [[40.682788, -88.993732], [40.681485, -88.991744], [40.680744, -88.991234]], "green": [[40.68074, -88.991341], [40.680725, -88.991334], [40.680713, -88.99133], [40.680701, -88.99132], [40.680687, -88.991309], [40.680676, -88.991294], [40.680668, -88.991281], [40.680664, -88.991267], [40.680659, -88.991248], [40.680655, -88.991226], [40.680655, -88.991206], [40.680657, -88.991184], [40.680664, -88.991162], [40.680674, -88.991143], [40.680687, -88.99113], [40.680702, -88.991122], [40.68072, -88.991115], [40.68074, -88.991114], [40.680759, -88.991116], [40.680778, -88.991121], [40.680794, -88.991128], [40.680808, -88.99114], [40.680819, -88.991155], [40.680831, -88.991174], [40.680838, -88.991194], [40.680841, -88.991219], [40.680842, -88.991248], [40.680836, -88.991279], [40.680829, -88.991297], [40.680818, -88.991313], [40.680804, -88.99133], [40.680787, -88.991338], [40.680771, -88.991341], [40.680758, -88.991344], [40.68074, -88.991341]]}, "5": {"path": [[40.680587, -88.991571], [40.682347, -88.993978], [40.682823, -88.995824]], "green": [[40.682714, -88.9958], [40.68272, -88.995779], [40.682732, -88.995758], [40.682745, -88.995739], [40.68276, -88.99572], [40.682773, -88.995708], [40.682791, -88.995697], [40.682809, -88.995689], [40.682831, -88.995686], [40.682847, -88.995688], [40.682867, -88.995692], [40.682892, -88.9957], [40.682908, -88.995706], [40.682925, -88.995718], [40.68294, -88.995743], [40.682952, -88.995771], [40.682955, -88.995801], [40.682955, -88.995821], [40.682951, -88.995837], [40.682944, -88.995857], [40.682936, -88.995876], [40.682916, -88.995904], [40.682896, -88.995925], [40.68287, -88.995949], [40.682849, -88.995959], [40.682833, -88.995963], [40.682812, -88.99597], [40.682792, -88.995971], [40.682769, -88.995966], [40.682751, -88.995958], [40.682735, -88.995945], [40.682724, -88.995923], [40.682713, -88.9959], [40.682709, -88.995877], [40.682708, -88.995853], [40.682709, -88.995831], [40.682714, -88.9958]]}, "6": {"path": [[40.682505, -88.99552], [40.681284, -88.993124], [40.680725, -88.992314]], "green": [[40.680692, -88.99244], [40.680675, -88.992431], [40.680662, -88.992418], [40.680651, -88.992406], [40.680642, -88.992387], [40.680634, -88.992368], [40.680629, -88.992345], [40.680626, -88.992326], [40.680624, -88.992308], [40.680624, -88.992289], [40.680628, -88.992267], [40.680633, -88.992251], [40.680641, -88.992235], [40.68065, -88.992222], [40.680663, -88.992209], [40.680675, -88.9922], [40.680688, -88.992193], [40.680704, -88.992185], [40.680718, -88.992181], [40.68073, -88.99218], [40.680741, -88.992181], [40.680757, -88.992186], [40.680766, -88.99219], [40.680776, -88.992196], [40.680786, -88.992203], [40.680797, -88.992215], [40.680806, -88.992227], [40.680814, -88.99224], [40.680822, -88.99226], [40.680829, -88.992283], [40.680831, -88.992311], [40.68083, -88.992345], [40.680824, -88.99237], [40.680816, -88.992388], [40.680806, -88.992406], [40.680795, -88.99242], [40.680785, -88.992429], [40.680774, -88.99244], [40.68076, -88.992448], [40.680747, -88.992452], [40.680731, -88.992452], [40.68072, -88.992451], [40.680705, -88.992448], [40.680692, -88.99244]]}, "7": {"path": [[40.680968, -88.993356], [40.68138, -88.995712], [40.682681, -88.996625]], "green": [[40.682701, -88.996757], [40.682715, -88.996752], [40.682735, -88.996737], [40.68275, -88.996716], [40.68276, -88.996694], [40.682768, -88.996671], [40.682774, -88.99664], [40.682776, -88.99661], [40.682774, -88.99658], [40.682767, -88.996555], [40.682758, -88.99654], [40.68275, -88.996529], [40.682735, -88.996514], [40.68271, -88.996496], [40.682681, -88.996485], [40.682657, -88.99648], [40.682639, -88.996482], [40.682624, -88.996487], [40.682613, -88.996499], [40.682603, -88.996519], [40.682593, -88.996547], [40.682591, -88.996575], [40.682596, -88.996607], [40.682599, -88.996634], [40.682604, -88.996657], [40.682614, -88.996689], [40.682618, -88.996705], [40.682628, -88.996722], [40.682639, -88.996737], [40.682648, -88.996748], [40.682662, -88.996756], [40.682679, -88.996759], [40.682701, -88.996757]]}, "8": {"path": [[40.682946, -88.997088], [40.67984, -88.996815]], "green": [[40.679895, -88.996714], [40.679882, -88.996706], [40.679866, -88.996699], [40.679853, -88.996695], [40.679836, -88.996697], [40.67982, -88.996702], [40.679804, -88.996709], [40.67979, -88.996716], [40.679775, -88.996725], [40.67976, -88.99674], [40.679747, -88.996753], [40.679739, -88.996763], [40.679729, -88.996781], [40.679724, -88.996799], [40.67972, -88.996823], [40.67972, -88.996849], [40.679725, -88.99687], [40.679732, -88.996893], [40.679744, -88.996915], [40.679757, -88.996929], [40.67977, -88.996937], [40.679786, -88.996947], [40.679805, -88.99695], [40.679821, -88.996948], [40.679837, -88.996944], [40.679855, -88.99694], [40.679874, -88.996932], [40.679897, -88.996923], [40.679924, -88.99691], [40.679942, -88.996893], [40.679955, -88.996876], [40.679959, -88.99685], [40.67996, -88.99683], [40.67996, -88.996815], [40.679954, -88.996797], [40.679946, -88.996781], [40.679939, -88.996763], [40.679929, -88.996749], [40.679919, -88.996735], [40.679908, -88.996722], [40.679895, -88.996714]]}, "9": {"path": [[40.679681, -88.996021], [40.680703, -88.994329]],