{"holes": {"2": {"path": [[42.408167, -90.323391], [42.408944, -90.322113]], "green": [[42.408931, -90.322209], [42.408969, -90.322204], [42.409002, -90.322184], [42.409028, -90.322153], [42.409045, -90.322112], [42.409046, -90.322058], [42.409026, -90.322029], [42.408992, -90.322002], [42.408956, -90.321998], [42.408899, -90.322003], [42.408861, -90.322031], [42.408832, -90.322086], [42.408837, -90.322139], [42.408863, -90.322182], [42.40889, -90.322202], [42.408931, -90.322209]]}, "5": {"path": [[42.392005, -90.33721], [42.392832, -90.339768], [42.394117, -90.342024]], "green": [[42.394217, -90.342143], [42.394222, -90.342108], [42.394219, -90.342073], [42.394213, -90.342039], [42.394201, -90.342009], [42.39419, -90.341984], [42.394175, -90.341958], [42.394163, -90.34193], [42.394151, -90.341907], [42.39414, -90.341889], [42.39412, -90.341868], [42.394104, -90.341858], [42.394089, -90.341849], [42.39407, -90.341847], [42.394049, -90.341854], [42.394033, -90.341872], [42.394015, -90.341904], [42.394007, -90.341954], [42.394008, -90.341993], [42.394013, -90.342039], [42.394021, -90.342087], [42.394031, -90.342113], [42.394042, -90.342139], [42.394066, -90.342173], [42.39409, -90.342194], [42.394116, -90.342206], [42.394149, -90.342209], [42.394177, -90.342199], [42.394198, -90.342175], [42.394217, -90.342143]]}, "6": {"path": [[42.391254, -90.348593], [42.389659, -90.348109], [42.388755, -90.347423]], "green": [[42.38882, -90.347498], [42.388811, -90.347515], [42.388798, -90.347531], [42.388789, -90.347542], [42.388777, -90.347549], [42.388763, -90.347553], [42.388748, -90.347552], [42.388738, -90.34755], [42.388725, -90.347543], [42.388712, -90.347536], [42.388701, -90.347527], [42.388694, -90.347517], [42.388684, -90.347504], [42.388675, -90.347488], [42.388671, -90.347475], [42.38867, -90.347458], [42.388671, -90.347444], [42.388673, -90.347431], [42.388677, -90.347416], [42.38868, -90.347404], [42.388686, -90.347392], [42.388694, -90.347379], [42.388701, -90.347364], [42.388711, -90.34735], [42.388717, -90.34734], [42.388724, -90.347331], [42.388736, -90.347318], [42.388747, -90.347308], [42.388758, -90.347304], [42.388769, -90.347301], [42.388782, -90.3473], [42.388793, -90.347302], [42.388802, -90.347306], [42.388812, -90.347314], [42.38882, -90.347323], [42.388826, -90.347332], [42.388831, -90.347342], [42.388837, -90.347358], [42.38884, -90.347377], [42.388841, -90.347394], [42.38884, -90.34742], [42.388837, -90.347448], [42.388829, -90.347475], [42.38882, -90.347498]]}, "7": {"path": [[42.389172, -90.347369], [42.390573, -90.347593]], "green": [[42.390689, -90.347651], [42.39068, -90.347671], [42.390665, -90.347686], [42.390646, -90.347697], [42.390625, -90.347702], [42.390608, -90.347704], [42.390593, -90.347701], [42.390577, -90.347696], [42.390559, -90.347689], [42.390538, -90.347685], [42.390513, -90.347681], [42.390494, -90.347674], [42.390474, -90.347659], [42.390461, -90.347639], [42.390452, -90.34762], [42.39045, -90.347605], [42.390448, -90.347591], [42.39045, -90.347572], [42.390453, -90.34756], [42.390459, -90.347548], [42.39047, -90.347534], [42.390482, -90.347524], [42.390494, -90.347516], [42.390506, -90.347511], [42.390517, -90.347509], [42.390531, -90.347508], [42.390541, -90.347507], [42.390557, -90.347505], [42.39057, -90.347507], [42.390582, -90.347509], [42.390595, -90.347512], [42.390609, -90.347516], [42.390623, -90.347522], [42.390635, -90.347527], [42.390645, -90.347533], [42.390656, -90.347541], [42.390665, -90.347551], [42.390674, -90.347563], [42.390681, -90.347574], [42.390688, -90.347589], [42.390692, -90.34761], [42.390693, -90.347629], [42.390689, -90.347651]]}, "9": {"path": [[42.390331, -90.3438], [42.389763, -90.341013], [42.389618, -90.339491]], "green": [[42.389695, -90.339509], [42.389698, -90.339538], [42.389699, -90.339566], [42.389699, -90.339591], [42.389695, -90.339606], [42.389689, -90.339622], [42.389682, -90.339631], [42.389674, -90.339642], [42.389662, -90.339653], [42.389649, -90.339661], [42.389635, -90.339661], [42.389623, -90.33966], [42.389608, -90.339656], [42.389592, -90.339649], [42.389582, -90.339636], [42.389572, -90.339624], [42.38956, -90.339601], [42.389552, -90.339575], [42.389546, -90.339543], [42.38954, -90.339519], [42.389537, -90.339494], [42.389534, -90.339472], [42.389534, -90.339452], [42.389536, -90.339436], [42.389537, -90.339419], [42.38954, -90.339404], [42.389546, -90.339388], [42.389551, -90.339374], [42.38956, -90.339356], [42.38957, -90.339343], [42.389581, -90.339334], [42.389597, -90.339328], [42.389611, -90.339325], [42.389621, -90.339327], [42.389632, -90.33933], [42.389643, -90.339337], [42.389651, -90.339346], [42.38966, -90.339359], [42.389667, -90.339375], [42.389674, -90.339397], [42.38968, -90.339422], [42.389686, -90.339451], [42.389692, -90.33948], [42.389695, -90.339509]]}, "12": {"path": [[42.387839, -90.338042], [42.385832, -90.335295]], "green": [[42.385891, -90.335417], [42.385867, -90.335422], [42.385846, -90.335423], [42.385818, -90.335422], [42.385796, -90.335416], [42.385774, -90.335406], [42.385755, -90.335394], [42.385738, -90.335373], [42.385724, -90.335344], [42.385718, -90.335316], [42.385712, -90.335287], [42.385711, -90.335261], [42.385712, -90.335233], [42.38572, -90.335209], [42.385727, -90.335189], [42.385738, -90.335174], [42.385751, -90.335159], [42.38577, -90.33515], [42.385786, -90.335151], [42.385805, -90.335158], [42.385823, -90.335164], [42.385838, -90.335173], [42.385854, -90.335184], [42.385868, -90.335194], [42.385878, -90.335206], [42.385891, -90.335221], [42.385901, -90.335238], [42.385909, -90.335258], [42.385915, -90.335275], [42.385918, -90.335287], [42.385921, -90.335304], [42.385922, -90.335321], [42.385922, -90.335335], [42.385921, -90.335352], [42.385919, -90.335365], [42.385915, -90.335379], [42.385911, -90.335388], [42.385906, -90.335403], [42.385899, -90.335414], [42.385891, -90.335417]]}}}