{"holes": {"1": {"path": [[41.272519, -88.198495], [41.274254, -88.196888], [41.27496, -88.195444], [41.275195, -88.194704]], "green": [[41.275282, -88.19468], [41.275281, -88.194659], [41.275278, -88.194631], [41.275273, -88.194611], [41.275266, -88.194594], [41.275255, -88.19458], [41.275245, -88.194572], [41.275233, -88.194566], [41.275218, -88.194561], [41.275204, -88.194561], [41.27519, -88.194566], [41.27518, -88.194569], [41.275166, -88.194578], [41.275155, -88.194591], [41.275142, -88.194607], [41.275137, -88.194616], [41.27513, -88.194629], [41.275121, -88.194643], [41.275114, -88.194657], [41.275107, -88.194673], [41.275102, -88.19469], [41.275099, -88.194708], [41.275098, -88.194725], [41.275103, -88.194745], [41.275106, -88.194762], [41.275114, -88.194779], [41.275123, -88.194797], [41.275131, -88.19481], [41.27514, -88.194822], [41.27515, -88.194831], [41.275164, -88.194841], [41.275181, -88.194844], [41.275196, -88.194845], [41.275209, -88.194844], [41.275224, -88.19484], [41.275237, -88.194834], [41.275245, -88.194823], [41.275253, -88.194813], [41.275263, -88.194797], [41.275268, -88.194781], [41.275273, -88.194762], [41.275278, -88.194748], [41.275282, -88.194724], [41.275282, -88.194703], [41.275282, -88.19468]]}, "2": {"path": [[41.275616, -88.194693], [41.277719, -88.192135], [41.278102, -88.191289], [41.278377, -88.190098]], "green": [[41.278406, -88.190233], [41.278419, -88.190227], [41.278432, -88.190216], [41.278441, -88.190205], [41.27845, -88.190178], [41.278453, -88.190167], [41.278458, -88.190135], [41.278461, -88.190124], [41.278462, -88.190109], [41.278458, -88.190083], [41.278455, -88.190065], [41.278447, -88.190046], [41.27844, -88.19003], [41.278426, -88.190003], [41.278419, -88.189996], [41.278411, -88.189989], [41.278399, -88.189983], [41.278392, -88.189981], [41.278377, -88.189977], [41.278361, -88.189977], [41.278346, -88.189978], [41.278336, -88.189982], [41.278329, -88.189987], [41.278318, -88.189997], [41.278311, -88.190008], [41.278299, -88.190027], [41.278297, -88.190042], [41.278295, -88.19006], [41.27829, -88.190079], [41.278288, -88.190102], [41.27829, -88.190125], [41.278293, -88.190154], [41.278301, -88.190179], [41.278311, -88.19021], [41.278323, -88.190228], [41.278347, -88.190238], [41.278371, -88.190243], [41.278393, -88.190241], [41.278406, -88.190233]]}, "3": {"path": [[41.277963, -88.189254], [41.279289, -88.188272]], "green": [[41.279376, -88.188202], [41.279371, -88.188191], [41.279359, -88.188185], [41.27935, -88.188177], [41.279342, -88.188173], [41.27933, -88.188171], [41.27932, -88.188169], [41.279309, -88.188167], [41.279287, -88.188172], [41.279271, -88.188177], [41.27926, -88.188184], [41.279252, -88.188193], [41.279243, -88.188202], [41.279232, -88.188216], [41.279223, -88.188226], [41.279216, -88.18824], [41.279206, -88.188257], [41.279201, -88.188272], [41.279198, -88.188287], [41.279196, -88.188307], [41.279196, -88.188322], [41.279202, -88.188336], [41.279207, -88.188354], [41.279215, -88.188363], [41.279222, -88.188373], [41.279232, -88.188384], [41.279246, -88.188385], [41.27926, -88.188387], [41.279273, -88.188389], [41.279289, -88.188391], [41.279306, -88.188383], [41.279325, -88.188372], [41.279343, -88.188358], [41.279358, -88.188344], [41.27937, -88.188324], [41.279374, -88.188306], [41.27938, -88.188283], [41.279382, -88.188265], [41.279384, -88.188234], [41.27938, -88.188217], [41.279376, -88.188202]]}, "4": {"path": [[41.280423, -88.187983], [41.281582, -88.186654], [41.282246, -88.185287]], "green": [[41.282295, -88.185363], [41.282304, -88.185343], [41.282314, -88.185329], [41.282321, -88.185309], [41.282322, -88.185285], [41.282324, -88.185264], [41.282321, -88.185243], [41.282315, -88.185229], [41.282296, -88.185199], [41.282281, -88.185181], [41.282268, -88.185171], [41.282257, -88.185165], [41.282239, -88.185165], [41.282226, -88.185165], [41.282199, -88.185192], [41.282192, -88.185202], [41.282181, -88.185224], [41.282169, -88.185245], [41.28216, -88.18527], [41.282159, -88.185302], [41.282162, -88.185325], [41.282173, -88.185351], [41.282182, -88.18537], [41.282192, -88.185387], [41.282208, -88.185396], [41.282222, -88.1854], [41.282247, -88.185396], [41.282266, -88.185392], [41.282284, -88.185383], [41.282295, -88.185363]]}, "5": {"path": [[41.282383, -88.185909], [41.282057, -88.187774], [41.28124, -88.188883]], "green": [[41.281339, -88.188881], [41.281333, -88.188866], [41.281327, -88.188849], [41.281323, -88.188838], [41.28131, -88.18882], [41.281299, -88.188805], [41.281286, -88.188789], [41.281272, -88.188776], [41.281256, -88.188766], [41.281239, -88.188762], [41.281222, -88.188762], [41.281209, -88.188764], [41.281199, -88.188771], [41.281185, -88.188784], [41.281176, -88.188792], [41.281166, -88.188807], [41.28116, -88.188822], [41.281154, -88.188838], [41.28115, -88.188855], [41.281148, -88.188871], [41.281147, -88.188896], [41.28115, -88.188918], [41.281151, -88.188932], [41.281158, -88.188946], [41.281166, -88.188962], [41.281177, -88.188974], [41.281191, -88.188984], [41.281205, -88.188992], [41.281219, -88.188995], [41.281238, -88.188999], [41.28126, -88.189001], [41.281278, -88.188997], [41.281291, -88.18899], [41.281306, -88.18898], [41.281318, -88.188969], [41.28133, -88.188947], [41.281338, -88.18893], [41.281341, -88.188907], [41.281339, -88.188881]]}, "6": {"path": [[41.28065, -88.189938], [41.279725, -88.188857]], "green": [[41.279814, -88.188882], [41.279816, -88.188868], [41.279818, -88.188855], [41.279817, -88.188839], [41.279815, -88.188826], [41.27981, -88.188809], [41.279806, -88.188795], [41.279798, -88.188781], [41.279791, -88.18877], [41.27977, -88.188748], [41.279759, -88.188741], [41.279749, -88.188736], [41.279738, -88.188729], [41.279725, -88.188724], [41.279697, -88.188715], [41.279689, -88.188715], [41.279677, -88.18872], [41.279662, -88.188728], [41.279654, -88.188743], [41.279644, -88.188758], [41.279641, -88.188773], [41.279635, -88.188794], [41.279633, -88.188809], [41.279633, -88.188831], [41.27963, -88.188857], [41.279634, -88.18888], [41.279635, -88.188909], [41.279643, -88.188929], [41.279649, -88.188945], [41.279652, -88.188957], [41.279663, -88.188965], [41.279677, -88.188973], [41.279687, -88.188982], [41.279696, -88.188986], [41.27971, -88.188986], [41.279721, -88.188988], [41.279733, -88.188988], [41.279751, -88.188982], [41.279764, -88.188975], [41.279777, -88.188966], [41.279787, -88.188952], [41.279796, -88.188937], [41.279804, -88.188924], [41.279811, -88.188907], [41.279814, -88.188882]]}, "7": {"path": [[41.279246, -88.189055], [41.27932, -88.191345], [41.278433, -88.192583]], "green": [[41.278506, -88.192637], [41.278515, -88.192624], [41.278519, -88.192611], [41.278522, -88.192597], [41.27852, -88.192578], [41.278521, -88.19256], [41.278518, -88.192541], [41.278513, -88.192529], [41.27851, -88.192515], [41.278503, -88.192504], [41.278492, -88.192494], [41.278482, -88.192482], [41.278472, -88.192477], [41.278459, -88.192469], [41.278447, -88.192465], [41.278433, -88.192463], [41.278421, -88.192464], [41.278409, -88.19247], [41.2784, -88.192475], [41.278386, -88.192488], [41.278379, -88.192499], [41.27837, -88.192515], [41.278362, -88.192532], [41.278357, -88.192548], [41.278352, -88.192564], [41.278346, -88.192582], [41.278345, -88.192599], [41.278345, -88.192619], [41.278345, -88.192635], [41.278346, -88.192655], [41.27835, -88.192667], [41.278359, -88.192684], [41.278368, -88.192701], [41.27838, -88.192712], [41.278394, -88.192717], [41.278409, -88.192723], [41.278431, -88.192715], [41.278445, -88.192707], [41.278461, -88.192698], [41.278476, -88.192683], [41.278492, -88.192664], [41.278506, -88.192637]]}, "8": {"path": [[41.278259, -88.19311], [41.276629, -88.194661], [41.275661, -88.195744]],