{"holes": {"1": {"path": [[42.241912, -87.84245], [42.24277, -87.845315], [42.244205, -87.846886]], "green": [[42.244314, -87.846971], [42.244303, -87.847005], [42.244283, -87.847024], [42.244248, -87.847048], [42.244207, -87.84705], [42.244171, -87.847032], [42.244138, -87.847005], [42.244113, -87.846967], [42.244089, -87.84692], [42.244072, -87.846871], [42.244072, -87.846828], [42.24408, -87.846785], [42.244093, -87.846761], [42.244114, -87.846734], [42.244147, -87.846726], [42.244177, -87.846734], [42.244207, -87.846753], [42.244239, -87.846775], [42.244271, -87.846801], [42.244298, -87.846826], [42.244316, -87.846858], [42.244324, -87.846893], [42.244322, -87.846933], [42.244314, -87.846971]]}, "2": {"path": [[42.244193, -87.847201], [42.243144, -87.849771], [42.242454, -87.850934]], "green": [[42.242563, -87.850887], [42.242551, -87.850928], [42.242533, -87.850975], [42.242525, -87.851018], [42.242519, -87.851062], [42.242511, -87.851094], [42.242489, -87.851117], [42.242458, -87.851126], [42.242422, -87.851121], [42.242389, -87.851104], [42.24236, -87.851075], [42.242338, -87.851037], [42.242322, -87.850989], [42.242318, -87.850946], [42.242329, -87.850903], [42.242344, -87.850865], [42.242367, -87.850831], [42.242391, -87.850814], [42.242426, -87.850799], [42.242453, -87.850778], [42.242475, -87.850754], [42.242503, -87.85075], [42.242527, -87.850769], [42.242551, -87.850801], [42.242565, -87.850845], [42.242563, -87.850887]]}, "3": {"path": [[42.243019, -87.850933], [42.241407, -87.852816], [42.240891, -87.854972], [42.240613, -87.855453]], "green": [[42.240737, -87.855337], [42.240747, -87.855368], [42.240747, -87.855405], [42.240732, -87.85545], [42.240704, -87.855488], [42.240666, -87.855507], [42.240637, -87.855534], [42.240607, -87.855571], [42.240576, -87.855616], [42.240548, -87.855633], [42.240511, -87.855635], [42.240485, -87.855609], [42.240469, -87.855568], [42.240465, -87.855512], [42.240475, -87.855461], [42.240496, -87.855412], [42.240523, -87.855373], [42.240561, -87.855346], [42.240607, -87.855324], [42.240651, -87.85531], [42.24069, -87.855303], [42.240718, -87.855311], [42.240737, -87.855337]]}, "4": {"path": [[42.240692, -87.856061], [42.24269, -87.852324]], "green": [[42.242721, -87.85214], [42.242743, -87.852149], [42.242769, -87.852167], [42.242792, -87.852191], [42.242817, -87.852228], [42.24283, -87.852257], [42.242837, -87.85229], [42.242836, -87.852332], [42.242821, -87.852378], [42.2428, -87.852415], [42.242773, -87.852445], [42.24274, -87.852474], [42.24271, -87.852493], [42.242672, -87.852507], [42.242639, -87.852517], [42.242609, -87.852518], [42.242579, -87.852504], [42.242558, -87.85248], [42.242549, -87.852449], [42.24255, -87.852408], [42.242562, -87.852376], [42.242582, -87.852348], [42.242601, -87.852321], [42.242613, -87.852281], [42.242621, -87.852242], [42.242633, -87.852204], [42.242652, -87.852173], [42.242674, -87.852154], [42.242693, -87.85214], [42.242721, -87.85214]]}, "5": {"path": [[42.24292, -87.851389], [42.243374, -87.853204]], "green": [[42.243438, -87.853159], [42.243456, -87.853184], [42.24347, -87.853221], [42.243472, -87.853264], [42.243463, -87.853296], [42.243442, -87.853331], [42.243409, -87.853357], [42.243374, -87.853371], [42.24334, -87.853373], [42.243314, -87.85336], [42.243295, -87.853329], [42.243285, -87.85328], [42.243287, -87.853223], [42.24329, -87.853165], [42.24329, -87.853114], [42.243295, -87.853068], [42.243314, -87.853047], [42.243342, -87.853041], [42.243367, -87.85305], [42.243391, -87.853071], [42.243413, -87.8531], [42.243423, -87.85313], [42.243438, -87.853159]]}, "6": {"path": [[42.242838, -87.852836], [42.243781, -87.855241], [42.244576, -87.856069]], "green": [[42.244542, -87.855951], [42.244573, -87.855946], [42.244608, -87.855957], [42.244646, -87.855982], [42.244681, -87.85602], [42.244699, -87.856059], [42.244699, -87.856111], [42.244685, -87.856147], [42.244659, -87.856181], [42.244628, -87.8562], [42.244587, -87.856211], [42.244556, -87.856204], [42.244522, -87.856179], [42.24449, -87.856152], [42.244468, -87.856112], [42.244458, -87.856058], [42.244466, -87.856014], [42.244487, -87.855982], [42.244514, -87.855963], [42.244542, -87.855951]]}, "7": {"path": [[42.244663, -87.855484], [42.243889, -87.853266], [42.244191, -87.851132]], "green": [[42.244091, -87.851071], [42.244103, -87.851022], [42.244128, -87.850973], [42.244153, -87.850931], [42.244181, -87.850921], [42.244209, -87.850939], [42.244229, -87.850971], [42.244257, -87.85102], [42.244282, -87.851077], [42.244299, -87.851124], [42.244309, -87.851172], [42.244305, -87.851215], [42.244294, -87.851255], [42.244273, -87.851289], [42.244247, -87.851312], [42.244214, -87.851322], [42.244186, -87.851308], [42.244156, -87.851282], [42.244125, -87.851252], [42.244101, -87.851214], [42.244084, -87.851174], [42.244084, -87.851123], [42.244091, -87.851071]]}, "8": {"path": [[42.24317, -87.851659], [42.24421, -87.848913], [42.244468, -87.847324]], "green": [[42.244562, -87.847161], [42.244582, -87.847187], [42.244592, -87.847223], [42.244585, -87.847278], [42.244566, -87.847338], [42.244538, -87.847394], [42.244519, -87.847445], [42.2445, -87.84749], [42.244473, -87.84752], [42.244445, -87.847531], [42.244419, -87.847528], [42.244394, -87.847509], [42.244373, -87.847477], [42.244361, -87.847445], [42.244354, -87.847391], [42.244348, -87.847335], [42.244353, -87.847286], [42.24437, -87.847243], [42.244399, -87.847207], [42.244429, -87.847177], [42.244464, -87.847158], [42.244505, -87.847144], [42.24454, -87.847145], [42.244562, -87.847161]]}, "9": {"path": [[42.244556, -87.846709], [42.243681, -87.844906], [42.243545, -87.84481]], "green": [[42.243591, -87.844711], [42.243628, -87.844734], [42.243659, -87.844762], [42.243678, -87.844811], [42.243676, -87.844856], [42.243656, -87.844903], [42.243627, -87.844932], [42.243598, -87.844942], [42.243575, -87.844937], [42.24355, -87.844909], [42.243511, -87.844887], [42.24347, -87.844875], [42.243436, -87.844859], [42.243416, -87.844838], [42.243402, -87.844795], [42.243408, -87.844762], [42.243436, -87.844725], [42.243475, -87.844691], [42.243507, -87.84468], [42.243549, -87.844688], [42.243591, -87.844711]]}, "10": {"path": [[42.24474, -87.842654], [42.244819, -87.848685]], "green": [[42.244759, -87.848554], [42.244782, -87.848527], [42.244813, -87.848503], [42.244842, -87.848496], [42.244872, -87.8485], [42.244897, -87.848517], [42.244919, -87.848546], [42.244937, -87.848577], [42.244952, -87.848616], [42.244958, -87.848651], [42.244958, -87.848692], [42.244952, -87.848734], [42.244942, -87.848771], [42.24492, -87.848805], [42.244893, -87.848832], [42.244858, -87.848859], [42.24482, -87.848879], [42.244779, -87.848887], [42.244742, -87.848877], [42.244708, -87.84886], [42.244684, -87.848832], [42.244673, -87.848787], [42.244672, -87.848742], [42.244681, -87.848702], [42.244698, -87.848667], [42.244724, -87.848628], [42.244741, -87.84859], [42.244759, -87.848554]]}, "11": {"path": [[42.245128, -87.848736], [42.24444, -87.850799]], "green": [[42.244556, -87.850689], [42.244555, -87.850724], [42.24454, -87.850767], [42.244529, -87.85081], [42.24452, -87.850859], [42.244516, -87.85092], [42.244506, -87.850965], [42.244485, -87.850995], [42.244452, -87.851011], [42.244417, -87.851012], [42.244388, -87.850989], [42.244354, -87.850952], [42.244327, -87.850917], [42.244305, -87.850881], [42.24429, -87.850838], [42.244294, -87.850804], [42.244309, -87.850774], [42.244326, -87.850756], [42.244357, -87.850752], [42.244386, -87.850741], [42.244412, -87.850718], [42.244431, -87.850682], [42.244452, -87.850639], [42.244476, -87.850612], [42.244507, -87.850609], [42.244531, -87.850618], [42.244552, -87.850649], [42.244556, -87.850689]]}, "12": {"path": [[42.244521, -87.851368], [42.244898, -87.854265], [42.244988, -87.85631]],