{"holes": {"1": {"path": [[40.625004, -89.720964], [40.626577, -89.72125], [40.627673, -89.720838]], "green": [[40.627811, -89.720963], [40.627871, -89.720887], [40.627917, -89.720832], [40.627944, -89.720788], [40.627937, -89.720732], [40.627909, -89.720684], [40.627877, -89.720666], [40.627845, -89.72067], [40.627809, -89.720698], [40.627781, -89.720738], [40.627769, -89.72077], [40.627765, -89.720809], [40.62776, -89.720841], [40.627749, -89.720882], [40.627727, -89.7209], [40.627701, -89.720905], [40.627679, -89.720887], [40.627665, -89.720861], [40.627665, -89.720826], [40.627641, -89.720788], [40.6276, -89.72076], [40.627575, -89.720721], [40.627559, -89.720695], [40.627515, -89.720697], [40.627474, -89.720722], [40.627434, -89.72076], [40.627395, -89.720802], [40.627374, -89.720815], [40.627371, -89.720853], [40.627392, -89.720904], [40.627418, -89.720923], [40.627445, -89.720935], [40.62751, -89.720932], [40.627591, -89.72094], [40.627658, -89.720944], [40.627685, -89.720976], [40.627716, -89.721015], [40.627762, -89.721022], [40.627794, -89.720998], [40.627811, -89.720963]]}, "2": {"path": [[40.627539, -89.719535], [40.630039, -89.719609], [40.63091, -89.718861]], "green": [[40.631009, -89.718893], [40.631007, -89.718933], [40.630995, -89.718968], [40.630981, -89.719003], [40.63096, -89.719021], [40.630934, -89.719025], [40.630923, -89.719014], [40.630895, -89.718972], [40.630871, -89.718938], [40.630834, -89.718901], [40.630806, -89.718872], [40.630792, -89.718838], [40.630792, -89.718806], [40.630803, -89.718764], [40.63082, -89.718733], [40.630849, -89.718702], [40.630878, -89.718693], [40.630909, -89.718706], [40.630919, -89.718724], [40.630931, -89.718775], [40.630951, -89.718811], [40.630976, -89.718827], [40.631, -89.718859], [40.631009, -89.718893]]}, "3": {"path": [[40.631087, -89.719127], [40.630734, -89.724983]], "green": [[40.630809, -89.725077], [40.630821, -89.724953], [40.630812, -89.724863], [40.630805, -89.724838], [40.630779, -89.724811], [40.630758, -89.724809], [40.630707, -89.724823], [40.630663, -89.724875], [40.630634, -89.724915], [40.630634, -89.725006], [40.630631, -89.725089], [40.630648, -89.72514], [40.630696, -89.725172], [40.630756, -89.725157], [40.630789, -89.725125], [40.630809, -89.725077]]}, "4": {"path": [[40.631048, -89.725078], [40.630951, -89.728377]], "green": [[40.630968, -89.728413], [40.630976, -89.728404], [40.630986, -89.7284], [40.630996, -89.728397], [40.631006, -89.728395], [40.631016, -89.728393], [40.631026, -89.728391], [40.631037, -89.728389], [40.631042, -89.728377], [40.631047, -89.728366], [40.631049, -89.728353], [40.631049, -89.72834], [40.631045, -89.728328], [40.631042, -89.728315], [40.631033, -89.728306], [40.631022, -89.728304], [40.631013, -89.728302], [40.631002, -89.728298], [40.630992, -89.728294], [40.630981, -89.728293], [40.630972, -89.728293], [40.630961, -89.728294], [40.630951, -89.728294], [40.630941, -89.728292], [40.63093, -89.728292], [40.63092, -89.728292], [40.630909, -89.728292], [40.630899, -89.728294], [40.630891, -89.728303], [40.630885, -89.728314], [40.630882, -89.728328], [40.630881, -89.728344], [40.630878, -89.728358], [40.630875, -89.728371], [40.630872, -89.728385], [40.63087, -89.728399], [40.630869, -89.728421], [40.630868, -89.728435], [40.630868, -89.728448], [40.630871, -89.728463], [40.630881, -89.728473], [40.63089, -89.728478], [40.630897, -89.728489], [40.630907, -89.728494], [40.630917, -89.728491], [40.630927, -89.728486], [40.630934, -89.728477], [40.630939, -89.728465], [40.630944, -89.728453], [40.630949, -89.72844], [40.630956, -89.728429], [40.630962, -89.728418], [40.630968, -89.728413]]}, "5": {"path": [[40.630293, -89.727472], [40.630214, -89.723777]], "green": [[40.630202, -89.723939], [40.630222, -89.72394], [40.630242, -89.723935], [40.63026, -89.723917], [40.630275, -89.723899], [40.630284, -89.723875], [40.630287, -89.723848], [40.630291, -89.723822], [40.630291, -89.723795], [40.630283, -89.723767], [40.630276, -89.723743], [40.630265, -89.723719], [40.630254, -89.723695], [40.630242, -89.723675], [40.630236, -89.723648], [40.630228, -89.723624], [40.630211, -89.723609], [40.630193, -89.723597], [40.630173, -89.723602], [40.630156, -89.723619], [40.630155, -89.723645], [40.630158, -89.723675], [40.630158, -89.723704], [40.630162, -89.723734], [40.630162, -89.723761], [40.63016, -89.723789], [40.630159, -89.723816], [40.630157, -89.723844], [40.630156, -89.723875], [40.630167, -89.7239], [40.63018, -89.723922], [40.630202, -89.723939]]}, "6": {"path": [[40.630218, -89.722832], [40.630239, -89.721369]], "green": [[40.630291, -89.721432], [40.630325, -89.721389], [40.630347, -89.721353], [40.630358, -89.721306], [40.630355, -89.721272], [40.630333, -89.721234], [40.630308, -89.721222], [40.630269, -89.721236], [40.630238, -89.721249], [40.630202, -89.721253], [40.630172, -89.721269], [40.630153, -89.721286], [40.63014, -89.721319], [40.630135, -89.721382], [40.630137, -89.721439], [40.630144, -89.721507], [40.630162, -89.721547], [40.630189, -89.721559], [40.630218, -89.721551], [40.630252, -89.721505], [40.630291, -89.721432]]}, "7": {"path": [[40.630236, -89.720478], [40.627673, -89.720838]], "green": [[40.627811, -89.720963], [40.627871, -89.720887], [40.627917, -89.720832], [40.627944, -89.720788], [40.627937, -89.720732], [40.627909, -89.720684], [40.627877, -89.720666], [40.627845, -89.72067], [40.627809, -89.720698], [40.627781, -89.720738], [40.627769, -89.72077], [40.627765, -89.720809], [40.62776, -89.720841], [40.627749, -89.720882], [40.627727, -89.7209], [40.627701, -89.720905], [40.627679, -89.720887], [40.627665, -89.720861], [40.627665, -89.720826], [40.627641, -89.720788], [40.6276, -89.72076], [40.627575, -89.720721], [40.627559, -89.720695], [40.627515, -89.720697], [40.627474, -89.720722], [40.627434, -89.72076], [40.627395, -89.720802], [40.627374, -89.720815], [40.627371, -89.720853], [40.627392, -89.720904], [40.627418, -89.720923], [40.627445, -89.720935], [40.62751, -89.720932], [40.627591, -89.72094], [40.627658, -89.720944], [40.627685, -89.720976], [40.627716, -89.721015], [40.627762, -89.721022], [40.627794, -89.720998], [40.627811, -89.720963]]}, "8": {"path": [[40.627068, -89.72191], [40.627237, -89.723985], [40.627196, -89.724671]], "green": [[40.627205, -89.724811], [40.627244, -89.724756], [40.627289, -89.724712], [40.62732, -89.724686], [40.627339, -89.72462], [40.627327, -89.724574], [40.627296, -89.724543], [40.627257, -89.724539], [40.627223, -89.724556], [40.627175, -89.724605], [40.627121, -89.72461], [40.627085, -89.724615], [40.627056, -89.724638], [40.627046, -89.72467], [40.627052, -89.72471], [40.627123, -89.724797], [40.627166, -89.724824], [40.627205, -89.724811]]}, "9": {"path": [[40.627022, -89.726741], [40.626508, -89.723157], [40.6265, -89.722]], "green": [[40.626556, -89.722156], [40.626584, -89.722129], [40.626602, -89.722088], [40.626602, -89.722052], [40.626604, -89.722014], [40.626607, -89.721956], [40.626597, -89.721914], [40.62655, -89.721859], [40.626509, -89.721822], [40.626475, -89.721821], [40.626459, -89.721831], [40.626437, -89.721865], [40.626419, -89.721896], [40.626404, -89.721913], [40.626388, -89.721944], [40.626379, -89.721985], [40.626387, -89.722024], [40.626412, -89.722053], [40.626453, -89.722089], [40.626477, -89.722117], [40.626516, -89.722152], [40.626537, -89.722161], [40.626556, -89.722156]]}, "10": {"path": [[40.626158, -89.722034], [40.625813, -89.725614], [40.625516, -89.726638]],