{"holes": {"1": {"path": [[38.363572, -90.147597], [38.366554, -90.14792]], "green": [[38.366626, -90.147989], [38.366648, -90.147949], [38.366664, -90.147902], [38.36666, -90.147855], [38.36664, -90.147824], [38.366602, -90.147802], [38.366547, -90.147781], [38.36651, -90.147798], [38.366474, -90.147823], [38.366449, -90.147871], [38.366432, -90.147931], [38.366432, -90.147982], [38.366462, -90.148028], [38.366505, -90.14805], [38.366551, -90.148046], [38.366596, -90.148026], [38.366626, -90.147989]]}, "2": {"path": [[38.366849, -90.148011], [38.367071, -90.146497]], "green": [[38.367137, -90.146496], [38.367159, -90.146461], [38.367158, -90.1464], [38.36714, -90.146367], [38.367101, -90.146346], [38.367065, -90.146344], [38.367024, -90.146371], [38.366979, -90.146414], [38.36696, -90.146467], [38.366953, -90.146517], [38.36696, -90.146568], [38.366988, -90.146609], [38.367015, -90.146643], [38.367058, -90.146646], [38.3671, -90.146625], [38.367127, -90.146593], [38.367142, -90.146559], [38.367137, -90.146521], [38.367137, -90.146496]]}, "3": {"path": [[38.368087, -90.145879], [38.364026, -90.145985]], "green": [[38.364137, -90.146012], [38.364137, -90.145956], [38.364123, -90.145885], [38.364089, -90.145843], [38.36402, -90.145841], [38.363962, -90.145863], [38.363924, -90.145888], [38.363892, -90.145962], [38.363892, -90.146033], [38.363923, -90.146092], [38.363957, -90.146122], [38.364014, -90.146126], [38.364074, -90.146087], [38.364116, -90.146059], [38.364137, -90.146012]]}, "4": {"path": [[38.36387, -90.146383], [38.366615, -90.146814]], "green": [[38.366542, -90.146871], [38.366523, -90.146845], [38.366509, -90.146799], [38.366522, -90.146759], [38.366536, -90.146733], [38.366572, -90.146707], [38.366615, -90.146686], [38.36666, -90.146685], [38.366703, -90.146715], [38.366725, -90.14676], [38.36673, -90.146804], [38.366722, -90.146841], [38.366703, -90.146877], [38.366667, -90.146916], [38.366632, -90.14694], [38.366601, -90.146935], [38.366566, -90.146904], [38.366542, -90.146871]]}, "5": {"path": [[38.366692, -90.147331], [38.363836, -90.147051]], "green": [[38.363893, -90.147104], [38.363928, -90.147086], [38.363942, -90.14705], [38.363949, -90.146999], [38.363934, -90.146956], [38.363918, -90.14693], [38.363885, -90.14693], [38.363863, -90.146923], [38.363827, -90.146914], [38.363794, -90.14693], [38.363776, -90.146957], [38.363773, -90.146997], [38.363765, -90.147041], [38.36374, -90.147079], [38.363723, -90.147116], [38.363731, -90.147158], [38.363755, -90.147181], [38.363794, -90.147185], [38.363814, -90.147176], [38.363834, -90.147144], [38.363841, -90.147111], [38.363856, -90.147098], [38.363893, -90.147104]]}, "6": {"path": [[38.363513, -90.148012], [38.361581, -90.146989]], "green": [[38.361496, -90.146984], [38.361514, -90.146956], [38.361522, -90.146912], [38.361553, -90.146879], [38.361588, -90.146864], [38.361629, -90.146872], [38.36165, -90.146889], [38.361659, -90.146923], [38.36166, -90.146983], [38.361667, -90.147019], [38.361657, -90.14707], [38.361639, -90.147098], [38.361614, -90.14711], [38.361575, -90.14709], [38.36154, -90.147081], [38.361502, -90.147063], [38.36149, -90.147025], [38.361496, -90.146984]]}, "7": {"path": [[38.361378, -90.147188], [38.361748, -90.149795]], "green": [[38.36178, -90.149788], [38.36179, -90.149714], [38.361798, -90.149651], [38.361779, -90.14957], [38.361743, -90.149547], [38.36171, -90.149564], [38.361696, -90.149592], [38.361696, -90.14964], [38.361693, -90.14969], [38.361677, -90.14971], [38.361667, -90.149746], [38.361662, -90.149788], [38.361679, -90.149871], [38.361705, -90.149953], [38.361733, -90.150006], [38.36177, -90.15004], [38.361813, -90.150044], [38.361833, -90.150015], [38.361841, -90.149971], [38.361823, -90.149923], [38.361799, -90.149869], [38.36178, -90.149788]]}, "8": {"path": [[38.361391, -90.150282], [38.363287, -90.150141]], "green": [[38.363366, -90.150156], [38.36336, -90.150092], [38.363333, -90.150021], [38.363268, -90.150011], [38.363221, -90.150044], [38.363193, -90.150101], [38.363189, -90.150156], [38.363215, -90.150218], [38.363262, -90.15026], [38.363315, -90.150259], [38.363353, -90.150218], [38.363366, -90.150156]]}, "9": {"path": [[38.363403, -90.149779], [38.362631, -90.148362]], "green": [[38.362767, -90.148437], [38.362724, -90.14849], [38.362661, -90.148502], [38.362614, -90.148468], [38.362595, -90.148435], [38.36255, -90.148437], [38.362516, -90.148411], [38.36248, -90.148358], [38.362482, -90.148296], [38.362496, -90.148252], [38.362551, -90.148225], [38.362595, -90.148224], [38.362627, -90.148264], [38.36265, -90.148308], [38.362682, -90.148315], [38.362706, -90.148307], [38.362748, -90.148329], [38.362771, -90.148379], [38.362767, -90.148437]]}}}