{"holes": {"1": {"path": [[47.298817, -101.591635], [47.295702, -101.593046]], "green": [[47.295769, -101.593135], [47.295755, -101.593153], [47.295739, -101.593167], [47.295717, -101.593176], [47.295685, -101.593178], [47.295661, -101.593167], [47.295639, -101.593148], [47.295621, -101.593117], [47.29561, -101.593087], [47.295601, -101.593052], [47.295602, -101.593013], [47.295611, -101.592975], [47.295627, -101.592948], [47.295644, -101.592928], [47.295664, -101.592912], [47.295689, -101.592905], [47.295714, -101.592906], [47.295737, -101.592918], [47.295761, -101.592936], [47.29578, -101.592965], [47.295791, -101.592996], [47.295796, -101.593037], [47.295793, -101.593081], [47.295782, -101.593113], [47.295769, -101.593135]]}, "3": {"path": [[47.298902, -101.593817], [47.298349, -101.595184]], "green": [[47.298416, -101.595297], [47.298408, -101.595311], [47.298394, -101.595326], [47.298375, -101.595337], [47.29835, -101.595337], [47.298319, -101.59531], [47.298299, -101.595285], [47.298281, -101.595251], [47.298269, -101.595219], [47.298258, -101.595186], [47.298254, -101.595146], [47.298255, -101.595109], [47.29826, -101.595088], [47.298271, -101.595067], [47.298286, -101.595052], [47.298303, -101.595043], [47.298321, -101.595037], [47.29834, -101.595035], [47.29836, -101.595046], [47.29838, -101.595065], [47.298398, -101.595092], [47.298412, -101.595118], [47.298424, -101.595152], [47.298431, -101.595183], [47.298434, -101.595219], [47.298432, -101.595255], [47.298425, -101.59528], [47.298416, -101.595297]]}, "4": {"path": [[47.295675, -101.59479], [47.297218, -101.594007], [47.298406, -101.594138]], "green": [[47.295782, -101.595473], [47.295772, -101.595512], [47.295759, -101.595537], [47.295742, -101.595554], [47.295725, -101.595566], [47.2957, -101.595576], [47.29567, -101.59557], [47.295648, -101.59556], [47.295631, -101.595537], [47.295617, -101.595501], [47.295616, -101.595466], [47.295622, -101.59542], [47.29563, -101.595369], [47.295635, -101.595316], [47.29564, -101.595266], [47.295644, -101.595231], [47.295657, -101.5952], [47.295675, -101.595175], [47.295697, -101.595159], [47.295719, -101.595153], [47.295741, -101.595153], [47.295763, -101.595158], [47.295785, -101.595174], [47.295796, -101.595194], [47.295806, -101.595234], [47.295805, -101.595297], [47.2958, -101.595386], [47.295791, -101.595438], [47.295782, -101.595473]]}, "5": {"path": [[47.29543, -101.595842], [47.293602, -101.595882]], "green": [[47.29368, -101.59591], [47.293678, -101.595929], [47.293673, -101.595956], [47.293662, -101.595994], [47.293649, -101.59602], [47.293629, -101.596047], [47.293608, -101.596058], [47.293585, -101.596062], [47.293559, -101.596062], [47.293539, -101.596056], [47.293518, -101.596036], [47.293504, -101.596017], [47.293493, -101.595995], [47.293488, -101.595969], [47.293485, -101.59594], [47.293487, -101.595913], [47.293497, -101.595873], [47.293526, -101.5958], [47.293558, -101.595731], [47.293581, -101.595699], [47.293598, -101.595685], [47.293622, -101.595679], [47.29364, -101.595681], [47.293651, -101.595687], [47.293663, -101.595698], [47.293675, -101.59572], [47.293684, -101.595745], [47.293687, -101.595776], [47.293687, -101.595833], [47.293684, -101.595875], [47.29368, -101.59591]]}, "9": {"path": [[47.295238, -101.59236], [47.298703, -101.590755]], "green": [[47.298786, -101.590805], [47.29878, -101.590821], [47.298768, -101.590842], [47.298746, -101.590865], [47.298724, -101.590873], [47.298703, -101.590868], [47.298672, -101.590846], [47.298653, -101.590828], [47.298629, -101.590803], [47.298614, -101.590783], [47.298601, -101.590755], [47.298598, -101.590714], [47.298608, -101.590671], [47.298627, -101.59064], [47.298654, -101.590625], [47.298675, -101.59062], [47.298703, -101.590629], [47.298731, -101.590651], [47.29876, -101.590677], [47.298778, -101.590712], [47.298789, -101.590754], [47.298791, -101.590782], [47.298786, -101.590805]]}}}