{"holes": {"1": {"path": [[38.850265, -94.514591], [38.852565, -94.513748], [38.853599, -94.513897], [38.854147, -94.514333]], "green": [[38.854149, -94.514439], [38.854095, -94.514407], [38.854077, -94.514394], [38.854058, -94.514378], [38.854048, -94.514368], [38.854037, -94.514354], [38.854029, -94.514341], [38.854017, -94.514314], [38.854012, -94.514301], [38.854009, -94.51428], [38.85401, -94.514267], [38.854016, -94.514239], [38.854022, -94.514226], [38.854031, -94.514212], [38.854045, -94.5142], [38.854057, -94.514193], [38.854077, -94.514186], [38.854093, -94.514187], [38.854149, -94.514218], [38.854183, -94.514238], [38.854209, -94.514251], [38.854219, -94.51426], [38.85423, -94.514274], [38.854239, -94.514289], [38.854245, -94.514302], [38.854251, -94.514318], [38.854255, -94.514331], [38.854259, -94.514354], [38.854261, -94.51437], [38.854261, -94.514387], [38.85426, -94.514401], [38.854256, -94.514417], [38.85425, -94.514435], [38.854247, -94.514442], [38.854236, -94.514453], [38.854229, -94.514462], [38.854218, -94.514466], [38.854201, -94.514468], [38.854178, -94.514458], [38.854149, -94.514439]]}, "2": {"path": [[38.855166, -94.514975], [38.856534, -94.514706]], "green": [[38.856399, -94.514628], [38.856402, -94.514609], [38.856411, -94.514591], [38.856426, -94.514572], [38.856443, -94.514562], [38.85646, -94.514555], [38.856482, -94.514554], [38.856499, -94.514556], [38.856516, -94.514565], [38.856537, -94.514577], [38.85656, -94.514591], [38.856578, -94.514607], [38.856595, -94.514623], [38.856612, -94.514641], [38.856629, -94.51466], [38.85664, -94.514674], [38.856647, -94.514689], [38.856652, -94.514707], [38.856656, -94.514725], [38.85666, -94.514742], [38.85666, -94.514764], [38.85666, -94.514788], [38.856659, -94.514811], [38.856655, -94.514832], [38.856646, -94.514845], [38.856625, -94.514862], [38.856609, -94.514866], [38.856592, -94.51486], [38.85657, -94.514852], [38.856554, -94.514844], [38.856539, -94.514835], [38.856519, -94.514821], [38.856498, -94.514804], [38.856481, -94.514792], [38.856465, -94.51478], [38.856449, -94.514762], [38.856433, -94.514747], [38.856414, -94.514717], [38.856407, -94.514699], [38.8564, -94.514676], [38.856397, -94.514649], [38.856399, -94.514628]]}, "3": {"path": [[38.856987, -94.51755], [38.855074, -94.517122], [38.853518, -94.516595]], "green": [[38.853632, -94.516653], [38.853605, -94.516657], [38.853574, -94.516661], [38.853552, -94.516667], [38.853525, -94.516681], [38.853502, -94.516702], [38.853477, -94.516722], [38.853451, -94.516734], [38.853427, -94.516734], [38.853408, -94.516732], [38.853392, -94.516725], [38.853379, -94.516714], [38.853364, -94.516696], [38.853351, -94.516679], [38.853345, -94.516654], [38.853339, -94.516625], [38.853336, -94.516594], [38.853338, -94.516565], [38.853341, -94.516537], [38.853348, -94.516511], [38.85336, -94.516491], [38.85338, -94.516473], [38.853397, -94.516465], [38.85342, -94.51646], [38.853446, -94.516462], [38.853489, -94.516472], [38.853532, -94.516478], [38.853571, -94.516487], [38.853604, -94.516496], [38.853626, -94.516502], [38.853644, -94.516502], [38.853657, -94.516509], [38.853676, -94.516523], [38.853688, -94.516537], [38.853695, -94.51655], [38.853699, -94.516566], [38.853699, -94.516586], [38.853696, -94.516605], [38.853689, -94.516619], [38.853682, -94.516633], [38.853672, -94.516643], [38.853654, -94.516651], [38.853632, -94.516653]]}, "4": {"path": [[38.851721, -94.517316], [38.850203, -94.517867], [38.849577, -94.51846]], "green": [[38.84947, -94.518412], [38.849483, -94.51839], [38.849504, -94.518366], [38.849525, -94.518352], [38.849543, -94.518339], [38.849564, -94.518329], [38.849582, -94.518327], [38.849606, -94.51833], [38.849627, -94.518334], [38.84964, -94.518345], [38.84966, -94.518363], [38.84969, -94.518394], [38.849703, -94.518422], [38.849709, -94.518433], [38.849714, -94.518464], [38.849718, -94.518483], [38.849711, -94.518516], [38.849702, -94.518532], [38.849681, -94.518561], [38.849668, -94.518568], [38.849643, -94.518576], [38.849629, -94.51858], [38.849604, -94.51858], [38.849576, -94.518577], [38.849551, -94.518572], [38.849521, -94.518563], [38.849496, -94.518554], [38.849477, -94.518543], [38.849462, -94.518531], [38.849454, -94.518515], [38.849448, -94.518494], [38.849448, -94.518468], [38.849452, -94.518445], [38.849459, -94.518429], [38.84947, -94.518412]]}, "5": {"path": [[38.849996, -94.519119], [38.84781, -94.519018], [38.84506, -94.519119]], "green": [[38.844965, -94.519008], [38.844973, -94.518988], [38.844982, -94.518968], [38.845, -94.518949], [38.845017, -94.518938], [38.845041, -94.518938], [38.845063, -94.518944], [38.84508, -94.518958], [38.845097, -94.518976], [38.845112, -94.518993], [38.845132, -94.519012], [38.84515, -94.51903], [38.845168, -94.519052], [38.845186, -94.519073], [38.845194, -94.519092], [38.845194, -94.519119], [38.845188, -94.519145], [38.845175, -94.519169], [38.845162, -94.519186], [38.845146, -94.519209], [38.845129, -94.519233], [38.845115, -94.519255], [38.8451, -94.519279], [38.845082, -94.519301], [38.845064, -94.519313], [38.845041, -94.519318], [38.845024, -94.519313], [38.845004, -94.519298], [38.844985, -94.519278], [38.844971, -94.519253], [38.844962, -94.519226], [38.844952, -94.519191], [38.844949, -94.519152], [38.844949, -94.519114], [38.844951, -94.519075], [38.844956, -94.519039], [38.844965, -94.519008]]}, "6": {"path": [[38.844741, -94.519585], [38.843368, -94.519379]], "green": [[38.843347, -94.519232], [38.84336, -94.519243], [38.843376, -94.519257], [38.843391, -94.519285], [38.843408, -94.519311], [38.843425, -94.519333], [38.843447, -94.519357], [38.843467, -94.519377], [38.84348, -94.519397], [38.843489, -94.519424], [38.843489, -94.519451], [38.843481, -94.519477], [38.843464, -94.519498], [38.843443, -94.519512], [38.843426, -94.519521], [38.843407, -94.519529], [38.843386, -94.519531], [38.843365, -94.519532], [38.843345, -94.519525], [38.843328, -94.519511], [38.843314, -94.519496], [38.843299, -94.519474], [38.843284, -94.519444], [38.84328, -94.519424], [38.843278, -94.519391], [38.84328, -94.519347], [38.843281, -94.519307], [38.843282, -94.519284], [38.843285, -94.51926], [38.843295, -94.519242], [38.843305, -94.519232], [38.84332, -94.519226], [38.843335, -94.519226], [38.843347, -94.519232]]}, "7": {"path": [[38.843343, -94.518773], [38.843223, -94.516273], [38.843888, -94.515447]], "green": [[38.844009, -94.515459], [38.844005, -94.515437], [38.843993, -94.515409], [38.843977, -94.515377], [38.843954, -94.515348], [38.843931, -94.51532], [38.843911, -94.515304], [38.843885, -94.515295], [38.843856, -94.515294], [38.843829, -94.515302], [38.843803, -94.515316], [38.843787, -94.515334], [38.843775, -94.515354], [38.843768, -94.515381], [38.843764, -94.515414], [38.843762, -94.515452], [38.843763, -94.515481], [38.843767, -94.515506], [38.843776, -94.515527], [38.843797, -94.515551], [38.843813, -94.515563], [38.843835, -94.51557], [38.843859, -94.51557], [38.843885, -94.515558], [38.84391, -94.51555], [38.843933, -94.515548], [38.843954, -94.515546], [38.843976, -94.515537], [38.843993, -94.515523], [38.844008, -94.515509], [38.844014, -94.51549], [38.844014, -94.515473], [38.844009, -94.515459]]}, "8": {"path": [[38.844443, -94.515815], [38.846396, -94.513782], [38.846278, -94.512047]],