{"holes": {"1": {"path": [[38.153382, -92.600613], [38.153985, -92.59807], [38.1539, -92.596774]], "green": [[38.153794, -92.596713], [38.15379, -92.59669], [38.153791, -92.596668], [38.153796, -92.596647], [38.153803, -92.596626], [38.153817, -92.596615], [38.153842, -92.596605], [38.153878, -92.596611], [38.153905, -92.596628], [38.153923, -92.596649], [38.153937, -92.596656], [38.153955, -92.596664], [38.15397, -92.596675], [38.153979, -92.596698], [38.153991, -92.596725], [38.154004, -92.596765], [38.154012, -92.596801], [38.154018, -92.596835], [38.154018, -92.596874], [38.154015, -92.596922], [38.154009, -92.596952], [38.153996, -92.596975], [38.153967, -92.596983], [38.15394, -92.596983], [38.15392, -92.596969], [38.153885, -92.596926], [38.15387, -92.596909], [38.153848, -92.596888], [38.153829, -92.596857], [38.153814, -92.596823], [38.153802, -92.59678], [38.153791, -92.59673], [38.153794, -92.596713]]}, "2": {"path": [[38.149529, -92.587006], [38.150668, -92.58754]], "green": [[38.153913, -92.595391], [38.153919, -92.595407], [38.153923, -92.595424], [38.153922, -92.59544], [38.153921, -92.595463], [38.153922, -92.595487], [38.153928, -92.595509], [38.153933, -92.595531], [38.153939, -92.595551], [38.153946, -92.595565], [38.153946, -92.595581], [38.153943, -92.595592], [38.153941, -92.595611], [38.15394, -92.595629], [38.153943, -92.595652], [38.153947, -92.595671], [38.153947, -92.595706], [38.153938, -92.595718], [38.153926, -92.595733], [38.153903, -92.595742], [38.153881, -92.595745], [38.153871, -92.595743], [38.153853, -92.595741], [38.153838, -92.595735], [38.153827, -92.595727], [38.153825, -92.595718], [38.153823, -92.595698], [38.153819, -92.59568], [38.153818, -92.595665], [38.15381, -92.595643], [38.153799, -92.595616], [38.153781, -92.595572], [38.15377, -92.595558], [38.153758, -92.595539], [38.153751, -92.595529], [38.153742, -92.595507], [38.153738, -92.595487], [38.153737, -92.59547], [38.153742, -92.59544], [38.153758, -92.595415], [38.153776, -92.595403], [38.153807, -92.595382], [38.153831, -92.595373], [38.153848, -92.595364], [38.153867, -92.595356], [38.153887, -92.595348], [38.153899, -92.595352], [38.153907, -92.595362], [38.153913, -92.595375], [38.153913, -92.595391]]}, "3": {"path": [[38.152758, -92.593336], [38.1535, -92.589284]], "green": [[38.15352, -92.589109], [38.153546, -92.589127], [38.153571, -92.589147], [38.153591, -92.589176], [38.153599, -92.589207], [38.153602, -92.589243], [38.153601, -92.589272], [38.153592, -92.589304], [38.153581, -92.589328], [38.153567, -92.58936], [38.153557, -92.589395], [38.153551, -92.589419], [38.153536, -92.589439], [38.153508, -92.589454], [38.153491, -92.589465], [38.153464, -92.589468], [38.153439, -92.589459], [38.153416, -92.589439], [38.153399, -92.589403], [38.153389, -92.589363], [38.153384, -92.589305], [38.153385, -92.589254], [38.153398, -92.589203], [38.153414, -92.589157], [38.153434, -92.589127], [38.153464, -92.589112], [38.153492, -92.589104], [38.15352, -92.589109]]}, "4": {"path": [[38.152613, -92.588816], [38.151215, -92.590404], [38.15082, -92.591066]], "green": [[38.150789, -92.591014], [38.150806, -92.591009], [38.150825, -92.591006], [38.150839, -92.59101], [38.150856, -92.591011], [38.15087, -92.591011], [38.150886, -92.591009], [38.150901, -92.590999], [38.150907, -92.590984], [38.150911, -92.590974], [38.150912, -92.590955], [38.150914, -92.590943], [38.150916, -92.590928], [38.150924, -92.590916], [38.15094, -92.590913], [38.150949, -92.590913], [38.15096, -92.590923], [38.15097, -92.590941], [38.150978, -92.590958], [38.150979, -92.590978], [38.150974, -92.591001], [38.150966, -92.591021], [38.150957, -92.591033], [38.150947, -92.59105], [38.150934, -92.591066], [38.150924, -92.59108], [38.150905, -92.591097], [38.150887, -92.591113], [38.150872, -92.591125], [38.150859, -92.591135], [38.150848, -92.591151], [38.15083, -92.591175], [38.150809, -92.591192], [38.150788, -92.591206], [38.150767, -92.591227], [38.150743, -92.591249], [38.150718, -92.591261], [38.150691, -92.591249], [38.150676, -92.59124], [38.150665, -92.591227], [38.150652, -92.591206], [38.150645, -92.591187], [38.150639, -92.591165], [38.150636, -92.591147], [38.150636, -92.591124], [38.150641, -92.591106], [38.150655, -92.591096], [38.150665, -92.591081], [38.150681, -92.59107], [38.150699, -92.591055], [38.150715, -92.591043], [38.150733, -92.591027], [38.150751, -92.591018], [38.150773, -92.591015], [38.150789, -92.591014]]}, "5": {"path": [[38.151012, -92.591567], [38.153353, -92.58863]], "green": [[38.153215, -92.588656], [38.153219, -92.588636], [38.153227, -92.588612], [38.153242, -92.588584], [38.15326, -92.588564], [38.153281, -92.588546], [38.153305, -92.588523], [38.153332, -92.588509], [38.15335, -92.588502], [38.153373, -92.588499], [38.153392, -92.5885], [38.153418, -92.588502], [38.153445, -92.588512], [38.153464, -92.588538], [38.153478, -92.588563], [38.153484, -92.588583], [38.153492, -92.588608], [38.153492, -92.58863], [38.153489, -92.588647], [38.153484, -92.588673], [38.153466, -92.588693], [38.153443, -92.588707], [38.153416, -92.588718], [38.153385, -92.58873], [38.153365, -92.588741], [38.153343, -92.588748], [38.153321, -92.588753], [38.153293, -92.588752], [38.15327, -92.588754], [38.153253, -92.588742], [38.15323, -92.588722], [38.153215, -92.588693], [38.153215, -92.588656]]}, "6": {"path": [[38.152816, -92.58797], [38.151021, -92.589006], [38.150819, -92.589721]], "green": [[38.150746, -92.589646], [38.150757, -92.589616], [38.150775, -92.589592], [38.150792, -92.589571], [38.150802, -92.589555], [38.150825, -92.589545], [38.150851, -92.589544], [38.150871, -92.589544], [38.150893, -92.589557], [38.150909, -92.589577], [38.150916, -92.589588], [38.150922, -92.589603], [38.150927, -92.589631], [38.15092, -92.589655], [38.150906, -92.589678], [38.150892, -92.589706], [38.150879, -92.589744], [38.150874, -92.589776], [38.150862, -92.589823], [38.150853, -92.589858], [38.150836, -92.589907], [38.150825, -92.589933], [38.150808, -92.589942], [38.150785, -92.589942], [38.150762, -92.589933], [38.150743, -92.589913], [38.150728, -92.589889], [38.150719, -92.589856], [38.150716, -92.589816], [38.150719, -92.58978], [38.150724, -92.589737], [38.150737, -92.589685], [38.150746, -92.589646]]}, "8": {"path": [[38.150373, -92.586649], [38.150282, -92.583843], [38.150379, -92.58175]], "green": [[38.150283, -92.581808], [38.150289, -92.581787], [38.150296, -92.581771], [38.150306, -92.581761], [38.150311, -92.581743], [38.150321, -92.581718], [38.150331, -92.581694], [38.150332, -92.581667], [38.150335, -92.581649], [38.150339, -92.58163], [38.150347, -92.581611], [38.150358, -92.581602], [38.150382, -92.581602], [38.150406, -92.581608], [38.150441, -92.581625], [38.150465, -92.581639], [38.150482, -92.581658], [38.150491, -92.581678], [38.150498, -92.5817], [38.150498, -92.581718], [38.150494, -92.581741], [38.150481, -92.581759], [38.150462, -92.581771], [38.15045, -92.581784], [38.150441, -92.581803], [38.150434, -92.581823], [38.150424, -92.581874], [38.150405, -92.581899], [38.150379, -92.581913], [38.150346, -92.581918], [38.150317, -92.581911], [38.150292, -92.581899], [38.150273, -92.581864], [38.150275, -92.581829], [38.150283, -92.581808]]}, "9": {"path": [[38.150232, -92.580376], [38.148407, -92.579132], [38.146734, -92.579369]],