{"holes": {"1": {"path": [[38.899667, -94.601574], [38.902102, -94.601685], [38.903701, -94.603002]], "green": [[38.903812, -94.602963], [38.903796, -94.603002], [38.903775, -94.603038], [38.903755, -94.603062], [38.903733, -94.603082], [38.903693, -94.603089], [38.903655, -94.603096], [38.90362, -94.603101], [38.903601, -94.603097], [38.903588, -94.603086], [38.903583, -94.60307], [38.903585, -94.603042], [38.903585, -94.603021], [38.903587, -94.602998], [38.903599, -94.602979], [38.903618, -94.602963], [38.903672, -94.602928], [38.903725, -94.602912], [38.903775, -94.602894], [38.903796, -94.602897], [38.903812, -94.602906], [38.903818, -94.60292], [38.903817, -94.602934], [38.903812, -94.602963]]}, "2": {"path": [[38.903953, -94.602463], [38.903567, -94.598899], [38.90357, -94.59816]], "green": [[38.903679, -94.598161], [38.90367, -94.598212], [38.903655, -94.598268], [38.903639, -94.598314], [38.903631, -94.598336], [38.903572, -94.598341], [38.90356, -94.598315], [38.903543, -94.598295], [38.903515, -94.598268], [38.903489, -94.59824], [38.903462, -94.598205], [38.903445, -94.598166], [38.90344, -94.59812], [38.903446, -94.598089], [38.903465, -94.598037], [38.903493, -94.598006], [38.903531, -94.597991], [38.903574, -94.597985], [38.903626, -94.597995], [38.903658, -94.598031], [38.90367, -94.598056], [38.903675, -94.598094], [38.903679, -94.598161]]}, "3": {"path": [[38.903205, -94.597748], [38.903043, -94.600562], [38.903362, -94.60197]], "green": [[38.903289, -94.601828], [38.903279, -94.601849], [38.903268, -94.601878], [38.903251, -94.601913], [38.903253, -94.601982], [38.903269, -94.602057], [38.903286, -94.60209], [38.903315, -94.602123], [38.903357, -94.602134], [38.903415, -94.602118], [38.903442, -94.602103], [38.903463, -94.602085], [38.903484, -94.60205], [38.903486, -94.602003], [38.903472, -94.601954], [38.903446, -94.60191], [38.903418, -94.601868], [38.903381, -94.601818], [38.903368, -94.60181], [38.903289, -94.601828]]}, "4": {"path": [[38.902799, -94.601613], [38.901482, -94.5989], [38.901369, -94.597473]], "green": [[38.901484, -94.597395], [38.901465, -94.597355], [38.90143, -94.597335], [38.901381, -94.597333], [38.901355, -94.597344], [38.901286, -94.597365], [38.901257, -94.597379], [38.901223, -94.597404], [38.901201, -94.597439], [38.901212, -94.597505], [38.901272, -94.597575], [38.901317, -94.597623], [38.901342, -94.597635], [38.901371, -94.597634], [38.901391, -94.597629], [38.901416, -94.597601], [38.901435, -94.597567], [38.901458, -94.597516], [38.901474, -94.597474], [38.901485, -94.597426], [38.901484, -94.597395]]}, "5": {"path": [[38.901012, -94.597301], [38.901305, -94.59541]], "green": [[38.901444, -94.595383], [38.90144, -94.595424], [38.901425, -94.595463], [38.901379, -94.595508], [38.901354, -94.595521], [38.901348, -94.595524], [38.90133, -94.595534], [38.901293, -94.595533], [38.901219, -94.595523], [38.90119, -94.595504], [38.901181, -94.595497], [38.901164, -94.595473], [38.901154, -94.595438], [38.901154, -94.59539], [38.901167, -94.595334], [38.901185, -94.595293], [38.901211, -94.595276], [38.901249, -94.595267], [38.901323, -94.595274], [38.901386, -94.595291], [38.901416, -94.595311], [38.901434, -94.595333], [38.901441, -94.595356], [38.901444, -94.595383]]}, "6": {"path": [[38.900902, -94.595168], [38.900422, -94.598311], [38.899829, -94.599813], [38.899194, -94.600417]], "green": [[38.899118, -94.600298], [38.899184, -94.600301], [38.899242, -94.600302], [38.899289, -94.600307], [38.899314, -94.600336], [38.899325, -94.600407], [38.899315, -94.600446], [38.899306, -94.600472], [38.899286, -94.600518], [38.899242, -94.60056], [38.899204, -94.600579], [38.899145, -94.600562], [38.899107, -94.600525], [38.89908, -94.600474], [38.899066, -94.600428], [38.899068, -94.600369], [38.899087, -94.60032], [38.899118, -94.600298]]}, "7": {"path": [[38.898909, -94.600847], [38.898397, -94.598011], [38.898855, -94.596647]], "green": [[38.898765, -94.596753], [38.898755, -94.59671], [38.898739, -94.596654], [38.898732, -94.596606], [38.898738, -94.59655], [38.898762, -94.596498], [38.898794, -94.596482], [38.898827, -94.596473], [38.898882, -94.596488], [38.898921, -94.596509], [38.898951, -94.596545], [38.898967, -94.596578], [38.898973, -94.596617], [38.898974, -94.596653], [38.898962, -94.596695], [38.898949, -94.596716], [38.898938, -94.596725], [38.898916, -94.596745], [38.898883, -94.596774], [38.898858, -94.596791], [38.898836, -94.596802], [38.89878, -94.596763], [38.898765, -94.596753]]}, "8": {"path": [[38.898846, -94.596153], [38.897111, -94.596791]], "green": [[38.897219, -94.596798], [38.897199, -94.596687], [38.897167, -94.596657], [38.89714, -94.596632], [38.897112, -94.596615], [38.897083, -94.596602], [38.897042, -94.596595], [38.897009, -94.596612], [38.896986, -94.59665], [38.896977, -94.596677], [38.896983, -94.596766], [38.897004, -94.596867], [38.897024, -94.59692], [38.897054, -94.596963], [38.897087, -94.596984], [38.89712, -94.596985], [38.897157, -94.596973], [38.897175, -94.59695], [38.897192, -94.596915], [38.897199, -94.596881], [38.897203, -94.596851], [38.897211, -94.59681], [38.897219, -94.596798]]}, "9": {"path": [[38.89659, -94.596771], [38.897963, -94.599304], [38.898428, -94.600722]], "green": [[38.898486, -94.600865], [38.898514, -94.600837], [38.89853, -94.6008], [38.898534, -94.600772], [38.898529, -94.60073], [38.898521, -94.6007], [38.898504, -94.600652], [38.898492, -94.600611], [38.898477, -94.600584], [38.898453, -94.600548], [38.898434, -94.600524], [38.898418, -94.600523], [38.898322, -94.600549], [38.898318, -94.600576], [38.898312, -94.600612], [38.898303, -94.600671], [38.898303, -94.600718], [38.898319, -94.600797], [38.898343, -94.600846], [38.898371, -94.600878], [38.898405, -94.600897], [38.898435, -94.600895], [38.898463, -94.600884], [38.898486, -94.600865]]}, "10": {"path": [[38.898531, -94.601412], [38.896416, -94.600003], [38.895897, -94.599177]], "green": [[38.89585, -94.599049], [38.895873, -94.599039], [38.895905, -94.599036], [38.895946, -94.59905], [38.895973, -94.599065], [38.895994, -94.599086], [38.896009, -94.599117], [38.896022, -94.59915], [38.896022, -94.599202], [38.89602, -94.599233], [38.896011, -94.59929], [38.89601, -94.599306], [38.895948, -94.599343], [38.895929, -94.599334], [38.895899, -94.599317], [38.895877, -94.599308], [38.895847, -94.599293], [38.895826, -94.599279], [38.895808, -94.599263], [38.895792, -94.599237], [38.895781, -94.599206], [38.89578, -94.599163], [38.895788, -94.599129], [38.895802, -94.599103], [38.895817, -94.599078], [38.895839, -94.599058], [38.89585, -94.599049]]}, "11": {"path": [[38.896335, -94.599088], [38.894922, -94.596793], [38.894548, -94.595847]], "green": [[38.894389, -94.595803], [38.894402, -94.595751], [38.894424, -94.595719], [38.894445, -94.595693], [38.894483, -94.595677], [38.894537, -94.595673], [38.894604, -94.595699], [38.894641, -94.595739], [38.894663, -94.595769], [38.894674, -94.595805], [38.894686, -94.59589], [38.894693, -94.595948], [38.894698, -94.596001], [38.894672, -94.596026], [38.894653, -94.596038], [38.894623, -94.596005], [38.894591, -94.595976], [38.894552, -94.595945], [38.894503, -94.595915], [38.894453, -94.595888], [38.894421, -94.595868], [38.894397, -94.595844], [38.894389, -94.595803]]}, "12": {"path": [[38.894902, -94.595155], [38.893366, -94.595559]],