{"holes": {"1": {"path": [[42.301044, -122.817239], [42.29858, -122.817712], [42.297884, -122.818245]], "green": [[42.297977, -122.818129], [42.297966, -122.818088], [42.297949, -122.81806], [42.297931, -122.818037], [42.297895, -122.818042], [42.297873, -122.818074], [42.297838, -122.818135], [42.297807, -122.81817], [42.297774, -122.818207], [42.297759, -122.818238], [42.297755, -122.818273], [42.297755, -122.81832], [42.297766, -122.818366], [42.297783, -122.818397], [42.297807, -122.818432], [42.297826, -122.818453], [42.297868, -122.81845], [42.297887, -122.818429], [42.297906, -122.818387], [42.297923, -122.818361], [42.297945, -122.818326], [42.297964, -122.818303], [42.297985, -122.818252], [42.297987, -122.818219], [42.297987, -122.818186], [42.297985, -122.818161], [42.297977, -122.818129]]}, "2": {"path": [[42.298038, -122.818942], [42.298774, -122.822404], [42.298818, -122.824718]], "green": [[42.298906, -122.824649], [42.298833, -122.824548], [42.298813, -122.824523], [42.298801, -122.824521], [42.298769, -122.824529], [42.298751, -122.824545], [42.298733, -122.82457], [42.298718, -122.824598], [42.298712, -122.824635], [42.298709, -122.824663], [42.298714, -122.824686], [42.298727, -122.824708], [42.298745, -122.82472], [42.298762, -122.824745], [42.298777, -122.824775], [42.298786, -122.824806], [42.298789, -122.824836], [42.298795, -122.824873], [42.298808, -122.824893], [42.298831, -122.824909], [42.298864, -122.824911], [42.298912, -122.824883], [42.298923, -122.824859], [42.298929, -122.82483], [42.298929, -122.824798], [42.298929, -122.824763], [42.298923, -122.824724], [42.298918, -122.824686], [42.298906, -122.824649]]}, "3": {"path": [[42.298202, -122.825175], [42.297222, -122.828649], [42.296624, -122.829618]], "green": [[42.296683, -122.829699], [42.296661, -122.829725], [42.296644, -122.829748], [42.296622, -122.829757], [42.296582, -122.829765], [42.296553, -122.829764], [42.296524, -122.829753], [42.296499, -122.829728], [42.296475, -122.829702], [42.296458, -122.829671], [42.29645, -122.829636], [42.296459, -122.829599], [42.29647, -122.829579], [42.296482, -122.829562], [42.296509, -122.829546], [42.29654, -122.829531], [42.296597, -122.829513], [42.296648, -122.829488], [42.296672, -122.829469], [42.296697, -122.829471], [42.296715, -122.829477], [42.296733, -122.829491], [42.296748, -122.829508], [42.296766, -122.829536], [42.296776, -122.829557], [42.296776, -122.829582], [42.296763, -122.829616], [42.296744, -122.829636], [42.296716, -122.82966], [42.296699, -122.82968], [42.296683, -122.829699]]}, "4": {"path": [[42.296905, -122.831074], [42.29836, -122.83242], [42.298476, -122.832569]], "green": [[42.298606, -122.832667], [42.298595, -122.832684], [42.298583, -122.832701], [42.298566, -122.832713], [42.298547, -122.832729], [42.298523, -122.832743], [42.298503, -122.832758], [42.298479, -122.832766], [42.298452, -122.832775], [42.298427, -122.832775], [42.298408, -122.832766], [42.298389, -122.832752], [42.298374, -122.832736], [42.298358, -122.832716], [42.298338, -122.832692], [42.298321, -122.832661], [42.298312, -122.832635], [42.298317, -122.832609], [42.298324, -122.832585], [42.298337, -122.832562], [42.298351, -122.832535], [42.298361, -122.832507], [42.298374, -122.832482], [42.298383, -122.832441], [42.298398, -122.832401], [42.298411, -122.832364], [42.298425, -122.832337], [42.29844, -122.832328], [42.298463, -122.832327], [42.298488, -122.832331], [42.298513, -122.832342], [42.298542, -122.832358], [42.298564, -122.832368], [42.298581, -122.832384], [42.298598, -122.832408], [42.298611, -122.832433], [42.298622, -122.832467], [42.298626, -122.832516], [42.298626, -122.832582], [42.29862, -122.832624], [42.298613, -122.832659], [42.298606, -122.832667]]}, "5": {"path": [[42.299491, -122.833796], [42.299145, -122.83051], [42.299736, -122.829929]], "green": [[42.299767, -122.830032], [42.299699, -122.830055], [42.299652, -122.83006], [42.299623, -122.830052], [42.299604, -122.830034], [42.299586, -122.829995], [42.299579, -122.829954], [42.299589, -122.829921], [42.299608, -122.829879], [42.299639, -122.82984], [42.299669, -122.829819], [42.299708, -122.829808], [42.299739, -122.829809], [42.29976, -122.829822], [42.299785, -122.829823], [42.29982, -122.829832], [42.299852, -122.829849], [42.299868, -122.829871], [42.299875, -122.82989], [42.299875, -122.829911], [42.299868, -122.829948], [42.299846, -122.829977], [42.299825, -122.829999], [42.299796, -122.830021], [42.299767, -122.830032]]}, "6": {"path": [[42.299675, -122.829116], [42.298296, -122.827944]], "green": [[42.298421, -122.828062], [42.298406, -122.828099], [42.298388, -122.828115], [42.298301, -122.828154], [42.298269, -122.828164], [42.298238, -122.828162], [42.298214, -122.828156], [42.298191, -122.828136], [42.298169, -122.828103], [42.29817, -122.828064], [42.298184, -122.828028], [42.298194, -122.827997], [42.298203, -122.827953], [42.298218, -122.827922], [42.298223, -122.827894], [42.298227, -122.827855], [42.298235, -122.8278], [42.298239, -122.827764], [42.298253, -122.827735], [42.29828, -122.827719], [42.298316, -122.827709], [42.298341, -122.827713], [42.298361, -122.827719], [42.298378, -122.827731], [42.298391, -122.827759], [42.298402, -122.827837], [42.298411, -122.827916], [42.298421, -122.827979], [42.298427, -122.828024], [42.298421, -122.828062]]}, "7": {"path": [[42.299331, -122.82706], [42.303151, -122.82806]], "green": [[42.303345, -122.828045], [42.303302, -122.828142], [42.303284, -122.828179], [42.30326, -122.8282], [42.303221, -122.828208], [42.303188, -122.828204], [42.303171, -122.828195], [42.303151, -122.828197], [42.30312, -122.828206], [42.303091, -122.828208], [42.303052, -122.828202], [42.303006, -122.828186], [42.302994, -122.828176], [42.302984, -122.828158], [42.302973, -122.828128], [42.302977, -122.828096], [42.302993, -122.828066], [42.303006, -122.828031], [42.303023, -122.828008], [42.303036, -122.827971], [42.303036, -122.827935], [42.303053, -122.827921], [42.303074, -122.82791], [42.303095, -122.827909], [42.303121, -122.827916], [42.303154, -122.827924], [42.303197, -122.82794], [42.303239, -122.827932], [42.30329, -122.827928], [42.303318, -122.827932], [42.30334, -122.827953], [42.303353, -122.827974], [42.303359, -122.828011], [42.303345, -122.828045]]}, "8": {"path": [[42.303853, -122.827585], [42.301336, -122.826046], [42.300398, -122.825815]], "green": [[42.300499, -122.825768], [42.300363, -122.825621], [42.300343, -122.825596], [42.30032, -122.825584], [42.300305, -122.825593], [42.300282, -122.825623], [42.300269, -122.825649], [42.300256, -122.825681], [42.300249, -122.825711], [42.300248, -122.825738], [42.300254, -122.825768], [42.300273, -122.825796], [42.300292, -122.825826], [42.300316, -122.825856], [42.300345, -122.825897], [42.30036, -122.825932], [42.300371, -122.825952], [42.300398, -122.825986], [42.300441, -122.826003], [42.300481, -122.825991], [42.300498, -122.825984], [42.300512, -122.82597], [42.300524, -122.825948], [42.300538, -122.825931], [42.300544, -122.825906], [42.300548, -122.825885], [42.300549, -122.825853], [42.30054, -122.82583], [42.300528, -122.825801], [42.300499, -122.825768]]}, "9": {"path": [[42.300281, -122.825193], [42.301082, -122.821053], [42.301008, -122.819024]],