{"holes": {"1": {"path": [[45.524885, -123.005613], [45.526537, -123.005183], [45.527415, -123.005131]], "green": [[45.527516, -123.005129], [45.527514, -123.005138], [45.527511, -123.005147], [45.527509, -123.005156], [45.527506, -123.005164], [45.527503, -123.005172], [45.527499, -123.005179], [45.527494, -123.005188], [45.52749, -123.005195], [45.527484, -123.0052], [45.527479, -123.005208], [45.527474, -123.005212], [45.527469, -123.005218], [45.527463, -123.005224], [45.527456, -123.005228], [45.52745, -123.005233], [45.527445, -123.005236], [45.52744, -123.005238], [45.527434, -123.005239], [45.527429, -123.00524], [45.527425, -123.00524], [45.527417, -123.00524], [45.527405, -123.005239], [45.527385, -123.005232], [45.527372, -123.00523], [45.52735, -123.005229], [45.527341, -123.005229], [45.52733, -123.00523], [45.527323, -123.005232], [45.527314, -123.005233], [45.527308, -123.00523], [45.527301, -123.005226], [45.527295, -123.005221], [45.527286, -123.005215], [45.527281, -123.005204], [45.527276, -123.005195], [45.527273, -123.005183], [45.527269, -123.005168], [45.52727, -123.005154], [45.527274, -123.005134], [45.527278, -123.005123], [45.527286, -123.005105], [45.527296, -123.005091], [45.527302, -123.00508], [45.527313, -123.005067], [45.527322, -123.005058], [45.527334, -123.005045], [45.527344, -123.00504], [45.527352, -123.005033], [45.527361, -123.005022], [45.527369, -123.005015], [45.527382, -123.005001], [45.527394, -123.004991], [45.527403, -123.004984], [45.527413, -123.004976], [45.527427, -123.004971], [45.527458, -123.004971], [45.527473, -123.004975], [45.527484, -123.004984], [45.527497, -123.004996], [45.527504, -123.005002], [45.52751, -123.005011], [45.527516, -123.005023], [45.527517, -123.005032], [45.52752, -123.005047], [45.527522, -123.005057], [45.527521, -123.005068], [45.527521, -123.005077], [45.52752, -123.005086], [45.52752, -123.005096], [45.527519, -123.005104], [45.527518, -123.005114], [45.527516, -123.005129]]}, "2": {"path": [[45.52722, -123.005804], [45.525832, -123.006018]], "green": [[45.525912, -123.00604], [45.525916, -123.006025], [45.525922, -123.006001], [45.525919, -123.005978], [45.525911, -123.005954], [45.525895, -123.005933], [45.525879, -123.005919], [45.525862, -123.005908], [45.525838, -123.005902], [45.525825, -123.005905], [45.525805, -123.005914], [45.525795, -123.005922], [45.525784, -123.005934], [45.52577, -123.005956], [45.525756, -123.005975], [45.525745, -123.005998], [45.525738, -123.006025], [45.525735, -123.006052], [45.525734, -123.006084], [45.525747, -123.006106], [45.525774, -123.00613], [45.525796, -123.006143], [45.525817, -123.006146], [45.525833, -123.006141], [45.525854, -123.006129], [45.525872, -123.006107], [45.525881, -123.006091], [45.525895, -123.00607], [45.525912, -123.00604]]}, "3": {"path": [[45.525589, -123.006433], [45.527229, -123.006457], [45.527757, -123.006265]], "green": [[45.527726, -123.006358], [45.527726, -123.006325], [45.527726, -123.006302], [45.527725, -123.006285], [45.527718, -123.006266], [45.527712, -123.006249], [45.527704, -123.006231], [45.527697, -123.006217], [45.527691, -123.006197], [45.527686, -123.006176], [45.527686, -123.006158], [45.527691, -123.006145], [45.527701, -123.00613], [45.527718, -123.006121], [45.527735, -123.006118], [45.52775, -123.006118], [45.527769, -123.006126], [45.527786, -123.006133], [45.527797, -123.006144], [45.527808, -123.006155], [45.527816, -123.006172], [45.527823, -123.006193], [45.527829, -123.006212], [45.527831, -123.006242], [45.527834, -123.006266], [45.527829, -123.006297], [45.527824, -123.006319], [45.527819, -123.006345], [45.527812, -123.006373], [45.5278, -123.006396], [45.527792, -123.006418], [45.527776, -123.006433], [45.527759, -123.006436], [45.527742, -123.006433], [45.527734, -123.006423], [45.527727, -123.006398], [45.527726, -123.006392], [45.527726, -123.006358]]}, "4": {"path": [[45.528088, -123.007289], [45.528913, -123.007265]], "green": [[45.528845, -123.007339], [45.528838, -123.007316], [45.528832, -123.007271], [45.528829, -123.007227], [45.528831, -123.007201], [45.528842, -123.007151], [45.528854, -123.007118], [45.528868, -123.007094], [45.528885, -123.007085], [45.528906, -123.007082], [45.528921, -123.007083], [45.528947, -123.0071], [45.52896, -123.007124], [45.52897, -123.007149], [45.52898, -123.007177], [45.528982, -123.007216], [45.528982, -123.007249], [45.528984, -123.007281], [45.528984, -123.007297], [45.528981, -123.007327], [45.528977, -123.007345], [45.528971, -123.007374], [45.528965, -123.007395], [45.528952, -123.007409], [45.528937, -123.007422], [45.528921, -123.007425], [45.528903, -123.007421], [45.528887, -123.007414], [45.528874, -123.0074], [45.52886, -123.007375], [45.528845, -123.007339]]}, "5": {"path": [[45.529016, -123.008591], [45.527336, -123.008351], [45.525233, -123.008544]], "green": [[45.525316, -123.008522], [45.525302, -123.0085], [45.525289, -123.008479], [45.525259, -123.008457], [45.525228, -123.008449], [45.525201, -123.008449], [45.525184, -123.008464], [45.525172, -123.008477], [45.525166, -123.008489], [45.525156, -123.008511], [45.525151, -123.008543], [45.525153, -123.008567], [45.525158, -123.008582], [45.525171, -123.008597], [45.52519, -123.008618], [45.525211, -123.008627], [45.525241, -123.008628], [45.525259, -123.008628], [45.525272, -123.008619], [45.525284, -123.008608], [45.525298, -123.008594], [45.525309, -123.008576], [45.525315, -123.008554], [45.525316, -123.008522]]}, "6": {"path": [[45.525345, -123.009038], [45.524998, -123.010184]], "green": [[45.525051, -123.010277], [45.525063, -123.010271], [45.525076, -123.010267], [45.525085, -123.010256], [45.525093, -123.010249], [45.5251, -123.010238], [45.5251, -123.010219], [45.525099, -123.010207], [45.525093, -123.010189], [45.525086, -123.010163], [45.525068, -123.010125], [45.525053, -123.010091], [45.525044, -123.010069], [45.525029, -123.010041], [45.52502, -123.010023], [45.525007, -123.010016], [45.525003, -123.010015], [45.524992, -123.01002], [45.524974, -123.010048], [45.524961, -123.010076], [45.52495, -123.010109], [45.524942, -123.010136], [45.524928, -123.010158], [45.524912, -123.010186], [45.5249, -123.010209], [45.524892, -123.010224], [45.524883, -123.010249], [45.52488, -123.010275], [45.524881, -123.01029], [45.524885, -123.010294], [45.524904, -123.0103], [45.524936, -123.0103], [45.524981, -123.010299], [45.525023, -123.010289], [45.525051, -123.010277]]}, "7": {"path": [[45.524593, -123.010632], [45.524519, -123.008603], [45.523905, -123.007162]], "green": [[45.523982, -123.007157], [45.523983, -123.007133], [45.523984, -123.007112], [45.523981, -123.007087], [45.523972, -123.007073], [45.52396, -123.007055], [45.523946, -123.00704], [45.523909, -123.007034], [45.523883, -123.007035], [45.523855, -123.007046], [45.523828, -123.007058], [45.523792, -123.007122], [45.52378, -123.007179], [45.523782, -123.007235], [45.523806, -123.007276], [45.523835, -123.007297], [45.52386, -123.00731], [45.523891, -123.007315], [45.52392, -123.007295], [45.523945, -123.007272], [45.523957, -123.007241], [45.523976, -123.007207], [45.523982, -123.007157]]}, "8": {"path": [[45.524323, -123.007209], [45.525809, -123.007737], [45.52831, -123.007733]],