{"holes": {"1": {"path": [[45.298356, -122.56499], [45.297695, -122.567965], [45.297901, -122.56957]], "green": [[45.297974, -122.569663], [45.297982, -122.569636], [45.297985, -122.569613], [45.297985, -122.569592], [45.297978, -122.56957], [45.297963, -122.569538], [45.297953, -122.569505], [45.297947, -122.569469], [45.297938, -122.569428], [45.297922, -122.569383], [45.297901, -122.569363], [45.297875, -122.569357], [45.297844, -122.569369], [45.297819, -122.569388], [45.297792, -122.569429], [45.29778, -122.569471], [45.297781, -122.569522], [45.297789, -122.56956], [45.297803, -122.569611], [45.297826, -122.569656], [45.297849, -122.569683], [45.29787, -122.569702], [45.297886, -122.569712], [45.297903, -122.569716], [45.297917, -122.569718], [45.297933, -122.569715], [45.297948, -122.569707], [45.297959, -122.569693], [45.297967, -122.569678], [45.297974, -122.569663]]}, "2": {"path": [[45.298118, -122.570025], [45.298571, -122.572029]], "green": [[45.298667, -122.572147], [45.29867, -122.572109], [45.298667, -122.572073], [45.298652, -122.572035], [45.298632, -122.571998], [45.298613, -122.571951], [45.29859, -122.571892], [45.298559, -122.571848], [45.298527, -122.57183], [45.298497, -122.57184], [45.298478, -122.571868], [45.298462, -122.571908], [45.298459, -122.57197], [45.298465, -122.572053], [45.298477, -122.5721], [45.2985, -122.572143], [45.298542, -122.57217], [45.298585, -122.572176], [45.298631, -122.57218], [45.298654, -122.572174], [45.298667, -122.572147]]}, "3": {"path": [[45.299014, -122.571602], [45.301105, -122.570754], [45.302165, -122.570813]], "green": [[45.302247, -122.570931], [45.302266, -122.570912], [45.30228, -122.570883], [45.302286, -122.570845], [45.30228, -122.570807], [45.302267, -122.570768], [45.302243, -122.570727], [45.302205, -122.570692], [45.30217, -122.570679], [45.302129, -122.570671], [45.3021, -122.570681], [45.302074, -122.570696], [45.302048, -122.570727], [45.302032, -122.570759], [45.30203, -122.570781], [45.30204, -122.57081], [45.302067, -122.570843], [45.302087, -122.570861], [45.302127, -122.570889], [45.302165, -122.570924], [45.30219, -122.570943], [45.30222, -122.570943], [45.302247, -122.570931]]}, "4": {"path": [[45.302642, -122.571648], [45.300842, -122.572519], [45.29932, -122.572914], [45.298732, -122.573132]], "green": [[45.29879, -122.573162], [45.298804, -122.573107], [45.29882, -122.57306], [45.298836, -122.573016], [45.298851, -122.572982], [45.298861, -122.572949], [45.298862, -122.572914], [45.29885, -122.572882], [45.298829, -122.572866], [45.298802, -122.572866], [45.298777, -122.57288], [45.298757, -122.572918], [45.298741, -122.572958], [45.29872, -122.572993], [45.298689, -122.573025], [45.298665, -122.573056], [45.298641, -122.5731], [45.298618, -122.573146], [45.298611, -122.573166], [45.29861, -122.573189], [45.298607, -122.573216], [45.298609, -122.573244], [45.298614, -122.573285], [45.298627, -122.573328], [45.298636, -122.573349], [45.298648, -122.573361], [45.298676, -122.573373], [45.298702, -122.573377], [45.298726, -122.573366], [45.29875, -122.573342], [45.298769, -122.57331], [45.298776, -122.573272], [45.298776, -122.573225], [45.298782, -122.573188], [45.29879, -122.573162]]}, "5": {"path": [[45.298648, -122.573895], [45.300761, -122.573399], [45.302038, -122.572625]], "green": [[45.302115, -122.572729], [45.302124, -122.572683], [45.30213, -122.572652], [45.302132, -122.57262], [45.302136, -122.572577], [45.302136, -122.572552], [45.302132, -122.572525], [45.302116, -122.572497], [45.302101, -122.572485], [45.302086, -122.572482], [45.30207, -122.572478], [45.302054, -122.57248], [45.302036, -122.572484], [45.30202, -122.572495], [45.301986, -122.572515], [45.301968, -122.57253], [45.30195, -122.572551], [45.301937, -122.572567], [45.301926, -122.572593], [45.301916, -122.57261], [45.301916, -122.572636], [45.301919, -122.572668], [45.301924, -122.57273], [45.301936, -122.572772], [45.301962, -122.572803], [45.301999, -122.572821], [45.302043, -122.572819], [45.302083, -122.572788], [45.302097, -122.572767], [45.302108, -122.572748], [45.302115, -122.572729]]}, "6": {"path": [[45.302357, -122.572919], [45.301894, -122.574898]], "green": [[45.301896, -122.575021], [45.301919, -122.575008], [45.301957, -122.574979], [45.301994, -122.574946], [45.302017, -122.574911], [45.302028, -122.574883], [45.302028, -122.574853], [45.302018, -122.574817], [45.301999, -122.574781], [45.301979, -122.574765], [45.301958, -122.574753], [45.301938, -122.574755], [45.301925, -122.574763], [45.301916, -122.574774], [45.301912, -122.574789], [45.301903, -122.574806], [45.301894, -122.574827], [45.301875, -122.574845], [45.301855, -122.574853], [45.301821, -122.574869], [45.301792, -122.574879], [45.301767, -122.574901], [45.301757, -122.574923], [45.301759, -122.57496], [45.301767, -122.574992], [45.301781, -122.575012], [45.301802, -122.575028], [45.301827, -122.575043], [45.301854, -122.575045], [45.301879, -122.575035], [45.301896, -122.575021]]}, "7": {"path": [[45.301723, -122.573775], [45.298861, -122.575186]], "green": [[45.298941, -122.575283], [45.298956, -122.575232], [45.298962, -122.57517], [45.298958, -122.575134], [45.298945, -122.575099], [45.298924, -122.575059], [45.298893, -122.575027], [45.298859, -122.575009], [45.29883, -122.575003], [45.2988, -122.575005], [45.298782, -122.575025], [45.298768, -122.575058], [45.29876, -122.575101], [45.298758, -122.57514], [45.298766, -122.575188], [45.29878, -122.575245], [45.298798, -122.575296], [45.298816, -122.57533], [45.298839, -122.57536], [45.298867, -122.575376], [45.298892, -122.575374], [45.298911, -122.575358], [45.298928, -122.575321], [45.298941, -122.575283]]}, "9": {"path": [[45.297159, -122.569177], [45.297335, -122.566128], [45.29789, -122.565217]], "green": [[45.297983, -122.565198], [45.297985, -122.565169], [45.297986, -122.565128], [45.297982, -122.565093], [45.29797, -122.565063], [45.297949, -122.565041], [45.297931, -122.565025], [45.297903, -122.565025], [45.297877, -122.565041], [45.297851, -122.565063], [45.297829, -122.565092], [45.297807, -122.565134], [45.297801, -122.565173], [45.297805, -122.565232], [45.297808, -122.565273], [45.297809, -122.565298], [45.297801, -122.565321], [45.297796, -122.565353], [45.297801, -122.565379], [45.297811, -122.565399], [45.297832, -122.565399], [45.297848, -122.565389], [45.297869, -122.565352], [45.297894, -122.565325], [45.297922, -122.565305], [45.297941, -122.565296], [45.297962, -122.565274], [45.29797, -122.56525], [45.297979, -122.565222], [45.297983, -122.565198]]}, "10": {"path": [[45.29865, -122.565736], [45.298467, -122.568751], [45.298674, -122.570452]], "green": [[45.298716, -122.570589], [45.29875, -122.570545], [45.298777, -122.570504], [45.29879, -122.570464], [45.298795, -122.570426], [45.29879, -122.570393], [45.298781, -122.570374], [45.298763, -122.570351], [45.298733, -122.570343], [45.298712, -122.570342], [45.298686, -122.570326], [45.29865, -122.570296], [45.298618, -122.570291], [45.298598, -122.570288], [45.298575, -122.570299], [45.298565, -122.570326], [45.298563, -122.570359], [45.298567, -122.57044], [45.298567, -122.570523], [45.298574, -122.570569], [45.298589, -122.570612], [45.298622, -122.570638], [45.298652, -122.570641], [45.298678, -122.570629], [45.298699, -122.570606], [45.298716, -122.570589]]}, "11": {"path": [[45.298839, -122.570964], [45.301072, -122.569985], [45.303123, -122.570493]],