{"holes": {"1": {"path": [[44.887345, -124.025686], [44.885885, -124.027335], [44.884847, -124.027596]], "green": [[44.885007, -124.02758], [44.884988, -124.027626], [44.88493, -124.027706], [44.884895, -124.027735], [44.884879, -124.027753], [44.884852, -124.027772], [44.884828, -124.027778], [44.8848, -124.027781], [44.884777, -124.027787], [44.884753, -124.027785], [44.884725, -124.027765], [44.884704, -124.02773], [44.884689, -124.02768], [44.884693, -124.02763], [44.884704, -124.027588], [44.884726, -124.02757], [44.884756, -124.027552], [44.884787, -124.027528], [44.884821, -124.027493], [44.884835, -124.027439], [44.884833, -124.027374], [44.884884, -124.027342], [44.884925, -124.027355], [44.884946, -124.027381], [44.884971, -124.027407], [44.884994, -124.027456], [44.885004, -124.027522], [44.885007, -124.02758]]}, "2": {"path": [[44.8848, -124.0285], [44.883007, -124.025777]], "green": [[44.883052, -124.025927], [44.88301, -124.025903], [44.882973, -124.025882], [44.882886, -124.025806], [44.882851, -124.025722], [44.882857, -124.025633], [44.882904, -124.025561], [44.882962, -124.025552], [44.883021, -124.025622], [44.883062, -124.025688], [44.8831, -124.025761], [44.883114, -124.025807], [44.883105, -124.025845], [44.883093, -124.025884], [44.883075, -124.02591], [44.883052, -124.025927]]}, "3": {"path": [[44.882926, -124.026519], [44.881601, -124.024227], [44.880899, -124.023527]], "green": [[44.881001, -124.023489], [44.881006, -124.023533], [44.881003, -124.023579], [44.880992, -124.023607], [44.880972, -124.023634], [44.880947, -124.023645], [44.880906, -124.02365], [44.880859, -124.023649], [44.880814, -124.02363], [44.880767, -124.023583], [44.880753, -124.023513], [44.880758, -124.023464], [44.880774, -124.023418], [44.880806, -124.023405], [44.880866, -124.023414], [44.880905, -124.023425], [44.880959, -124.023432], [44.880984, -124.023446], [44.881001, -124.023489]]}, "4": {"path": [[44.881049, -124.023233], [44.882315, -124.023088]], "green": [[44.882413, -124.023178], [44.882382, -124.023222], [44.882335, -124.023242], [44.882295, -124.023244], [44.882258, -124.023229], [44.882219, -124.023175], [44.882187, -124.023089], [44.882191, -124.023036], [44.882203, -124.022994], [44.882227, -124.022972], [44.882271, -124.022959], [44.882304, -124.022957], [44.882339, -124.022962], [44.882368, -124.022974], [44.882407, -124.023018], [44.882424, -124.02305], [44.882427, -124.023113], [44.882413, -124.023178]]}, "5": {"path": [[44.881705, -124.023371], [44.884083, -124.025524], [44.885273, -124.026374]], "green": [[44.885406, -124.026439], [44.885408, -124.026379], [44.885403, -124.026329], [44.88539, -124.026283], [44.885368, -124.026243], [44.88535, -124.026218], [44.88533, -124.026205], [44.885303, -124.026197], [44.88528, -124.026192], [44.885235, -124.02618], [44.885208, -124.026185], [44.885175, -124.026212], [44.885147, -124.026273], [44.885128, -124.026342], [44.885124, -124.026386], [44.885124, -124.026435], [44.885135, -124.026477], [44.885156, -124.026512], [44.885185, -124.026556], [44.885218, -124.026573], [44.885257, -124.02657], [44.88529, -124.02656], [44.885324, -124.026544], [44.885366, -124.026516], [44.885389, -124.026488], [44.885406, -124.026439]]}, "6": {"path": [[44.885603, -124.026441], [44.885701, -124.024372]], "green": [[44.885777, -124.024384], [44.885796, -124.024374], [44.885818, -124.024351], [44.885837, -124.024316], [44.885853, -124.024267], [44.885859, -124.024195], [44.885838, -124.024144], [44.885805, -124.024123], [44.885772, -124.024131], [44.885729, -124.024146], [44.88569, -124.024169], [44.88565, -124.024192], [44.885624, -124.024217], [44.885607, -124.024233], [44.885574, -124.02435], [44.885562, -124.024449], [44.885557, -124.02452], [44.885571, -124.024571], [44.885581, -124.024591], [44.885595, -124.024605], [44.885624, -124.024617], [44.88564, -124.024614], [44.885655, -124.024602], [44.885667, -124.024558], [44.885672, -124.024437], [44.885696, -124.024416], [44.885715, -124.024416], [44.885734, -124.024404], [44.885754, -124.024398], [44.885777, -124.024384]]}, "7": {"path": [[44.885854, -124.023668], [44.884102, -124.024392], [44.882742, -124.023431]], "green": [[44.882845, -124.023472], [44.882833, -124.023573], [44.88281, -124.023629], [44.882761, -124.023673], [44.882721, -124.023655], [44.882705, -124.023644], [44.882667, -124.023613], [44.882641, -124.023564], [44.882626, -124.023468], [44.882633, -124.023399], [44.882643, -124.023336], [44.882661, -124.023275], [44.882669, -124.023234], [44.882706, -124.023227], [44.882737, -124.02323], [44.88277, -124.023245], [44.882799, -124.023262], [44.882833, -124.023337], [44.882839, -124.02336], [44.88284, -124.023393], [44.882845, -124.023472]]}, "8": {"path": [[44.882584, -124.022689], [44.884326, -124.023267], [44.885837, -124.020915]], "green": [[44.885916, -124.020814], [44.885897, -124.020776], [44.88588, -124.020749], [44.885847, -124.020736], [44.885811, -124.020737], [44.885769, -124.020765], [44.885722, -124.020807], [44.885695, -124.020839], [44.885688, -124.020886], [44.885685, -124.020965], [44.8857, -124.021017], [44.885724, -124.021046], [44.885761, -124.021075], [44.885821, -124.021072], [44.885852, -124.02107], [44.885875, -124.021074], [44.885902, -124.021064], [44.88592, -124.021038], [44.885932, -124.020993], [44.885945, -124.020968], [44.885951, -124.020937], [44.885945, -124.020873], [44.885937, -124.020847], [44.885916, -124.020814]]}, "9": {"path": [[44.886155, -124.020768], [44.887178, -124.022686], [44.886981, -124.024739]], "green": [[44.88702, -124.024897], [44.887027, -124.024855], [44.887037, -124.024804], [44.88705, -124.024745], [44.887102, -124.024654], [44.88711, -124.024621], [44.887097, -124.024586], [44.887038, -124.024531], [44.887008, -124.02452], [44.88698, -124.024525], [44.886958, -124.024538], [44.886936, -124.024561], [44.886923, -124.024588], [44.886909, -124.024622], [44.8869, -124.024672], [44.886893, -124.024738], [44.886897, -124.024789], [44.886902, -124.024829], [44.886911, -124.024871], [44.886922, -124.024907], [44.886939, -124.024922], [44.886961, -124.024936], [44.886984, -124.024937], [44.887005, -124.024923], [44.88702, -124.024897]]}, "10": {"path": [[44.887331, -124.028767], [44.889131, -124.026971], [44.890493, -124.025936]], "green": [[44.890572, -124.02598], [44.890557, -124.026029], [44.890547, -124.026053], [44.890535, -124.026072], [44.890511, -124.026091], [44.890485, -124.026096], [44.890447, -124.026091], [44.89041, -124.026064], [44.890386, -124.026027], [44.890378, -124.025966], [44.890382, -124.025906], [44.890395, -124.025865], [44.89041, -124.025834], [44.890437, -124.025805], [44.89047, -124.025793], [44.890495, -124.025786], [44.89052, -124.025788], [44.890538, -124.025792], [44.890555, -124.025812], [44.890572, -124.025854], [44.890579, -124.025896], [44.890579, -124.025937], [44.890572, -124.02598]]}, "11": {"path": [[44.890747, -124.025492], [44.89163, -124.027506]], "green": [[44.891659, -124.027645], [44.891625, -124.027624], [44.891595, -124.027591], [44.891561, -124.027586], [44.891528, -124.027571], [44.891505, -124.027538], [44.891486, -124.027509], [44.891468, -124.027432], [44.891486, -124.027372], [44.891493, -124.027346], [44.891508, -124.027329], [44.891536, -124.027325], [44.891561, -124.027344], [44.891602, -124.027372], [44.891658, -124.027411], [44.891698, -124.027416], [44.891716, -124.027426], [44.89173, -124.027448], [44.891743, -124.027477], [44.891748, -124.027513], [44.89175, -124.02754], [44.891745, -124.027567], [44.891741, -124.027592], [44.891731, -124.027613], [44.891717, -124.027631], [44.891702, -124.027644], [44.891681, -124.027648], [44.891659, -124.027645]]}, "12": {"path": [[44.891461, -124.02878], [44.891828, -124.031327], [44.892554, -124.032921]],