{"holes": {"2": {"path": [[30.361656, -97.991885], [30.362728, -97.993304], [30.363969, -97.992457]], "green": [[30.364013, -97.992578], [30.364035, -97.992565], [30.364056, -97.992535], [30.364064, -97.992479], [30.364061, -97.992437], [30.364039, -97.992391], [30.363989, -97.992369], [30.363974, -97.992362], [30.363951, -97.992351], [30.363923, -97.992343], [30.363907, -97.992348], [30.363881, -97.992368], [30.363868, -97.992407], [30.36387, -97.992439], [30.363893, -97.99248], [30.363937, -97.992515], [30.363956, -97.992558], [30.363983, -97.992581], [30.364013, -97.992578]]}, "3": {"path": [[30.359672, -97.993466], [30.358218, -97.992393], [30.357331, -97.989761]], "green": [[30.357392, -97.989853], [30.357411, -97.989837], [30.357425, -97.989792], [30.357421, -97.989765], [30.357369, -97.989672], [30.357344, -97.989647], [30.357311, -97.989646], [30.357283, -97.989655], [30.357243, -97.989696], [30.357231, -97.989724], [30.357235, -97.989753], [30.357249, -97.989783], [30.357292, -97.989799], [30.35734, -97.989843], [30.357357, -97.989856], [30.357392, -97.989853]]}, "9": {"path": [[30.356799, -97.989364], [30.356569, -97.987426], [30.357299, -97.985754]], "green": [[30.363688, -97.9936], [30.363771, -97.993613], [30.363824, -97.993654], [30.363853, -97.993654], [30.363884, -97.993632], [30.363909, -97.993593], [30.363909, -97.993547], [30.363886, -97.993512], [30.363788, -97.993481], [30.363712, -97.993455], [30.36367, -97.993483], [30.363655, -97.99351], [30.363654, -97.993555], [30.36366, -97.99358], [30.363688, -97.9936]]}, "10": {"path": [[30.365424, -97.993123], [30.366706, -97.992023], [30.366886, -97.990746]], "green": [[30.366923, -97.990859], [30.366948, -97.990793], [30.366961, -97.990717], [30.366961, -97.990676], [30.366951, -97.990642], [30.366928, -97.990614], [30.366894, -97.990613], [30.366827, -97.990641], [30.366806, -97.990665], [30.366801, -97.990685], [30.366804, -97.990709], [30.366842, -97.990791], [30.36685, -97.990835], [30.366862, -97.990857], [30.366885, -97.990865], [30.3669, -97.990868], [30.366923, -97.990859]]}, "11": {"path": [[30.353907, -97.965113], [30.351833, -97.966789]], "green": [[30.351903, -97.966874], [30.351921, -97.966844], [30.351938, -97.96678], [30.351941, -97.966726], [30.351923, -97.966694], [30.351878, -97.966683], [30.351806, -97.966675], [30.351759, -97.966694], [30.351731, -97.966725], [30.351724, -97.966757], [30.351721, -97.966784], [30.351734, -97.966803], [30.351744, -97.966819], [30.351796, -97.966837], [30.351832, -97.966861], [30.351855, -97.966879], [30.35188, -97.966888], [30.351903, -97.966874]]}, "13": {"path": [[30.343011, -97.9868], [30.344556, -97.98634], [30.345544, -97.986486]], "green": [[30.345567, -97.986552], [30.345614, -97.986548], [30.345652, -97.98653], [30.345666, -97.986515], [30.345667, -97.986492], [30.345658, -97.986465], [30.345634, -97.986444], [30.345611, -97.986441], [30.345565, -97.986451], [30.345507, -97.986436], [30.345472, -97.986423], [30.345434, -97.986426], [30.345408, -97.986442], [30.345406, -97.986465], [30.345419, -97.986493], [30.345432, -97.986502], [30.345511, -97.98652], [30.345539, -97.986537], [30.345567, -97.986552]]}, "14": {"path": [[30.345912, -97.985798], [30.346925, -97.986714]], "green": [[30.346838, -97.986649], [30.346837, -97.98662], [30.346855, -97.986598], [30.346883, -97.986598], [30.346945, -97.986631], [30.347053, -97.986655], [30.347072, -97.986682], [30.347082, -97.986719], [30.347072, -97.986761], [30.34704, -97.98679], [30.346972, -97.986835], [30.346915, -97.986858], [30.346857, -97.986852], [30.346823, -97.986802], [30.346851, -97.986766], [30.346866, -97.986711], [30.346857, -97.986681], [30.346838, -97.986649]]}}}