{"holes": {"1": {"path": [[30.098899, -95.83866], [30.100941, -95.83714], [30.101483, -95.837509]], "green": [[30.101395, -95.837459], [30.101409, -95.837414], [30.10144, -95.83737], [30.101475, -95.837358], [30.10153, -95.83737], [30.10157, -95.837391], [30.101585, -95.837434], [30.101575, -95.837523], [30.101564, -95.837575], [30.101537, -95.837624], [30.101519, -95.83766], [30.101488, -95.837673], [30.101453, -95.837663], [30.101435, -95.837624], [30.101428, -95.837555], [30.101414, -95.837502], [30.101395, -95.837459]]}, "2": {"path": [[30.1018, -95.838056], [30.101863, -95.833877]], "green": [[30.10175, -95.833872], [30.101761, -95.833827], [30.101789, -95.833792], [30.101836, -95.833781], [30.101897, -95.833747], [30.101948, -95.833716], [30.10198, -95.833735], [30.101993, -95.833789], [30.101983, -95.833853], [30.101945, -95.833908], [30.101924, -95.833939], [30.101902, -95.833983], [30.101882, -95.834013], [30.101848, -95.834026], [30.101805, -95.834019], [30.101785, -95.833997], [30.101761, -95.833924], [30.10175, -95.833872]]}, "3": {"path": [[30.102837, -95.833953], [30.101107, -95.832677], [30.100387, -95.831915]], "green": [[30.100415, -95.832067], [30.100364, -95.83205], [30.10034, -95.832006], [30.100317, -95.831952], [30.100297, -95.831898], [30.100298, -95.831848], [30.100306, -95.831786], [30.100339, -95.831759], [30.100382, -95.831754], [30.100423, -95.831767], [30.100435, -95.831832], [30.100453, -95.831872], [30.10046, -95.83191], [30.100442, -95.831949], [30.100447, -95.831995], [30.100444, -95.832045], [30.100415, -95.832067]]}, "8": {"path": [[30.102707, -95.833696], [30.102894, -95.836612], [30.102586, -95.838626]], "green": [[30.102498, -95.838642], [30.1025, -95.838594], [30.102522, -95.838535], [30.102582, -95.838486], [30.102623, -95.838488], [30.102666, -95.838525], [30.10269, -95.83861], [30.102685, -95.838678], [30.102664, -95.838721], [30.102627, -95.83874], [30.102591, -95.838728], [30.102548, -95.838698], [30.102512, -95.838683], [30.102498, -95.838642]]}, "10": {"path": [[30.098509, -95.838419], [30.100279, -95.836762], [30.100819, -95.835839]], "green": [[30.10075, -95.835907], [30.10072, -95.835888], [30.100703, -95.835837], [30.100709, -95.835797], [30.100746, -95.835787], [30.100786, -95.835775], [30.100831, -95.835732], [30.10087, -95.835722], [30.100905, -95.835745], [30.100944, -95.835822], [30.100946, -95.83587], [30.100932, -95.835907], [30.100899, -95.83592], [30.100826, -95.835904], [30.10078, -95.8359], [30.10075, -95.835907]]}, "11": {"path": [[30.101225, -95.835638], [30.100188, -95.833047], [30.098789, -95.831938]], "green": [[30.09885, -95.831975], [30.098859, -95.832019], [30.098847, -95.83206], [30.098802, -95.832092], [30.098747, -95.832088], [30.098721, -95.832059], [30.098709, -95.831975], [30.098678, -95.831902], [30.098683, -95.831852], [30.09871, -95.831833], [30.098751, -95.83181], [30.098805, -95.831789], [30.098841, -95.831804], [30.098863, -95.83185], [30.098843, -95.831923], [30.098846, -95.831946], [30.09885, -95.831975]]}, "12": {"path": [[30.098563, -95.831626], [30.096367, -95.831956], [30.095416, -95.83294]], "green": [[30.095415, -95.832829], [30.095469, -95.832829], [30.095504, -95.832865], [30.09552, -95.832919], [30.095505, -95.832954], [30.095491, -95.832988], [30.095477, -95.833006], [30.095446, -95.833049], [30.095425, -95.833089], [30.095391, -95.833084], [30.095365, -95.833048], [30.095341, -95.832993], [30.095313, -95.832939], [30.095312, -95.832889], [30.095323, -95.832848], [30.095367, -95.83283], [30.095415, -95.832829]]}, "13": {"path": [[30.095149, -95.833991], [30.096692, -95.832762]], "green": [[30.096568, -95.83277], [30.096574, -95.832712], [30.096633, -95.832667], [30.096698, -95.832663], [30.096766, -95.832679], [30.096818, -95.832702], [30.096841, -95.832756], [30.096817, -95.832811], [30.096765, -95.83284], [30.096697, -95.832846], [30.096647, -95.832855], [30.096607, -95.832833], [30.096568, -95.83277]]}, "14": {"path": [[30.097441, -95.832318], [30.099096, -95.834138], [30.100336, -95.834781]], "green": [[30.100276, -95.834673], [30.100318, -95.834675], [30.100374, -95.834706], [30.100421, -95.834725], [30.10045, -95.83477], [30.100449, -95.834822], [30.100427, -95.83489], [30.100391, -95.834946], [30.100335, -95.834942], [30.100305, -95.834898], [30.100289, -95.83481], [30.100284, -95.834782], [30.100269, -95.834757], [30.100255, -95.834734], [30.100254, -95.834696], [30.100276, -95.834673]]}, "15": {"path": [[30.100083, -95.835657], [30.099119, -95.83718]], "green": [[30.099116, -95.837063], [30.099166, -95.837054], [30.0992, -95.837085], [30.099213, -95.837136], [30.099203, -95.837176], [30.099169, -95.837225], [30.09915, -95.837275], [30.099124, -95.837329], [30.099091, -95.837348], [30.099041, -95.837312], [30.099023, -95.83724], [30.099033, -95.837179], [30.099056, -95.837127], [30.099087, -95.837093], [30.099116, -95.837063]]}, "16": {"path": [[30.09873, -95.837916], [30.09742, -95.832919]], "green": [[30.097397, -95.832984], [30.097361, -95.833004], [30.097324, -95.832984], [30.097301, -95.832931], [30.097308, -95.832869], [30.09733, -95.83283], [30.09738, -95.832783], [30.097434, -95.832784], [30.097497, -95.832811], [30.097536, -95.83286], [30.097549, -95.832921], [30.097534, -95.832977], [30.097502, -95.832999], [30.097453, -95.832999], [30.097422, -95.832984], [30.097397, -95.832984]]}, "17": {"path": [[30.097188, -95.832636], [30.095519, -95.836037]], "green": [[30.095491, -95.835922], [30.095515, -95.835891], [30.09555, -95.835878], [30.095598, -95.83591], [30.095612, -95.835962], [30.095609, -95.836027], [30.095618, -95.836092], [30.095599, -95.836141], [30.095551, -95.836163], [30.095477, -95.836177], [30.09544, -95.836186], [30.095408, -95.836166], [30.095409, -95.836117], [30.095454, -95.836054], [30.095474, -95.83599], [30.095491, -95.835922]]}, "18": {"path": [[30.095292, -95.836813], [30.097572, -95.836472], [30.098071, -95.837765]], "green": [[30.098005, -95.837732], [30.097969, -95.837716], [30.097951, -95.837672], [30.097969, -95.837629], [30.097981, -95.837571], [30.098, -95.837543], [30.098035, -95.837543], [30.098079, -95.837572], [30.098143, -95.837594], [30.098186, -95.837642], [30.098201, -95.837697], [30.098202, -95.837803], [30.098205, -95.837869], [30.098216, -95.83794], [30.098168, -95.837982], [30.098101, -95.837988], [30.098072, -95.837978], [30.098056, -95.837973], [30.098032, -95.837938], [30.098008, -95.837868], [30.098034, -95.837838], [30.098044, -95.837793], [30.098031, -95.837748], [30.098005, -95.837732]]}}}