{"holes": {"1": {"path": [[32.923444, -97.207751], [32.923394, -97.205424], [32.923634, -97.203893]], "green": [[32.923676, -97.203822], [32.923712, -97.203834], [32.923734, -97.203867], [32.923734, -97.2039], [32.923711, -97.203927], [32.923674, -97.203932], [32.923638, -97.203951], [32.923596, -97.20399], [32.923565, -97.204], [32.923541, -97.20398], [32.923536, -97.203939], [32.923547, -97.203872], [32.923568, -97.203829], [32.923601, -97.203813], [32.923642, -97.203814], [32.923676, -97.203822]]}, "2": {"path": [[32.923125, -97.203754], [32.92307, -97.201144], [32.922825, -97.199524]], "green": [[32.922909, -97.199469], [32.922899, -97.199538], [32.922892, -97.199621], [32.922883, -97.19967], [32.922855, -97.1997], [32.92281, -97.199702], [32.922766, -97.199669], [32.922753, -97.19962], [32.922753, -97.199561], [32.922744, -97.199522], [32.922723, -97.199475], [32.922725, -97.199433], [32.922754, -97.199398], [32.922807, -97.199379], [32.92286, -97.199378], [32.922891, -97.199396], [32.922908, -97.199426], [32.922909, -97.199469]]}, "3": {"path": [[32.922181, -97.200473], [32.921772, -97.197926], [32.921729, -97.196545]], "green": [[32.921744, -97.196434], [32.921782, -97.196454], [32.9218, -97.19649], [32.921798, -97.196548], [32.921804, -97.1966], [32.921803, -97.196652], [32.921779, -97.196683], [32.92174, -97.196699], [32.921701, -97.196679], [32.92169, -97.196634], [32.921682, -97.196581], [32.921662, -97.196542], [32.921639, -97.196505], [32.921642, -97.196465], [32.921671, -97.19644], [32.921705, -97.196426], [32.921744, -97.196434]]}, "4": {"path": [[32.921067, -97.194998], [32.920466, -97.196432]], "green": [[32.920568, -97.196445], [32.920536, -97.196487], [32.920492, -97.196517], [32.920432, -97.196539], [32.920371, -97.196553], [32.920322, -97.196547], [32.920302, -97.196496], [32.920318, -97.196445], [32.920356, -97.196421], [32.920416, -97.196394], [32.920465, -97.196361], [32.920494, -97.196324], [32.920524, -97.1963], [32.920568, -97.196316], [32.920594, -97.196352], [32.920592, -97.196403], [32.920568, -97.196445]]}, "5": {"path": [[32.919517, -97.195639], [32.920423, -97.193212], [32.920787, -97.190773]], "green": [[32.920854, -97.190794], [32.920839, -97.190831], [32.920839, -97.190869], [32.920842, -97.190906], [32.920825, -97.190935], [32.920791, -97.190952], [32.92075, -97.190946], [32.920728, -97.190912], [32.920732, -97.190855], [32.920728, -97.190799], [32.920707, -97.190751], [32.920682, -97.190722], [32.920681, -97.190688], [32.920699, -97.190664], [32.92073, -97.190654], [32.920764, -97.190627], [32.920786, -97.190617], [32.920815, -97.190633], [32.920842, -97.19066], [32.920867, -97.190691], [32.920878, -97.190724], [32.92087, -97.190764], [32.920854, -97.190794]]}, "6": {"path": [[32.921315, -97.190773], [32.921139, -97.194406]], "green": [[32.921203, -97.194327], [32.921233, -97.194362], [32.921252, -97.194421], [32.921247, -97.194459], [32.921223, -97.194482], [32.921184, -97.194471], [32.92114, -97.19447], [32.92109, -97.194484], [32.921056, -97.1945], [32.92102, -97.194482], [32.921006, -97.194418], [32.921025, -97.194352], [32.921061, -97.194322], [32.921117, -97.19431], [32.921164, -97.194311], [32.921203, -97.194327]]}, "7": {"path": [[32.921966, -97.195595], [32.923324, -97.198762], [32.923647, -97.200517]], "green": [[32.923724, -97.200421], [32.923735, -97.200502], [32.923741, -97.200578], [32.923734, -97.200642], [32.923716, -97.200676], [32.923669, -97.200682], [32.923623, -97.200654], [32.923586, -97.200632], [32.923537, -97.200619], [32.923515, -97.200563], [32.923522, -97.200494], [32.92355, -97.20045], [32.923589, -97.200436], [32.923623, -97.200403], [32.923657, -97.20037], [32.923692, -97.200368], [32.923715, -97.200387], [32.923724, -97.200421]]}, "8": {"path": [[32.923498, -97.202323], [32.924294, -97.203635]], "green": [[32.924325, -97.203554], [32.924368, -97.20361], [32.924394, -97.203654], [32.924395, -97.203707], [32.924376, -97.203756], [32.924332, -97.203781], [32.924282, -97.203791], [32.924241, -97.203761], [32.924227, -97.203698], [32.924216, -97.203653], [32.924224, -97.203594], [32.92422, -97.203544], [32.924227, -97.203504], [32.924257, -97.203491], [32.924294, -97.203509], [32.924325, -97.203554]]}, "9": {"path": [[32.925313, -97.204769], [32.9252, -97.207511], [32.925293, -97.208807]], "green": [[32.925318, -97.208705], [32.92534, -97.208753], [32.925364, -97.20878], [32.925407, -97.208807], [32.925427, -97.208844], [32.925428, -97.208896], [32.925403, -97.208938], [32.925361, -97.208958], [32.925309, -97.208957], [32.925249, -97.208945], [32.925224, -97.208925], [32.925214, -97.208885], [32.925206, -97.208836], [32.925185, -97.20879], [32.925173, -97.208743], [32.925184, -97.208699], [32.925212, -97.208664], [32.925253, -97.208655], [32.92529, -97.208665], [32.925318, -97.208705]]}, "10": {"path": [[32.924851, -97.209146], [32.925196, -97.21163], [32.924716, -97.212853]], "green": [[32.924777, -97.212835], [32.924759, -97.212868], [32.924743, -97.212917], [32.924723, -97.212958], [32.924696, -97.212984], [32.924656, -97.212981], [32.924615, -97.212946], [32.924601, -97.212903], [32.924611, -97.212853], [32.924648, -97.212826], [32.924692, -97.212788], [32.92473, -97.212742], [32.924761, -97.212726], [32.92479, -97.212741], [32.924804, -97.212782], [32.924796, -97.212814], [32.924777, -97.212835]]}, "11": {"path": [[32.924672, -97.213875], [32.923302, -97.212991]], "green": [[32.923351, -97.21288], [32.923383, -97.212907], [32.923405, -97.212966], [32.923416, -97.213045], [32.923388, -97.213106], [32.923323, -97.213147], [32.923251, -97.213151], [32.923186, -97.213121], [32.923166, -97.213048], [32.923194, -97.212973], [32.923232, -97.212911], [32.923274, -97.212871], [32.923313, -97.212868], [32.923351, -97.21288]]}, "12": {"path": [[32.922659, -97.213317], [32.924391, -97.215352], [32.925588, -97.217088]], "green": [[32.925655, -97.216962], [32.925684, -97.217005], [32.925703, -97.217033], [32.925705, -97.217067], [32.925681, -97.217111], [32.925645, -97.217152], [32.925613, -97.217187], [32.925576, -97.217229], [32.925546, -97.217254], [32.925516, -97.217259], [32.925491, -97.217234], [32.925463, -97.21719], [32.925466, -97.21716], [32.925487, -97.217139], [32.925521, -97.217109], [32.925547, -97.217069], [32.925562, -97.217015], [32.925574, -97.216972], [32.925591, -97.216947], [32.925612, -97.216935], [32.925639, -97.216944], [32.925655, -97.216962]]}, "13": {"path": [[32.926475, -97.216801], [32.925217, -97.215042], [32.925413, -97.213315]], "green": [[32.925435, -97.213209], [32.925475, -97.213246], [32.925488, -97.213278], [32.925495, -97.213329], [32.925513, -97.213391], [32.925504, -97.213444], [32.925461, -97.213476], [32.925423, -97.213477], [32.925395, -97.213449], [32.925381, -97.213397], [32.92535, -97.213357], [32.925316, -97.21332], [32.925304, -97.213275], [32.925314, -97.213238], [32.925355, -97.213198], [32.925384, -97.213185], [32.925411, -97.213188], [32.925435, -97.213209]]}, "14": {"path": [[32.925793, -97.212878], [32.92613, -97.210857]], "green": [[32.926209, -97.210897], [32.926199, -97.21097], [32.926181, -97.211014], [32.92614, -97.211025], [32.926093, -97.211003], [32.926054, -97.210947], [32.926038, -97.210893], [32.926006, -97.210853], [32.925994, -97.210805], [32.926014, -97.210763], [32.926044, -97.210739], [32.926085, -97.210748], [32.926129, -97.210765], [32.926188, -97.210769], [32.92621, -97.210764], [32.926227, -97.210775], [32.926231, -97.21081], [32.926215, -97.210851], [32.926209, -97.210897]]}, "15": {"path": [[32.926724, -97.210674], [32.926415, -97.205608]],