{"holes": {"1": {"path": [[33.00236, -94.94732], [33.004056, -94.948013], [33.004651, -94.947339]], "green": [[33.004692, -94.947436], [33.004713, -94.947397], [33.004731, -94.947337], [33.004739, -94.947259], [33.004719, -94.947203], [33.004677, -94.947196], [33.004636, -94.947199], [33.004603, -94.947238], [33.004588, -94.947288], [33.004576, -94.94733], [33.004564, -94.947387], [33.004573, -94.947443], [33.004612, -94.947468], [33.004647, -94.947461], [33.004692, -94.947436]]}, "2": {"path": [[33.004476, -94.950064], [33.005525, -94.946969]], "green": [[33.005568, -94.947036], [33.005591, -94.946983], [33.005609, -94.946919], [33.0056, -94.946859], [33.00555, -94.946834], [33.005493, -94.946863], [33.005455, -94.946909], [33.005446, -94.946955], [33.005455, -94.946997], [33.005461, -94.947033], [33.00549, -94.947089], [33.005538, -94.947079], [33.005568, -94.947036]]}, "3": {"path": [[33.006082, -94.945036], [33.004503, -94.946654], [33.003358, -94.947179]], "green": [[33.003416, -94.947252], [33.003445, -94.94722], [33.003457, -94.947153], [33.003442, -94.94711], [33.003413, -94.947079], [33.003371, -94.947079], [33.003312, -94.947089], [33.003279, -94.947118], [33.003261, -94.947149], [33.003264, -94.947203], [33.003273, -94.947238], [33.0033, -94.94728], [33.003362, -94.94728], [33.003416, -94.947252]]}, "4": {"path": [[33.002988, -94.947255], [33.003823, -94.945267], [33.004336, -94.944707]], "green": [[33.004382, -94.944767], [33.0044, -94.944717], [33.0044, -94.944669], [33.004371, -94.944629], [33.004331, -94.944603], [33.0043, -94.944612], [33.004257, -94.944636], [33.00422, -94.9447], [33.004257, -94.944689], [33.004361, -94.944776], [33.004347, -94.944816], [33.004355, -94.944809], [33.004382, -94.944767]]}, "5": {"path": [[33.003504, -94.944212], [33.002731, -94.947029]], "green": [[33.002816, -94.947064], [33.002798, -94.946994], [33.002754, -94.946927], [33.002718, -94.946902], [33.00268, -94.946919], [33.002647, -94.946958], [33.00265, -94.947001], [33.00265, -94.947068], [33.002686, -94.947114], [33.00273, -94.947139], [33.002763, -94.947125], [33.002789, -94.947103], [33.002816, -94.947064]]}, "6": {"path": [[33.00285, -94.947312], [33.001757, -94.94673]], "green": [[33.001825, -94.946775], [33.001833, -94.946723], [33.001821, -94.946681], [33.001792, -94.946637], [33.001756, -94.94663], [33.001723, -94.946635], [33.001704, -94.94666], [33.001692, -94.946693], [33.001682, -94.94673], [33.001682, -94.946765], [33.001705, -94.946793], [33.001735, -94.946819], [33.00177, -94.946826], [33.001805, -94.946807], [33.001825, -94.946775]]}, "7": {"path": [[33.001782, -94.946438], [33.002989, -94.944141]], "green": [[33.003031, -94.944192], [33.003053, -94.944155], [33.00307, -94.944106], [33.003074, -94.944061], [33.003039, -94.944012], [33.002996, -94.944005], [33.002967, -94.944026], [33.002951, -94.944061], [33.002931, -94.944103], [33.002908, -94.944148], [33.002908, -94.944194], [33.002924, -94.944234], [33.002955, -94.944253], [33.00298, -94.94426], [33.003004, -94.94425], [33.003031, -94.944192]]}, "8": {"path": [[33.00287, -94.944094], [33.001559, -94.946166], [33.000107, -94.946546]], "green": [[33.000194, -94.946597], [33.000201, -94.946546], [33.000192, -94.946495], [33.000163, -94.946466], [33.000107, -94.94645], [33.000059, -94.94645], [33.000032, -94.946471], [33.000021, -94.946511], [33.000012, -94.946557], [33.000025, -94.946605], [33.000055, -94.946635], [33.0001, -94.946632], [33.000145, -94.946627], [33.000194, -94.946597]]}, "9": {"path": [[32.999916, -94.946765], [33.001668, -94.947215], [33.0029, -94.947916]], "green": [[33.002947, -94.947978], [33.002968, -94.947942], [33.002982, -94.947882], [33.002962, -94.947847], [33.002917, -94.947825], [33.002858, -94.947818], [33.002828, -94.947868], [33.002816, -94.947903], [33.002816, -94.947953], [33.002855, -94.947992], [33.002908, -94.948006], [33.002947, -94.947978]]}}}