{"holes": {"1": {"path": [[33.139021, -96.59372], [33.141196, -96.594146], [33.142104, -96.594697]], "green": [[33.142223, -96.594683], [33.142223, -96.594734], [33.142185, -96.59479], [33.142128, -96.594806], [33.142072, -96.594801], [33.142027, -96.594784], [33.142003, -96.594752], [33.14199, -96.594709], [33.141998, -96.594669], [33.14202, -96.59463], [33.142051, -96.594607], [33.142091, -96.59459], [33.142135, -96.594589], [33.142187, -96.594626], [33.142223, -96.594683]]}, "2": {"path": [[33.142455, -96.593014], [33.144548, -96.593043], [33.145566, -96.592602]], "green": [[33.145615, -96.592556], [33.145657, -96.592595], [33.145675, -96.592632], [33.145679, -96.592696], [33.145647, -96.592738], [33.145592, -96.592745], [33.145528, -96.592711], [33.145475, -96.592663], [33.145441, -96.592611], [33.145442, -96.592542], [33.145469, -96.592496], [33.145511, -96.592476], [33.145557, -96.592489], [33.145589, -96.592521], [33.145615, -96.592556]]}, "3": {"path": [[33.145059, -96.591861], [33.145705, -96.5892], [33.144577, -96.587297]], "green": [[33.144674, -96.58735], [33.144597, -96.587359], [33.14454, -96.587358], [33.144487, -96.587372], [33.14445, -96.587374], [33.144427, -96.587352], [33.14443, -96.58731], [33.144461, -96.58726], [33.144508, -96.587238], [33.144555, -96.587213], [33.144601, -96.587202], [33.144644, -96.587208], [33.144664, -96.587221], [33.144686, -96.587255], [33.144709, -96.587292], [33.144707, -96.587328], [33.144674, -96.58735]]}, "4": {"path": [[33.144797, -96.586558], [33.146493, -96.58688]], "green": [[33.146602, -96.586938], [33.146553, -96.586978], [33.14651, -96.586999], [33.146468, -96.586987], [33.146417, -96.58694], [33.146377, -96.586911], [33.146351, -96.58689], [33.146343, -96.586857], [33.146366, -96.586822], [33.146404, -96.586787], [33.146461, -96.58676], [33.146515, -96.586757], [33.146563, -96.586791], [33.146601, -96.586827], [33.146622, -96.58687], [33.146623, -96.586915], [33.146602, -96.586938]]}, "5": {"path": [[33.14611, -96.585719], [33.148845, -96.586577], [33.149605, -96.586573]], "green": [[33.14967, -96.586691], [33.149606, -96.586665], [33.149547, -96.58662], [33.149498, -96.586563], [33.149472, -96.58652], [33.149478, -96.586476], [33.149504, -96.586443], [33.149541, -96.586437], [33.149599, -96.586462], [33.149653, -96.586505], [33.149692, -96.586554], [33.149719, -96.58662], [33.149724, -96.586661], [33.149709, -96.586687], [33.14967, -96.586691]]}, "6": {"path": [[33.149552, -96.585956], [33.148771, -96.58455]], "green": [[33.148795, -96.584678], [33.148738, -96.584665], [33.148694, -96.584631], [33.148667, -96.584568], [33.14868, -96.584479], [33.148704, -96.58441], [33.148738, -96.584373], [33.148771, -96.584375], [33.1488, -96.584414], [33.148827, -96.584488], [33.148843, -96.584549], [33.148846, -96.584608], [33.148843, -96.584654], [33.148822, -96.584674], [33.148795, -96.584678]]}, "7": {"path": [[33.148592, -96.583784], [33.146779, -96.585237], [33.145883, -96.58465]], "green": [[33.145958, -96.584707], [33.145916, -96.584748], [33.145863, -96.584768], [33.145805, -96.584748], [33.145759, -96.584713], [33.145744, -96.584669], [33.145759, -96.584619], [33.145793, -96.584575], [33.145854, -96.584541], [33.145916, -96.58453], [33.145952, -96.584544], [33.145983, -96.584584], [33.145995, -96.584627], [33.145984, -96.584673], [33.145958, -96.584707]]}, "8": {"path": [[33.146215, -96.583987], [33.144012, -96.585103], [33.142163, -96.586491]], "green": [[33.142233, -96.586599], [33.142192, -96.58661], [33.142136, -96.586596], [33.142081, -96.586562], [33.142055, -96.586526], [33.142047, -96.586472], [33.142051, -96.586403], [33.142069, -96.586357], [33.142111, -96.586327], [33.142163, -96.586338], [33.142208, -96.586383], [33.142239, -96.586436], [33.142263, -96.586511], [33.142268, -96.58655], [33.142253, -96.586582], [33.142233, -96.586599]]}, "9": {"path": [[33.140284, -96.587771], [33.139359, -96.590175], [33.139218, -96.591491]], "green": [[33.139255, -96.591622], [33.139226, -96.591635], [33.139191, -96.591618], [33.139174, -96.591579], [33.139153, -96.591479], [33.139137, -96.59142], [33.13915, -96.59136], [33.139176, -96.591316], [33.139204, -96.591309], [33.139225, -96.591334], [33.139253, -96.591418], [33.139284, -96.591497], [33.139295, -96.591555], [33.139285, -96.5916], [33.139255, -96.591622]]}, "10": {"path": [[33.137861, -96.595034], [33.139455, -96.596404], [33.140337, -96.596974]], "green": [[33.140423, -96.597027], [33.140402, -96.597075], [33.140377, -96.597097], [33.140339, -96.597094], [33.140283, -96.597047], [33.140238, -96.596998], [33.140209, -96.59695], [33.140198, -96.596907], [33.14022, -96.59688], [33.140272, -96.596863], [33.140337, -96.59686], [33.140386, -96.596883], [33.14042, -96.596926], [33.140435, -96.596958], [33.140432, -96.596994], [33.140423, -96.597027]]}, "11": {"path": [[33.138659, -96.59833], [33.13611, -96.597168], [33.134439, -96.597017]], "green": [[33.134462, -96.597144], [33.13439, -96.597076], [33.134348, -96.597017], [33.134323, -96.596952], [33.134321, -96.596897], [33.134339, -96.596861], [33.134371, -96.596848], [33.134416, -96.596869], [33.134457, -96.596914], [33.134492, -96.596977], [33.134533, -96.597032], [33.134555, -96.597088], [33.134551, -96.59714], [33.134517, -96.597162], [33.134479, -96.597158], [33.134462, -96.597144]]}, "12": {"path": [[33.13284, -96.596124], [33.131391, -96.596487]], "green": [[33.131421, -96.596551], [33.131395, -96.596614], [33.131363, -96.596657], [33.131327, -96.596659], [33.131298, -96.596633], [33.131285, -96.596587], [33.131295, -96.596528], [33.131319, -96.596463], [33.131341, -96.59641], [33.13137, -96.596378], [33.131402, -96.596344], [33.131441, -96.596324], [33.131479, -96.596333], [33.131494, -96.596367], [33.131484, -96.596415], [33.131461, -96.596455], [33.131437, -96.596504], [33.131421, -96.596551]]}, "13": {"path": [[33.130859, -96.595717], [33.131249, -96.592963], [33.131187, -96.591381]], "green": [[33.131189, -96.591486], [33.131142, -96.591455], [33.131108, -96.591408], [33.131093, -96.59136], [33.131103, -96.591305], [33.131122, -96.591261], [33.131159, -96.591249], [33.131215, -96.591265], [33.131259, -96.591303], [33.13128, -96.591359], [33.131279, -96.591425], [33.131256, -96.591475], [33.131222, -96.591492], [33.131189, -96.591486]]}, "14": {"path": [[33.130811, -96.590584], [33.133992, -96.590333]], "green": [[33.134037, -96.590419], [33.133992, -96.590439], [33.133935, -96.590426], [33.133899, -96.590389], [33.133884, -96.590344], [33.133892, -96.590289], [33.133923, -96.590252], [33.133958, -96.590221], [33.133992, -96.590216], [33.134036, -96.590238], [33.134073, -96.590277], [33.134089, -96.590313], [33.134078, -96.59036], [33.134062, -96.590394], [33.134037, -96.590419]]}, "15": {"path": [[33.134451, -96.589839], [33.136561, -96.589228], [33.137352, -96.589353]], "green": [[33.137388, -96.589398], [33.137335, -96.589451], [33.137301, -96.589468], [33.13727, -96.589456], [33.137251, -96.589403], [33.137255, -96.589366], [33.137274, -96.589305], [33.137318, -96.589256], [33.137352, -96.589247], [33.137423, -96.589253], [33.137455, -96.589274], [33.13747, -96.589314], [33.137452, -96.589347], [33.137388, -96.589398]]}, "16": {"path": [[33.139087, -96.587876], [33.138312, -96.589713]], "green": [[33.13836, -96.589774], [33.138301, -96.589835], [33.138268, -96.589845], [33.138235, -96.589819], [33.138215, -96.589766], [33.138211, -96.589724], [33.138228, -96.589676], [33.138271, -96.589629], [33.138332, -96.589578], [33.138355, -96.589572], [33.138376, -96.589595], [33.138394, -96.589655], [33.138398, -96.589709], [33.138383, -96.589749], [33.13836, -96.589774]]}, "17": {"path": [[33.137622, -96.5913], [33.135421, -96.592051], [33.133921, -96.593423]],