{"holes": {"1": {"path": [[32.540981, -96.659968], [32.543751, -96.661256]], "green": [[32.543688, -96.661157], [32.543714, -96.661141], [32.543743, -96.66112], [32.543763, -96.661107], [32.543782, -96.661099], [32.543798, -96.66109], [32.54381, -96.66109], [32.543824, -96.661096], [32.54383, -96.661107], [32.543833, -96.661122], [32.543839, -96.661153], [32.543836, -96.661184], [32.543834, -96.661202], [32.543823, -96.661219], [32.543817, -96.661241], [32.543815, -96.661259], [32.543817, -96.661286], [32.543821, -96.661304], [32.543826, -96.661324], [32.543828, -96.661346], [32.543828, -96.661369], [32.543824, -96.661396], [32.543813, -96.661412], [32.5438, -96.661425], [32.543779, -96.661429], [32.543754, -96.661432], [32.543734, -96.661426], [32.543713, -96.661412], [32.54369, -96.6614], [32.543672, -96.661382], [32.543656, -96.661361], [32.54364, -96.661333], [32.543627, -96.661304], [32.543622, -96.661283], [32.543616, -96.661254], [32.543619, -96.661231], [32.543626, -96.661209], [32.54364, -96.661189], [32.543663, -96.661172], [32.543688, -96.661157]]}, "3": {"path": [[32.54654, -96.660445], [32.548668, -96.66141], [32.549244, -96.66163]], "green": [[32.549385, -96.661701], [32.549371, -96.661712], [32.549356, -96.661713], [32.549329, -96.661712], [32.549299, -96.661715], [32.549266, -96.661718], [32.549237, -96.66173], [32.549212, -96.66174], [32.549187, -96.661748], [32.549163, -96.661752], [32.549143, -96.661751], [32.549124, -96.661742], [32.549115, -96.661731], [32.549104, -96.661714], [32.549096, -96.661693], [32.549091, -96.661673], [32.549089, -96.661656], [32.549089, -96.661633], [32.549093, -96.66161], [32.549122, -96.661567], [32.549139, -96.661548], [32.549156, -96.661528], [32.549168, -96.661506], [32.549176, -96.661489], [32.549187, -96.661476], [32.549199, -96.661468], [32.549212, -96.661469], [32.549229, -96.661468], [32.549242, -96.661476], [32.549252, -96.661496], [32.549268, -96.661524], [32.549286, -96.66156], [32.549303, -96.661588], [32.549311, -96.661603], [32.549324, -96.661611], [32.549345, -96.66162], [32.549362, -96.661628], [32.549375, -96.661634], [32.549385, -96.661644], [32.549391, -96.661653], [32.549396, -96.661664], [32.549396, -96.661684], [32.549393, -96.661692], [32.549385, -96.661701]]}, "4": {"path": [[32.549958, -96.661528], [32.549803, -96.663155]], "green": [[32.549871, -96.663068], [32.549886, -96.663065], [32.549901, -96.663067], [32.549917, -96.663075], [32.549931, -96.663085], [32.54994, -96.663106], [32.549944, -96.663133], [32.549944, -96.663154], [32.549941, -96.663173], [32.549933, -96.663192], [32.549919, -96.663204], [32.549879, -96.663218], [32.549841, -96.663224], [32.54981, -96.66324], [32.549791, -96.663249], [32.54976, -96.663265], [32.549735, -96.663271], [32.549711, -96.663272], [32.549693, -96.663257], [32.54968, -96.663247], [32.549672, -96.663232], [32.549669, -96.663214], [32.549669, -96.663193], [32.549672, -96.663169], [32.549678, -96.663144], [32.549687, -96.663127], [32.549698, -96.663112], [32.54971, -96.663102], [32.549729, -96.6631], [32.54975, -96.663103], [32.549774, -96.663104], [32.549804, -96.663099], [32.54982, -96.663095], [32.54984, -96.663087], [32.549853, -96.663083], [32.549871, -96.663068]]}, "5": {"path": [[32.549201, -96.662437], [32.546846, -96.66221], [32.544617, -96.662283]], "green": [[32.544632, -96.662204], [32.544657, -96.662228], [32.54468, -96.66225], [32.544701, -96.662268], [32.544716, -96.662286], [32.544731, -96.662306], [32.544736, -96.662324], [32.544739, -96.662352], [32.544736, -96.662374], [32.544722, -96.662397], [32.544705, -96.662408], [32.544686, -96.662413], [32.544657, -96.662411], [32.54463, -96.6624], [32.544607, -96.662381], [32.544587, -96.662372], [32.544569, -96.662357], [32.544554, -96.662339], [32.54453, -96.662308], [32.544522, -96.662289], [32.544514, -96.662268], [32.54451, -96.662252], [32.544511, -96.662221], [32.544516, -96.662201], [32.544525, -96.662184], [32.544535, -96.662177], [32.544549, -96.662172], [32.544564, -96.662172], [32.544579, -96.662175], [32.544598, -96.662181], [32.544614, -96.66219], [32.544632, -96.662204]]}, "6": {"path": [[32.546061, -96.662916], [32.547581, -96.663274]], "green": [[32.547522, -96.663178], [32.547536, -96.663182], [32.547553, -96.663183], [32.547573, -96.66318], [32.547595, -96.663178], [32.547612, -96.663177], [32.547625, -96.663179], [32.54764, -96.66319], [32.547654, -96.663201], [32.547663, -96.663218], [32.547669, -96.663238], [32.547673, -96.663263], [32.547675, -96.663286], [32.547676, -96.663312], [32.547674, -96.663335], [32.54767, -96.663354], [32.547661, -96.66337], [32.547651, -96.663385], [32.547637, -96.6634], [32.547624, -96.663406], [32.547611, -96.663409], [32.547598, -96.663406], [32.547586, -96.663401], [32.547572, -96.663393], [32.547566, -96.663379], [32.547566, -96.66336], [32.547567, -96.663338], [32.547567, -96.663321], [32.547564, -96.663305], [32.547549, -96.663292], [32.547539, -96.663278], [32.547522, -96.663267], [32.547504, -96.663255], [32.547492, -96.663246], [32.547484, -96.663232], [32.547481, -96.663218], [32.547481, -96.663206], [32.547482, -96.66319], [32.547488, -96.663179], [32.547502, -96.663174], [32.547522, -96.663178]]}, "7": {"path": [[32.548259, -96.663477], [32.545695, -96.663596], [32.544485, -96.663506]], "green": [[32.544575, -96.66349], [32.544561, -96.663507], [32.544549, -96.663519], [32.544535, -96.663539], [32.544524, -96.663554], [32.544521, -96.663569], [32.54452, -96.663588], [32.544521, -96.663605], [32.544522, -96.663619], [32.544522, -96.663631], [32.544519, -96.663644], [32.544512, -96.663654], [32.5445, -96.663662], [32.544486, -96.663669], [32.544372, -96.663623], [32.544357, -96.663611], [32.544344, -96.663593], [32.544342, -96.663567], [32.544347, -96.663541], [32.544356, -96.663515], [32.544374, -96.663481], [32.544393, -96.663451], [32.544407, -96.663433], [32.544424, -96.663412], [32.544441, -96.663395], [32.544455, -96.663386], [32.544472, -96.66338], [32.544489, -96.663375], [32.544504, -96.663378], [32.544517, -96.663381], [32.544529, -96.663386], [32.544543, -96.663392], [32.544553, -96.663407], [32.544563, -96.663425], [32.544569, -96.663439], [32.544575, -96.663453], [32.544579, -96.663476], [32.544575, -96.66349]]}, "8": {"path": [[32.544216, -96.663214], [32.542978, -96.661917]], "green": [[32.54303, -96.661864], [32.54304, -96.661884], [32.543049, -96.661908], [32.543059, -96.661933], [32.543068, -96.661952], [32.543074, -96.66197], [32.543079, -96.661986], [32.543073, -96.662005], [32.543065, -96.662017], [32.543048, -96.662031], [32.54303, -96.662037], [32.543014, -96.662034], [32.543, -96.662026], [32.542983, -96.662016], [32.542958, -96.662007], [32.542938, -96.662004], [32.542918, -96.661991], [32.542898, -96.661974], [32.542888, -96.661956], [32.542881, -96.661942], [32.542878, -96.661915], [32.542878, -96.661896], [32.542878, -96.661873], [32.542883, -96.661846], [32.542891, -96.661825], [32.542904, -96.661805], [32.542922, -96.661793], [32.542943, -96.661786], [32.542959, -96.661786], [32.542976, -96.661793], [32.54299, -96.661805], [32.543003, -96.661818], [32.543017, -96.661839], [32.54303, -96.661864]]}, "9": {"path": [[32.542515, -96.662169], [32.54096, -96.660672], [32.540311, -96.660365]],