{"holes": {"1": {"path": [[34.137631, -102.142804], [34.140936, -102.142788]], "green": [[34.140988, -102.142851], [34.141003, -102.142831], [34.14101, -102.142815], [34.141015, -102.142793], [34.141017, -102.142767], [34.141013, -102.142747], [34.141004, -102.142724], [34.140993, -102.142699], [34.140977, -102.142685], [34.14096, -102.142668], [34.140919, -102.142665], [34.140882, -102.142662], [34.140841, -102.142686], [34.14083, -102.142717], [34.14082, -102.142744], [34.140829, -102.142818], [34.140837, -102.142837], [34.140863, -102.142865], [34.140891, -102.142879], [34.140916, -102.142884], [34.140928, -102.142884], [34.14094, -102.142884], [34.140967, -102.142875], [34.14098, -102.142866], [34.140988, -102.142851]]}, "2": {"path": [[34.140288, -102.143689], [34.138261, -102.143699], [34.136793, -102.144821]], "green": [[34.136897, -102.144902], [34.136902, -102.144832], [34.136899, -102.14479], [34.136888, -102.144753], [34.136836, -102.144696], [34.136813, -102.144691], [34.136789, -102.144689], [34.136758, -102.144694], [34.13674, -102.144698], [34.136704, -102.144714], [34.136687, -102.144746], [34.136674, -102.144792], [34.136675, -102.144838], [34.136686, -102.144886], [34.136708, -102.144918], [34.136743, -102.144937], [34.136785, -102.144948], [34.136824, -102.144952], [34.136863, -102.144935], [34.136884, -102.144925], [34.136897, -102.144902]]}, "3": {"path": [[34.136376, -102.145302], [34.135331, -102.14511]], "green": [[34.135407, -102.145036], [34.135417, -102.145061], [34.135425, -102.145086], [34.135425, -102.145111], [34.135425, -102.145126], [34.135416, -102.145153], [34.135401, -102.145177], [34.13538, -102.145196], [34.135359, -102.145214], [34.135336, -102.145223], [34.135313, -102.145239], [34.135292, -102.145239], [34.135266, -102.145227], [34.135242, -102.145211], [34.135225, -102.145175], [34.135213, -102.145146], [34.135205, -102.145103], [34.135213, -102.145062], [34.135238, -102.145032], [34.135262, -102.145013], [34.135285, -102.145], [34.13532, -102.144991], [34.135348, -102.144988], [34.13538, -102.145], [34.135396, -102.145017], [34.135407, -102.145036]]}, "4": {"path": [[34.134653, -102.145144], [34.136923, -102.142861]], "green": [[34.136957, -102.142982], [34.136985, -102.142948], [34.136995, -102.142925], [34.137003, -102.142896], [34.137005, -102.142837], [34.136993, -102.142808], [34.13698, -102.142783], [34.136943, -102.142764], [34.136917, -102.142754], [34.13689, -102.142756], [34.136875, -102.142766], [34.136864, -102.142764], [34.13683, -102.142795], [34.136814, -102.142872], [34.136825, -102.142935], [34.136865, -102.14296], [34.136917, -102.142972], [34.136957, -102.142982]]}, "5": {"path": [[34.136435, -102.142775], [34.134991, -102.144122], [34.134278, -102.145035]], "green": [[34.134369, -102.145074], [34.134372, -102.145053], [34.134371, -102.145006], [34.134352, -102.144956], [34.134334, -102.144933], [34.134312, -102.144924], [34.134284, -102.144921], [34.134262, -102.144922], [34.134243, -102.144934], [34.134228, -102.14494], [34.134217, -102.144948], [34.134192, -102.14496], [34.134181, -102.144986], [34.134175, -102.145014], [34.134174, -102.145048], [34.134178, -102.145086], [34.134191, -102.145109], [34.134208, -102.14513], [34.134269, -102.14515], [34.134294, -102.145143], [34.134308, -102.145137], [34.134319, -102.14513], [34.134331, -102.145122], [34.134344, -102.145112], [34.134357, -102.145097], [34.134369, -102.145074]]}, "6": {"path": [[34.134155, -102.144459], [34.13517, -102.142928], [34.136271, -102.142276]], "green": [[34.136286, -102.142374], [34.136234, -102.142378], [34.136199, -102.142371], [34.136174, -102.142345], [34.136159, -102.142309], [34.136158, -102.142273], [34.136166, -102.142229], [34.136186, -102.142191], [34.136233, -102.142165], [34.136269, -102.142158], [34.136292, -102.142164], [34.136317, -102.142174], [34.136342, -102.142187], [34.13636, -102.142208], [34.136371, -102.142253], [34.136373, -102.142297], [34.136355, -102.142338], [34.136336, -102.142363], [34.136314, -102.142372], [34.136286, -102.142374]]}, "7": {"path": [[34.13763, -102.141841], [34.140244, -102.140986], [34.141942, -102.141081]], "green": [[34.14192, -102.141207], [34.141906, -102.141199], [34.141887, -102.141172], [34.141864, -102.141139], [34.141852, -102.141105], [34.141848, -102.141057], [34.141855, -102.141027], [34.141873, -102.140991], [34.141884, -102.140966], [34.141895, -102.140951], [34.141911, -102.140945], [34.141932, -102.140946], [34.141951, -102.140947], [34.141971, -102.140956], [34.141993, -102.140974], [34.142014, -102.141007], [34.142021, -102.141032], [34.142025, -102.141075], [34.142028, -102.141109], [34.142027, -102.141133], [34.142016, -102.141163], [34.142004, -102.141188], [34.141987, -102.141197], [34.141963, -102.141208], [34.14194, -102.141213], [34.14192, -102.141207]]}, "9": {"path": [[34.140567, -102.142218], [34.137789, -102.142382]], "green": [[34.137834, -102.142495], [34.137842, -102.142482], [34.137853, -102.142471], [34.137866, -102.142457], [34.137873, -102.142431], [34.137882, -102.1424], [34.137883, -102.142381], [34.137883, -102.142365], [34.137877, -102.142343], [34.137868, -102.142317], [34.137864, -102.142302], [34.137854, -102.14229], [34.137836, -102.142282], [34.137812, -102.142269], [34.137796, -102.142269], [34.137781, -102.142264], [34.137769, -102.142266], [34.137756, -102.142267], [34.137741, -102.14227], [34.137728, -102.142275], [34.137717, -102.142276], [34.137707, -102.142298], [34.137698, -102.142313], [34.137689, -102.14234], [34.137685, -102.142363], [34.137684, -102.14242], [34.137689, -102.142443], [34.137697, -102.142471], [34.137715, -102.142494], [34.137732, -102.142509], [34.137757, -102.14252], [34.137789, -102.142523], [34.137811, -102.142518], [34.137826, -102.142506], [34.137834, -102.142495]]}}}