{"holes": {"1": {"path": [[47.511584, -116.869223], [47.513441, -116.869976], [47.514109, -116.871131]], "green": [[47.514029, -116.871047], [47.51402, -116.871023], [47.514019, -116.870999], [47.514021, -116.870973], [47.514027, -116.870954], [47.514035, -116.870945], [47.514054, -116.87094], [47.514096, -116.870945], [47.514112, -116.870941], [47.514171, -116.870901], [47.514199, -116.870901], [47.514225, -116.870914], [47.514243, -116.870931], [47.514265, -116.870984], [47.514272, -116.871048], [47.514263, -116.871113], [47.514248, -116.871146], [47.514223, -116.871176], [47.514161, -116.871224], [47.514136, -116.871273], [47.514112, -116.871371], [47.514104, -116.871382], [47.514093, -116.871391], [47.51408, -116.871393], [47.514065, -116.871392], [47.514051, -116.871383], [47.514041, -116.871373], [47.514033, -116.871352], [47.514029, -116.871308], [47.514035, -116.871282], [47.514076, -116.871176], [47.514083, -116.871146], [47.514081, -116.871114], [47.514071, -116.871087], [47.514029, -116.871047]]}, "2": {"path": [[47.514207, -116.872027], [47.513246, -116.874184]], "green": [[47.513186, -116.874018], [47.513202, -116.873992], [47.513229, -116.873966], [47.51325, -116.873955], [47.513312, -116.873922], [47.513331, -116.873928], [47.513345, -116.873949], [47.513363, -116.874043], [47.513375, -116.874108], [47.513368, -116.874164], [47.513361, -116.874186], [47.513282, -116.874273], [47.513274, -116.87429], [47.513267, -116.874381], [47.513257, -116.874403], [47.513241, -116.874414], [47.513224, -116.874417], [47.513203, -116.874407], [47.513188, -116.874391], [47.513182, -116.874375], [47.513177, -116.874315], [47.513167, -116.87427], [47.513147, -116.874226], [47.513143, -116.874206], [47.513145, -116.874167], [47.513186, -116.874018]]}, "3": {"path": [[47.511937, -116.873688], [47.511572, -116.879143], [47.511782, -116.880916]], "green": [[47.511744, -116.880816], [47.511801, -116.880776], [47.511835, -116.880766], [47.511851, -116.880769], [47.511868, -116.880779], [47.511879, -116.880799], [47.511885, -116.880833], [47.511883, -116.880902], [47.511871, -116.880935], [47.51185, -116.880962], [47.511813, -116.88099], [47.511757, -116.881062], [47.511738, -116.881075], [47.511711, -116.881075], [47.511692, -116.881061], [47.51168, -116.881045], [47.511667, -116.881004], [47.511666, -116.880979], [47.511707, -116.880867], [47.511744, -116.880816]]}, "4": {"path": [[47.512614, -116.881579], [47.514793, -116.881325], [47.515818, -116.881933]], "green": [[47.515801, -116.881884], [47.515716, -116.881852], [47.5157, -116.881854], [47.515684, -116.881864], [47.515677, -116.881873], [47.515672, -116.881887], [47.515668, -116.881912], [47.515668, -116.881935], [47.515673, -116.881952], [47.515684, -116.881967], [47.515823, -116.88207], [47.515867, -116.882081], [47.515903, -116.882074], [47.515923, -116.882053], [47.515964, -116.881982], [47.515973, -116.881951], [47.515975, -116.881924], [47.515971, -116.8819], [47.515963, -116.88188], [47.51595, -116.881871], [47.515937, -116.881867], [47.515801, -116.881884]]}, "5": {"path": [[47.515794, -116.883495], [47.517709, -116.881372], [47.519126, -116.879174]], "green": [[47.519186, -116.879329], [47.519171, -116.879344], [47.519156, -116.879351], [47.51914, -116.879351], [47.519126, -116.87934], [47.519114, -116.879318], [47.51911, -116.879297], [47.51911, -116.879282], [47.51911, -116.879267], [47.519099, -116.879211], [47.519084, -116.879179], [47.519052, -116.879141], [47.51904, -116.879122], [47.519034, -116.879095], [47.519034, -116.879065], [47.519041, -116.879039], [47.519056, -116.879017], [47.519074, -116.879004], [47.519095, -116.878997], [47.519123, -116.878996], [47.519156, -116.879008], [47.519178, -116.879025], [47.519194, -116.879048], [47.519206, -116.879077], [47.519217, -116.879134], [47.519224, -116.879244], [47.519216, -116.879275], [47.519186, -116.879329]]}, "6": {"path": [[47.519201, -116.878021], [47.51704, -116.87909], [47.516169, -116.880116]], "green": [[47.516191, -116.879916], [47.51615, -116.879903], [47.516125, -116.879911], [47.516116, -116.879918], [47.516102, -116.879927], [47.516025, -116.879947], [47.516012, -116.879965], [47.516005, -116.879988], [47.516005, -116.88002], [47.516017, -116.880091], [47.516016, -116.880153], [47.516019, -116.880189], [47.516025, -116.880199], [47.516032, -116.880205], [47.516084, -116.880226], [47.516104, -116.880242], [47.516142, -116.880258], [47.516182, -116.880247], [47.516206, -116.880252], [47.516222, -116.880262], [47.516262, -116.880303], [47.516281, -116.880309], [47.516296, -116.880304], [47.516312, -116.880289], [47.516321, -116.880266], [47.516327, -116.880238], [47.516324, -116.880205], [47.516314, -116.880182], [47.516302, -116.880168], [47.516252, -116.88014], [47.51624, -116.880119], [47.516225, -116.880053], [47.516222, -116.87998], [47.516217, -116.879957], [47.51621, -116.879938], [47.516191, -116.879916]]}, "7": {"path": [[47.515376, -116.880131], [47.516518, -116.877983]], "green": [[47.516564, -116.87821], [47.516549, -116.878227], [47.516539, -116.878239], [47.516521, -116.87825], [47.516505, -116.878255], [47.516492, -116.878252], [47.516478, -116.87824], [47.516468, -116.878222], [47.516464, -116.878201], [47.516461, -116.878175], [47.516462, -116.878145], [47.51648, -116.878077], [47.516478, -116.878049], [47.516468, -116.878028], [47.516454, -116.878014], [47.516401, -116.87799], [47.516391, -116.877981], [47.516381, -116.87796], [47.516377, -116.877931], [47.51638, -116.877903], [47.516387, -116.877886], [47.516399, -116.877865], [47.516418, -116.877848], [47.516445, -116.877824], [47.516472, -116.877815], [47.516488, -116.877803], [47.516502, -116.877778], [47.516527, -116.877696], [47.516542, -116.877678], [47.51656, -116.877667], [47.516578, -116.877666], [47.5166, -116.877672], [47.516616, -116.87769], [47.516625, -116.877713], [47.51663, -116.877744], [47.516626, -116.877828], [47.516638, -116.877886], [47.516638, -116.877945], [47.516631, -116.87797], [47.51662, -116.877989], [47.516589, -116.878022], [47.516579, -116.87804], [47.516576, -116.878062], [47.516576, -116.878087], [47.516585, -116.878131], [47.516584, -116.878157], [47.516577, -116.878186], [47.516564, -116.87821]]}, "8": {"path": [[47.517575, -116.876531], [47.512985, -116.875152]], "green": [[47.513037, -116.875298], [47.513021, -116.875322], [47.513017, -116.875329], [47.512997, -116.875346], [47.512978, -116.875352], [47.512959, -116.875351], [47.512935, -116.875336], [47.512918, -116.875316], [47.512896, -116.875272], [47.512886, -116.875236], [47.51287, -116.875069], [47.512874, -116.87504], [47.512889, -116.875], [47.512929, -116.874954], [47.512954, -116.874939], [47.512974, -116.874936], [47.512999, -116.874939], [47.513027, -116.874957], [47.513039, -116.874971], [47.513048, -116.874993], [47.513051, -116.875018], [47.513043, -116.875079], [47.513037, -116.875099], [47.513034, -116.875121], [47.513034, -116.875158], [47.513048, -116.875251], [47.513045, -116.875275], [47.513037, -116.875298]]}, "9": {"path": [[47.512434, -116.8742], [47.511964, -116.871925]], "green": [[47.511953, -116.872144], [47.511948, -116.872167], [47.511936, -116.872182], [47.511921, -116.872189], [47.511904, -116.872187], [47.511889, -116.872177], [47.51188, -116.872156], [47.511869, -116.872072], [47.511837, -116.871988], [47.511836, -116.871962], [47.511874, -116.871825], [47.511879, -116.871713], [47.511897, -116.871681], [47.511977, -116.871634], [47.511991, -116.871634], [47.512001, -116.871639], [47.512011, -116.871652], [47.512032, -116.871696], [47.51206, -116.871734], [47.512068, -116.871759], [47.51207, -116.871791], [47.512069, -116.871817], [47.512063, -116.871846], [47.512054, -116.871867], [47.512041, -116.871883], [47.512008, -116.871908], [47.511998, -116.871922], [47.511991, -116.871938], [47.511976, -116.872], [47.511949, -116.872059], [47.511945, -116.872076], [47.511945, -116.872093], [47.511953, -116.872144]]},