{"holes": {"1": {"path": [[38.938239, -94.891038], [38.940942, -94.892798]], "green": [[38.940955, -94.8926], [38.940983, -94.892617], [38.941019, -94.892685], [38.941069, -94.892794], [38.941087, -94.8929], [38.941082, -94.892967], [38.941061, -94.893023], [38.941033, -94.893041], [38.940965, -94.893067], [38.940934, -94.893065], [38.940919, -94.893042], [38.940907, -94.892993], [38.940901, -94.89294], [38.940891, -94.892885], [38.940877, -94.892823], [38.940858, -94.892775], [38.940851, -94.89275], [38.940829, -94.892711], [38.940849, -94.892691], [38.940869, -94.892672], [38.940893, -94.892649], [38.94091, -94.892633], [38.940924, -94.892621], [38.940933, -94.892611], [38.940945, -94.892601], [38.940955, -94.8926]]}, "2": {"path": [[38.941741, -94.893671], [38.941775, -94.896875], [38.942221, -94.899158]], "green": [[38.942091, -94.899119], [38.942089, -94.899101], [38.942093, -94.899078], [38.942099, -94.899057], [38.942113, -94.899031], [38.942138, -94.899015], [38.942158, -94.899008], [38.942179, -94.899007], [38.942195, -94.899016], [38.942225, -94.899039], [38.942237, -94.899062], [38.942252, -94.899084], [38.942271, -94.899102], [38.942306, -94.899114], [38.942334, -94.89913], [38.942358, -94.899156], [38.942372, -94.89918], [38.942377, -94.899197], [38.942377, -94.899214], [38.942375, -94.899232], [38.942369, -94.899248], [38.942359, -94.899265], [38.942341, -94.899281], [38.942317, -94.899291], [38.942294, -94.899294], [38.94227, -94.899294], [38.942252, -94.899289], [38.942226, -94.899274], [38.942202, -94.899248], [38.942188, -94.899235], [38.942165, -94.89921], [38.942142, -94.899199], [38.942127, -94.899188], [38.942112, -94.899179], [38.942105, -94.899169], [38.942098, -94.899153], [38.942092, -94.899136], [38.942091, -94.899119]]}, "3": {"path": [[38.941967, -94.900227], [38.943563, -94.901491], [38.944112, -94.902526]], "green": [[38.94408, -94.902563], [38.944067, -94.902538], [38.944051, -94.902523], [38.944038, -94.90251], [38.944026, -94.902493], [38.944016, -94.902474], [38.944011, -94.902455], [38.944008, -94.902437], [38.944008, -94.902419], [38.944014, -94.902405], [38.944022, -94.902384], [38.944034, -94.902374], [38.944049, -94.902372], [38.944069, -94.902379], [38.9441, -94.902396], [38.944128, -94.902417], [38.944148, -94.902436], [38.94417, -94.902456], [38.94419, -94.902479], [38.944209, -94.902507], [38.944221, -94.902528], [38.944227, -94.902551], [38.944226, -94.902577], [38.944221, -94.90261], [38.944214, -94.90263], [38.944204, -94.902644], [38.944188, -94.902658], [38.944175, -94.902665], [38.944158, -94.902668], [38.944142, -94.902666], [38.944128, -94.902661], [38.944114, -94.90265], [38.944108, -94.902633], [38.9441, -94.902614], [38.944091, -94.902589], [38.94408, -94.902563]]}, "4": {"path": [[38.944832, -94.903996], [38.945434, -94.902724]], "green": [[38.945538, -94.902771], [38.945534, -94.902811], [38.945516, -94.902843], [38.945481, -94.902868], [38.945447, -94.902882], [38.945409, -94.902883], [38.94538, -94.902864], [38.945369, -94.902844], [38.945358, -94.902794], [38.945354, -94.902744], [38.945353, -94.902687], [38.945341, -94.902635], [38.945339, -94.902587], [38.945347, -94.902553], [38.945373, -94.902534], [38.9454, -94.902541], [38.945431, -94.902587], [38.945472, -94.902629], [38.945503, -94.902666], [38.945524, -94.902697], [38.945534, -94.902729], [38.945538, -94.902771]]}, "5": {"path": [[38.946038, -94.902496], [38.945597, -94.899979], [38.943545, -94.897737]], "green": [[38.943534, -94.89784], [38.943505, -94.897851], [38.943472, -94.897864], [38.943451, -94.897869], [38.943432, -94.897869], [38.943423, -94.897864], [38.943413, -94.897848], [38.943408, -94.897822], [38.943408, -94.897803], [38.943409, -94.897781], [38.943416, -94.897766], [38.943429, -94.897758], [38.943445, -94.897747], [38.943465, -94.897729], [38.943483, -94.897701], [38.943492, -94.897678], [38.943511, -94.89764], [38.943534, -94.897609], [38.943554, -94.897596], [38.943578, -94.897587], [38.943598, -94.897584], [38.943618, -94.897585], [38.94364, -94.897598], [38.943654, -94.897609], [38.943667, -94.897625], [38.943679, -94.897645], [38.943687, -94.89767], [38.943689, -94.897697], [38.943687, -94.897717], [38.943675, -94.897745], [38.943663, -94.897769], [38.943651, -94.897784], [38.943633, -94.897796], [38.94361, -94.89781], [38.943574, -94.89782], [38.943534, -94.89784]]}, "6": {"path": [[38.943772, -94.896822], [38.944695, -94.894649], [38.944941, -94.892489]], "green": [[38.945042, -94.892515], [38.945036, -94.892593], [38.945021, -94.892641], [38.945, -94.892671], [38.944966, -94.892683], [38.944934, -94.892691], [38.944897, -94.892664], [38.944867, -94.892615], [38.944853, -94.892548], [38.944842, -94.892499], [38.944824, -94.892446], [38.944816, -94.892391], [38.944826, -94.892334], [38.944852, -94.892299], [38.944888, -94.892293], [38.944926, -94.892309], [38.94497, -94.892345], [38.945, -94.892371], [38.945026, -94.892412], [38.945037, -94.892445], [38.945042, -94.892478], [38.945042, -94.892515]]}, "7": {"path": [[38.945534, -94.892136], [38.944224, -94.890112], [38.942828, -94.889979]], "green": [[38.942963, -94.889954], [38.942959, -94.890008], [38.942935, -94.890048], [38.942903, -94.890066], [38.942863, -94.890067], [38.942819, -94.890049], [38.942776, -94.890049], [38.942736, -94.890066], [38.942698, -94.890072], [38.942672, -94.890057], [38.942657, -94.890015], [38.942671, -94.889953], [38.942694, -94.889917], [38.942732, -94.889899], [38.942793, -94.889897], [38.942835, -94.889882], [38.942882, -94.889877], [38.942927, -94.889888], [38.942948, -94.88991], [38.942959, -94.889931], [38.942963, -94.889954]]}, "8": {"path": [[38.94225, -94.890214], [38.942662, -94.892118]], "green": [[38.942708, -94.892009], [38.94272, -94.892069], [38.942731, -94.892147], [38.942737, -94.892206], [38.942727, -94.892245], [38.942693, -94.892278], [38.942657, -94.892292], [38.94262, -94.892277], [38.942594, -94.892241], [38.942593, -94.892183], [38.942588, -94.892127], [38.942587, -94.892053], [38.942605, -94.891994], [38.942634, -94.891954], [38.942663, -94.891946], [38.942689, -94.891969], [38.942708, -94.892009]]}, "9": {"path": [[38.941945, -94.89169], [38.939924, -94.891029], [38.938748, -94.890394]], "green": [[38.93878, -94.890526], [38.938792, -94.890536], [38.938802, -94.890539], [38.938812, -94.890541], [38.938828, -94.89054], [38.93884, -94.890532], [38.938852, -94.890515], [38.938858, -94.890495], [38.938862, -94.890473], [38.938862, -94.89046], [38.938857, -94.890446], [38.938849, -94.890432], [38.938836, -94.890408], [38.938824, -94.890392], [38.938816, -94.890373], [38.938811, -94.890351], [38.938808, -94.890325], [38.938803, -94.890307], [38.938798, -94.890278], [38.93879, -94.890256], [38.938777, -94.890245], [38.938759, -94.890233], [38.938742, -94.890229], [38.938728, -94.89023], [38.938709, -94.890236], [38.938692, -94.89024], [38.93868, -94.890257], [38.938657, -94.890278], [38.938635, -94.890287], [38.938617, -94.890297], [38.938609, -94.89031], [38.938604, -94.890332], [38.938604, -94.89035], [38.938607, -94.890373], [38.938618, -94.890398], [38.938631, -94.890411], [38.938653, -94.890423], [38.938675, -94.890432], [38.938702, -94.890449], [38.938714, -94.890466], [38.938729, -94.890482], [38.938744, -94.890496], [38.938757, -94.890507], [38.938767, -94.890516], [38.93878, -94.890526]]}, "10": {"path": [[38.937804, -94.88831], [38.935938, -94.887369], [38.933859, -94.888024], [38.933216, -94.888099]],