{"holes": {"1": {"path": [[38.848983, -94.63435], [38.850039, -94.632007], [38.85086, -94.631339]], "green": [[38.850879, -94.631497], [38.850894, -94.631478], [38.850903, -94.631463], [38.850915, -94.631451], [38.850925, -94.631435], [38.85094, -94.631425], [38.850956, -94.631411], [38.850969, -94.631404], [38.850983, -94.631394], [38.851003, -94.631369], [38.851011, -94.631355], [38.851012, -94.63133], [38.851004, -94.631308], [38.850994, -94.63129], [38.850981, -94.631277], [38.850968, -94.631266], [38.850952, -94.63125], [38.850942, -94.631238], [38.850931, -94.631217], [38.850922, -94.631194], [38.850905, -94.631174], [38.85089, -94.631165], [38.850876, -94.63116], [38.850859, -94.631164], [38.850847, -94.631169], [38.850833, -94.631167], [38.85082, -94.631173], [38.850808, -94.631185], [38.850801, -94.631204], [38.850789, -94.631226], [38.850774, -94.631246], [38.850768, -94.631252], [38.850759, -94.631264], [38.850749, -94.631276], [38.850737, -94.631294], [38.850718, -94.631328], [38.850708, -94.631382], [38.850709, -94.631405], [38.850718, -94.631432], [38.850728, -94.631449], [38.850741, -94.631467], [38.850754, -94.63148], [38.850765, -94.631488], [38.850779, -94.631495], [38.850808, -94.6315], [38.850821, -94.6315], [38.850836, -94.631503], [38.850856, -94.631502], [38.850879, -94.631497]]}, "3": {"path": [[38.850266, -94.634469], [38.851757, -94.632272], [38.852391, -94.631004]], "green": [[38.852473, -94.630933], [38.852475, -94.630957], [38.852476, -94.630986], [38.852473, -94.631016], [38.852467, -94.63104], [38.852455, -94.631078], [38.852432, -94.631118], [38.852402, -94.63114], [38.852361, -94.631148], [38.852329, -94.631145], [38.852304, -94.631121], [38.8523, -94.631111], [38.852293, -94.631091], [38.852289, -94.631055], [38.85229, -94.631026], [38.852294, -94.630998], [38.852302, -94.630952], [38.85232, -94.63091], [38.852358, -94.63088], [38.852405, -94.630875], [38.852431, -94.630885], [38.852445, -94.630892], [38.852455, -94.6309], [38.852466, -94.630913], [38.852473, -94.630933]]}, "4": {"path": [[38.851604, -94.630153], [38.85174, -94.626834], [38.851722, -94.624688]], "green": [[38.851803, -94.624584], [38.851809, -94.624614], [38.851785, -94.624813], [38.851772, -94.624849], [38.85175, -94.624866], [38.851725, -94.624882], [38.851698, -94.624872], [38.851675, -94.624851], [38.851655, -94.62483], [38.851642, -94.624798], [38.851638, -94.624692], [38.851648, -94.624582], [38.851661, -94.624533], [38.851685, -94.62451], [38.851717, -94.624499], [38.851749, -94.624501], [38.85178, -94.624523], [38.851803, -94.624584]]}, "5": {"path": [[38.851467, -94.624498], [38.852047, -94.622518]], "green": [[38.852162, -94.622382], [38.852171, -94.62242], [38.852164, -94.622463], [38.852137, -94.622495], [38.852118, -94.622522], [38.8521, -94.622543], [38.852091, -94.622584], [38.852088, -94.622621], [38.852088, -94.62264], [38.852083, -94.622662], [38.852068, -94.62268], [38.852043, -94.622696], [38.852017, -94.622712], [38.852003, -94.622712], [38.851992, -94.622708], [38.851974, -94.62268], [38.851962, -94.622653], [38.851962, -94.622616], [38.851965, -94.62259], [38.851965, -94.622567], [38.851964, -94.622546], [38.85196, -94.622526], [38.851948, -94.622479], [38.851943, -94.622444], [38.851946, -94.622418], [38.851959, -94.622399], [38.851984, -94.622377], [38.852028, -94.622369], [38.852069, -94.622351], [38.8521, -94.622341], [38.852114, -94.62234], [38.852128, -94.622348], [38.852145, -94.622358], [38.852162, -94.622382]]}, "6": {"path": [[38.853038, -94.621384], [38.85326, -94.624059], [38.853593, -94.625429]], "green": [[38.853685, -94.625308], [38.853679, -94.625331], [38.853674, -94.62536], [38.853641, -94.625448], [38.853641, -94.625488], [38.853649, -94.625537], [38.85366, -94.62558], [38.853651, -94.625617], [38.853624, -94.625638], [38.853589, -94.625647], [38.853566, -94.625641], [38.853541, -94.625617], [38.853526, -94.625593], [38.853516, -94.62557], [38.853508, -94.625544], [38.853496, -94.625504], [38.853494, -94.625411], [38.853494, -94.625393], [38.853499, -94.625378], [38.853523, -94.625341], [38.853544, -94.625306], [38.853562, -94.625274], [38.853578, -94.625231], [38.853601, -94.625215], [38.853633, -94.625215], [38.853662, -94.625236], [38.853681, -94.625274], [38.853685, -94.625308]]}, "7": {"path": [[38.853238, -94.62724], [38.852726, -94.625354], [38.852507, -94.623862]], "green": [[38.852613, -94.623737], [38.852607, -94.62378], [38.852603, -94.62382], [38.852582, -94.623864], [38.852567, -94.623907], [38.852548, -94.623946], [38.852543, -94.623983], [38.852535, -94.624014], [38.852521, -94.624041], [38.852494, -94.624064], [38.852471, -94.62407], [38.852447, -94.624061], [38.852411, -94.624026], [38.852396, -94.623992], [38.852382, -94.623943], [38.852386, -94.623908], [38.852396, -94.623863], [38.852416, -94.62381], [38.852442, -94.623766], [38.852462, -94.623727], [38.852486, -94.623683], [38.852513, -94.623659], [38.852547, -94.623651], [38.852587, -94.623665], [38.852603, -94.623702], [38.852613, -94.623737]]}, "8": {"path": [[38.852218, -94.625626], [38.852475, -94.628229], [38.852202, -94.629846]], "green": [[38.852182, -94.629679], [38.852205, -94.629676], [38.852222, -94.629677], [38.852249, -94.629687], [38.85226, -94.629695], [38.852281, -94.629721], [38.852287, -94.629747], [38.852288, -94.629764], [38.852288, -94.629779], [38.852286, -94.629797], [38.852282, -94.629807], [38.852272, -94.629833], [38.852268, -94.629851], [38.852266, -94.629864], [38.852266, -94.629879], [38.852267, -94.629903], [38.852263, -94.629928], [38.852258, -94.629939], [38.852253, -94.629949], [38.852238, -94.629962], [38.852229, -94.629967], [38.852212, -94.629972], [38.852201, -94.629972], [38.852186, -94.629972], [38.852177, -94.629971], [38.852169, -94.629968], [38.852158, -94.629966], [38.85215, -94.629961], [38.852143, -94.629959], [38.852135, -94.629949], [38.852128, -94.629939], [38.852125, -94.629928], [38.852105, -94.629883], [38.8521, -94.629871], [38.852096, -94.629845], [38.852095, -94.629817], [38.852104, -94.629783], [38.852115, -94.629748], [38.852143, -94.629707], [38.852159, -94.629691], [38.852182, -94.629679]]}, "9": {"path": [[38.853017, -94.63077], [38.852118, -94.633426], [38.851356, -94.634799], [38.850378, -94.635163]], "green": [[38.850471, -94.635056], [38.850502, -94.635068], [38.85052, -94.635077], [38.850536, -94.635098], [38.850543, -94.635113], [38.850546, -94.635133], [38.850546, -94.63516], [38.850539, -94.635175], [38.850517, -94.635198], [38.850497, -94.635204], [38.850465, -94.635205], [38.850442, -94.635208], [38.850419, -94.635217], [38.850406, -94.635223], [38.850389, -94.635237], [38.85038, -94.635252], [38.85037, -94.635263], [38.850361, -94.635274], [38.850351, -94.635284], [38.850337, -94.635293], [38.850327, -94.635295], [38.850291, -94.635288], [38.850278, -94.635281], [38.850245, -94.63526], [38.850228, -94.635228], [38.850218, -94.635206], [38.850216, -94.635176], [38.850218, -94.635163], [38.85023, -94.635136], [38.850238, -94.635122], [38.850246, -94.63511], [38.850267, -94.635086], [38.850283, -94.635076], [38.850304, -94.635065], [38.850341, -94.635051], [38.850357, -94.635047], [38.850373, -94.635048], [38.850388, -94.635047], [38.850445, -94.635052], [38.850471, -94.635056]]}, "10": {"path": [[38.849879, -94.634988], [38.851132, -94.638807], [38.85142, -94.640401]],