{"holes": {"1": {"path": [[39.035062, -79.456598], [39.033207, -79.453335]], "green": [[39.033157, -79.45345], [39.033181, -79.453467], [39.033204, -79.453471], [39.033229, -79.45347], [39.033255, -79.453457], [39.033276, -79.453435], [39.033297, -79.453403], [39.033311, -79.453366], [39.033314, -79.453318], [39.033306, -79.453278], [39.033298, -79.453262], [39.033291, -79.453249], [39.033265, -79.453218], [39.033245, -79.4532], [39.033224, -79.453193], [39.033207, -79.453193], [39.033181, -79.453202], [39.033154, -79.453225], [39.033132, -79.453251], [39.033118, -79.453275], [39.033104, -79.453311], [39.0331, -79.453342], [39.033106, -79.453376], [39.033122, -79.453412], [39.033141, -79.453433], [39.033157, -79.45345]]}, "2": {"path": [[39.032675, -79.454307], [39.031283, -79.453045], [39.030554, -79.451167]], "green": [[39.030504, -79.451321], [39.03052, -79.451329], [39.030545, -79.451333], [39.030567, -79.451327], [39.030601, -79.451305], [39.030641, -79.451272], [39.030671, -79.451243], [39.030689, -79.45122], [39.030699, -79.451194], [39.0307, -79.451163], [39.030692, -79.451137], [39.030676, -79.451103], [39.030651, -79.451064], [39.030626, -79.451038], [39.030599, -79.451016], [39.030575, -79.451002], [39.030548, -79.450998], [39.03053, -79.451], [39.030509, -79.451008], [39.030487, -79.451022], [39.030471, -79.451038], [39.030459, -79.451067], [39.030452, -79.451093], [39.030452, -79.451127], [39.030457, -79.451157], [39.030462, -79.451189], [39.030465, -79.451225], [39.030469, -79.451265], [39.030475, -79.451289], [39.030487, -79.45131], [39.030504, -79.451321]]}, "3": {"path": [[39.030155, -79.45062], [39.028441, -79.449102], [39.027431, -79.447376]], "green": [[39.027377, -79.447559], [39.027399, -79.447562], [39.027426, -79.447558], [39.027452, -79.447542], [39.027476, -79.447512], [39.027485, -79.447495], [39.0275, -79.447463], [39.027527, -79.447395], [39.027542, -79.447317], [39.027547, -79.447253], [39.027539, -79.447222], [39.027525, -79.447195], [39.027506, -79.447179], [39.02748, -79.44717], [39.027446, -79.447169], [39.027421, -79.447175], [39.027396, -79.447194], [39.02738, -79.447225], [39.027373, -79.447257], [39.027367, -79.447312], [39.027361, -79.44736], [39.027347, -79.447429], [39.027343, -79.447464], [39.027344, -79.447496], [39.02735, -79.447526], [39.027364, -79.447551], [39.027377, -79.447559]]}, "4": {"path": [[39.026001, -79.446966], [39.027547, -79.44596]], "green": [[39.027524, -79.446056], [39.027549, -79.44607], [39.027576, -79.44607], [39.027606, -79.446062], [39.027629, -79.446043], [39.02765, -79.446004], [39.027656, -79.445981], [39.027658, -79.445956], [39.027649, -79.445935], [39.027629, -79.445919], [39.027591, -79.445887], [39.02756, -79.445867], [39.027533, -79.445851], [39.027504, -79.44584], [39.027482, -79.445841], [39.027464, -79.445854], [39.027446, -79.445875], [39.027437, -79.445913], [39.027445, -79.445953], [39.027464, -79.445991], [39.027488, -79.446022], [39.027508, -79.446041], [39.027524, -79.446056]]}, "5": {"path": [[39.027893, -79.446721], [39.030082, -79.449305]], "green": [[39.030036, -79.449457], [39.030053, -79.449482], [39.030076, -79.449498], [39.030105, -79.449498], [39.03013, -79.449491], [39.03016, -79.449475], [39.030194, -79.449444], [39.030229, -79.449398], [39.030252, -79.449351], [39.030258, -79.449314], [39.030253, -79.449273], [39.030231, -79.449251], [39.030215, -79.449242], [39.03019, -79.449235], [39.030152, -79.449229], [39.03012, -79.449213], [39.030089, -79.449188], [39.030054, -79.449156], [39.03004, -79.449142], [39.03002, -79.449137], [39.03, -79.449137], [39.02998, -79.449147], [39.029965, -79.449159], [39.029953, -79.449183], [39.029945, -79.449211], [39.029942, -79.449251], [39.029953, -79.449283], [39.029967, -79.449307], [39.029986, -79.449339], [39.03001, -79.449385], [39.030023, -79.449429], [39.030036, -79.449457]]}, "6": {"path": [[39.030231, -79.450024], [39.031758, -79.449935]], "green": [[39.031699, -79.450061], [39.031722, -79.450069], [39.031744, -79.450066], [39.031766, -79.450052], [39.031792, -79.450026], [39.031812, -79.449995], [39.031837, -79.449966], [39.031858, -79.449947], [39.03187, -79.449922], [39.031875, -79.449892], [39.03187, -79.449857], [39.031853, -79.449822], [39.031834, -79.4498], [39.03181, -79.449787], [39.031792, -79.449784], [39.031773, -79.449789], [39.03175, -79.44981], [39.031732, -79.449831], [39.031721, -79.449867], [39.031704, -79.449892], [39.031685, -79.449913], [39.031671, -79.449932], [39.031663, -79.449959], [39.031661, -79.449986], [39.031667, -79.45001], [39.031676, -79.450037], [39.031689, -79.450052], [39.031699, -79.450061]]}, "7": {"path": [[39.032035, -79.449359], [39.03388, -79.448822], [39.034972, -79.449442]], "green": [[39.034896, -79.449513], [39.03495, -79.449533], [39.034993, -79.44955], [39.03502, -79.449555], [39.035042, -79.449556], [39.035068, -79.449538], [39.035087, -79.449514], [39.035101, -79.449483], [39.035103, -79.449458], [39.035095, -79.449423], [39.035081, -79.449399], [39.035058, -79.449385], [39.035021, -79.449368], [39.034979, -79.449345], [39.034945, -79.44933], [39.034933, -79.449327], [39.034921, -79.449324], [39.0349, -79.449327], [39.034878, -79.449355], [39.034866, -79.449382], [39.034861, -79.449415], [39.034856, -79.449458], [39.034869, -79.44949], [39.034882, -79.449505], [39.034896, -79.449513]]}, "8": {"path": [[39.035221, -79.450093], [39.032112, -79.450985]], "green": [[39.032076, -79.451142], [39.032103, -79.451147], [39.032135, -79.451139], [39.032164, -79.451122], [39.032184, -79.451087], [39.032207, -79.451], [39.032211, -79.450987], [39.032225, -79.45093], [39.032225, -79.450902], [39.032219, -79.450869], [39.032206, -79.45085], [39.032184, -79.450831], [39.032154, -79.450819], [39.032125, -79.450817], [39.032096, -79.450822], [39.032063, -79.450838], [39.032032, -79.450867], [39.032012, -79.450901], [39.031997, -79.450957], [39.031996, -79.451024], [39.032002, -79.45108], [39.032014, -79.451099], [39.032032, -79.451123], [39.032054, -79.451136], [39.032076, -79.451142]]}, "9": {"path": [[39.032682, -79.451435], [39.034527, -79.452337], [39.035302, -79.454539], [39.035456, -79.455618]], "green": [[39.035378, -79.455723], [39.035403, -79.455727], [39.035446, -79.455729], [39.03549, -79.455729], [39.035528, -79.455722], [39.035562, -79.455712], [39.035591, -79.455698], [39.035607, -79.45568], [39.035621, -79.455648], [39.035622, -79.455613], [39.035614, -79.455585], [39.035599, -79.455567], [39.035578, -79.455554], [39.035559, -79.455546], [39.035535, -79.455535], [39.035511, -79.455517], [39.035484, -79.455495], [39.035463, -79.45549], [39.035436, -79.455492], [39.035409, -79.455498], [39.035376, -79.455516], [39.035342, -79.455534], [39.035324, -79.45555], [39.035309, -79.455577], [39.035302, -79.455605], [39.03531, -79.455637], [39.035322, -79.455672], [39.035333, -79.455686], [39.035342, -79.455699], [39.035359, -79.455714], [39.035378, -79.455723]]}, "10": {"path": [[39.034997, -79.456895], [39.03217, -79.454802]], "green": [[39.032144, -79.454913], [39.032167, -79.454909], [39.032187, -79.454904], [39.032213, -79.454893], [39.03224, -79.454878], [39.032265, -79.454853], [39.032285, -79.454831], [39.032295, -79.454811], [39.0323, -79.454794], [39.0323, -79.454771], [39.032295, -79.454741], [39.032283, -79.45472], [39.032268, -79.454706], [39.032252, -79.454698], [39.032234, -79.454692], [39.032207, -79.454692], [39.032162, -79.454697], [39.032139, -79.4547], [39.032123, -79.454704], [39.032105, -79.454711], [39.032089, -79.454719], [39.032074, -79.454734], [39.032065, -79.454751], [39.032056, -79.454777], [39.032054, -79.454808], [39.032055, -79.454844], [39.032062, -79.454873], [39.032072, -79.454893], [39.032085, -79.454907], [39.032102, -79.454914], [39.032115, -79.454915], [39.032144, -79.454913]]}, "11": {"path": [[39.031919, -79.455795], [39.030627, -79.453923], [39.030078, -79.452263]],