{"holes": {"1": {"path": [[43.699558, -96.507166], [43.697795, -96.505807], [43.696604, -96.504106]], "green": [[43.696637, -96.503967], [43.696685, -96.504015], [43.696717, -96.50409], [43.696739, -96.504169], [43.696726, -96.504216], [43.696698, -96.504252], [43.696655, -96.504275], [43.696614, -96.504275], [43.696569, -96.504249], [43.696526, -96.504209], [43.69651, -96.50416], [43.696481, -96.504123], [43.696482, -96.50405], [43.696502, -96.504008], [43.696527, -96.503972], [43.696563, -96.503962], [43.696606, -96.503954], [43.696637, -96.503967]]}, "2": {"path": [[43.697055, -96.504048], [43.69897, -96.504916], [43.70007, -96.504449]], "green": [[43.700165, -96.504343], [43.700192, -96.504424], [43.700199, -96.504463], [43.700195, -96.504506], [43.700172, -96.50455], [43.700142, -96.504594], [43.700109, -96.504609], [43.700066, -96.50462], [43.700029, -96.504617], [43.699994, -96.504598], [43.699972, -96.504578], [43.699948, -96.504525], [43.699945, -96.504487], [43.699942, -96.504439], [43.699948, -96.504399], [43.699962, -96.504364], [43.69999, -96.504337], [43.700037, -96.504322], [43.700075, -96.504309], [43.700097, -96.504301], [43.700118, -96.5043], [43.700139, -96.504308], [43.700165, -96.504343]]}, "3": {"path": [[43.699598, -96.505633], [43.701619, -96.504306], [43.702104, -96.503572]], "green": [[43.702058, -96.503421], [43.702095, -96.503417], [43.702132, -96.503427], [43.702172, -96.503447], [43.70221, -96.503481], [43.702235, -96.503517], [43.702244, -96.503564], [43.702235, -96.503606], [43.702212, -96.503648], [43.702183, -96.503665], [43.702151, -96.503686], [43.702115, -96.503711], [43.702084, -96.503729], [43.702062, -96.503732], [43.702029, -96.503709], [43.702011, -96.503687], [43.701997, -96.503654], [43.701992, -96.503599], [43.701994, -96.503519], [43.702003, -96.503482], [43.702024, -96.503452], [43.702058, -96.503421]]}, "4": {"path": [[43.701576, -96.503194], [43.696613, -96.503222]], "green": [[43.696618, -96.503068], [43.696676, -96.503106], [43.696711, -96.503149], [43.696732, -96.503207], [43.696735, -96.503261], [43.696721, -96.503325], [43.696703, -96.503364], [43.696669, -96.503384], [43.696628, -96.50339], [43.696577, -96.503371], [43.696523, -96.503338], [43.696505, -96.503311], [43.696497, -96.50326], [43.69651, -96.503207], [43.696523, -96.50315], [43.696542, -96.50311], [43.696565, -96.503081], [43.696588, -96.503068], [43.696618, -96.503068]]}, "5": {"path": [[43.695939, -96.502781], [43.696074, -96.504609]], "green": [[43.696134, -96.504482], [43.696162, -96.504514], [43.69617, -96.504588], [43.696165, -96.504685], [43.696148, -96.504765], [43.696115, -96.504801], [43.696081, -96.504812], [43.696041, -96.504794], [43.696009, -96.504756], [43.695997, -96.504707], [43.695986, -96.504624], [43.695986, -96.504561], [43.695996, -96.504508], [43.69601, -96.504486], [43.696039, -96.504468], [43.696064, -96.504462], [43.696096, -96.50446], [43.696134, -96.504482]]}, "6": {"path": [[43.696155, -96.505412], [43.697745, -96.507451], [43.699107, -96.507842]], "green": [[43.699125, -96.507721], [43.699159, -96.507716], [43.699191, -96.507722], [43.699217, -96.507739], [43.69924, -96.507775], [43.699249, -96.507827], [43.699229, -96.507922], [43.699204, -96.507976], [43.699165, -96.508031], [43.699123, -96.508056], [43.699085, -96.508046], [43.699049, -96.508011], [43.699028, -96.507978], [43.699005, -96.507921], [43.698981, -96.507852], [43.698989, -96.507805], [43.698999, -96.507775], [43.699014, -96.507754], [43.699033, -96.507738], [43.699059, -96.507725], [43.699089, -96.50772], [43.699125, -96.507721]]}, "7": {"path": [[43.700325, -96.507084], [43.70147, -96.509168], [43.702099, -96.509619]], "green": [[43.702129, -96.509525], [43.702163, -96.50952], [43.702197, -96.509507], [43.702223, -96.509521], [43.702242, -96.509557], [43.702253, -96.509615], [43.702244, -96.509655], [43.702223, -96.509695], [43.702184, -96.509741], [43.702159, -96.509788], [43.702125, -96.509827], [43.702094, -96.509835], [43.702062, -96.509823], [43.702033, -96.509783], [43.701989, -96.509722], [43.701977, -96.509683], [43.701968, -96.509646], [43.701968, -96.5096], [43.701988, -96.509567], [43.702001, -96.509544], [43.702013, -96.50953], [43.702025, -96.509518], [43.702041, -96.509519], [43.702063, -96.509516], [43.702079, -96.509516], [43.702099, -96.509529], [43.702111, -96.509528], [43.702129, -96.509525]]}, "8": {"path": [[43.70228, -96.508056], [43.702022, -96.505888]], "green": [[43.702032, -96.505725], [43.702064, -96.505723], [43.70209, -96.505735], [43.702122, -96.505766], [43.702136, -96.50581], [43.702142, -96.505865], [43.702127, -96.505946], [43.702084, -96.506049], [43.702063, -96.506088], [43.702041, -96.506111], [43.702016, -96.506117], [43.701988, -96.506102], [43.701968, -96.506071], [43.701942, -96.505994], [43.70192, -96.505909], [43.701911, -96.505849], [43.701913, -96.505801], [43.701927, -96.505774], [43.701954, -96.505749], [43.701982, -96.505736], [43.702032, -96.505725]]}, "9": {"path": [[43.702151, -96.504897], [43.700521, -96.506399], [43.699757, -96.506475]], "green": [[43.699829, -96.506361], [43.69986, -96.506396], [43.699886, -96.506445], [43.699898, -96.506492], [43.699895, -96.506528], [43.699876, -96.506574], [43.699843, -96.506608], [43.699803, -96.506635], [43.699767, -96.506645], [43.69973, -96.506648], [43.699698, -96.506648], [43.69967, -96.506634], [43.699646, -96.506614], [43.699624, -96.506546], [43.699623, -96.506489], [43.699633, -96.506421], [43.699649, -96.506374], [43.699673, -96.506349], [43.699697, -96.506333], [43.699721, -96.506323], [43.699751, -96.506321], [43.699777, -96.506329], [43.699795, -96.506336], [43.699829, -96.506361]]}}}