{"holes": {"1": {"path": [[42.499742, -96.477654], [42.501772, -96.477746], [42.502761, -96.477995]], "green": [[42.502674, -96.477972], [42.502675, -96.47796], [42.502677, -96.477952], [42.502682, -96.477935], [42.502687, -96.477924], [42.502693, -96.477915], [42.5027, -96.477907], [42.50271, -96.477899], [42.502724, -96.477891], [42.50274, -96.477889], [42.502759, -96.47789], [42.502772, -96.477893], [42.502787, -96.477898], [42.5028, -96.47791], [42.502814, -96.477921], [42.502833, -96.477935], [42.50284, -96.477944], [42.502849, -96.477959], [42.502857, -96.477973], [42.502861, -96.47799], [42.502862, -96.478008], [42.502861, -96.478027], [42.502858, -96.478048], [42.50285, -96.478067], [42.502839, -96.47808], [42.50283, -96.47809], [42.502819, -96.478096], [42.502807, -96.478104], [42.502795, -96.478107], [42.502781, -96.47811], [42.502763, -96.478107], [42.502739, -96.478102], [42.50272, -96.478093], [42.502708, -96.478083], [42.502692, -96.478065], [42.502684, -96.478051], [42.502678, -96.478032], [42.502675, -96.47801], [42.502672, -96.477991], [42.502674, -96.477972]]}, "9": {"path": [[42.497121, -96.478167], [42.498506, -96.477902], [42.499851, -96.477156]], "green": [[42.499762, -96.477215], [42.49976, -96.477206], [42.499758, -96.477194], [42.499757, -96.477178], [42.499759, -96.477157], [42.499763, -96.477144], [42.499766, -96.477129], [42.499774, -96.477116], [42.499783, -96.477105], [42.499798, -96.477093], [42.499817, -96.477076], [42.499838, -96.477061], [42.499855, -96.477053], [42.499865, -96.47705], [42.499879, -96.477049], [42.499894, -96.477049], [42.499908, -96.477052], [42.499916, -96.477056], [42.499925, -96.477062], [42.499934, -96.477073], [42.499939, -96.477087], [42.499944, -96.4771], [42.499948, -96.47712], [42.499948, -96.477136], [42.499946, -96.477157], [42.499942, -96.477171], [42.499938, -96.477184], [42.499931, -96.477199], [42.499923, -96.477211], [42.499913, -96.477223], [42.499899, -96.477231], [42.499884, -96.477239], [42.499861, -96.47725], [42.499843, -96.477257], [42.499828, -96.477262], [42.499808, -96.477264], [42.499796, -96.477258], [42.499782, -96.477247], [42.499773, -96.477238], [42.499767, -96.477226], [42.499762, -96.477215]]}, "13": {"path": [[42.489797, -96.500855], [42.492455, -96.502779], [42.493009, -96.503038]], "green": [[42.493034, -96.50291], [42.493117, -96.503015], [42.493136, -96.503044], [42.493144, -96.503072], [42.493144, -96.503119], [42.493132, -96.503161], [42.493119, -96.503197], [42.493099, -96.503218], [42.493069, -96.503232], [42.49305, -96.503235], [42.493024, -96.503229], [42.492993, -96.503214], [42.492965, -96.503179], [42.492928, -96.50309], [42.492902, -96.503019], [42.49289, -96.502985], [42.492884, -96.502952], [42.492886, -96.502926], [42.492896, -96.502904], [42.492909, -96.502886], [42.492929, -96.502867], [42.492952, -96.502861], [42.492978, -96.502858], [42.493001, -96.502869], [42.493034, -96.50291]]}, "17": {"path": [[42.505925, -96.475622], [42.504768, -96.475131]], "green": [[42.50479, -96.475293], [42.504779, -96.475295], [42.504766, -96.475293], [42.504752, -96.475289], [42.504737, -96.475281], [42.504725, -96.475275], [42.504711, -96.475267], [42.504701, -96.475257], [42.504689, -96.475245], [42.504675, -96.475226], [42.504666, -96.475211], [42.504655, -96.475194], [42.504648, -96.475162], [42.504643, -96.475135], [42.504643, -96.4751], [42.504646, -96.475072], [42.504651, -96.475055], [42.50466, -96.475032], [42.504668, -96.475009], [42.504674, -96.474995], [42.504688, -96.47498], [42.504701, -96.474964], [42.504711, -96.474955], [42.504726, -96.474947], [42.504742, -96.474945], [42.504761, -96.474949], [42.504774, -96.474954], [42.504793, -96.474963], [42.504803, -96.474971], [42.504815, -96.474979], [42.504824, -96.474987], [42.504833, -96.474999], [42.504843, -96.475013], [42.504853, -96.475031], [42.504865, -96.475063], [42.504868, -96.475078], [42.504871, -96.47511], [42.504872, -96.475128], [42.504872, -96.475142], [42.504869, -96.475164], [42.504864, -96.475182], [42.50486, -96.475197], [42.504856, -96.475208], [42.504853, -96.47522], [42.50485, -96.475231], [42.504843, -96.475244], [42.504838, -96.475255], [42.504829, -96.475267], [42.50482, -96.475275], [42.504808, -96.475287], [42.50479, -96.475293]]}, "18": {"path": [[42.483387, -96.497585], [42.484322, -96.494503], [42.484007, -96.491577]], "green": [[42.484128, -96.491747], [42.484026, -96.491781], [42.484005, -96.491785], [42.483986, -96.491778], [42.48397, -96.491758], [42.48395, -96.491727], [42.483923, -96.49165], [42.483893, -96.49154], [42.483874, -96.491481], [42.483868, -96.491444], [42.48387, -96.491425], [42.483885, -96.491403], [42.483905, -96.491392], [42.483931, -96.491378], [42.483955, -96.491377], [42.484029, -96.491389], [42.484047, -96.491405], [42.484059, -96.49142], [42.484074, -96.491464], [42.484103, -96.491546], [42.484131, -96.491645], [42.484142, -96.491688], [42.484145, -96.491718], [42.484139, -96.491738], [42.484128, -96.491747]]}}}