{"holes": {"1": {"path": [[40.870153, -74.476127], [40.870678, -74.474487], [40.870882, -74.473506]], "green": [[40.870933, -74.473525], [40.870935, -74.473512], [40.870935, -74.473499], [40.870935, -74.473484], [40.870933, -74.473473], [40.870931, -74.473463], [40.870929, -74.473456], [40.870925, -74.473446], [40.870922, -74.473437], [40.870918, -74.473431], [40.870915, -74.473424], [40.870911, -74.473416], [40.870902, -74.473408], [40.870888, -74.473402], [40.870877, -74.473402], [40.870853, -74.473408], [40.870843, -74.473414], [40.870829, -74.473434], [40.870818, -74.473458], [40.870806, -74.473486], [40.870803, -74.473502], [40.870801, -74.47352], [40.870802, -74.473538], [40.870803, -74.47356], [40.870809, -74.473575], [40.870816, -74.473595], [40.870831, -74.473612], [40.870848, -74.47362], [40.870865, -74.47362], [40.870888, -74.473612], [40.870898, -74.473606], [40.870907, -74.473597], [40.870913, -74.473587], [40.870921, -74.473571], [40.870928, -74.473553], [40.870931, -74.473537], [40.870933, -74.473525]]}, "2": {"path": [[40.871405, -74.47245], [40.871381, -74.474666], [40.871244, -74.475461]], "green": [[40.871308, -74.475495], [40.8713, -74.475509], [40.871294, -74.475519], [40.871289, -74.475523], [40.871284, -74.475527], [40.871278, -74.475533], [40.871272, -74.475536], [40.871266, -74.475541], [40.871261, -74.475542], [40.871255, -74.475545], [40.871246, -74.475547], [40.871238, -74.475547], [40.871231, -74.475546], [40.871222, -74.475545], [40.871218, -74.475542], [40.871212, -74.475539], [40.871207, -74.475534], [40.8712, -74.475527], [40.871194, -74.475521], [40.871189, -74.475512], [40.871184, -74.475506], [40.871176, -74.475494], [40.871174, -74.475485], [40.871171, -74.475475], [40.871167, -74.475465], [40.871167, -74.475452], [40.871166, -74.475438], [40.871168, -74.475423], [40.871171, -74.475408], [40.871177, -74.475394], [40.871184, -74.475381], [40.871191, -74.475372], [40.8712, -74.475364], [40.871211, -74.475358], [40.871221, -74.475354], [40.871231, -74.475351], [40.871244, -74.475351], [40.871256, -74.475354], [40.871269, -74.47536], [40.871278, -74.475366], [40.871285, -74.475374], [40.871291, -74.475384], [40.871296, -74.475392], [40.871301, -74.475404], [40.871305, -74.475417], [40.871307, -74.475427], [40.871309, -74.475434], [40.87131, -74.475445], [40.871311, -74.475457], [40.871312, -74.475471], [40.871311, -74.47548], [40.871309, -74.475487], [40.871308, -74.475495]]}, "3": {"path": [[40.871562, -74.47536], [40.872319, -74.473148], [40.873195, -74.471266]], "green": [[40.873261, -74.471324], [40.873272, -74.471288], [40.873278, -74.47126], [40.873281, -74.471236], [40.873278, -74.47121], [40.87327, -74.471192], [40.873257, -74.471173], [40.873245, -74.47116], [40.873229, -74.471152], [40.873213, -74.471148], [40.873201, -74.47115], [40.873187, -74.471152], [40.873179, -74.471155], [40.873165, -74.471161], [40.873152, -74.471174], [40.873141, -74.471195], [40.873132, -74.471216], [40.873125, -74.47123], [40.87312, -74.471249], [40.873118, -74.471261], [40.873117, -74.471266], [40.87312, -74.471294], [40.873123, -74.471316], [40.873132, -74.471342], [40.873141, -74.471355], [40.873151, -74.471367], [40.873159, -74.471377], [40.873176, -74.471385], [40.873191, -74.471385], [40.873206, -74.471381], [40.873219, -74.471373], [40.873228, -74.471367], [40.87324, -74.471354], [40.873252, -74.47134], [40.873261, -74.471324]]}, "4": {"path": [[40.873571, -74.470997], [40.873379, -74.472486], [40.872867, -74.474345], [40.871932, -74.475092]], "green": [[40.872024, -74.475093], [40.872021, -74.475102], [40.872017, -74.475111], [40.872014, -74.47512], [40.872009, -74.475125], [40.872006, -74.475131], [40.871999, -74.475141], [40.871992, -74.475148], [40.871983, -74.475156], [40.871975, -74.47516], [40.871966, -74.475164], [40.871954, -74.475167], [40.871944, -74.47517], [40.871932, -74.475172], [40.871925, -74.475173], [40.871916, -74.475175], [40.871906, -74.475177], [40.87189, -74.475178], [40.871879, -74.475178], [40.871866, -74.475172], [40.871854, -74.475166], [40.871845, -74.475153], [40.871838, -74.475137], [40.871832, -74.475122], [40.871828, -74.475109], [40.871825, -74.475096], [40.871824, -74.475086], [40.871825, -74.475071], [40.871828, -74.47506], [40.871831, -74.475051], [40.871837, -74.475044], [40.871844, -74.475035], [40.871851, -74.475029], [40.871862, -74.475024], [40.871874, -74.47502], [40.871887, -74.475016], [40.871904, -74.475012], [40.871919, -74.475009], [40.87193, -74.475006], [40.871941, -74.475002], [40.871951, -74.474998], [40.871968, -74.474997], [40.871976, -74.474998], [40.871984, -74.475001], [40.872003, -74.47502], [40.87202, -74.475047], [40.872022, -74.475057], [40.872024, -74.475063], [40.872025, -74.475071], [40.872026, -74.475078], [40.872025, -74.475087], [40.872024, -74.475093]]}, "5": {"path": [[40.871925, -74.475577], [40.873071, -74.474971]], "green": [[40.873136, -74.475013], [40.873122, -74.475036], [40.873112, -74.475049], [40.873103, -74.475057], [40.873092, -74.475065], [40.873083, -74.475073], [40.87307, -74.475077], [40.873061, -74.475075], [40.873053, -74.475075], [40.873044, -74.475076], [40.873035, -74.475071], [40.873025, -74.475067], [40.873019, -74.475063], [40.873011, -74.475056], [40.873004, -74.475044], [40.872997, -74.475034], [40.872994, -74.475023], [40.872993, -74.47501], [40.872991, -74.474996], [40.872991, -74.474982], [40.872991, -74.474963], [40.872992, -74.47496], [40.872997, -74.474945], [40.873001, -74.474929], [40.873008, -74.474915], [40.873016, -74.4749], [40.873025, -74.474887], [40.873034, -74.474881], [40.873044, -74.474874], [40.873054, -74.47487], [40.873066, -74.474866], [40.873078, -74.474866], [40.873087, -74.474866], [40.873098, -74.474866], [40.87311, -74.47487], [40.873119, -74.47487], [40.873128, -74.474876], [40.873139, -74.474882], [40.873147, -74.474893], [40.873152, -74.474908], [40.873156, -74.474923], [40.873156, -74.474935], [40.873156, -74.474952], [40.873154, -74.474965], [40.873149, -74.474978], [40.873146, -74.474988], [40.873141, -74.475001], [40.873136, -74.475013]]}, "6": {"path": [[40.873222, -74.474576], [40.874036, -74.473126]], "green": [[40.87405, -74.473242], [40.87406, -74.473223], [40.874071, -74.473199], [40.874082, -74.473173], [40.874092, -74.473152], [40.8741, -74.47313], [40.874111, -74.473107], [40.874123, -74.473077], [40.87413, -74.473053], [40.87413, -74.47303], [40.874124, -74.473008], [40.874116, -74.472988], [40.874102, -74.472975], [40.87409, -74.472968], [40.874074, -74.472965], [40.874051, -74.472969], [40.874034, -74.472974], [40.874016, -74.472986], [40.874, -74.472999], [40.873985, -74.473022], [40.873972, -74.473052], [40.873962, -74.473075], [40.873953, -74.473102], [40.873951, -74.473132], [40.873951, -74.473156], [40.873953, -74.473179], [40.873954, -74.473194], [40.873959, -74.473213], [40.873966, -74.473231], [40.87398, -74.473247], [40.873993, -74.473261], [40.874008, -74.473266], [40.87402, -74.473269], [40.874029, -74.473269], [40.874034, -74.473267], [40.874043, -74.473256], [40.87405, -74.473242]]}, "7": {"path": [[40.87365, -74.473174], [40.874138, -74.469923]], "green": [[40.874176, -74.470019], [40.874184, -74.470005], [40.874193, -74.469986], [40.874202, -74.469951], [40.874206, -74.469925], [40.874206, -74.469897], [40.874206, -74.469877], [40.874202, -74.469852], [40.874194, -74.469827], [40.874185, -74.469803], [40.87417, -74.469783], [40.874152, -74.469775], [40.874136, -74.469774], [40.874117, -74.469783], [40.874105, -74.469799], [40.874097, -74.469816], [40.874091, -74.46984], [40.874085, -74.469868], [40.87408, -74.46989], [40.874075, -74.469922], [40.874075, -74.469947], [40.874074, -74.469967], [40.874078, -74.469988], [40.874081, -74.470001], [40.874088, -74.470012], [40.874102, -74.470027], [40.874115, -74.470035], [40.874124, -74.470036], [40.874137, -74.470037], [40.874153, -74.470034], [40.874165, -74.470028], [40.874176, -74.470019]]},