{"holes": {"1": {"path": [[40.131988, -74.511513], [40.131167, -74.513959], [40.131215, -74.515028]], "green": [[40.131224, -74.515161], [40.131249, -74.515165], [40.131279, -74.515164], [40.131303, -74.515153], [40.13132, -74.515128], [40.131327, -74.51509], [40.131327, -74.515049], [40.131311, -74.514993], [40.131287, -74.514933], [40.131261, -74.514889], [40.131236, -74.514867], [40.131213, -74.514857], [40.131187, -74.514854], [40.131167, -74.514862], [40.131135, -74.514885], [40.131124, -74.514911], [40.131112, -74.514964], [40.131107, -74.515011], [40.13111, -74.515053], [40.131125, -74.515094], [40.131144, -74.515122], [40.131176, -74.515146], [40.131206, -74.515157], [40.131224, -74.515161]]}, "2": {"path": [[40.131197, -74.515785], [40.129623, -74.514238], [40.128944, -74.51369]], "green": [[40.129044, -74.513743], [40.129043, -74.513706], [40.129029, -74.513673], [40.129008, -74.513644], [40.128976, -74.513618], [40.128946, -74.5136], [40.128913, -74.513591], [40.128885, -74.513591], [40.128858, -74.513598], [40.128839, -74.513613], [40.12883, -74.513635], [40.12883, -74.513665], [40.128845, -74.513701], [40.128876, -74.513738], [40.128923, -74.513779], [40.128955, -74.513798], [40.128983, -74.513803], [40.129014, -74.513794], [40.129031, -74.513777], [40.129044, -74.513743]]}, "3": {"path": [[40.12853, -74.513736], [40.129027, -74.512161]], "green": [[40.129076, -74.512247], [40.129106, -74.512174], [40.129115, -74.512123], [40.129108, -74.512072], [40.129085, -74.51203], [40.129054, -74.512007], [40.129023, -74.512001], [40.128994, -74.512017], [40.128965, -74.51205], [40.128946, -74.512095], [40.128937, -74.512148], [40.128944, -74.512208], [40.128962, -74.51227], [40.128984, -74.512305], [40.129005, -74.512319], [40.129034, -74.51231], [40.129064, -74.512274], [40.129076, -74.512247]]}, "4": {"path": [[40.130037, -74.511229], [40.131146, -74.505984]], "green": [[40.131099, -74.506016], [40.131092, -74.505967], [40.131091, -74.505923], [40.1311, -74.505882], [40.13112, -74.505863], [40.13115, -74.505857], [40.131178, -74.50587], [40.131197, -74.505898], [40.131211, -74.505957], [40.131217, -74.506023], [40.13121, -74.506065], [40.13119, -74.506091], [40.13116, -74.506101], [40.131138, -74.506094], [40.131118, -74.506073], [40.131104, -74.506038], [40.131099, -74.506016]]}, "5": {"path": [[40.131104, -74.505196], [40.132, -74.506918], [40.132479, -74.507391]], "green": [[40.13247, -74.507476], [40.132493, -74.50748], [40.132522, -74.507474], [40.132541, -74.507454], [40.132549, -74.507419], [40.13254, -74.507372], [40.132524, -74.50734], [40.132504, -74.507311], [40.132477, -74.507293], [40.132457, -74.507294], [40.132438, -74.507303], [40.132429, -74.507325], [40.132423, -74.507353], [40.132424, -74.507389], [40.132431, -74.507425], [40.132448, -74.507456], [40.13247, -74.507476]]}, "6": {"path": [[40.133137, -74.507385], [40.133163, -74.509494], [40.132729, -74.510011]], "green": [[40.132766, -74.510057], [40.132749, -74.51009], [40.13273, -74.51012], [40.132704, -74.510137], [40.132681, -74.510134], [40.132662, -74.51012], [40.13265, -74.510086], [40.13265, -74.51005], [40.132658, -74.510008], [40.132671, -74.509972], [40.13269, -74.509935], [40.132717, -74.509904], [40.132745, -74.509891], [40.132769, -74.509889], [40.132789, -74.5099], [40.132801, -74.509918], [40.132806, -74.509945], [40.132798, -74.509985], [40.132785, -74.51002], [40.132766, -74.510057]]}, "7": {"path": [[40.13274, -74.508135], [40.131642, -74.507668]], "green": [[40.131626, -74.507762], [40.131662, -74.507769], [40.131692, -74.50777], [40.131721, -74.507756], [40.13174, -74.507726], [40.131747, -74.507682], [40.131736, -74.507636], [40.131712, -74.507585], [40.131686, -74.507554], [40.131654, -74.507539], [40.131609, -74.507545], [40.131583, -74.507556], [40.131563, -74.507582], [40.131548, -74.507619], [40.131545, -74.507667], [40.131557, -74.507702], [40.131579, -74.507731], [40.131607, -74.507753], [40.131626, -74.507762]]}, "8": {"path": [[40.131265, -74.508404], [40.130841, -74.511591], [40.129258, -74.512621]], "green": [[40.129335, -74.51265], [40.129345, -74.512621], [40.12935, -74.512592], [40.129348, -74.512564], [40.129339, -74.512537], [40.129319, -74.512525], [40.12929, -74.512525], [40.129256, -74.512544], [40.129206, -74.51258], [40.129169, -74.512597], [40.129155, -74.512606], [40.129142, -74.512617], [40.129138, -74.512651], [40.129152, -74.512686], [40.129178, -74.5127], [40.129222, -74.512707], [40.129268, -74.512708], [40.129299, -74.512696], [40.129322, -74.512671], [40.129335, -74.51265]]}, "9": {"path": [[40.12911, -74.51326], [40.13082, -74.512879], [40.131558, -74.511687]], "green": [[40.131595, -74.51177], [40.13162, -74.511699], [40.131631, -74.511651], [40.131634, -74.511607], [40.131626, -74.511565], [40.131606, -74.511536], [40.131588, -74.511521], [40.13156, -74.511521], [40.131531, -74.511537], [40.131515, -74.51157], [40.131502, -74.511611], [40.131491, -74.511682], [40.131479, -74.51176], [40.131477, -74.511805], [40.131492, -74.511835], [40.131522, -74.511852], [40.131546, -74.511845], [40.131573, -74.511819], [40.131586, -74.511792], [40.131595, -74.51177]]}, "10": {"path": [[40.132118, -74.511563], [40.131723, -74.5156]], "green": [[40.131768, -74.515678], [40.131786, -74.515653], [40.131799, -74.51562], [40.131802, -74.515579], [40.131798, -74.515531], [40.131783, -74.515491], [40.131763, -74.51547], [40.131732, -74.515463], [40.131705, -74.515473], [40.131669, -74.515505], [40.131648, -74.515544], [40.131633, -74.515591], [40.131631, -74.515633], [40.131641, -74.515676], [40.131658, -74.515699], [40.131686, -74.515714], [40.131723, -74.515713], [40.131752, -74.515694], [40.131768, -74.515678]]}, "11": {"path": [[40.131845, -74.516106], [40.133372, -74.517013]], "green": [[40.133436, -74.517034], [40.133411, -74.51694], [40.133386, -74.516846], [40.133359, -74.516796], [40.133339, -74.516771], [40.133316, -74.516763], [40.133299, -74.516773], [40.133289, -74.516792], [40.133287, -74.516824], [40.133296, -74.516869], [40.133304, -74.516924], [40.133305, -74.516969], [40.133307, -74.517011], [40.133303, -74.51706], [40.133313, -74.517095], [40.133335, -74.517146], [40.133365, -74.517195], [40.133397, -74.517225], [40.133416, -74.517233], [40.133433, -74.51723], [40.133451, -74.517211], [40.133461, -74.51718], [40.133461, -74.517155], [40.133456, -74.517126], [40.133451, -74.517097], [40.133442, -74.517065], [40.133436, -74.517034]]}, "12": {"path": [[40.132918, -74.515898], [40.13272, -74.513407], [40.132898, -74.512218]], "green": [[40.132937, -74.512345], [40.132958, -74.512331], [40.13298, -74.512299], [40.132999, -74.512244], [40.133007, -74.512192], [40.132997, -74.512139], [40.132976, -74.5121], [40.132939, -74.512073], [40.132907, -74.512055], [40.132866, -74.51206], [40.132828, -74.512082], [40.132804, -74.51211], [40.132789, -74.512162], [40.132783, -74.512224], [40.132789, -74.512267], [40.132808, -74.512306], [40.13285, -74.512336], [40.132892, -74.512347], [40.132918, -74.512347], [40.132937, -74.512345]]}, "13": {"path": [[40.133218, -74.511792], [40.133838, -74.513935], [40.133644, -74.514848]], "green": [[40.133706, -74.514904], [40.133725, -74.514858], [40.133733, -74.514817], [40.133733, -74.514784], [40.133723, -74.514759], [40.133707, -74.514746], [40.133685, -74.514742], [40.133666, -74.514741], [40.133635, -74.514749], [40.133601, -74.514762], [40.133576, -74.514779], [40.133555, -74.514804], [40.133542, -74.514834], [40.133537, -74.514877], [40.133544, -74.514926], [40.133564, -74.514966], [40.1336, -74.514982], [40.133633, -74.51498], [40.133663, -74.514961], [40.133686, -74.514935], [40.133706, -74.514904]]}, "15": {"path": [[40.135005, -74.512287], [40.134616, -74.509573], [40.134629, -74.507952]],