{"holes": {"1": {"path": [[40.947448, -74.092165], [40.949066, -74.092514], [40.949995, -74.093439]], "green": [[40.950096, -74.093544], [40.950101, -74.093529], [40.950104, -74.093504], [40.950099, -74.093477], [40.950089, -74.093457], [40.950073, -74.093427], [40.950054, -74.093401], [40.950038, -74.09338], [40.950022, -74.093362], [40.950004, -74.093345], [40.949985, -74.093329], [40.949966, -74.093315], [40.949948, -74.093308], [40.949927, -74.093304], [40.94991, -74.09331], [40.949893, -74.09332], [40.949884, -74.093337], [40.949877, -74.093359], [40.949876, -74.093385], [40.949884, -74.093412], [40.949903, -74.093444], [40.949923, -74.093467], [40.949941, -74.093488], [40.949962, -74.093511], [40.949978, -74.09353], [40.950001, -74.093553], [40.950023, -74.09357], [40.950046, -74.093576], [40.950066, -74.093571], [40.950083, -74.093562], [40.950096, -74.093544]]}, "2": {"path": [[40.950492, -74.093502], [40.948758, -74.090646]], "green": [[40.948833, -74.090731], [40.948839, -74.090711], [40.948843, -74.090688], [40.948846, -74.090664], [40.948843, -74.090629], [40.948838, -74.0906], [40.94883, -74.090579], [40.948823, -74.090566], [40.948816, -74.090557], [40.948795, -74.090538], [40.948773, -74.090525], [40.948752, -74.090517], [40.948731, -74.09051], [40.948713, -74.090508], [40.948696, -74.09051], [40.948682, -74.090518], [40.94867, -74.090534], [40.94866, -74.090555], [40.948657, -74.090578], [40.948657, -74.090601], [40.94866, -74.090625], [40.948664, -74.090642], [40.948673, -74.09066], [40.948681, -74.090676], [40.948698, -74.090702], [40.948712, -74.090724], [40.948732, -74.090747], [40.948753, -74.090764], [40.948765, -74.09077], [40.948776, -74.090773], [40.948786, -74.090773], [40.948796, -74.090773], [40.948805, -74.090769], [40.948813, -74.090763], [40.948827, -74.090745], [40.948833, -74.090731]]}, "3": {"path": [[40.941808, -74.084805], [40.941161, -74.081726], [40.940997, -74.080482]], "green": [[40.946838, -74.087058], [40.946837, -74.087028], [40.946831, -74.087005], [40.94682, -74.086982], [40.946808, -74.086966], [40.946795, -74.086956], [40.946779, -74.086948], [40.946764, -74.086945], [40.946747, -74.086944], [40.946723, -74.086951], [40.946703, -74.086967], [40.946687, -74.086983], [40.946668, -74.087011], [40.946659, -74.087047], [40.946662, -74.08709], [40.946674, -74.087125], [40.946701, -74.087159], [40.946737, -74.087184], [40.946754, -74.087192], [40.94677, -74.087194], [40.946787, -74.087191], [40.946799, -74.087185], [40.946813, -74.087171], [40.946822, -74.087156], [40.946832, -74.087128], [40.946837, -74.087096], [40.946838, -74.087058]]}, "4": {"path": [[40.946594, -74.087658], [40.947516, -74.08938], [40.948055, -74.090128]], "green": [[40.948106, -74.090081], [40.948091, -74.090061], [40.948072, -74.090035], [40.948053, -74.090017], [40.948036, -74.090011], [40.948018, -74.090012], [40.947997, -74.090019], [40.947982, -74.090032], [40.947971, -74.090049], [40.947963, -74.090072], [40.94796, -74.090094], [40.947961, -74.090123], [40.947968, -74.09015], [40.947977, -74.090166], [40.947987, -74.090178], [40.948005, -74.090189], [40.948025, -74.090199], [40.948059, -74.090216], [40.948097, -74.090236], [40.948114, -74.090241], [40.94813, -74.090238], [40.948143, -74.09023], [40.948152, -74.090213], [40.948154, -74.090194], [40.948152, -74.090174], [40.948145, -74.090148], [40.948127, -74.090115], [40.948106, -74.090081]]}, "5": {"path": [[40.947873, -74.090377], [40.94868, -74.091491]], "green": [[40.94877, -74.091531], [40.948767, -74.091508], [40.948754, -74.091479], [40.94873, -74.091437], [40.948704, -74.091398], [40.948676, -74.09137], [40.948645, -74.091364], [40.948615, -74.091371], [40.948595, -74.091385], [40.94858, -74.091406], [40.948574, -74.091429], [40.948575, -74.091464], [40.948582, -74.091494], [40.948607, -74.091536], [40.948634, -74.091573], [40.948678, -74.091609], [40.948704, -74.091612], [40.948728, -74.091605], [40.948747, -74.091587], [40.948761, -74.091566], [40.948768, -74.09155], [40.94877, -74.091531]]}, "6": {"path": [[40.948362, -74.091762], [40.946896, -74.089488]], "green": [[40.946964, -74.089588], [40.946973, -74.089573], [40.94698, -74.089553], [40.946985, -74.089533], [40.946987, -74.089504], [40.946982, -74.089476], [40.946978, -74.089455], [40.946969, -74.089429], [40.946962, -74.089415], [40.946954, -74.089404], [40.946945, -74.089393], [40.946934, -74.089386], [40.94692, -74.089379], [40.946906, -74.089375], [40.946881, -74.089372], [40.946865, -74.089372], [40.946846, -74.089379], [40.946831, -74.089388], [40.946819, -74.0894], [40.946807, -74.089416], [40.946797, -74.089433], [40.94679, -74.089455], [40.946786, -74.089478], [40.946788, -74.0895], [40.946793, -74.089519], [40.946802, -74.089537], [40.946813, -74.089558], [40.94683, -74.089576], [40.94686, -74.089594], [40.946889, -74.089609], [40.946912, -74.089614], [40.94693, -74.089613], [40.946948, -74.089606], [40.946958, -74.089595], [40.946964, -74.089588]]}, "7": {"path": [[40.946669, -74.090175], [40.945968, -74.087918], [40.94632, -74.086632]], "green": [[40.94633, -74.086777], [40.946349, -74.086764], [40.946364, -74.086742], [40.946376, -74.086715], [40.946389, -74.086679], [40.946395, -74.086652], [40.946395, -74.086636], [40.946393, -74.086612], [40.946386, -74.086579], [40.946371, -74.086534], [40.946357, -74.086507], [40.946344, -74.086488], [40.94633, -74.086476], [40.94631, -74.086472], [40.946293, -74.086478], [40.946277, -74.086489], [40.946263, -74.086509], [40.94625, -74.08654], [40.946248, -74.086577], [40.946246, -74.086626], [40.946248, -74.086671], [40.946254, -74.086709], [40.946264, -74.086736], [40.946279, -74.086758], [40.946296, -74.086772], [40.946312, -74.08678], [40.94633, -74.086777]]}, "8": {"path": [[40.942065, -74.079684], [40.941931, -74.08331], [40.9421, -74.084382]], "green": [[40.943403, -74.086888], [40.943386, -74.086918], [40.943367, -74.086936], [40.94334, -74.086954], [40.943317, -74.08696], [40.943294, -74.086964], [40.943271, -74.086961], [40.943241, -74.086948], [40.943215, -74.086931], [40.943191, -74.086903], [40.943179, -74.086872], [40.943172, -74.086834], [40.943175, -74.08679], [40.943187, -74.086767], [40.943206, -74.086738], [40.94323, -74.086725], [40.94326, -74.086721], [40.943295, -74.086725], [40.943328, -74.086739], [40.943353, -74.086754], [40.943376, -74.086777], [40.94339, -74.086798], [40.943401, -74.086826], [40.943406, -74.086857], [40.943403, -74.086888]]}, "9": {"path": [[40.943026, -74.08689], [40.945204, -74.089585], [40.946372, -74.091652]], "green": [[40.946463, -74.091753], [40.946455, -74.09177], [40.94644, -74.09178], [40.946422, -74.091784], [40.946401, -74.091781], [40.946373, -74.091765], [40.946344, -74.091735], [40.946317, -74.091707], [40.946299, -74.091685], [40.946283, -74.091664], [40.946273, -74.091644], [40.946267, -74.091621], [40.946264, -74.091596], [40.946269, -74.091569], [40.946277, -74.09155], [40.946289, -74.091533], [40.946307, -74.091519], [40.946327, -74.091516], [40.946351, -74.091523], [40.946371, -74.091537], [40.946393, -74.091559], [40.946415, -74.091581], [40.946433, -74.091607], [40.946445, -74.09163], [40.946454, -74.091651], [40.946461, -74.091679], [40.946465, -74.091703], [40.946467, -74.091726], [40.946463, -74.091753]]}, "11": {"path": [[40.944723, -74.089784], [40.94309, -74.087694], [40.941976, -74.085763]],