{"holes": {"1": {"path": [[40.918963, -74.32244], [40.916736, -74.322834], [40.915243, -74.322479]], "green": [[40.915327, -74.322568], [40.915298, -74.322598], [40.915264, -74.322613], [40.915225, -74.322612], [40.915192, -74.322601], [40.915165, -74.322576], [40.91514, -74.32255], [40.915126, -74.322512], [40.915115, -74.322468], [40.915126, -74.322422], [40.915143, -74.322379], [40.915199, -74.322318], [40.915272, -74.322303], [40.915306, -74.322317], [40.915335, -74.322336], [40.915349, -74.322388], [40.915362, -74.322447], [40.915351, -74.322528], [40.915327, -74.322568]]}, "3": {"path": [[40.911505, -74.324649], [40.91332, -74.323916], [40.914243, -74.323698]], "green": [[40.914304, -74.323792], [40.914266, -74.323816], [40.914232, -74.323823], [40.914198, -74.323814], [40.914166, -74.323787], [40.914136, -74.32373], [40.914123, -74.323644], [40.914146, -74.323575], [40.914186, -74.323531], [40.914238, -74.323521], [40.914286, -74.323543], [40.914325, -74.323603], [40.914335, -74.323683], [40.914328, -74.323739], [40.914321, -74.323772], [40.914304, -74.323792]]}, "4": {"path": [[40.914489, -74.324275], [40.91623, -74.325932], [40.917305, -74.326201]], "green": [[40.917418, -74.326205], [40.917355, -74.326334], [40.917309, -74.326386], [40.917244, -74.326392], [40.917196, -74.32636], [40.917176, -74.32631], [40.917182, -74.326261], [40.917201, -74.326214], [40.91722, -74.326158], [40.91724, -74.326119], [40.917266, -74.326091], [40.917289, -74.326062], [40.917337, -74.326052], [40.917374, -74.326068], [40.917406, -74.326092], [40.917426, -74.326132], [40.917425, -74.326174], [40.917418, -74.326205]]}, "5": {"path": [[40.917436, -74.325768], [40.915824, -74.324623]], "green": [[40.915914, -74.324674], [40.915894, -74.32469], [40.915873, -74.324709], [40.915853, -74.324722], [40.915839, -74.324731], [40.915819, -74.324737], [40.915801, -74.32474], [40.915784, -74.324737], [40.91576, -74.324733], [40.915737, -74.324721], [40.91572, -74.3247], [40.915709, -74.324676], [40.915709, -74.324651], [40.915711, -74.324628], [40.915714, -74.3246], [40.915721, -74.324574], [40.915738, -74.324552], [40.915757, -74.324529], [40.915782, -74.324514], [40.915815, -74.324501], [40.915836, -74.324496], [40.915863, -74.324499], [40.91588, -74.3245], [40.9159, -74.324511], [40.915915, -74.324525], [40.915933, -74.324553], [40.91594, -74.324574], [40.915942, -74.324602], [40.915936, -74.324645], [40.915914, -74.324674]]}, "6": {"path": [[40.915944, -74.324195], [40.917647, -74.32531], [40.918996, -74.326452]], "green": [[40.919099, -74.326468], [40.919098, -74.326423], [40.91909, -74.326385], [40.919074, -74.326359], [40.919062, -74.32635], [40.919048, -74.326342], [40.919035, -74.326334], [40.919021, -74.326329], [40.919, -74.326318], [40.918981, -74.326315], [40.918964, -74.326321], [40.918946, -74.326332], [40.918924, -74.326357], [40.918907, -74.326392], [40.918894, -74.326431], [40.918884, -74.326513], [40.918878, -74.326537], [40.918883, -74.32658], [40.9189, -74.326605], [40.918921, -74.326622], [40.918953, -74.326629], [40.919006, -74.32664], [40.919046, -74.326611], [40.919081, -74.326566], [40.91909, -74.326521], [40.919099, -74.326468]]}, "7": {"path": [[40.91911, -74.325841], [40.917479, -74.324378], [40.916307, -74.323876]], "green": [[40.916386, -74.323955], [40.916347, -74.324001], [40.916298, -74.324016], [40.916253, -74.323999], [40.916215, -74.323963], [40.91619, -74.323912], [40.916187, -74.323838], [40.916205, -74.323791], [40.916241, -74.323755], [40.916273, -74.323745], [40.916308, -74.323742], [40.916347, -74.323757], [40.91638, -74.323801], [40.916399, -74.323842], [40.916406, -74.323892], [40.916397, -74.323936], [40.916386, -74.323955]]}, "8": {"path": [[40.916195, -74.323358], [40.917834, -74.323858], [40.918967, -74.324961]], "green": [[40.919001, -74.325091], [40.918964, -74.325108], [40.918935, -74.325101], [40.918896, -74.325079], [40.918879, -74.325061], [40.918866, -74.325036], [40.918858, -74.324998], [40.918853, -74.324958], [40.918867, -74.324885], [40.918886, -74.324849], [40.918903, -74.324821], [40.918933, -74.3248], [40.918958, -74.324795], [40.918982, -74.324798], [40.919011, -74.324808], [40.919042, -74.324839], [40.919061, -74.324864], [40.919078, -74.324919], [40.919078, -74.32496], [40.919064, -74.325004], [40.919049, -74.325044], [40.919024, -74.32507], [40.919015, -74.32508], [40.919001, -74.325091]]}, "9": {"path": [[40.918986, -74.324573], [40.918825, -74.322982]], "green": [[40.918864, -74.323119], [40.918899, -74.323098], [40.918923, -74.323063], [40.918932, -74.323017], [40.918927, -74.322961], [40.918926, -74.322924], [40.918911, -74.322863], [40.918893, -74.322833], [40.918864, -74.322815], [40.918806, -74.322821], [40.918775, -74.322838], [40.918749, -74.322874], [40.918732, -74.322908], [40.918723, -74.322939], [40.918722, -74.322979], [40.918725, -74.323005], [40.918734, -74.323035], [40.91875, -74.323068], [40.918776, -74.323097], [40.918809, -74.323114], [40.918836, -74.323123], [40.918864, -74.323119]]}}}