{"holes": {"1": {"path": [[40.417719, -74.274907], [40.416412, -74.278311]], "green": [[40.416223, -74.27833], [40.416238, -74.278277], [40.416256, -74.27824], [40.416307, -74.278214], [40.416376, -74.278178], [40.41641, -74.278159], [40.41645, -74.278163], [40.416471, -74.278166], [40.416494, -74.278172], [40.416514, -74.278178], [40.416539, -74.278188], [40.416551, -74.278201], [40.416562, -74.278217], [40.41657, -74.278245], [40.416567, -74.278282], [40.41656, -74.278319], [40.41655, -74.278343], [40.416534, -74.278366], [40.416496, -74.278379], [40.416463, -74.278391], [40.416442, -74.278393], [40.416423, -74.278407], [40.416396, -74.278435], [40.416373, -74.278451], [40.416351, -74.278458], [40.416326, -74.278462], [40.416314, -74.278457], [40.416293, -74.278441], [40.41626, -74.278419], [40.416235, -74.278375], [40.416223, -74.27833]]}, "3": {"path": [[40.417072, -74.275244], [40.417383, -74.273691]], "green": [[40.417216, -74.273815], [40.417234, -74.273765], [40.41724, -74.27371], [40.417233, -74.273631], [40.417231, -74.27357], [40.41723, -74.273519], [40.417241, -74.273476], [40.417276, -74.273445], [40.417322, -74.273445], [40.417372, -74.273454], [40.41741, -74.273476], [40.41744, -74.273508], [40.417445, -74.273545], [40.417451, -74.273601], [40.417457, -74.273628], [40.417466, -74.273641], [40.417477, -74.27365], [40.417492, -74.273664], [40.417505, -74.273676], [40.417524, -74.273712], [40.417533, -74.273756], [40.417524, -74.273809], [40.417505, -74.27386], [40.417482, -74.273886], [40.417456, -74.273898], [40.417426, -74.273907], [40.417405, -74.273915], [40.4174, -74.273924], [40.417376, -74.273887], [40.417301, -74.273841], [40.417216, -74.273815]]}, "4": {"path": [[40.416762, -74.272328], [40.415411, -74.275214], [40.414929, -74.276928]], "green": [[40.414814, -74.276908], [40.414823, -74.276866], [40.414836, -74.276825], [40.414856, -74.276796], [40.414875, -74.276777], [40.414908, -74.276774], [40.414944, -74.276773], [40.414975, -74.276788], [40.414991, -74.27681], [40.415017, -74.276852], [40.41503, -74.276896], [40.415049, -74.276949], [40.415058, -74.277003], [40.415046, -74.277033], [40.415024, -74.277059], [40.414989, -74.277078], [40.414966, -74.27708], [40.414911, -74.277073], [40.41489, -74.277066], [40.414865, -74.277039], [40.414845, -74.277014], [40.41483, -74.276972], [40.414814, -74.276908]]}, "5": {"path": [[40.41453, -74.27659], [40.415076, -74.274322], [40.415722, -74.272932]], "green": [[40.415586, -74.273011], [40.415575, -74.27298], [40.415572, -74.27295], [40.41558, -74.272917], [40.415591, -74.27289], [40.415602, -74.27286], [40.415608, -74.272845], [40.415609, -74.272822], [40.415613, -74.27279], [40.415619, -74.272756], [40.415636, -74.272733], [40.415669, -74.272719], [40.415701, -74.272733], [40.415731, -74.272754], [40.415752, -74.272761], [40.415782, -74.272775], [40.4158, -74.272783], [40.415814, -74.272799], [40.415823, -74.272812], [40.41584, -74.272834], [40.415853, -74.272849], [40.415868, -74.272869], [40.415877, -74.272898], [40.415875, -74.272915], [40.415867, -74.272935], [40.415855, -74.272951], [40.415837, -74.272962], [40.415819, -74.272974], [40.415799, -74.272997], [40.415787, -74.273014], [40.415775, -74.273045], [40.415771, -74.273083], [40.415766, -74.273109], [40.415761, -74.273123], [40.415752, -74.273136], [40.415728, -74.273136], [40.415709, -74.273136], [40.415687, -74.273126], [40.41567, -74.273102], [40.415655, -74.273085], [40.415633, -74.273059], [40.415608, -74.273032], [40.415586, -74.273011]]}, "6": {"path": [[40.415357, -74.271683], [40.414664, -74.273425], [40.414369, -74.274854], [40.414168, -74.276634]], "green": [[40.414289, -74.2767], [40.414299, -74.276661], [40.414297, -74.276617], [40.414283, -74.276593], [40.414235, -74.276562], [40.414191, -74.276539], [40.414146, -74.276499], [40.414129, -74.276461], [40.414099, -74.276451], [40.41407, -74.27645], [40.414054, -74.276468], [40.41404, -74.2765], [40.41403, -74.276559], [40.41403, -74.276621], [40.414048, -74.276721], [40.414069, -74.276774], [40.414105, -74.276802], [40.414151, -74.276833], [40.414206, -74.276829], [40.414252, -74.276786], [40.414266, -74.276753], [40.41428, -74.276713], [40.414289, -74.2767]]}, "7": {"path": [[40.413752, -74.275921], [40.413806, -74.273958]], "green": [[40.413887, -74.274109], [40.41386, -74.274163], [40.413817, -74.27419], [40.413788, -74.274198], [40.413754, -74.274193], [40.413739, -74.274166], [40.413728, -74.274129], [40.413724, -74.274079], [40.413737, -74.274018], [40.413742, -74.273967], [40.413728, -74.273922], [40.413714, -74.273885], [40.413711, -74.273845], [40.413729, -74.273774], [40.413743, -74.273748], [40.413769, -74.273733], [40.413798, -74.273733], [40.413829, -74.273751], [40.413843, -74.273762], [40.413864, -74.273799], [40.413872, -74.273836], [40.413884, -74.27387], [40.413898, -74.273902], [40.413908, -74.273942], [40.413911, -74.273993], [40.413905, -74.274053], [40.413887, -74.274109]]}, "18": {"path": [[40.418234, -74.267536], [40.416766, -74.271385]], "green": [[40.416669, -74.27129], [40.416674, -74.271322], [40.416682, -74.271361], [40.416682, -74.271398], [40.416677, -74.27142], [40.416677, -74.271425], [40.416674, -74.271439], [40.41667, -74.271458], [40.416673, -74.271489], [40.416674, -74.271507], [40.416687, -74.271537], [40.416704, -74.271565], [40.416724, -74.271587], [40.416759, -74.271604], [40.41679, -74.271608], [40.416817, -74.271599], [40.416843, -74.271571], [40.416863, -74.271536], [40.416879, -74.271501], [40.416889, -74.271472], [40.416891, -74.271444], [40.416888, -74.271415], [40.416889, -74.271386], [40.416893, -74.271349], [40.416897, -74.271318], [40.416891, -74.271291], [40.416874, -74.271276], [40.416855, -74.271269], [40.416832, -74.271252], [40.416816, -74.271233], [40.416795, -74.271221], [40.416773, -74.271211], [40.41675, -74.271207], [40.416728, -74.271213], [40.416707, -74.27122], [40.416688, -74.271235], [40.416679, -74.271246], [40.416671, -74.271267], [40.416669, -74.27129]]}}}