{"holes": {"2": {"path": [[40.295608, -74.114067], [40.296779, -74.117081], [40.297045, -74.118696]], "green": [[40.297017, -74.118529], [40.297006, -74.118549], [40.297001, -74.118569], [40.297, -74.11862], [40.296997, -74.118677], [40.296989, -74.118718], [40.296977, -74.118757], [40.296965, -74.118802], [40.296961, -74.118838], [40.296964, -74.118861], [40.296979, -74.118884], [40.296995, -74.118894], [40.297022, -74.1189], [40.297048, -74.118895], [40.297071, -74.118883], [40.297089, -74.118864], [40.2971, -74.11884], [40.297107, -74.118796], [40.297108, -74.118752], [40.297112, -74.118703], [40.297117, -74.11866], [40.297121, -74.118625], [40.297122, -74.118587], [40.297118, -74.118558], [40.297108, -74.118535], [40.297089, -74.118517], [40.297067, -74.118511], [40.297048, -74.118513], [40.297033, -74.118519], [40.297017, -74.118529]]}, "3": {"path": [[40.29785, -74.118387], [40.300091, -74.119181], [40.300872, -74.118813]], "green": [[40.300817, -74.118667], [40.300817, -74.118683], [40.300819, -74.11871], [40.300826, -74.118736], [40.300839, -74.118775], [40.300844, -74.1188], [40.300847, -74.11882], [40.300846, -74.118837], [40.300838, -74.11886], [40.300825, -74.11888], [40.300812, -74.118908], [40.300801, -74.118943], [40.300802, -74.118971], [40.30081, -74.118993], [40.30082, -74.11901], [40.30084, -74.119021], [40.300856, -74.119016], [40.300883, -74.118996], [40.300908, -74.118974], [40.300939, -74.118952], [40.300963, -74.11893], [40.300978, -74.118905], [40.300988, -74.118878], [40.30099, -74.118844], [40.300987, -74.118809], [40.300974, -74.118765], [40.300949, -74.118691], [40.300933, -74.118656], [40.30091, -74.118632], [40.300883, -74.118609], [40.300865, -74.118606], [40.300849, -74.118617], [40.30083, -74.118634], [40.300821, -74.118651], [40.300817, -74.118667]]}, "4": {"path": [[40.30135, -74.119941], [40.301529, -74.118233]], "green": [[40.301579, -74.118351], [40.301546, -74.118338], [40.301495, -74.118311], [40.301469, -74.118296], [40.301447, -74.118275], [40.301432, -74.11825], [40.30142, -74.118228], [40.301414, -74.118202], [40.301414, -74.118179], [40.301425, -74.118155], [40.301438, -74.118134], [40.301459, -74.118121], [40.301483, -74.118113], [40.301507, -74.11811], [40.301536, -74.118116], [40.301546, -74.118124], [40.301573, -74.118156], [40.301598, -74.118188], [40.301623, -74.118232], [40.301635, -74.118259], [40.301638, -74.118278], [40.301637, -74.118303], [40.301631, -74.118321], [40.301624, -74.118333], [40.301603, -74.118345], [40.301579, -74.118351]]}, "5": {"path": [[40.301945, -74.117642], [40.300016, -74.117347], [40.298245, -74.117722], [40.297716, -74.11744]], "green": [[40.29769, -74.117516], [40.297708, -74.117534], [40.297723, -74.117553], [40.297734, -74.117575], [40.297751, -74.117591], [40.29777, -74.117601], [40.297785, -74.117603], [40.297804, -74.117591], [40.297824, -74.11757], [40.297837, -74.117547], [40.297839, -74.117526], [40.297836, -74.117506], [40.297822, -74.117481], [40.297803, -74.117455], [40.297791, -74.117423], [40.297776, -74.117381], [40.297758, -74.117339], [40.297737, -74.117305], [40.297707, -74.117278], [40.297688, -74.117267], [40.297661, -74.117261], [40.29764, -74.117266], [40.297618, -74.117271], [40.297596, -74.117289], [40.297584, -74.117313], [40.297579, -74.117346], [40.297579, -74.117377], [40.297589, -74.117413], [40.297619, -74.11745], [40.297655, -74.117484], [40.29769, -74.117516]]}, "6": {"path": [[40.297486, -74.118197], [40.296862, -74.115086], [40.296088, -74.114264]], "green": [[40.29599, -74.114324], [40.296001, -74.114344], [40.296015, -74.114364], [40.29603, -74.114382], [40.296046, -74.114394], [40.296064, -74.114397], [40.296084, -74.114393], [40.296104, -74.114387], [40.29612, -74.114375], [40.296137, -74.114356], [40.296161, -74.114319], [40.296188, -74.114267], [40.296206, -74.114227], [40.296213, -74.114199], [40.29621, -74.114164], [40.296201, -74.114145], [40.296185, -74.114126], [40.296166, -74.114117], [40.296141, -74.114117], [40.296115, -74.114127], [40.296085, -74.114146], [40.296048, -74.114171], [40.296015, -74.114199], [40.295995, -74.11422], [40.295984, -74.114243], [40.295981, -74.114272], [40.295981, -74.114297], [40.29599, -74.114324]]}, "7": {"path": [[40.296179, -74.112969], [40.297076, -74.111421]], "green": [[40.296907, -74.111462], [40.296926, -74.111474], [40.296946, -74.111479], [40.296993, -74.111477], [40.297032, -74.111482], [40.297059, -74.111494], [40.297078, -74.111508], [40.297101, -74.111531], [40.297122, -74.111547], [40.297139, -74.111554], [40.297171, -74.111553], [40.297196, -74.111547], [40.29722, -74.111529], [40.297231, -74.111514], [40.297242, -74.111491], [40.297247, -74.111461], [40.297246, -74.111433], [40.297239, -74.111401], [40.297227, -74.111379], [40.297216, -74.111367], [40.297151, -74.111311], [40.297136, -74.111301], [40.297122, -74.111296], [40.29711, -74.111294], [40.297097, -74.111296], [40.29708, -74.1113], [40.297047, -74.111306], [40.297004, -74.11131], [40.296964, -74.111314], [40.296931, -74.111324], [40.296905, -74.111344], [40.296892, -74.111367], [40.296886, -74.111404], [40.296892, -74.111438], [40.296907, -74.111462]]}, "8": {"path": [[40.297409, -74.110975], [40.298538, -74.113388], [40.299685, -74.114623], [40.300068, -74.114598]], "green": [[40.300008, -74.114669], [40.300017, -74.114686], [40.300025, -74.114705], [40.300031, -74.114727], [40.300039, -74.114753], [40.300047, -74.114776], [40.300066, -74.114798], [40.300081, -74.114809], [40.300099, -74.114812], [40.300122, -74.114805], [40.30014, -74.114797], [40.300151, -74.114784], [40.300156, -74.114765], [40.300158, -74.114743], [40.300155, -74.114723], [40.300147, -74.114694], [40.300142, -74.114666], [40.300143, -74.114638], [40.300145, -74.114615], [40.300142, -74.114593], [40.300131, -74.114563], [40.300119, -74.11453], [40.300111, -74.114488], [40.30011, -74.114451], [40.300108, -74.11443], [40.300102, -74.114409], [40.300084, -74.114388], [40.30007, -74.114374], [40.300051, -74.114363], [40.30003, -74.114361], [40.300009, -74.11437], [40.299994, -74.114382], [40.299982, -74.114401], [40.299971, -74.114432], [40.299968, -74.114473], [40.299978, -74.114527], [40.29998, -74.114533], [40.299993, -74.114566], [40.299996, -74.114601], [40.299998, -74.114635], [40.300008, -74.114669]]}, "10": {"path": [[40.300518, -74.114732], [40.302615, -74.110969]], "green": [[40.30256, -74.111109], [40.302579, -74.111111], [40.302607, -74.111107], [40.302633, -74.1111], [40.30265, -74.111096], [40.302665, -74.111086], [40.302678, -74.111073], [40.30269, -74.111053], [40.302699, -74.111031], [40.302704, -74.11101], [40.30271, -74.110991], [40.302716, -74.110968], [40.302721, -74.11094], [40.302719, -74.110918], [40.30271, -74.110892], [40.3027, -74.110869], [40.302685, -74.110856], [40.302671, -74.110842], [40.302658, -74.110825], [40.302644, -74.110812], [40.302625, -74.110807], [40.302602, -74.110808], [40.302585, -74.110816], [40.302564, -74.110827], [40.302549, -74.110844], [40.302537, -74.110864], [40.30253, -74.110897], [40.30253, -74.110931], [40.302531, -74.11096], [40.302524, -74.110993], [40.302518, -74.111026], [40.302517, -74.111057], [40.302517, -74.111079], [40.302522, -74.11109], [40.302539, -74.111102], [40.30256, -74.111109]]}, "11": {"path": [[40.303119, -74.11111], [40.304776, -74.11048]],