{"holes": {"1": {"path": [[40.684286, -74.276882], [40.684609, -74.28049]], "green": [[40.684587, -74.280693], [40.684642, -74.280673], [40.684676, -74.280625], [40.684703, -74.280538], [40.684709, -74.28044], [40.684698, -74.280369], [40.684671, -74.280307], [40.684638, -74.280285], [40.684614, -74.280282], [40.684598, -74.28028], [40.684562, -74.280321], [40.684539, -74.280398], [40.684521, -74.280507], [40.684526, -74.280606], [40.684534, -74.280642], [40.684556, -74.280679], [40.684587, -74.280693]]}, "2": {"path": [[40.684127, -74.280646], [40.683011, -74.283953]], "green": [[40.682973, -74.284082], [40.683014, -74.284096], [40.683074, -74.284092], [40.683104, -74.284053], [40.683128, -74.283989], [40.683139, -74.2839], [40.683119, -74.283836], [40.68308, -74.283798], [40.683025, -74.283782], [40.682987, -74.283783], [40.682954, -74.283811], [40.682924, -74.283871], [40.682913, -74.283944], [40.68291, -74.283985], [40.682928, -74.284034], [40.682948, -74.284064], [40.682973, -74.284082]]}, "3": {"path": [[40.682885, -74.284436], [40.68542, -74.285885], [40.686238, -74.286215]], "green": [[40.6862, -74.286376], [40.686262, -74.286393], [40.686322, -74.286375], [40.686357, -74.286339], [40.686383, -74.286272], [40.686376, -74.286184], [40.686357, -74.286143], [40.686336, -74.286115], [40.686312, -74.286103], [40.686279, -74.286096], [40.686245, -74.286095], [40.686206, -74.286082], [40.686178, -74.286078], [40.686174, -74.28608], [40.686138, -74.286101], [40.686111, -74.286162], [40.686108, -74.286214], [40.686129, -74.286271], [40.686152, -74.286314], [40.686172, -74.286348], [40.6862, -74.286376]]}, "4": {"path": [[40.686089, -74.286636], [40.684744, -74.288352], [40.684014, -74.28959]], "green": [[40.683968, -74.289747], [40.684003, -74.28975], [40.684034, -74.28974], [40.684064, -74.289712], [40.68408, -74.289676], [40.684092, -74.289623], [40.684101, -74.289575], [40.684109, -74.289514], [40.684104, -74.289464], [40.684084, -74.289431], [40.684061, -74.289409], [40.684032, -74.289398], [40.684009, -74.28941], [40.683988, -74.289437], [40.683956, -74.289496], [40.68393, -74.289555], [40.683919, -74.28961], [40.683917, -74.289665], [40.683933, -74.289706], [40.683946, -74.289729], [40.683968, -74.289747]]}, "5": {"path": [[40.683271, -74.289607], [40.684049, -74.290805]], "green": [[40.683981, -74.290924], [40.68404, -74.290941], [40.684115, -74.290921], [40.684187, -74.290904], [40.684224, -74.290863], [40.684234, -74.2908], [40.684231, -74.290738], [40.684198, -74.290682], [40.684148, -74.290647], [40.68409, -74.290674], [40.684039, -74.290698], [40.683968, -74.290702], [40.683932, -74.290711], [40.683901, -74.290752], [40.683886, -74.290804], [40.683894, -74.290836], [40.683927, -74.290874], [40.68395, -74.290898], [40.683981, -74.290924]]}, "7": {"path": [[40.686788, -74.285769], [40.685071, -74.28479], [40.683958, -74.284391]], "green": [[40.683892, -74.284488], [40.68391, -74.284506], [40.683944, -74.284513], [40.683965, -74.28451], [40.683994, -74.28449], [40.68401, -74.284472], [40.684022, -74.284449], [40.684029, -74.284424], [40.684039, -74.284394], [40.684043, -74.284361], [40.684043, -74.28433], [40.68404, -74.28431], [40.684033, -74.284293], [40.68401, -74.284264], [40.683969, -74.284244], [40.683933, -74.284243], [40.683908, -74.284258], [40.683885, -74.284293], [40.683869, -74.284343], [40.683859, -74.284401], [40.683866, -74.284443], [40.683876, -74.284469], [40.683892, -74.284488]]}, "8": {"path": [[40.683667, -74.284048], [40.684524, -74.281882], [40.685362, -74.281228], [40.685662, -74.281241]], "green": [[40.685632, -74.281333], [40.685684, -74.281339], [40.685733, -74.281334], [40.685766, -74.281309], [40.685777, -74.281264], [40.685773, -74.281224], [40.685755, -74.281183], [40.685734, -74.28116], [40.685695, -74.281135], [40.685662, -74.281133], [40.685619, -74.281133], [40.685587, -74.281149], [40.685561, -74.281181], [40.685554, -74.281233], [40.685564, -74.281276], [40.685584, -74.281303], [40.685606, -74.281321], [40.685632, -74.281333]]}, "10": {"path": [[40.685015, -74.27605], [40.686535, -74.275742], [40.687763, -74.274328]], "green": [[40.687655, -74.274414], [40.687676, -74.274439], [40.687709, -74.274452], [40.687751, -74.274443], [40.687799, -74.274428], [40.687848, -74.274419], [40.687891, -74.274414], [40.687913, -74.274396], [40.68793, -74.274361], [40.687932, -74.274315], [40.687919, -74.274247], [40.687885, -74.274192], [40.687849, -74.274171], [40.687798, -74.274162], [40.687743, -74.274169], [40.687681, -74.274199], [40.687642, -74.274228], [40.68762, -74.274278], [40.687619, -74.274319], [40.687635, -74.274379], [40.687638, -74.274383], [40.687655, -74.274414]]}, "11": {"path": [[40.688349, -74.274143], [40.687775, -74.275968]], "green": [[40.687857, -74.27583], [40.68788, -74.275847], [40.687911, -74.275891], [40.687931, -74.275951], [40.687931, -74.276], [40.687915, -74.276057], [40.687883, -74.2761], [40.687838, -74.276127], [40.68778, -74.276149], [40.687726, -74.27616], [40.687689, -74.276156], [40.687653, -74.276132], [40.687628, -74.276102], [40.687615, -74.276052], [40.687626, -74.275984], [40.687652, -74.275932], [40.687683, -74.275879], [40.687698, -74.275857], [40.687711, -74.275837], [40.687747, -74.275806], [40.687782, -74.275794], [40.687827, -74.275802], [40.687857, -74.27583]]}, "13": {"path": [[40.687646, -74.282291], [40.688427, -74.280348], [40.68954, -74.27974], [40.689856, -74.279345]], "green": [[40.689828, -74.279505], [40.689865, -74.279498], [40.689897, -74.279475], [40.689932, -74.279441], [40.689971, -74.279389], [40.689994, -74.279338], [40.690004, -74.27929], [40.689998, -74.279223], [40.689979, -74.279179], [40.689951, -74.27916], [40.689914, -74.279155], [40.689875, -74.279167], [40.689839, -74.279182], [40.68981, -74.279212], [40.689782, -74.279252], [40.689765, -74.279287], [40.689753, -74.27933], [40.689747, -74.279374], [40.689739, -74.279403], [40.689738, -74.279441], [40.689756, -74.279471], [40.689778, -74.279494], [40.689801, -74.279501], [40.689828, -74.279505]]}, "14": {"path": [[40.690218, -74.279476], [40.687903, -74.28267]], "green": [[40.687983, -74.282607], [40.687997, -74.282654], [40.688004, -74.282707], [40.688003, -74.282735], [40.687975, -74.282776], [40.687934, -74.282807], [40.687883, -74.282811], [40.687841, -74.282791], [40.687812, -74.282754], [40.687792, -74.282703], [40.687786, -74.282646], [40.687803, -74.282587], [40.687836, -74.282557], [40.687867, -74.282541], [40.687908, -74.282541], [40.68795, -74.282564], [40.687983, -74.282607]]}, "15": {"path": [[40.687334, -74.283322], [40.687391, -74.284553], [40.687299, -74.285128]], "green": [[40.687376, -74.285006], [40.687358, -74.284978], [40.68732, -74.284955], [40.687288, -74.284967], [40.687259, -74.284997], [40.687231, -74.285062], [40.687197, -74.285202], [40.687203, -74.285249], [40.687215, -74.285281], [40.687244, -74.285304], [40.687286, -74.28531], [40.68732, -74.285292], [40.687339, -74.285262], [40.68738, -74.28511], [40.687387, -74.285063], [40.687376, -74.285006]]}, "16": {"path": [[40.686967, -74.285602], [40.685593, -74.284241], [40.684522, -74.283461]], "green": [[40.684594, -74.283428], [40.684594, -74.283449], [40.684597, -74.283463], [40.684597, -74.283488], [40.684593, -74.283519], [40.684584, -74.283551], [40.684565, -74.283582], [40.684531, -74.283602], [40.684485, -74.283607], [40.684446, -74.283603], [40.684411, -74.283581], [40.684392, -74.283527], [40.684385, -74.283439], [40.684405, -74.283363], [40.684439, -74.28333], [40.684483, -74.283318], [40.684519, -74.283331], [40.684551, -74.283349], [40.684566, -74.283377], [40.684573, -74.28339], [40.684583, -74.283408], [40.684594, -74.283428]]}, "17": {"path": [[40.684637, -74.282899], [40.687106, -74.282722]],