{"holes": {"1": {"path": [[36.865322, -86.061219], [36.865181, -86.063498], [36.864985, -86.0645]], "green": [[36.865002, -86.064429], [36.865035, -86.064446], [36.865071, -86.064463], [36.865091, -86.064477], [36.865108, -86.064499], [36.865111, -86.064538], [36.865103, -86.064565], [36.86509, -86.064585], [36.865069, -86.064599], [36.865032, -86.064591], [36.864987, -86.06458], [36.864945, -86.064564], [36.864907, -86.064553], [36.864895, -86.064546], [36.864875, -86.064519], [36.864871, -86.064499], [36.864871, -86.064476], [36.864877, -86.064453], [36.864891, -86.064433], [36.864914, -86.064417], [36.864939, -86.064412], [36.864974, -86.064418], [36.865002, -86.064429]]}, "3": {"path": [[36.866733, -86.065552], [36.868993, -86.065773], [36.869627, -86.066245]], "green": [[36.86957, -86.066168], [36.869605, -86.066157], [36.86965, -86.066152], [36.869687, -86.066179], [36.86971, -86.066209], [36.869715, -86.066253], [36.869708, -86.066302], [36.869688, -86.066325], [36.869659, -86.066342], [36.869621, -86.066344], [36.86958, -86.066333], [36.869556, -86.066302], [36.869539, -86.066249], [36.869545, -86.066191], [36.86957, -86.066168]]}, "4": {"path": [[36.870214, -86.06661], [36.872279, -86.0663], [36.873903, -86.06673]], "green": [[36.874032, -86.066751], [36.874035, -86.066699], [36.874028, -86.066658], [36.874004, -86.066615], [36.873972, -86.0666], [36.873929, -86.0666], [36.873868, -86.066594], [36.873825, -86.066604], [36.873799, -86.066628], [36.873767, -86.066676], [36.873754, -86.066731], [36.873762, -86.066782], [36.873775, -86.066819], [36.873791, -86.066846], [36.873842, -86.06687], [36.873898, -86.066879], [36.873949, -86.066867], [36.873989, -86.066831], [36.874017, -86.066797], [36.874032, -86.066751]]}, "5": {"path": [[36.874039, -86.066202], [36.872309, -86.06549], [36.871196, -86.065709]], "green": [[36.871297, -86.065713], [36.871293, -86.065759], [36.871275, -86.065793], [36.871233, -86.065823], [36.87119, -86.06583], [36.871131, -86.065819], [36.871084, -86.065769], [36.871068, -86.065734], [36.871053, -86.065663], [36.871082, -86.065614], [36.871129, -86.065592], [36.871183, -86.06559], [36.871237, -86.065601], [36.871282, -86.065655], [36.871294, -86.06568], [36.871297, -86.065713]]}, "6": {"path": [[36.871915, -86.064855], [36.870425, -86.063835], [36.868354, -86.063503]], "green": [[36.86848, -86.063521], [36.868473, -86.063551], [36.868461, -86.063582], [36.868446, -86.0636], [36.868423, -86.063604], [36.868393, -86.063602], [36.86837, -86.063598], [36.868339, -86.063588], [36.868304, -86.063596], [36.868268, -86.063605], [36.868245, -86.063606], [36.868229, -86.063593], [36.86821, -86.063571], [36.868204, -86.063518], [36.868211, -86.06347], [36.86822, -86.063423], [36.868237, -86.063398], [36.86826, -86.063379], [36.868289, -86.063374], [36.868325, -86.063377], [36.868355, -86.06338], [36.868417, -86.063367], [36.868466, -86.063385], [36.86848, -86.063417], [36.868482, -86.063472], [36.868481, -86.063495], [36.86848, -86.063521]]}, "7": {"path": [[36.868891, -86.064237], [36.870377, -86.064943]], "green": [[36.870446, -86.064941], [36.870433, -86.064908], [36.870411, -86.064869], [36.870388, -86.064843], [36.870363, -86.064833], [36.870334, -86.064833], [36.870309, -86.064859], [36.870296, -86.064888], [36.870295, -86.064921], [36.870303, -86.064957], [36.87032, -86.065], [36.870345, -86.06504], [36.870371, -86.065056], [36.870404, -86.065056], [36.870428, -86.065039], [36.870441, -86.065013], [36.870447, -86.064979], [36.870446, -86.064941]]}, "8": {"path": [[36.870122, -86.066008], [36.868738, -86.06468], [36.867458, -86.065037]], "green": [[36.867516, -86.064954], [36.867556, -86.064989], [36.867586, -86.065015], [36.867592, -86.065047], [36.867583, -86.065093], [36.867554, -86.065132], [36.867508, -86.065154], [36.867477, -86.065168], [36.867441, -86.065179], [36.86741, -86.065171], [36.867378, -86.065162], [36.867357, -86.065139], [36.86734, -86.065099], [36.867337, -86.065064], [36.867347, -86.065017], [36.867375, -86.064969], [36.867392, -86.064941], [36.867407, -86.064921], [36.86743, -86.064915], [36.867455, -86.064914], [36.867484, -86.064921], [36.867498, -86.064932], [36.867516, -86.064954]]}, "9": {"path": [[36.86688, -86.06458], [36.866527, -86.062494], [36.865886, -86.0616]], "green": [[36.865913, -86.061698], [36.865945, -86.061683], [36.865966, -86.061672], [36.86599, -86.061655], [36.866017, -86.061627], [36.866024, -86.061572], [36.86602, -86.061529], [36.865992, -86.061481], [36.865951, -86.06146], [36.865905, -86.061445], [36.865874, -86.061443], [36.865842, -86.061455], [36.865817, -86.061475], [36.865796, -86.061521], [36.865779, -86.061565], [36.865769, -86.061602], [36.865762, -86.061653], [36.865767, -86.061681], [36.865784, -86.061709], [36.865807, -86.061727], [36.865849, -86.061732], [36.865889, -86.061715], [36.865913, -86.061698]]}, "10": {"path": [[36.864706, -86.060382], [36.863588, -86.058786], [36.862251, -86.059374]], "green": [[36.862258, -86.059502], [36.862304, -86.059494], [36.862354, -86.059483], [36.862389, -86.059443], [36.862399, -86.059393], [36.862387, -86.059335], [36.862362, -86.05931], [36.862325, -86.059299], [36.862289, -86.059285], [36.862251, -86.059268], [36.862199, -86.059257], [36.862152, -86.059253], [36.862113, -86.059274], [36.862099, -86.059316], [36.862105, -86.059361], [36.862142, -86.059408], [36.862175, -86.059449], [36.862206, -86.059479], [36.862258, -86.059502]]}, "11": {"path": [[36.862286, -86.058338], [36.860717, -86.057017], [36.85938, -86.056427], [36.858349, -86.056543]], "green": [[36.858376, -86.056603], [36.858412, -86.056589], [36.858439, -86.056582], [36.858459, -86.056556], [36.858471, -86.056512], [36.858463, -86.056471], [36.85845, -86.056448], [36.858424, -86.056422], [36.858372, -86.056425], [36.858331, -86.056435], [36.858284, -86.056444], [36.858242, -86.056469], [36.858233, -86.056499], [36.858226, -86.056559], [36.858237, -86.056613], [36.858249, -86.056652], [36.858275, -86.05667], [36.858313, -86.05667], [36.858338, -86.056642], [36.858376, -86.056603]]}, "12": {"path": [[36.858246, -86.055601], [36.857393, -86.057049]], "green": [[36.85739, -86.056958], [36.857435, -86.056965], [36.857479, -86.056989], [36.857512, -86.057021], [36.857525, -86.057058], [36.857515, -86.057098], [36.857486, -86.057136], [36.857425, -86.057155], [36.857379, -86.057156], [36.85734, -86.057142], [36.857296, -86.057117], [36.857275, -86.057084], [36.857272, -86.05705], [36.857284, -86.057013], [36.857322, -86.056973], [36.857362, -86.056956], [36.85739, -86.056958]]}, "13": {"path": [[36.857308, -86.055755], [36.856251, -86.057963], [36.8569, -86.058861]], "green": [[36.8569, -86.058786], [36.856934, -86.058811], [36.856976, -86.058821], [36.857006, -86.05883], [36.857036, -86.058867], [36.857045, -86.058908], [36.857041, -86.058936], [36.857025, -86.058955], [36.856983, -86.058966], [36.856931, -86.058976], [36.85689, -86.058979], [36.856842, -86.05896], [36.856795, -86.058929], [36.856759, -86.058896], [36.856746, -86.058854], [36.856757, -86.058792], [36.856783, -86.058759], [36.856814, -86.058746], [36.856849, -86.058756], [36.856879, -86.058775], [36.8569, -86.058786]]}, "14": {"path": [[36.856791, -86.059488], [36.858727, -86.059947], [36.859924, -86.059133]], "green": [[36.85991, -86.059251], [36.859949, -86.059232], [36.859996, -86.059194], [36.860032, -86.059157], [36.860057, -86.059106], [36.860056, -86.059068], [36.860039, -86.059026], [36.860009, -86.059006], [36.859962, -86.059009], [36.859896, -86.059024], [36.859853, -86.059045], [36.859813, -86.059067], [36.859793, -86.059114], [36.859798, -86.059162], [36.859821, -86.059199], [36.859851, -86.059235], [36.859881, -86.05925], [36.85991, -86.059251]]}, "15": {"path": [[36.860686, -86.059235], [36.861303, -86.061162], [36.862599, -86.061433], [36.863249, -86.062229]],