{"holes": {"1": {"path": [[37.807467, -82.777304], [37.805837, -82.77708], [37.804606, -82.776728]], "green": [[37.801883, -82.779742], [37.801904, -82.77973], [37.801923, -82.779712], [37.801935, -82.779691], [37.801943, -82.779666], [37.801948, -82.779634], [37.801947, -82.77959], [37.801943, -82.779558], [37.801929, -82.779524], [37.801908, -82.779496], [37.801893, -82.779483], [37.801872, -82.779474], [37.80185, -82.779474], [37.801837, -82.779484], [37.80182, -82.779507], [37.801812, -82.779532], [37.801805, -82.779569], [37.801802, -82.779615], [37.801802, -82.779666], [37.801812, -82.7797], [37.801822, -82.779718], [37.801834, -82.77973], [37.801852, -82.77974], [37.801862, -82.779745], [37.801874, -82.779744], [37.801883, -82.779742]]}, "3": {"path": [[37.80379, -82.776306], [37.804156, -82.779216]], "green": [[37.804216, -82.779278], [37.804228, -82.779257], [37.80423, -82.779222], [37.804224, -82.779188], [37.804215, -82.779163], [37.804199, -82.779139], [37.804178, -82.779128], [37.804161, -82.779123], [37.804137, -82.779124], [37.80412, -82.77913], [37.804108, -82.77914], [37.804101, -82.779152], [37.804097, -82.779162], [37.80409, -82.779187], [37.804088, -82.779202], [37.80409, -82.77922], [37.804097, -82.77924], [37.804107, -82.77926], [37.804121, -82.779273], [37.804133, -82.779282], [37.804149, -82.77929], [37.804171, -82.779295], [37.804184, -82.779295], [37.804199, -82.77929], [37.804208, -82.779287], [37.804216, -82.779278]]}, "4": {"path": [[37.804348, -82.77944], [37.804305, -82.777884], [37.804076, -82.776439]], "green": [[37.804068, -82.776541], [37.804101, -82.776542], [37.804123, -82.776531], [37.804141, -82.776512], [37.804148, -82.776497], [37.804157, -82.776474], [37.804161, -82.776453], [37.804164, -82.776425], [37.804162, -82.776402], [37.804142, -82.77637], [37.804118, -82.77635], [37.804097, -82.776342], [37.804077, -82.776338], [37.804056, -82.776339], [37.804034, -82.776345], [37.804017, -82.776355], [37.804005, -82.776366], [37.803997, -82.776389], [37.803993, -82.776415], [37.803994, -82.776439], [37.803999, -82.77647], [37.804009, -82.776493], [37.804021, -82.776514], [37.804048, -82.776532], [37.804068, -82.776541]]}, "5": {"path": [[37.804608, -82.777787], [37.805622, -82.780002], [37.805784, -82.780851]], "green": [[37.805855, -82.780875], [37.805856, -82.780836], [37.805849, -82.780793], [37.805825, -82.780763], [37.805804, -82.780754], [37.805768, -82.780749], [37.805732, -82.780749], [37.805709, -82.780775], [37.805699, -82.780807], [37.805705, -82.78087], [37.805717, -82.780901], [37.805737, -82.780928], [37.805762, -82.780948], [37.805793, -82.780958], [37.805821, -82.78095], [37.805844, -82.780931], [37.805855, -82.780875]]}, "8": {"path": [[37.804625, -82.777181], [37.806016, -82.777438], [37.806986, -82.778021]], "green": [[37.807009, -82.778119], [37.807047, -82.778127], [37.80708, -82.778105], [37.807097, -82.778067], [37.807098, -82.778019], [37.807071, -82.777974], [37.807038, -82.777953], [37.807, -82.777932], [37.80696, -82.777927], [37.806946, -82.777938], [37.806929, -82.777955], [37.806918, -82.777976], [37.806917, -82.777999], [37.806919, -82.778007], [37.806924, -82.778019], [37.806926, -82.778026], [37.806933, -82.778036], [37.806945, -82.778048], [37.806955, -82.778065], [37.807009, -82.778119]]}, "9": {"path": [[37.808335, -82.775897], [37.808121, -82.774452]], "green": [[37.808133, -82.774545], [37.80819, -82.774517], [37.808215, -82.774459], [37.808212, -82.774396], [37.808168, -82.774341], [37.808111, -82.774341], [37.808076, -82.774366], [37.808048, -82.774409], [37.80804, -82.774465], [37.808051, -82.774504], [37.808076, -82.774536], [37.808133, -82.774545]]}, "10": {"path": [[37.808259, -82.774298], [37.80791, -82.772313], [37.806602, -82.770878], [37.80616, -82.770068]], "green": [[37.806173, -82.770204], [37.806224, -82.770178], [37.806257, -82.770132], [37.806274, -82.770058], [37.806256, -82.769976], [37.80621, -82.769923], [37.806151, -82.769909], [37.806101, -82.769927], [37.806067, -82.769962], [37.806056, -82.770038], [37.80607, -82.770095], [37.806103, -82.770158], [37.80613, -82.770192], [37.806173, -82.770204]]}, "11": {"path": [[37.805819, -82.769272], [37.807823, -82.76879], [37.809142, -82.768974]], "green": [[37.80909, -82.76906], [37.809059, -82.76902], [37.809053, -82.768952], [37.809075, -82.768877], [37.809114, -82.768826], [37.809173, -82.768832], [37.809208, -82.768867], [37.809232, -82.768932], [37.809241, -82.769], [37.809212, -82.769062], [37.809173, -82.769081], [37.809132, -82.769089], [37.80909, -82.76906]]}, "13": {"path": [[37.807831, -82.76972], [37.808864, -82.77092], [37.809609, -82.772485]], "green": [[37.809643, -82.772617], [37.809679, -82.772634], [37.809706, -82.772618], [37.809716, -82.772578], [37.809711, -82.772542], [37.809615, -82.772377], [37.809578, -82.77234], [37.809553, -82.77234], [37.809533, -82.772357], [37.809521, -82.772386], [37.809521, -82.772411], [37.809538, -82.772454], [37.809565, -82.772512], [37.809643, -82.772617]]}, "14": {"path": [[37.809615, -82.772829], [37.808592, -82.771524], [37.807937, -82.770289]], "green": [[37.80792, -82.770388], [37.807957, -82.770391], [37.807981, -82.770378], [37.808011, -82.770337], [37.80802, -82.770289], [37.808013, -82.770236], [37.807983, -82.770191], [37.807947, -82.77017], [37.807901, -82.770178], [37.80787, -82.770198], [37.807851, -82.770245], [37.80786, -82.770305], [37.80788, -82.770358], [37.80792, -82.770388]]}, "15": {"path": [[37.808214, -82.771275], [37.807365, -82.769698]], "green": [[37.807411, -82.769856], [37.807458, -82.769834], [37.807478, -82.769762], [37.807473, -82.769696], [37.807446, -82.769618], [37.807388, -82.769548], [37.807324, -82.769521], [37.807278, -82.769551], [37.807244, -82.769597], [37.80723, -82.769661], [37.807269, -82.769744], [37.807331, -82.769831], [37.807411, -82.769856]]}, "17": {"path": [[37.8095, -82.772983], [37.808765, -82.775121], [37.808941, -82.775897]], "green": [[37.808892, -82.775972], [37.808936, -82.775999], [37.808971, -82.775995], [37.808998, -82.775958], [37.809016, -82.77592], [37.809018, -82.775865], [37.809, -82.775809], [37.808963, -82.775781], [37.808921, -82.775789], [37.808886, -82.775818], [37.808866, -82.775864], [37.808868, -82.775925], [37.808892, -82.775972]]}}}