{"holes": {"1": {"path": [[38.226996, -85.219474], [38.226767, -85.22095]], "green": [[38.226863, -85.220974], [38.226852, -85.221007], [38.226825, -85.221034], [38.226801, -85.221039], [38.226757, -85.221039], [38.226706, -85.221028], [38.226674, -85.221002], [38.226654, -85.220964], [38.22665, -85.220931], [38.226663, -85.220891], [38.226691, -85.220854], [38.22673, -85.220842], [38.226778, -85.220858], [38.226827, -85.22088], [38.226845, -85.220902], [38.226862, -85.220939], [38.226863, -85.220974]]}, "2": {"path": [[38.226699, -85.221224], [38.226573, -85.22223], [38.22648, -85.222473]], "green": [[38.226552, -85.222497], [38.226498, -85.222582], [38.22646, -85.222607], [38.226426, -85.222612], [38.2264, -85.222595], [38.22638, -85.222571], [38.226374, -85.222537], [38.226384, -85.222492], [38.226411, -85.222441], [38.226451, -85.222371], [38.226485, -85.22235], [38.226525, -85.222344], [38.226549, -85.222347], [38.226566, -85.222366], [38.226575, -85.222391], [38.226573, -85.222445], [38.226552, -85.222497]]}, "5": {"path": [[38.226962, -85.221805], [38.227497, -85.220792]], "green": [[38.227603, -85.220803], [38.227588, -85.22084], [38.227554, -85.220876], [38.227502, -85.2209], [38.227451, -85.220897], [38.2274, -85.220882], [38.227377, -85.22086], [38.227367, -85.220833], [38.227371, -85.220798], [38.227389, -85.220765], [38.227413, -85.220739], [38.227455, -85.220734], [38.227499, -85.220721], [38.227523, -85.220697], [38.227559, -85.220693], [38.227585, -85.220715], [38.227595, -85.220731], [38.227605, -85.22076], [38.227603, -85.220803]]}, "6": {"path": [[38.227384, -85.220262], [38.228331, -85.220705]], "green": [[38.228287, -85.220619], [38.228308, -85.22059], [38.228343, -85.220576], [38.228378, -85.22058], [38.228404, -85.220609], [38.228415, -85.220645], [38.228409, -85.220702], [38.228397, -85.220763], [38.228384, -85.220813], [38.228345, -85.220837], [38.228307, -85.220844], [38.228273, -85.220834], [38.228252, -85.22081], [38.228244, -85.220756], [38.228263, -85.220684], [38.228287, -85.220619]]}, "7": {"path": [[38.228757, -85.220126], [38.229467, -85.216974]], "green": [[38.229548, -85.217016], [38.229537, -85.21705], [38.229513, -85.217072], [38.229478, -85.217079], [38.229433, -85.217077], [38.229399, -85.217056], [38.229369, -85.217022], [38.229355, -85.216976], [38.229357, -85.216936], [38.229373, -85.216903], [38.229405, -85.21688], [38.229444, -85.216868], [38.229481, -85.216868], [38.229517, -85.216887], [38.229533, -85.216903], [38.229551, -85.216941], [38.229556, -85.216977], [38.229548, -85.217016]]}, "8": {"path": [[38.228853, -85.216981], [38.228485, -85.219478]], "green": [[38.228557, -85.219515], [38.228558, -85.219562], [38.228547, -85.219589], [38.228527, -85.21961], [38.228497, -85.219617], [38.228453, -85.219617], [38.228419, -85.219595], [38.228396, -85.219542], [38.228387, -85.219486], [38.228398, -85.219414], [38.228421, -85.219365], [38.228451, -85.219333], [38.228473, -85.219327], [38.228496, -85.219331], [38.228514, -85.219342], [38.228534, -85.21938], [38.228548, -85.219462], [38.228557, -85.219515]]}, "9": {"path": [[38.228514, -85.220065], [38.227488, -85.219781]], "green": [[38.22759, -85.219809], [38.227588, -85.219843], [38.227573, -85.219875], [38.227547, -85.219897], [38.227504, -85.219901], [38.22744, -85.219884], [38.227379, -85.219852], [38.227352, -85.219805], [38.227352, -85.219739], [38.227366, -85.219694], [38.227399, -85.219667], [38.227435, -85.219658], [38.227486, -85.219667], [38.227538, -85.219693], [38.227565, -85.219722], [38.227584, -85.21976], [38.22759, -85.219809]]}}}