{"holes": {"2": {"path": [[38.214083, -85.363591], [38.211741, -85.361238]], "green": [[38.211633, -85.361082], [38.211646, -85.361071], [38.211665, -85.361058], [38.211683, -85.36105], [38.211701, -85.361044], [38.211717, -85.361041], [38.211735, -85.361037], [38.211755, -85.361036], [38.211774, -85.36104], [38.211794, -85.361052], [38.211808, -85.361066], [38.211819, -85.361085], [38.211827, -85.361115], [38.211832, -85.36115], [38.211836, -85.361184], [38.211841, -85.361219], [38.211846, -85.361251], [38.211849, -85.361269], [38.211855, -85.361309], [38.211857, -85.361332], [38.211854, -85.36136], [38.21185, -85.361383], [38.211844, -85.361406], [38.211834, -85.361427], [38.211822, -85.361445], [38.211811, -85.361456], [38.211789, -85.361465], [38.211773, -85.361466], [38.211749, -85.361466], [38.211729, -85.361459], [38.21171, -85.361445], [38.211697, -85.36143], [38.211691, -85.361416], [38.211685, -85.361386], [38.211679, -85.361359], [38.211671, -85.36132], [38.211662, -85.361281], [38.211651, -85.36125], [38.211638, -85.361214], [38.211629, -85.361181], [38.211623, -85.361155], [38.21162, -85.361138], [38.211619, -85.361118], [38.211625, -85.361099], [38.211633, -85.361082]]}, "3": {"path": [[38.210518, -85.360853], [38.211153, -85.358877]], "green": [[38.211066, -85.358703], [38.211081, -85.358683], [38.2111, -85.358669], [38.211116, -85.358661], [38.211132, -85.358656], [38.211156, -85.358658], [38.211179, -85.358663], [38.211204, -85.358673], [38.211225, -85.358687], [38.211243, -85.358702], [38.21126, -85.358728], [38.211271, -85.358757], [38.211279, -85.358792], [38.211281, -85.358825], [38.211278, -85.35885], [38.211273, -85.358869], [38.211266, -85.358885], [38.211256, -85.358905], [38.211247, -85.358924], [38.211237, -85.358945], [38.211233, -85.358954], [38.211227, -85.358968], [38.211216, -85.358996], [38.211207, -85.359017], [38.211195, -85.35904], [38.211185, -85.359055], [38.211173, -85.359067], [38.211161, -85.359075], [38.211145, -85.35908], [38.211132, -85.35908], [38.211121, -85.359079], [38.211109, -85.359076], [38.211097, -85.35907], [38.211088, -85.359062], [38.211081, -85.359051], [38.211069, -85.359024], [38.211062, -85.359005], [38.211058, -85.358982], [38.211053, -85.358948], [38.21105, -85.358915], [38.211048, -85.358872], [38.211047, -85.358833], [38.211047, -85.358795], [38.211048, -85.35876], [38.21105, -85.358742], [38.211055, -85.358723], [38.211066, -85.358703]]}, "4": {"path": [[38.211893, -85.358873], [38.212113, -85.354966], [38.211384, -85.352862]], "green": [[38.211366, -85.35296], [38.211377, -85.352968], [38.211393, -85.352981], [38.211404, -85.352988], [38.211415, -85.352992], [38.211423, -85.352994], [38.211435, -85.352992], [38.211445, -85.352987], [38.211454, -85.35298], [38.21146, -85.352973], [38.211466, -85.352964], [38.211471, -85.352952], [38.211476, -85.35293], [38.211479, -85.352911], [38.211478, -85.352886], [38.211476, -85.352868], [38.211473, -85.352847], [38.211468, -85.352826], [38.211461, -85.352805], [38.211453, -85.352785], [38.211445, -85.352765], [38.211436, -85.352745], [38.211429, -85.352734], [38.211414, -85.352721], [38.211399, -85.352713], [38.211383, -85.352708], [38.211366, -85.352707], [38.211351, -85.352711], [38.211328, -85.352723], [38.211314, -85.352732], [38.211301, -85.352745], [38.211291, -85.35276], [38.211283, -85.352775], [38.211279, -85.352789], [38.211273, -85.352813], [38.211272, -85.352831], [38.211274, -85.352852], [38.211279, -85.35287], [38.211286, -85.352887], [38.211297, -85.352903], [38.211311, -85.352918], [38.211325, -85.35293], [38.21134, -85.352941], [38.211354, -85.352951], [38.211366, -85.35296]]}, "5": {"path": [[38.211052, -85.351991], [38.21104, -85.355468], [38.211435, -85.356677]], "green": [[38.211469, -85.356836], [38.211484, -85.356824], [38.2115, -85.356809], [38.211512, -85.356794], [38.211528, -85.356769], [38.211541, -85.356741], [38.21155, -85.356714], [38.211555, -85.35668], [38.211553, -85.35665], [38.211544, -85.356616], [38.211531, -85.356582], [38.211516, -85.356558], [38.211501, -85.35654], [38.21148, -85.356521], [38.211472, -85.356515], [38.211461, -85.356509], [38.211441, -85.356501], [38.211416, -85.356499], [38.211405, -85.3565], [38.211393, -85.356502], [38.211378, -85.356509], [38.21136, -85.356525], [38.21135, -85.356543], [38.211344, -85.356559], [38.211339, -85.356585], [38.211338, -85.356618], [38.211338, -85.356651], [38.211341, -85.356684], [38.211343, -85.356714], [38.211347, -85.356745], [38.211351, -85.35677], [38.211357, -85.356797], [38.211366, -85.35682], [38.211377, -85.356837], [38.211393, -85.356848], [38.21141, -85.356853], [38.211428, -85.356853], [38.211446, -85.356848], [38.211457, -85.356843], [38.211469, -85.356836]]}, "6": {"path": [[38.211782, -85.359081], [38.210585, -85.356428], [38.210117, -85.35624]], "green": [[38.209991, -85.356206], [38.209994, -85.356175], [38.21, -85.356148], [38.210011, -85.356125], [38.210024, -85.356106], [38.210041, -85.356091], [38.210061, -85.356083], [38.21009, -85.35608], [38.210114, -85.356084], [38.210138, -85.356094], [38.21016, -85.356112], [38.210177, -85.356131], [38.210198, -85.356155], [38.210213, -85.356175], [38.21022, -85.356185], [38.210231, -85.356197], [38.210243, -85.356213], [38.210248, -85.356225], [38.21025, -85.356245], [38.210247, -85.35627], [38.210242, -85.35629], [38.210233, -85.356309], [38.210224, -85.356322], [38.210207, -85.356337], [38.210192, -85.356345], [38.210172, -85.35635], [38.210156, -85.356357], [38.210131, -85.356366], [38.210115, -85.35637], [38.210096, -85.356379], [38.210075, -85.356384], [38.210054, -85.356382], [38.210033, -85.356376], [38.210012, -85.356356], [38.209999, -85.356332], [38.209995, -85.356299], [38.209994, -85.35627], [38.209992, -85.356239], [38.209991, -85.356206]]}, "7": {"path": [[38.209747, -85.356221], [38.21083, -85.35173]], "green": [[38.210863, -85.351899], [38.210879, -85.351884], [38.210895, -85.351862], [38.210908, -85.351838], [38.210921, -85.351808], [38.210937, -85.351749], [38.210943, -85.351688], [38.210942, -85.351645], [38.210934, -85.351608], [38.210923, -85.351579], [38.210898, -85.351546], [38.210882, -85.351533], [38.210859, -85.351524], [38.210825, -85.351521], [38.210792, -85.351531], [38.210768, -85.351551], [38.210754, -85.351579], [38.210736, -85.351621], [38.210722, -85.351678], [38.210718, -85.351718], [38.210715, -85.35176], [38.210719, -85.35181], [38.210727, -85.351838], [38.210742, -85.351873], [38.210762, -85.351895], [38.210781, -85.351908], [38.210813, -85.351916], [38.210843, -85.351914], [38.210863, -85.351899]]}, "8": {"path": [[38.211152, -85.350972], [38.211865, -85.352436]], "green": [[38.211772, -85.352354], [38.21178, -85.352331], [38.211789, -85.352314], [38.211799, -85.3523], [38.211806, -85.352293], [38.211815, -85.352286], [38.211821, -85.352283], [38.211829, -85.352279], [38.211838, -85.352276], [38.211848, -85.352272], [38.21187, -85.352267], [38.211891, -85.352272], [38.211906, -85.352285], [38.211913, -85.352299], [38.211914, -85.352318], [38.211914, -85.352336], [38.211918, -85.352355], [38.211921, -85.352366], [38.211929, -85.352381], [38.211941, -85.352397], [38.211951, -85.352409], [38.211963, -85.352426], [38.211972, -85.352442], [38.211978, -85.352455], [38.211981, -85.352473], [38.211979, -85.352516], [38.211974, -85.352541], [38.211969, -85.352562], [38.211961, -85.352581], [38.211952, -85.352595], [38.211941, -85.352605], [38.211924, -85.352616], [38.211902, -85.352625], [38.211876, -85.352631], [38.211858, -85.352627], [38.211841, -85.352623], [38.211827, -85.352613], [38.211813, -85.352603], [38.2118, -85.352589], [38.211791, -85.352572], [38.211776, -85.352542], [38.21177, -85.352524], [38.211766, -85.352499], [38.211764, -85.352467], [38.211765, -85.352442], [38.211766, -85.352416], [38.211767, -85.352393], [38.211768, -85.352374], [38.211772, -85.352354]]}, "9": {"path": [[38.212718, -85.353078], [38.212696, -85.35656], [38.212418, -85.358598]],