{"holes": {"1": {"path": [[38.211809, -84.658686], [38.213583, -84.657623], [38.214504, -84.657673]], "green": [[38.214607, -84.657672], [38.214599, -84.65763], [38.214585, -84.657602], [38.214552, -84.657578], [38.214508, -84.657572], [38.214468, -84.65758], [38.214442, -84.657594], [38.214424, -84.657619], [38.214407, -84.657649], [38.214403, -84.657684], [38.214408, -84.657712], [38.21443, -84.657738], [38.214449, -84.65775], [38.214467, -84.657758], [38.214502, -84.657763], [38.214533, -84.657761], [38.214579, -84.65774], [38.214597, -84.657714], [38.214607, -84.657672]]}, "2": {"path": [[38.214594, -84.657134], [38.213653, -84.655263], [38.213013, -84.653326]], "green": [[38.213072, -84.653436], [38.213075, -84.653424], [38.21308, -84.653408], [38.213085, -84.653389], [38.213088, -84.653372], [38.213091, -84.653358], [38.213093, -84.653333], [38.213093, -84.653314], [38.213093, -84.653299], [38.21309, -84.653286], [38.213089, -84.653273], [38.213083, -84.653253], [38.213078, -84.653233], [38.213071, -84.653221], [38.213065, -84.65321], [38.21306, -84.6532], [38.213054, -84.653193], [38.213048, -84.653185], [38.21304, -84.653181], [38.213029, -84.653177], [38.213014, -84.653176], [38.213, -84.653176], [38.21299, -84.653179], [38.21298, -84.653186], [38.212974, -84.653193], [38.212967, -84.653203], [38.212964, -84.653215], [38.21296, -84.653223], [38.212957, -84.653231], [38.212954, -84.653241], [38.21295, -84.65325], [38.21295, -84.653258], [38.212949, -84.653266], [38.212949, -84.653275], [38.212949, -84.653285], [38.21295, -84.653296], [38.212951, -84.653308], [38.212951, -84.653318], [38.212951, -84.653329], [38.212953, -84.653339], [38.212954, -84.653352], [38.212957, -84.653363], [38.212958, -84.653377], [38.212961, -84.653388], [38.212965, -84.6534], [38.212967, -84.653407], [38.212971, -84.653415], [38.212975, -84.653425], [38.21298, -84.653436], [38.212987, -84.653446], [38.212992, -84.653452], [38.212998, -84.653457], [38.213005, -84.653461], [38.213012, -84.653466], [38.213017, -84.653469], [38.213025, -84.653471], [38.213034, -84.65347], [38.213041, -84.653469], [38.213047, -84.653466], [38.213054, -84.65346], [38.213063, -84.65345], [38.213072, -84.653436]]}, "3": {"path": [[38.213459, -84.653407], [38.21319, -84.651404], [38.213596, -84.650064]], "green": [[38.213627, -84.650185], [38.21365, -84.650157], [38.213668, -84.650114], [38.213677, -84.650084], [38.213682, -84.650038], [38.213679, -84.650002], [38.213668, -84.649968], [38.213649, -84.649937], [38.213626, -84.64992], [38.213593, -84.649921], [38.213561, -84.64993], [38.213536, -84.649952], [38.213512, -84.649989], [38.213502, -84.650017], [38.213497, -84.650059], [38.213501, -84.650096], [38.213516, -84.650136], [38.213542, -84.650163], [38.213573, -84.650182], [38.213602, -84.65019], [38.213616, -84.650189], [38.213627, -84.650185]]}, "4": {"path": [[38.212865, -84.650308], [38.211351, -84.650727]], "green": [[38.211411, -84.650787], [38.211403, -84.650797], [38.211391, -84.650809], [38.211381, -84.650821], [38.211372, -84.65083], [38.211362, -84.650841], [38.211351, -84.650849], [38.21134, -84.650853], [38.211328, -84.650859], [38.211316, -84.650863], [38.211305, -84.650863], [38.211293, -84.650862], [38.211279, -84.650858], [38.211266, -84.650848], [38.211253, -84.650833], [38.211243, -84.650818], [38.211237, -84.650806], [38.211233, -84.650794], [38.211231, -84.650778], [38.211232, -84.650762], [38.211235, -84.650748], [38.211239, -84.650734], [38.211246, -84.650718], [38.211253, -84.650704], [38.211262, -84.650692], [38.211272, -84.650682], [38.211282, -84.650671], [38.211294, -84.65066], [38.211303, -84.650649], [38.211312, -84.65064], [38.211322, -84.650633], [38.211332, -84.650623], [38.211342, -84.650617], [38.211351, -84.650611], [38.211363, -84.650609], [38.211372, -84.650608], [38.211382, -84.650607], [38.211391, -84.650607], [38.211401, -84.650608], [38.21141, -84.650613], [38.211418, -84.65062], [38.211426, -84.650626], [38.211434, -84.650637], [38.211439, -84.650648], [38.211444, -84.650656], [38.211446, -84.650667], [38.211448, -84.650678], [38.21145, -84.650687], [38.21145, -84.6507], [38.211447, -84.650712], [38.211443, -84.650721], [38.21144, -84.650733], [38.211436, -84.650743], [38.211431, -84.650753], [38.211426, -84.65076], [38.211421, -84.650771], [38.211411, -84.650787]]}, "5": {"path": [[38.210643, -84.650361], [38.211329, -84.652616], [38.210781, -84.654984]], "green": [[38.210803, -84.655109], [38.210772, -84.655118], [38.210738, -84.655118], [38.210716, -84.655097], [38.210705, -84.655066], [38.210699, -84.655014], [38.210706, -84.654968], [38.210724, -84.6549], [38.210751, -84.654856], [38.210781, -84.654836], [38.210812, -84.654829], [38.210838, -84.654852], [38.21085, -84.654881], [38.210852, -84.654915], [38.210849, -84.654958], [38.210836, -84.655016], [38.210822, -84.655076], [38.210803, -84.655109]]}, "6": {"path": [[38.210386, -84.654381], [38.210059, -84.656126], [38.20948, -84.65773]], "green": [[38.209534, -84.65777], [38.209548, -84.657709], [38.209556, -84.657653], [38.20955, -84.657612], [38.209536, -84.657591], [38.209516, -84.657577], [38.209489, -84.657579], [38.209459, -84.657599], [38.209439, -84.657623], [38.209416, -84.657671], [38.209402, -84.657712], [38.209398, -84.657765], [38.209401, -84.657822], [38.209423, -84.657864], [38.209436, -84.657875], [38.209461, -84.657879], [38.209482, -84.657867], [38.209501, -84.657845], [38.20952, -84.65781], [38.209534, -84.65777]]}, "7": {"path": [[38.209668, -84.657998], [38.208985, -84.660019], [38.208686, -84.661536]], "green": [[38.208736, -84.661648], [38.208726, -84.661657], [38.208705, -84.661671], [38.208676, -84.661672], [38.208659, -84.66167], [38.20863, -84.661647], [38.208615, -84.661618], [38.208605, -84.661587], [38.2086, -84.661558], [38.20861, -84.661524], [38.208623, -84.661478], [38.208628, -84.661446], [38.208641, -84.661414], [38.208663, -84.661394], [38.208685, -84.661375], [38.20871, -84.661367], [38.208732, -84.661377], [38.20876, -84.66141], [38.208769, -84.661475], [38.208769, -84.661524], [38.20876, -84.661564], [38.208751, -84.661615], [38.208736, -84.661648]]}, "8": {"path": [[38.208198, -84.662458], [38.209679, -84.663205]], "green": [[38.209782, -84.663253], [38.209783, -84.663222], [38.209781, -84.663195], [38.20976, -84.663158], [38.20973, -84.663128], [38.20968, -84.663088], [38.20963, -84.663067], [38.209587, -84.66307], [38.209561, -84.663101], [38.209546, -84.663142], [38.209544, -84.663187], [38.209558, -84.663232], [38.209588, -84.663281], [38.209638, -84.663309], [38.209691, -84.663323], [38.209728, -84.663313], [38.20976, -84.663296], [38.209771, -84.663275], [38.209782, -84.663253]]}, "9": {"path": [[38.209902, -84.662866], [38.209768, -84.660108], [38.210007, -84.659182]], "green": [[38.210067, -84.659281], [38.210074, -84.659237], [38.210078, -84.659164], [38.210076, -84.659105], [38.210069, -84.65906], [38.210051, -84.659036], [38.210023, -84.659015], [38.209991, -84.659014], [38.209967, -84.659024], [38.209944, -84.659056], [38.209936, -84.659092], [38.209924, -84.659167], [38.209924, -84.659239], [38.209936, -84.659274], [38.209951, -84.659304], [38.209975, -84.659328], [38.210007, -84.659332], [38.21003, -84.659323], [38.210051, -84.659308], [38.210067, -84.659281]]}, "10": {"path": [[38.211566, -84.659845], [38.210918, -84.662429], [38.210235, -84.663002]], "green": [[38.210219, -84.662884], [38.210258, -84.662868], [38.210293, -84.662878], [38.210311, -84.662884], [38.210332, -84.662899], [38.210355, -84.662923], [38.21036, -84.662951], [38.210363, -84.662989], [38.210361, -84.663023], [38.21034, -84.663056], [38.210291, -84.663098], [38.210246, -84.663132], [38.210222, -84.663137], [38.21019, -84.66314], [38.210154, -84.663132], [38.210134, -84.663106], [38.210123, -84.663083], [38.210116, -84.663056], [38.210113, -84.663028], [38.210112, -84.663006], [38.210125, -84.662974], [38.210168, -84.662925], [38.210219, -84.662884]]},