{"holes": {"1": {"path": [[42.843105, -71.568822], [42.846276, -71.56919]], "green": [[42.846379, -71.569144], [42.846382, -71.569171], [42.846386, -71.569198], [42.84639, -71.569228], [42.846398, -71.569253], [42.846411, -71.569284], [42.846419, -71.569304], [42.846422, -71.569323], [42.846419, -71.569355], [42.846416, -71.569394], [42.846407, -71.569426], [42.846391, -71.569459], [42.846366, -71.569483], [42.846345, -71.569488], [42.846317, -71.569483], [42.846293, -71.569458], [42.846273, -71.569426], [42.846258, -71.569388], [42.846237, -71.569351], [42.846224, -71.569307], [42.846216, -71.569275], [42.846195, -71.56924], [42.846184, -71.569206], [42.846161, -71.569174], [42.846143, -71.569152], [42.846127, -71.569128], [42.846117, -71.569105], [42.846105, -71.569073], [42.846101, -71.569042], [42.846107, -71.569012], [42.846116, -71.568987], [42.846128, -71.568968], [42.846146, -71.568953], [42.846163, -71.568953], [42.846188, -71.568946], [42.846227, -71.568931], [42.846256, -71.56895], [42.846277, -71.568966], [42.846284, -71.568992], [42.8463, -71.56903], [42.846315, -71.569057], [42.846333, -71.569088], [42.846348, -71.569108], [42.846367, -71.569125], [42.846379, -71.569144]]}, "2": {"path": [[42.84787, -71.569492], [42.850282, -71.570048]], "green": [[42.850362, -71.569956], [42.850331, -71.569921], [42.850302, -71.5699], [42.850268, -71.569893], [42.850238, -71.569886], [42.850207, -71.569879], [42.850188, -71.569892], [42.850174, -71.569908], [42.85016, -71.569935], [42.850152, -71.569971], [42.850161, -71.56999], [42.850177, -71.570026], [42.850183, -71.570038], [42.850201, -71.570078], [42.850222, -71.570128], [42.850243, -71.570176], [42.850259, -71.570196], [42.850273, -71.570222], [42.850304, -71.570246], [42.85033, -71.570248], [42.850354, -71.570244], [42.850365, -71.570227], [42.850381, -71.570177], [42.850392, -71.570144], [42.850399, -71.57011], [42.850408, -71.570063], [42.850398, -71.57001], [42.850381, -71.569979], [42.850362, -71.569956]]}, "4": {"path": [[42.851291, -71.569347], [42.849083, -71.568779], [42.847558, -71.56852]], "green": [[42.847462, -71.56853], [42.84746, -71.568501], [42.847464, -71.56847], [42.847473, -71.56845], [42.847486, -71.568426], [42.847505, -71.568405], [42.847524, -71.568387], [42.847549, -71.568377], [42.847569, -71.568381], [42.847591, -71.568396], [42.847612, -71.568416], [42.847629, -71.568445], [42.847638, -71.568468], [42.84765, -71.568505], [42.847658, -71.568527], [42.847664, -71.568556], [42.847657, -71.56858], [42.847645, -71.568593], [42.847628, -71.568605], [42.847614, -71.568613], [42.847601, -71.568618], [42.847584, -71.568624], [42.847567, -71.568625], [42.847549, -71.568624], [42.847529, -71.568618], [42.847511, -71.568612], [42.847497, -71.568591], [42.847482, -71.568571], [42.847472, -71.568556], [42.847462, -71.56853]]}, "5": {"path": [[42.847574, -71.567909], [42.850702, -71.568426]], "green": [[42.850609, -71.56846], [42.85061, -71.568442], [42.850621, -71.568409], [42.850642, -71.568371], [42.850666, -71.568348], [42.850688, -71.568328], [42.850715, -71.568309], [42.850743, -71.568303], [42.850772, -71.568308], [42.850805, -71.568331], [42.850816, -71.56836], [42.850818, -71.568403], [42.85081, -71.568437], [42.850791, -71.568473], [42.850763, -71.568497], [42.850735, -71.568511], [42.85071, -71.568518], [42.850683, -71.56853], [42.850661, -71.568526], [42.850641, -71.568508], [42.850624, -71.56849], [42.850611, -71.568475], [42.850609, -71.56846]]}, "6": {"path": [[42.850898, -71.567749], [42.84899, -71.567474], [42.846798, -71.566914]], "green": [[42.84693, -71.567052], [42.846924, -71.56707], [42.84691, -71.567088], [42.846895, -71.567107], [42.846874, -71.567117], [42.846853, -71.567116], [42.84683, -71.567109], [42.846809, -71.567094], [42.846792, -71.567068], [42.846773, -71.567044], [42.846754, -71.567012], [42.846733, -71.566978], [42.84672, -71.566958], [42.846701, -71.56694], [42.846681, -71.566919], [42.846668, -71.566894], [42.846662, -71.566863], [42.846659, -71.566834], [42.84666, -71.566812], [42.846665, -71.566789], [42.846671, -71.56677], [42.846678, -71.566751], [42.84669, -71.566738], [42.846702, -71.566727], [42.846719, -71.566719], [42.846733, -71.566721], [42.846752, -71.566725], [42.846766, -71.566737], [42.846781, -71.566745], [42.846794, -71.566761], [42.846805, -71.566788], [42.846813, -71.566811], [42.846826, -71.566838], [42.846839, -71.566857], [42.846854, -71.566883], [42.846868, -71.566906], [42.846883, -71.566922], [42.8469, -71.566943], [42.84691, -71.566958], [42.846919, -71.566974], [42.846929, -71.566989], [42.846934, -71.56701], [42.846935, -71.567031], [42.84693, -71.567052]]}, "7": {"path": [[42.845147, -71.566475], [42.842436, -71.566056]], "green": [[42.842567, -71.566243], [42.84256, -71.566264], [42.842548, -71.566279], [42.842533, -71.566282], [42.842514, -71.566285], [42.842495, -71.566277], [42.842478, -71.566265], [42.842462, -71.566255], [42.842441, -71.566245], [42.842423, -71.566233], [42.842409, -71.566218], [42.842396, -71.566194], [42.842382, -71.566166], [42.842372, -71.566139], [42.842362, -71.566106], [42.842352, -71.566077], [42.842345, -71.566053], [42.842335, -71.566022], [42.842323, -71.565998], [42.842317, -71.565969], [42.842315, -71.565948], [42.842317, -71.565922], [42.842319, -71.5659], [42.842325, -71.565882], [42.842333, -71.565862], [42.842341, -71.56585], [42.842356, -71.565836], [42.842374, -71.565822], [42.842389, -71.565817], [42.842405, -71.565816], [42.842421, -71.565824], [42.842436, -71.565837], [42.842448, -71.565868], [42.842459, -71.56591], [42.842472, -71.565938], [42.842486, -71.565972], [42.842501, -71.566], [42.842517, -71.566019], [42.842536, -71.566047], [42.842554, -71.56608], [42.842566, -71.566118], [42.842572, -71.566166], [42.842574, -71.56621], [42.842567, -71.566243]]}, "8": {"path": [[42.840479, -71.565395], [42.839326, -71.565423]], "green": [[42.839381, -71.56549], [42.839377, -71.565505], [42.839374, -71.565529], [42.839369, -71.565556], [42.839367, -71.565577], [42.839361, -71.565598], [42.83935, -71.565618], [42.839336, -71.565631], [42.83932, -71.565639], [42.839303, -71.565643], [42.839285, -71.565638], [42.83927, -71.56563], [42.839256, -71.565616], [42.839245, -71.565597], [42.839239, -71.565576], [42.839239, -71.565556], [42.839244, -71.565532], [42.839252, -71.565504], [42.83926, -71.565478], [42.839268, -71.565456], [42.83927, -71.565433], [42.839272, -71.5654], [42.839274, -71.565375], [42.839275, -71.565352], [42.839276, -71.565336], [42.839277, -71.565315], [42.839278, -71.565294], [42.839281, -71.565273], [42.839285, -71.565254], [42.839292, -71.565241], [42.839303, -71.565225], [42.839317, -71.565215], [42.839333, -71.565211], [42.839346, -71.565217], [42.839359, -71.565225], [42.83937, -71.565233], [42.839379, -71.565243], [42.839389, -71.565258], [42.839399, -71.565275], [42.839403, -71.565297], [42.839407, -71.565317], [42.83941, -71.565341], [42.839407, -71.565375], [42.839405, -71.565405], [42.839398, -71.565435], [42.83939, -71.565455], [42.839385, -71.565469], [42.839381, -71.56549]]}, "9": {"path": [[42.839112, -71.567356], [42.840614, -71.567449], [42.841862, -71.567145]],