{"holes": {"2": {"path": [[43.168135, -71.482807], [43.164917, -71.484063]], "green": [[43.164899, -71.483966], [43.164813, -71.484018], [43.164753, -71.484064], [43.164723, -71.484153], [43.164737, -71.484225], [43.164792, -71.484276], [43.164872, -71.484277], [43.164944, -71.48423], [43.164998, -71.48414], [43.16504, -71.484074], [43.165068, -71.484002], [43.165063, -71.483963], [43.165058, -71.483928], [43.165028, -71.483908], [43.164969, -71.483933], [43.164933, -71.483942], [43.164899, -71.483966]]}, "3": {"path": [[43.165261, -71.484385], [43.166983, -71.484162], [43.167954, -71.483548]], "green": [[43.168031, -71.48365], [43.168071, -71.483602], [43.168081, -71.483512], [43.168059, -71.483433], [43.16799, -71.483411], [43.167926, -71.48341], [43.167906, -71.483435], [43.167868, -71.483477], [43.167858, -71.483522], [43.16786, -71.483566], [43.167874, -71.483603], [43.167888, -71.483633], [43.167915, -71.483649], [43.167952, -71.483668], [43.168031, -71.48365]]}, "4": {"path": [[43.16844, -71.482929], [43.169174, -71.481466]], "green": [[43.169103, -71.481392], [43.169122, -71.481366], [43.169145, -71.481344], [43.169155, -71.481339], [43.169188, -71.481345], [43.169207, -71.481356], [43.169233, -71.481378], [43.169252, -71.4814], [43.169269, -71.481432], [43.169277, -71.481469], [43.169276, -71.481508], [43.169265, -71.481544], [43.169238, -71.48159], [43.169212, -71.481613], [43.169191, -71.481614], [43.169152, -71.481616], [43.169112, -71.481592], [43.169089, -71.481553], [43.169075, -71.481523], [43.169073, -71.481469], [43.169084, -71.481423], [43.169103, -71.481392]]}, "5": {"path": [[43.168714, -71.481376], [43.166751, -71.481233], [43.165766, -71.480174], [43.165569, -71.479686]], "green": [[43.165623, -71.479588], [43.165645, -71.479623], [43.165651, -71.479664], [43.165647, -71.479769], [43.165618, -71.479821], [43.165597, -71.479844], [43.165565, -71.479846], [43.165528, -71.479823], [43.165485, -71.479762], [43.165464, -71.479713], [43.165463, -71.47965], [43.165495, -71.479591], [43.16553, -71.479566], [43.165571, -71.479556], [43.1656, -71.479565], [43.165623, -71.479588]]}, "6": {"path": [[43.165964, -71.477672], [43.166357, -71.479921]], "green": [[43.16628, -71.479995], [43.166317, -71.480039], [43.166385, -71.480075], [43.166437, -71.480047], [43.166458, -71.480018], [43.16646, -71.479961], [43.166451, -71.47992], [43.166427, -71.47989], [43.166408, -71.479854], [43.166406, -71.479825], [43.166381, -71.479824], [43.166343, -71.479801], [43.166305, -71.4798], [43.166286, -71.479816], [43.166274, -71.479849], [43.166266, -71.479917], [43.166268, -71.479957], [43.16628, -71.479995]]}, "7": {"path": [[43.166671, -71.479631], [43.168035, -71.480357], [43.169414, -71.480803]], "green": [[43.16952, -71.480826], [43.169505, -71.480878], [43.169479, -71.480914], [43.169451, -71.480929], [43.169419, -71.480934], [43.169388, -71.480928], [43.169359, -71.480912], [43.169323, -71.480864], [43.169303, -71.480824], [43.169297, -71.480769], [43.1693, -71.480713], [43.169328, -71.480683], [43.16938, -71.480662], [43.169421, -71.480652], [43.169459, -71.480671], [43.169487, -71.480705], [43.169516, -71.480766], [43.16952, -71.480826]]}, "8": {"path": [[43.169054, -71.480278], [43.167162, -71.478889], [43.166456, -71.478148]], "green": [[43.166335, -71.4782], [43.166297, -71.478097], [43.166356, -71.477963], [43.166437, -71.477971], [43.16651, -71.478021], [43.166558, -71.478092], [43.16657, -71.47815], [43.166572, -71.478195], [43.166553, -71.478242], [43.166522, -71.478267], [43.166472, -71.478274], [43.166414, -71.478246], [43.166335, -71.4782]]}, "9": {"path": [[43.165916, -71.477723], [43.164788, -71.480457], [43.16365, -71.48249]], "green": [[43.163544, -71.482529], [43.163549, -71.482449], [43.163589, -71.482388], [43.163663, -71.482338], [43.163708, -71.482353], [43.163749, -71.482387], [43.163758, -71.482433], [43.16376, -71.482509], [43.163731, -71.482588], [43.163679, -71.482635], [43.163611, -71.482635], [43.163565, -71.482593], [43.163544, -71.482529]]}, "10": {"path": [[43.160652, -71.484899], [43.160792, -71.487653], [43.159873, -71.488849]], "green": [[43.159947, -71.48889], [43.15991, -71.488967], [43.159874, -71.489001], [43.159846, -71.489004], [43.159804, -71.488993], [43.159769, -71.488957], [43.159742, -71.488905], [43.159728, -71.488833], [43.159764, -71.488764], [43.159825, -71.488725], [43.159868, -71.488707], [43.159899, -71.488698], [43.159941, -71.488709], [43.159992, -71.488744], [43.160006, -71.488788], [43.159977, -71.488851], [43.159947, -71.48889]]}, "11": {"path": [[43.160199, -71.489219], [43.161947, -71.488581], [43.163636, -71.488989]], "green": [[43.163644, -71.489094], [43.163555, -71.489068], [43.16352, -71.489053], [43.163485, -71.489015], [43.163477, -71.488958], [43.163481, -71.488917], [43.163537, -71.48886], [43.163586, -71.488863], [43.163599, -71.48887], [43.163635, -71.488888], [43.163652, -71.488895], [43.163721, -71.488922], [43.163725, -71.488924], [43.163769, -71.48895], [43.163819, -71.489026], [43.163799, -71.48911], [43.163747, -71.489151], [43.163691, -71.489126], [43.163644, -71.489094]]}, "12": {"path": [[43.164231, -71.488688], [43.166421, -71.493212], [43.166389, -71.494138]], "green": [[43.166264, -71.494138], [43.166296, -71.494185], [43.166336, -71.494178], [43.16636, -71.494214], [43.166378, -71.494283], [43.166388, -71.494341], [43.166418, -71.494371], [43.166469, -71.494351], [43.166486, -71.494287], [43.166469, -71.494236], [43.166458, -71.494173], [43.166468, -71.494086], [43.166474, -71.494015], [43.166466, -71.493978], [43.166442, -71.493948], [43.166418, -71.493932], [43.166405, -71.493948], [43.166343, -71.493999], [43.166309, -71.494027], [43.166266, -71.49406], [43.166264, -71.494138]]}, "13": {"path": [[43.166978, -71.493595], [43.167919, -71.495194]], "green": [[43.167822, -71.495124], [43.16785, -71.495081], [43.167898, -71.49502], [43.167908, -71.494991], [43.167924, -71.494971], [43.167955, -71.494974], [43.167986, -71.495003], [43.168035, -71.495046], [43.168054, -71.495064], [43.168065, -71.495088], [43.168062, -71.495117], [43.168054, -71.495152], [43.16804, -71.495188], [43.168019, -71.49525], [43.168001, -71.495325], [43.167987, -71.495361], [43.167966, -71.495376], [43.16794, -71.495372], [43.167922, -71.495359], [43.1679, -71.49534], [43.167872, -71.49533], [43.167846, -71.495329], [43.167828, -71.495323], [43.167818, -71.495306], [43.167811, -71.495297], [43.167802, -71.495278], [43.167791, -71.495241], [43.167793, -71.495208], [43.167801, -71.495168], [43.167822, -71.495124]]}, "14": {"path": [[43.168565, -71.494439], [43.167745, -71.491941], [43.165805, -71.489887]], "green": [[43.165877, -71.489826], [43.16582, -71.489818], [43.165775, -71.489774], [43.165732, -71.489727], [43.16568, -71.489746], [43.165649, -71.489824], [43.165653, -71.489916], [43.165708, -71.489972], [43.165774, -71.49], [43.165821, -71.490011], [43.165859, -71.490008], [43.165881, -71.490004], [43.16592, -71.48997], [43.165926, -71.489918], [43.165922, -71.489858], [43.165877, -71.489826]]}, "16": {"path": [[43.168179, -71.490635], [43.169198, -71.489855]], "green": [[43.169146, -71.489766], [43.169084, -71.489779], [43.169049, -71.489878], [43.169061, -71.489958], [43.169101, -71.49003], [43.169167, -71.490052], [43.169222, -71.490032], [43.169228, -71.489965], [43.169238, -71.489891], [43.16929, -71.489857], [43.169343, -71.489827], [43.16934, -71.489758], [43.169307, -71.489697], [43.169249, -71.489686], [43.169204, -71.489738], [43.169146, -71.489766]]}, "17": {"path": [[43.168717, -71.489769], [43.166461, -71.489377], [43.1657, -71.488794]],