{"holes": {"1": {"path": [[43.60933, -72.176703], [43.610922, -72.174726], [43.611162, -72.173254]], "green": [[43.611235, -72.173253], [43.611236, -72.173226], [43.611239, -72.173204], [43.611242, -72.173156], [43.611237, -72.173123], [43.611228, -72.173101], [43.611203, -72.173072], [43.61119, -72.173065], [43.611169, -72.173062], [43.611158, -72.173065], [43.611141, -72.173074], [43.611123, -72.173088], [43.61111, -72.173109], [43.611104, -72.173131], [43.611099, -72.173175], [43.611092, -72.17321], [43.611078, -72.173282], [43.611074, -72.173315], [43.611077, -72.17334], [43.611082, -72.173363], [43.611091, -72.173398], [43.611116, -72.173435], [43.611129, -72.173448], [43.611143, -72.173454], [43.611161, -72.173454], [43.611179, -72.173446], [43.611195, -72.173434], [43.611211, -72.173412], [43.61122, -72.173391], [43.611232, -72.173334], [43.611235, -72.173253]]}, "2": {"path": [[43.611031, -72.172352], [43.612306, -72.171543]], "green": [[43.612274, -72.171709], [43.612246, -72.171711], [43.612235, -72.171707], [43.61222, -72.171689], [43.612207, -72.171627], [43.612214, -72.171559], [43.612222, -72.171498], [43.61223, -72.171442], [43.612244, -72.17141], [43.612266, -72.17138], [43.612295, -72.17136], [43.612325, -72.17136], [43.61235, -72.171371], [43.612374, -72.171398], [43.612389, -72.171435], [43.612401, -72.171481], [43.612407, -72.171515], [43.612403, -72.17156], [43.612396, -72.171593], [43.612382, -72.171627], [43.612359, -72.171661], [43.612314, -72.171688], [43.612274, -72.171709]]}, "3": {"path": [[43.612706, -72.171513], [43.61192, -72.16875], [43.610836, -72.167844]], "green": [[43.6109, -72.168034], [43.610919, -72.168031], [43.610935, -72.168021], [43.61095, -72.168002], [43.610955, -72.167979], [43.610951, -72.167951], [43.610936, -72.167911], [43.610904, -72.167862], [43.610887, -72.167828], [43.610876, -72.167803], [43.610866, -72.167755], [43.610859, -72.167695], [43.610844, -72.167663], [43.610823, -72.167639], [43.610798, -72.167628], [43.610777, -72.167626], [43.610757, -72.167629], [43.610739, -72.16764], [43.610729, -72.167657], [43.610721, -72.167708], [43.610711, -72.167762], [43.610708, -72.167809], [43.610715, -72.167861], [43.610746, -72.167923], [43.610785, -72.16797], [43.610821, -72.168003], [43.610847, -72.168019], [43.610877, -72.16803], [43.6109, -72.168034]]}, "4": {"path": [[43.610318, -72.167533], [43.607848, -72.166368], [43.606717, -72.166], [43.60637, -72.165689]], "green": [[43.606391, -72.16582], [43.606407, -72.165815], [43.606428, -72.165801], [43.606446, -72.165782], [43.606459, -72.165757], [43.606471, -72.165727], [43.606476, -72.165697], [43.606478, -72.16567], [43.606476, -72.165643], [43.606471, -72.165598], [43.606462, -72.165572], [43.606449, -72.165542], [43.606425, -72.165516], [43.606419, -72.165511], [43.606405, -72.165511], [43.606391, -72.165514], [43.606363, -72.165539], [43.606315, -72.165599], [43.60627, -72.165644], [43.606262, -72.165657], [43.606251, -72.165677], [43.606248, -72.165696], [43.606248, -72.165715], [43.606251, -72.165732], [43.60626, -72.165749], [43.606272, -72.165762], [43.606287, -72.165772], [43.606304, -72.165778], [43.606339, -72.165802], [43.606356, -72.165816], [43.606371, -72.165821], [43.606391, -72.16582]]}, "5": {"path": [[43.606278, -72.16629], [43.605242, -72.165249]], "green": [[43.605284, -72.165303], [43.605307, -72.165301], [43.605337, -72.165298], [43.605355, -72.165293], [43.605364, -72.165288], [43.605376, -72.165276], [43.60538, -72.165264], [43.605382, -72.16525], [43.60538, -72.165239], [43.60537, -72.165225], [43.605362, -72.165216], [43.605343, -72.165203], [43.605258, -72.165187], [43.60522, -72.165184], [43.605165, -72.165181], [43.605104, -72.165184], [43.605086, -72.16519], [43.605068, -72.165203], [43.605059, -72.165218], [43.605052, -72.16524], [43.605059, -72.165278], [43.605087, -72.165315], [43.605121, -72.165335], [43.605284, -72.165303]]}, "6": {"path": [[43.603968, -72.16502], [43.605891, -72.167311], [43.607637, -72.167683], [43.608188, -72.167586]], "green": [[43.60812, -72.167713], [43.608085, -72.167699], [43.608074, -72.167686], [43.608068, -72.167668], [43.608064, -72.16764], [43.608066, -72.167624], [43.608073, -72.167602], [43.60812, -72.167478], [43.608139, -72.167455], [43.608156, -72.167445], [43.608187, -72.167441], [43.608209, -72.167445], [43.608238, -72.167455], [43.608272, -72.167475], [43.6083, -72.167492], [43.608319, -72.167515], [43.608325, -72.167539], [43.608326, -72.167574], [43.608318, -72.16761], [43.608303, -72.167639], [43.608277, -72.167663], [43.608236, -72.167681], [43.608174, -72.167699], [43.608137, -72.16771], [43.60812, -72.167713]]}, "7": {"path": [[43.609324, -72.168425], [43.608399, -72.171277], [43.607983, -72.171879]], "green": [[43.6081, -72.17181], [43.608097, -72.171759], [43.608082, -72.171735], [43.608066, -72.171714], [43.608048, -72.171703], [43.608024, -72.171698], [43.607998, -72.171715], [43.607967, -72.171746], [43.607942, -72.171794], [43.607917, -72.171848], [43.607871, -72.171901], [43.607847, -72.171947], [43.607844, -72.17198], [43.607845, -72.172006], [43.607864, -72.172042], [43.607897, -72.172066], [43.607928, -72.172069], [43.607946, -72.172064], [43.607956, -72.172055], [43.607991, -72.171995], [43.608027, -72.171921], [43.608043, -72.171895], [43.608076, -72.171867], [43.60809, -72.171844], [43.6081, -72.17181]]}, "8": {"path": [[43.608288, -72.174588], [43.609754, -72.172394], [43.610382, -72.172462]], "green": [[43.610341, -72.172599], [43.610374, -72.172588], [43.610397, -72.17257], [43.610445, -72.172525], [43.610468, -72.172495], [43.610489, -72.172456], [43.610497, -72.172436], [43.610503, -72.172397], [43.610505, -72.172361], [43.6105, -72.17234], [43.610481, -72.172309], [43.610465, -72.172298], [43.610439, -72.172293], [43.610399, -72.172301], [43.610376, -72.172315], [43.610348, -72.172344], [43.610297, -72.17242], [43.610265, -72.172483], [43.610256, -72.172512], [43.610253, -72.17255], [43.610259, -72.172575], [43.61027, -72.172591], [43.610283, -72.172598], [43.610303, -72.1726], [43.610341, -72.172599]]}, "9": {"path": [[43.610773, -72.172687], [43.608377, -72.175487]], "green": [[43.6085, -72.175369], [43.608486, -72.175343], [43.608474, -72.175332], [43.608461, -72.175323], [43.608447, -72.175317], [43.608432, -72.175315], [43.608415, -72.175315], [43.608382, -72.175345], [43.608374, -72.175366], [43.608357, -72.175411], [43.608346, -72.175427], [43.60833, -72.17544], [43.608297, -72.175454], [43.608278, -72.175467], [43.608268, -72.175482], [43.608255, -72.175501], [43.608248, -72.175519], [43.608246, -72.175554], [43.608251, -72.17559], [43.60826, -72.175617], [43.608279, -72.175645], [43.608297, -72.175664], [43.608314, -72.175675], [43.608336, -72.175679], [43.608359, -72.175678], [43.608378, -72.175667], [43.608404, -72.175642], [43.608422, -72.175616], [43.608443, -72.175573], [43.608485, -72.175508], [43.608497, -72.175476], [43.608505, -72.175448], [43.608507, -72.175421], [43.6085, -72.175369]]}, "10": {"path": [[43.608062, -72.17528], [43.607013, -72.172681], [43.606691, -72.17065]], "green": [[43.606741, -72.170831], [43.606719, -72.170875], [43.606705, -72.17089], [43.606679, -72.170901], [43.606653, -72.170901], [43.606635, -72.170891], [43.606614, -72.170866], [43.606606, -72.170847], [43.606595, -72.170808], [43.60659, -72.170775], [43.60659, -72.170727], [43.6066, -72.170687], [43.606621, -72.170634], [43.60664, -72.17055], [43.606645, -72.170504], [43.606654, -72.170468], [43.60666, -72.170434], [43.606672, -72.170415], [43.606693, -72.17041], [43.606716, -72.170408], [43.60674, -72.170416], [43.606761, -72.170432], [43.606771, -72.17045], [43.606782, -72.170478], [43.606786, -72.170497], [43.606783, -72.170541], [43.606775, -72.170573], [43.606756, -72.170629], [43.606749, -72.170698], [43.606748, -72.170796], [43.606741, -72.170831]]},