{"holes": {"1": {"path": [[39.799076, -75.630518], [39.798028, -75.632983], [39.797482, -75.634739]], "green": [[39.797596, -75.634675], [39.797604, -75.634739], [39.797604, -75.634799], [39.797585, -75.634841], [39.797561, -75.634857], [39.797533, -75.634862], [39.797508, -75.634864], [39.797476, -75.63488], [39.797452, -75.634898], [39.797425, -75.634907], [39.797391, -75.634907], [39.79737, -75.634896], [39.797347, -75.634878], [39.797336, -75.634845], [39.797336, -75.634813], [39.797347, -75.63477], [39.797369, -75.63474], [39.797393, -75.634701], [39.797425, -75.634608], [39.797444, -75.634578], [39.797465, -75.634554], [39.797492, -75.634535], [39.797526, -75.634526], [39.797552, -75.634537], [39.79757, -75.634565], [39.797586, -75.634599], [39.797595, -75.63465], [39.797596, -75.634675]]}, "2": {"path": [[39.799313, -75.634011], [39.798545, -75.635524], [39.796808, -75.637513], [39.796278, -75.638013]], "green": [[39.796373, -75.637888], [39.796392, -75.637898], [39.7964, -75.637908], [39.796408, -75.637925], [39.796412, -75.637957], [39.796406, -75.637978], [39.796391, -75.63799], [39.796372, -75.63801], [39.796353, -75.638029], [39.796337, -75.638043], [39.796303, -75.638086], [39.796288, -75.638111], [39.796253, -75.638148], [39.796235, -75.638169], [39.796202, -75.638198], [39.79617, -75.6382], [39.796149, -75.638192], [39.796139, -75.638174], [39.796123, -75.638142], [39.796116, -75.638091], [39.796124, -75.638039], [39.796137, -75.637995], [39.796167, -75.637953], [39.796191, -75.637927], [39.796226, -75.637906], [39.796259, -75.637899], [39.796327, -75.637883], [39.796342, -75.637887], [39.796357, -75.637888], [39.796373, -75.637888]]}, "3": {"path": [[39.795654, -75.639881], [39.795234, -75.641767]], "green": [[39.795251, -75.641606], [39.795276, -75.641601], [39.795291, -75.641602], [39.795306, -75.641609], [39.795315, -75.641617], [39.795324, -75.641628], [39.795333, -75.641649], [39.795338, -75.641663], [39.795344, -75.641691], [39.795343, -75.641707], [39.79534, -75.641732], [39.795332, -75.64176], [39.795319, -75.641793], [39.795307, -75.641821], [39.795292, -75.641852], [39.795274, -75.641882], [39.795256, -75.6419], [39.795242, -75.641914], [39.795221, -75.64193], [39.795199, -75.641938], [39.795175, -75.641942], [39.795154, -75.641942], [39.795121, -75.641931], [39.795106, -75.641912], [39.795094, -75.641891], [39.795088, -75.641866], [39.795091, -75.64184], [39.795097, -75.641813], [39.795119, -75.641784], [39.795143, -75.641762], [39.795185, -75.641705], [39.795208, -75.641679], [39.795224, -75.641662], [39.795239, -75.641628], [39.795251, -75.641606]]}, "4": {"path": [[39.794199, -75.640144], [39.794635, -75.642359], [39.794269, -75.644027]], "green": [[39.794206, -75.643851], [39.794222, -75.643845], [39.794259, -75.643833], [39.794299, -75.643825], [39.794329, -75.643834], [39.794356, -75.643858], [39.794367, -75.643896], [39.794371, -75.643924], [39.794375, -75.643969], [39.794375, -75.644005], [39.79437, -75.644037], [39.794364, -75.644066], [39.794353, -75.644098], [39.794342, -75.644128], [39.794328, -75.644157], [39.794319, -75.644171], [39.794305, -75.64419], [39.794286, -75.644207], [39.794266, -75.644212], [39.794239, -75.644211], [39.794216, -75.644201], [39.794198, -75.644182], [39.794182, -75.644158], [39.794174, -75.644131], [39.794173, -75.644109], [39.794176, -75.64408], [39.794185, -75.64404], [39.794192, -75.644009], [39.794189, -75.643978], [39.794186, -75.643913], [39.794197, -75.643881], [39.794206, -75.643851]]}, "5": {"path": [[39.79488, -75.643391], [39.796563, -75.642606], [39.797981, -75.641517], [39.798647, -75.640793]], "green": [[39.798505, -75.640756], [39.798504, -75.640806], [39.798515, -75.640845], [39.79854, -75.640874], [39.798561, -75.640883], [39.798582, -75.640916], [39.798599, -75.640956], [39.798617, -75.640967], [39.798637, -75.640972], [39.798662, -75.640957], [39.798681, -75.640931], [39.798691, -75.640895], [39.798704, -75.640869], [39.79873, -75.640833], [39.798769, -75.64081], [39.798799, -75.64079], [39.798807, -75.640756], [39.7988, -75.640721], [39.798787, -75.640688], [39.798768, -75.640668], [39.798731, -75.640636], [39.798687, -75.640616], [39.798652, -75.640611], [39.798626, -75.640625], [39.798589, -75.640654], [39.798547, -75.640691], [39.798525, -75.640721], [39.798505, -75.640756]]}, "7": {"path": [[39.800752, -75.641695], [39.800989, -75.639476], [39.801456, -75.638262]], "green": [[39.801352, -75.638256], [39.801356, -75.638284], [39.801364, -75.638318], [39.801376, -75.638355], [39.801394, -75.63837], [39.801405, -75.638374], [39.801416, -75.638375], [39.801423, -75.638376], [39.801431, -75.638377], [39.801445, -75.638373], [39.801474, -75.638357], [39.801486, -75.638341], [39.801516, -75.638318], [39.801542, -75.638297], [39.801576, -75.638272], [39.801595, -75.638225], [39.801589, -75.638194], [39.801578, -75.638157], [39.801558, -75.638133], [39.801547, -75.638121], [39.801502, -75.638087], [39.80145, -75.638085], [39.801402, -75.638124], [39.801373, -75.638168], [39.801353, -75.638216], [39.801352, -75.638256]]}, "8": {"path": [[39.80173, -75.637748], [39.801625, -75.635892]], "green": [[39.801627, -75.636055], [39.801648, -75.636072], [39.801673, -75.636082], [39.801694, -75.636084], [39.801714, -75.636065], [39.801728, -75.636038], [39.801735, -75.636002], [39.801735, -75.635972], [39.801728, -75.635921], [39.801722, -75.635876], [39.801716, -75.635819], [39.80171, -75.635752], [39.801703, -75.6357], [39.80168, -75.635675], [39.801651, -75.635668], [39.801617, -75.635679], [39.801588, -75.635695], [39.801558, -75.635716], [39.801524, -75.635754], [39.801508, -75.635781], [39.801491, -75.635823], [39.801489, -75.635855], [39.801498, -75.635881], [39.801509, -75.635899], [39.801536, -75.635912], [39.801558, -75.635925], [39.801578, -75.635933], [39.801594, -75.635951], [39.801611, -75.63598], [39.801622, -75.636017], [39.801627, -75.636055]]}, "9": {"path": [[39.802307, -75.63484], [39.801318, -75.633866], [39.800581, -75.632912], [39.799756, -75.631571]], "green": [[39.799706, -75.631778], [39.799732, -75.631792], [39.799775, -75.631798], [39.799803, -75.631797], [39.799827, -75.631787], [39.799842, -75.631756], [39.799854, -75.631685], [39.799862, -75.631639], [39.799889, -75.631578], [39.799899, -75.631543], [39.799899, -75.631489], [39.799889, -75.631465], [39.799865, -75.63143], [39.799841, -75.631402], [39.799814, -75.631387], [39.799784, -75.631375], [39.799763, -75.631371], [39.799742, -75.631374], [39.799711, -75.631379], [39.79969, -75.631388], [39.799683, -75.631395], [39.799655, -75.631435], [39.799648, -75.631476], [39.799648, -75.631507], [39.79965, -75.631539], [39.799655, -75.631566], [39.799662, -75.631599], [39.799661, -75.631634], [39.799663, -75.631676], [39.799673, -75.631717], [39.799691, -75.63175], [39.799706, -75.631778]]}, "10": {"path": [[39.799503, -75.63433], [39.798623, -75.636789], [39.796814, -75.63896]], "green": [[39.796657, -75.638949], [39.796669, -75.638913], [39.79669, -75.638898], [39.796723, -75.638891], [39.79675, -75.63889], [39.796801, -75.63882], [39.796859, -75.638768], [39.796896, -75.638762], [39.796919, -75.638768], [39.796943, -75.638785], [39.796956, -75.63881], [39.796968, -75.638851], [39.796968, -75.638895], [39.796963, -75.638924], [39.79695, -75.638959], [39.796917, -75.638987], [39.796892, -75.639006], [39.796876, -75.639011], [39.796855, -75.639025], [39.796848, -75.639064], [39.796834, -75.639092], [39.796822, -75.639109], [39.796803, -75.639126], [39.796771, -75.63914], [39.79674, -75.639141], [39.79671, -75.639138], [39.796685, -75.639117], [39.796652, -75.639041], [39.79665, -75.638979], [39.796657, -75.638949]]}, "11": {"path": [[39.796197, -75.638742], [39.796297, -75.641078], [39.796015, -75.641846]],