{"ts": 0, "holes": {"1": {"path": [[37.924657, -121.997196], [37.926451, -121.998488], [37.927444, -121.99889]], "green": [[37.927314, -121.998883], [37.927313, -121.998861], [37.927316, -121.99883], [37.927323, -121.998808], [37.927336, -121.998795], [37.92735, -121.998785], [37.927371, -121.998781], [37.927397, -121.998779], [37.927419, -121.998784], [37.927445, -121.998789], [37.92747, -121.998792], [37.927491, -121.998793], [37.927513, -121.998793], [37.92755, -121.998814], [37.927568, -121.998834], [37.927584, -121.998861], [37.92759, -121.998876], [37.927593, -121.998896], [37.927591, -121.998927], [37.927583, -121.998958], [37.927567, -121.998981], [37.927541, -121.999009], [37.927514, -121.999027], [37.927485, -121.999039], [37.927453, -121.999036], [37.92743, -121.999032], [37.927397, -121.999021], [37.92737, -121.998998], [37.927352, -121.998971], [37.927334, -121.998943], [37.927322, -121.998915], [37.927314, -121.998883]]}, "2": {"path": [[37.927906, -121.998553], [37.928839, -121.999844]], "green": [[37.929031, -121.999823], [37.929025, -121.999857], [37.929001, -121.999883], [37.92897, -121.999899], [37.928935, -121.999907], [37.928898, -121.99991], [37.928869, -121.999907], [37.928843, -121.999909], [37.928826, -121.999921], [37.928813, -121.999949], [37.928797, -121.999996], [37.928779, -122.000031], [37.928752, -122.000047], [37.928725, -122.000046], [37.928701, -122.000026], [37.928675, -121.99999], [37.928661, -121.999949], [37.928655, -121.999908], [37.928654, -121.999883], [37.928654, -121.99984], [37.928663, -121.999811], [37.928683, -121.999785], [37.928703, -121.99977], [37.928728, -121.999767], [37.928762, -121.999769], [37.928785, -121.999769], [37.92881, -121.999767], [37.928828, -121.999754], [37.928851, -121.999735], [37.928869, -121.999715], [37.928884, -121.999698], [37.928914, -121.999693], [37.92894, -121.999697], [37.928961, -121.999704], [37.92898, -121.999716], [37.929002, -121.999734], [37.929022, -121.999755], [37.929032, -121.999785], [37.929031, -121.999823]]}, "3": {"path": [[37.929133, -122.000488], [37.928229, -122.002667], [37.9274, -122.003415], [37.92674, -122.003892]], "green": [[37.926892, -122.003895], [37.926889, -122.003927], [37.926874, -122.003962], [37.926849, -122.003989], [37.926818, -122.004006], [37.926784, -122.00402], [37.926746, -122.004033], [37.926715, -122.004041], [37.926692, -122.00404], [37.926672, -122.004032], [37.926646, -122.004019], [37.926621, -122.004001], [37.926608, -122.003979], [37.926596, -122.003949], [37.926585, -122.003918], [37.926582, -122.00389], [37.926581, -122.003874], [37.926593, -122.003845], [37.926609, -122.003823], [37.926641, -122.003799], [37.926672, -122.003782], [37.926698, -122.003763], [37.926727, -122.003752], [37.926749, -122.003752], [37.926769, -122.003756], [37.926792, -122.003771], [37.926808, -122.003785], [37.926831, -122.003799], [37.926853, -122.003807], [37.926871, -122.003822], [37.926887, -122.003845], [37.926893, -122.003873], [37.926892, -122.003895]]}, "4": {"path": [[37.927167, -122.00297], [37.928112, -122.001248], [37.92817, -121.99985]], "green": [[37.92832, -121.999863], [37.928309, -121.999888], [37.928291, -121.99991], [37.928265, -121.999917], [37.928238, -121.999919], [37.928211, -121.999924], [37.928179, -121.999932], [37.928154, -121.999945], [37.928134, -121.999959], [37.928105, -121.99997], [37.928075, -121.999968], [37.928047, -121.999955], [37.928022, -121.999934], [37.927999, -121.99991], [37.927988, -121.999884], [37.92799, -121.999842], [37.928, -121.999813], [37.928017, -121.999785], [37.928045, -121.999757], [37.928077, -121.999747], [37.928116, -121.999746], [37.928147, -121.999749], [37.928182, -121.999745], [37.928218, -121.999733], [37.928255, -121.999731], [37.928282, -121.999736], [37.928305, -121.999753], [37.928322, -121.999791], [37.928326, -121.999825], [37.928324, -121.999849], [37.92832, -121.999863]]}, "5": {"path": [[37.927616, -121.999773], [37.926754, -122.001506], [37.926203, -122.003802]], "green": [[37.926289, -122.003698], [37.926268, -122.003676], [37.926249, -122.003664], [37.92622, -122.003647], [37.926189, -122.003635], [37.926159, -122.003632], [37.926129, -122.003646], [37.926108, -122.003668], [37.926092, -122.003693], [37.926077, -122.003719], [37.926067, -122.003756], [37.926067, -122.003791], [37.926075, -122.00382], [37.926091, -122.003844], [37.926117, -122.003869], [37.92613, -122.003878], [37.926148, -122.003901], [37.926163, -122.003934], [37.926178, -122.003958], [37.926195, -122.003973], [37.926215, -122.00398], [37.92624, -122.00398], [37.926266, -122.003968], [37.926289, -122.00395], [37.926302, -122.003918], [37.926312, -122.003865], [37.926319, -122.003832], [37.92632, -122.003807], [37.926319, -122.003783], [37.926315, -122.003752], [37.926303, -122.00372], [37.926289, -122.003698]]}, "6": {"path": [[37.926198, -122.004314], [37.925132, -122.003131]], "green": [[37.925228, -122.003102], [37.925236, -122.003079], [37.92524, -122.003046], [37.925243, -122.003013], [37.925233, -122.002973], [37.925212, -122.002945], [37.925192, -122.002926], [37.925171, -122.002919], [37.925147, -122.00292], [37.925125, -122.002925], [37.925099, -122.002939], [37.925067, -122.002948], [37.92504, -122.002959], [37.92501, -122.002976], [37.924991, -122.002995], [37.924978, -122.003031], [37.924972, -122.003058], [37.924969, -122.00306], [37.924975, -122.003109], [37.92499, -122.003169], [37.925011, -122.003224], [37.925028, -122.003264], [37.925043, -122.003285], [37.925059, -122.003306], [37.925079, -122.003324], [37.9251, -122.003332], [37.925125, -122.003338], [37.925142, -122.00334], [37.925153, -122.00334], [37.92517, -122.003331], [37.925189, -122.003316], [37.92521, -122.003298], [37.925224, -122.003279], [37.925238, -122.003248], [37.925241, -122.003217], [37.925235, -122.003196], [37.925227, -122.003169], [37.925224, -122.003134], [37.925224, -122.003113], [37.925228, -122.003102]]}, "7": {"path": [[37.925667, -122.002594], [37.925214, -122.00068], [37.924579, -121.999748]], "green": [[37.924657, -121.999589], [37.924681, -121.999606], [37.924708, -121.999639], [37.924726, -121.999671], [37.92473, -121.999703], [37.924724, -121.999746], [37.924712, -121.999779], [37.924686, -121.999803], [37.924661, -121.999836], [37.924637, -121.99987], [37.924613, -121.999895], [37.924595, -121.999909], [37.924566, -121.999925], [37.924534, -121.999924], [37.924508, -121.999916], [37.924484, -121.999903], [37.924458, -121.999883], [37.924438, -121.999857], [37.924425, -121.999824], [37.924421, -121.999783], [37.924426, -121.999742], [37.924442, -121.999716], [37.924464, -121.999685], [37.924497, -121.999657], [37.924525, -121.99963], [37.924554, -121.999608], [37.924589, -121.999588], [37.924618, -121.999581], [37.924642, -121.999582], [37.924657, -121.999589]]}, "8": {"path": [[37.924871, -121.999294], [37.926005, -122.000198], [37.926891, -121.99999]], "green": [[37.92701, -122.000097], [37.926979, -122.000129], [37.926913, -122.000137], [37.926875, -122.000141], [37.926842, -122.000139], [37.926813, -122.000138], [37.926784, -122.000132], [37.926769, -122.000116], [37.926757, -122.000093], [37.926749, -122.000061], [37.926751, -122.000031], [37.926758, -121.999992], [37.926779, -121.999965], [37.926788, -121.999942], [37.926798, -121.999913], [37.926803, -121.999881], [37.926811, -121.999853], [37.926828, -121.99984], [37.926852, -121.999837], [37.926876, -121.999842], [37.926897, -121.999854], [37.926916, -121.999866], [37.926934, -121.999875], [37.926955, -121.999885], [37.926976, -121.999898], [37.926998, -121.999916], [37.927016, -121.999934], [37.927033, -121.999954], [37.927038, -121.999983], [37.927037, -122.000016], [37.927033, -122.000048], [37.927024, -122.000072], [37.92701, -122.000097]]}, "9": {"path": [[37.926852, -121.999406], [37.924406, -121.997918]],