{"ts": 0, "holes": {"1": {"path": [[38.005871, -122.215852], [38.003065, -122.216535], [38.001942, -122.216216]], "green": [[38.002024, -122.216141], [38.001969, -122.216093], [38.001899, -122.216072], [38.001843, -122.216095], [38.001806, -122.216145], [38.001783, -122.216203], [38.001847, -122.216345], [38.001886, -122.216378], [38.00197, -122.216372], [38.002016, -122.216335], [38.002041, -122.216282], [38.002047, -122.216233], [38.002034, -122.216188], [38.002024, -122.216141]]}, "2": {"path": [[38.001682, -122.216469], [38.000514, -122.215546]], "green": [[38.000614, -122.215507], [38.000642, -122.215613], [38.000627, -122.21565], [38.000588, -122.215673], [38.000556, -122.215672], [38.000513, -122.215638], [38.000483, -122.215619], [38.000455, -122.215582], [38.000427, -122.215553], [38.000404, -122.215503], [38.000404, -122.215451], [38.000415, -122.215416], [38.000459, -122.2154], [38.000512, -122.215405], [38.000614, -122.215507]]}, "3": {"path": [[38.000265, -122.215117], [38.002199, -122.215594], [38.003157, -122.215663]], "green": [[38.003273, -122.215677], [38.00322, -122.21576], [38.003147, -122.215803], [38.003061, -122.215785], [38.00302, -122.215741], [38.003013, -122.215689], [38.003049, -122.215609], [38.003091, -122.215578], [38.003155, -122.215557], [38.003208, -122.215549], [38.003257, -122.215568], [38.003279, -122.215624], [38.003273, -122.215677]]}, "4": {"path": [[38.003601, -122.215666], [38.004817, -122.215631], [38.00509, -122.215463]], "green": [[38.005201, -122.21552], [38.005184, -122.215601], [38.005126, -122.215629], [38.005043, -122.215611], [38.004982, -122.215569], [38.004953, -122.215513], [38.004957, -122.215469], [38.004981, -122.215394], [38.005016, -122.215345], [38.00505, -122.215317], [38.005102, -122.215303], [38.005153, -122.21532], [38.005192, -122.215359], [38.005204, -122.215471], [38.005201, -122.21552]]}, "5": {"path": [[38.00549, -122.215387], [38.003925, -122.21338], [38.00376, -122.212401]], "green": [[38.003853, -122.21236], [38.003853, -122.212437], [38.00384, -122.212496], [38.003825, -122.212529], [38.003813, -122.21255], [38.003801, -122.212572], [38.003754, -122.212588], [38.003733, -122.212587], [38.003701, -122.212562], [38.003683, -122.212527], [38.00368, -122.212487], [38.003664, -122.21242], [38.003658, -122.212345], [38.003664, -122.212283], [38.003674, -122.21226], [38.003696, -122.212245], [38.003712, -122.212237], [38.003761, -122.212232], [38.003783, -122.212244], [38.003807, -122.212271], [38.003825, -122.2123], [38.003836, -122.212326], [38.003853, -122.21236]]}, "6": {"path": [[38.003253, -122.21238], [38.003036, -122.211296], [38.003029, -122.21035]], "green": [[38.003079, -122.210508], [38.003086, -122.210446], [38.003097, -122.210367], [38.003112, -122.210274], [38.003078, -122.210185], [38.003022, -122.210141], [38.002949, -122.210148], [38.002904, -122.210183], [38.002937, -122.210457], [38.002975, -122.210477], [38.003026, -122.210505], [38.003079, -122.210508]]}, "7": {"path": [[38.002604, -122.20977], [38.005218, -122.210848], [38.006354, -122.211812]], "green": [[38.006403, -122.211699], [38.006443, -122.211766], [38.006468, -122.211811], [38.006478, -122.211871], [38.006466, -122.211932], [38.006427, -122.211964], [38.006339, -122.211966], [38.006298, -122.211938], [38.006264, -122.211891], [38.006235, -122.21186], [38.006249, -122.211762], [38.006252, -122.211743], [38.006271, -122.211722], [38.006308, -122.211684], [38.006368, -122.211686], [38.006403, -122.211699]]}, "8": {"path": [[38.006665, -122.212493], [38.004012, -122.210856], [38.003671, -122.210789]], "green": [[38.003792, -122.210754], [38.003734, -122.210696], [38.003683, -122.210664], [38.003615, -122.21067], [38.00356, -122.210698], [38.003525, -122.210754], [38.003522, -122.210807], [38.003533, -122.210849], [38.003557, -122.210874], [38.003648, -122.210914], [38.00373, -122.21093], [38.003777, -122.210895], [38.003806, -122.21082], [38.003798, -122.210761], [38.003792, -122.210754]]}, "9": {"path": [[38.003459, -122.211342], [38.004991, -122.213357], [38.005612, -122.213875], [38.005908, -122.215375]], "green": [[38.005833, -122.215214], [38.005812, -122.215236], [38.005799, -122.215269], [38.00579, -122.215314], [38.00579, -122.215353], [38.005794, -122.21539], [38.005806, -122.21542], [38.005818, -122.215453], [38.005859, -122.21548], [38.005871, -122.215487], [38.005883, -122.215493], [38.005901, -122.215507], [38.00593, -122.215513], [38.005948, -122.215518], [38.005962, -122.215515], [38.005976, -122.215506], [38.005984, -122.215494], [38.005989, -122.215469], [38.005997, -122.21545], [38.005999, -122.215435], [38.006002, -122.215409], [38.006005, -122.215389], [38.006005, -122.215369], [38.006002, -122.215344], [38.005991, -122.215323], [38.005968, -122.2153], [38.005948, -122.215287], [38.005927, -122.215272], [38.005908, -122.215254], [38.005892, -122.215239], [38.005878, -122.21523], [38.005859, -122.215223], [38.005833, -122.215214]]}, "10": {"path": [[38.006273, -122.217204], [38.006131, -122.219629], [38.006447, -122.221126]], "green": [[38.006515, -122.220959], [38.006562, -122.221035], [38.006562, -122.221184], [38.006546, -122.221257], [38.006521, -122.221283], [38.006491, -122.221299], [38.006462, -122.221297], [38.006442, -122.221293], [38.00642, -122.221274], [38.006405, -122.221262], [38.006393, -122.221235], [38.006382, -122.221224], [38.00637, -122.221192], [38.006367, -122.221142], [38.00636, -122.221087], [38.006369, -122.221037], [38.006383, -122.220982], [38.006399, -122.220953], [38.006424, -122.220936], [38.006448, -122.220931], [38.006495, -122.220951], [38.006515, -122.220959]]}, "11": {"path": [[38.006681, -122.222137], [38.0068, -122.223566], [38.006981, -122.223988]], "green": [[38.007054, -122.223892], [38.007057, -122.224071], [38.007048, -122.22412], [38.00703, -122.224167], [38.006995, -122.224174], [38.006964, -122.224172], [38.006914, -122.224132], [38.006898, -122.224092], [38.006892, -122.22403], [38.006901, -122.22395], [38.006914, -122.223892], [38.006923, -122.22385], [38.006964, -122.223829], [38.006999, -122.223822], [38.007024, -122.223839], [38.007041, -122.223864], [38.007054, -122.223892]]}, "12": {"path": [[38.007213, -122.224914], [38.007356, -122.226439], [38.008122, -122.227605], [38.008654, -122.227993]], "green": [[38.008764, -122.228047], [38.008746, -122.228084], [38.008729, -122.228099], [38.008709, -122.228115], [38.008687, -122.228122], [38.00867, -122.228128], [38.008638, -122.228132], [38.008586, -122.228114], [38.008567, -122.228096], [38.008547, -122.228058], [38.008534, -122.228004], [38.008528, -122.227969], [38.00853, -122.227921], [38.008539, -122.227882], [38.008558, -122.227855], [38.008576, -122.22784], [38.008622, -122.227844], [38.008671, -122.227853], [38.008699, -122.227863], [38.00873, -122.227872], [38.008755, -122.227891], [38.008771, -122.227985], [38.008771, -122.22802], [38.008764, -122.228047]]}, "13": {"path": [[38.008577, -122.228692], [38.005941, -122.228904], [38.004327, -122.228416]], "green": [[38.004413, -122.228453], [38.004397, -122.228464], [38.004382, -122.228477], [38.00436, -122.228486], [38.004336, -122.228506], [38.00432, -122.228523], [38.004302, -122.228542], [38.004273, -122.228548], [38.004246, -122.228528], [38.004233, -122.228515], [38.00422, -122.228489], [38.004215, -122.228464], [38.004217, -122.228424], [38.004223, -122.228396], [38.004232, -122.228371], [38.004241, -122.228352], [38.004257, -122.228331], [38.004272, -122.228312], [38.004301, -122.228292], [38.004327, -122.228278], [38.004348, -122.228274], [38.004373, -122.228269], [38.004414, -122.228284], [38.004444, -122.228348], [38.004444, -122.228381], [38.004436, -122.228418], [38.004428, -122.228435], [38.00442, -122.228446], [38.004413, -122.228453]]}, "14": {"path": [[38.003723, -122.228376], [38.00526, -122.229759], [38.006143, -122.229545]],