{"holes": {"1": {"path": [[46.533029, -67.837288], [46.534306, -67.835325], [46.535119, -67.834645]], "green": [[46.535031, -67.834755], [46.535055, -67.834765], [46.535072, -67.834772], [46.535098, -67.834761], [46.535119, -67.834756], [46.535137, -67.834747], [46.535158, -67.834727], [46.535176, -67.834717], [46.535197, -67.834696], [46.535235, -67.834652], [46.535257, -67.834614], [46.53525, -67.834572], [46.53524, -67.834549], [46.535227, -67.834533], [46.53521, -67.834525], [46.535197, -67.834528], [46.535149, -67.834526], [46.53512, -67.834527], [46.535092, -67.834531], [46.535073, -67.834534], [46.535044, -67.834548], [46.535024, -67.834571], [46.535007, -67.83461], [46.535, -67.834674], [46.534999, -67.834714], [46.535005, -67.834747], [46.535031, -67.834755]]}, "2": {"path": [[46.53542, -67.833803], [46.534988, -67.830986], [46.535638, -67.828118]], "green": [[46.535605, -67.828257], [46.535643, -67.828238], [46.535679, -67.828199], [46.535706, -67.828158], [46.53573, -67.828098], [46.535717, -67.828048], [46.535721, -67.827992], [46.535709, -67.827966], [46.535682, -67.827966], [46.535627, -67.827984], [46.535608, -67.82802], [46.535574, -67.828061], [46.535561, -67.828103], [46.535551, -67.828158], [46.53555, -67.828238], [46.535578, -67.828261], [46.535605, -67.828257]]}, "3": {"path": [[46.534978, -67.828754], [46.535272, -67.826508], [46.535807, -67.825849]], "green": [[46.535846, -67.825953], [46.535861, -67.825913], [46.535868, -67.82587], [46.53587, -67.825816], [46.535867, -67.825771], [46.535863, -67.82573], [46.535853, -67.825706], [46.535831, -67.825684], [46.535783, -67.825681], [46.535761, -67.825699], [46.535749, -67.825755], [46.535742, -67.825802], [46.535741, -67.825848], [46.535741, -67.825895], [46.535746, -67.825953], [46.535763, -67.825977], [46.535782, -67.825994], [46.5358, -67.825999], [46.535824, -67.82599], [46.535846, -67.825953]]}, "5": {"path": [[46.533306, -67.831721], [46.533251, -67.829494], [46.532759, -67.828056]], "green": [[46.532808, -67.828107], [46.532783, -67.828127], [46.532763, -67.828133], [46.532734, -67.82814], [46.532714, -67.828127], [46.532677, -67.828088], [46.532677, -67.828049], [46.532685, -67.828001], [46.53271, -67.827959], [46.532743, -67.827943], [46.532801, -67.827954], [46.532824, -67.827982], [46.532834, -67.828036], [46.532831, -67.828084], [46.532808, -67.828107]]}, "6": {"path": [[46.531545, -67.827133], [46.531564, -67.828567]], "green": [[46.53164, -67.828573], [46.531628, -67.828618], [46.53161, -67.828643], [46.531597, -67.828685], [46.531583, -67.82871], [46.531562, -67.828727], [46.531543, -67.82873], [46.531525, -67.828721], [46.531505, -67.828697], [46.531495, -67.828656], [46.531483, -67.828599], [46.531481, -67.828563], [46.531482, -67.828505], [46.5315, -67.828455], [46.531517, -67.828426], [46.531538, -67.828399], [46.531568, -67.828387], [46.531605, -67.828396], [46.531627, -67.828432], [46.531639, -67.828467], [46.531642, -67.828513], [46.53164, -67.828573]]}, "7": {"path": [[46.532215, -67.828445], [46.5327, -67.830382], [46.532726, -67.831706]], "green": [[46.532771, -67.831798], [46.532753, -67.831819], [46.532726, -67.831839], [46.532701, -67.831858], [46.532682, -67.831869], [46.532656, -67.831866], [46.532634, -67.831852], [46.53262, -67.831836], [46.532612, -67.831791], [46.532617, -67.831748], [46.532631, -67.831701], [46.532659, -67.831664], [46.532685, -67.831632], [46.532698, -67.831614], [46.532719, -67.831587], [46.532737, -67.831569], [46.532756, -67.831552], [46.532775, -67.831546], [46.532803, -67.831546], [46.532816, -67.831566], [46.532821, -67.831583], [46.532824, -67.831619], [46.532819, -67.831654], [46.532809, -67.831693], [46.532793, -67.831754], [46.532771, -67.831798]]}, "8": {"path": [[46.532559, -67.832188], [46.532938, -67.833354]], "green": [[46.53303, -67.833309], [46.533028, -67.833271], [46.533009, -67.833249], [46.53299, -67.833234], [46.532953, -67.833226], [46.532921, -67.833236], [46.532896, -67.833246], [46.532871, -67.833281], [46.532866, -67.833315], [46.532854, -67.833353], [46.532845, -67.833397], [46.53284, -67.833456], [46.532845, -67.833497], [46.53287, -67.833511], [46.532907, -67.833505], [46.532937, -67.833481], [46.532976, -67.833444], [46.532997, -67.833414], [46.533017, -67.83337], [46.533025, -67.833337], [46.53303, -67.833309]]}, "9": {"path": [[46.53395, -67.833922], [46.53316, -67.835476], [46.532814, -67.836819]], "green": [[46.532866, -67.836943], [46.532887, -67.836909], [46.532898, -67.836835], [46.532901, -67.836788], [46.532894, -67.836743], [46.532882, -67.836706], [46.532869, -67.836689], [46.532846, -67.836681], [46.532821, -67.836691], [46.532774, -67.836699], [46.532745, -67.836717], [46.532716, -67.836759], [46.532704, -67.836808], [46.532707, -67.836862], [46.532724, -67.836905], [46.532752, -67.836939], [46.532788, -67.836972], [46.532828, -67.836963], [46.532866, -67.836943]]}, "10": {"path": [[46.531716, -67.839039], [46.530039, -67.839302], [46.528458, -67.839318]], "green": [[46.528541, -67.839424], [46.528575, -67.839383], [46.528583, -67.839318], [46.528571, -67.839283], [46.528555, -67.839248], [46.528527, -67.839229], [46.528494, -67.839199], [46.528455, -67.839172], [46.528429, -67.839158], [46.528409, -67.839153], [46.528371, -67.83917], [46.528341, -67.839196], [46.52833, -67.839259], [46.528334, -67.839365], [46.528367, -67.839411], [46.528378, -67.839437], [46.528408, -67.839459], [46.528433, -67.839474], [46.528464, -67.839466], [46.528504, -67.83944], [46.528541, -67.839424]]}, "11": {"path": [[46.528754, -67.838158], [46.531735, -67.836677]], "green": [[46.531756, -67.836799], [46.531778, -67.836783], [46.531802, -67.836741], [46.531805, -67.836697], [46.531804, -67.836652], [46.531804, -67.836609], [46.531802, -67.836586], [46.531791, -67.836566], [46.531774, -67.836539], [46.531761, -67.836528], [46.531727, -67.836537], [46.531703, -67.836547], [46.53169, -67.836586], [46.531674, -67.836632], [46.53166, -67.836683], [46.531646, -67.836715], [46.531645, -67.836743], [46.531663, -67.836776], [46.531683, -67.836786], [46.531708, -67.836794], [46.531729, -67.836799], [46.531756, -67.836799]]}, "12": {"path": [[46.531672, -67.835221], [46.531269, -67.829426]], "green": [[46.531215, -67.829545], [46.531258, -67.829555], [46.531302, -67.829543], [46.531337, -67.829532], [46.531363, -67.829507], [46.531377, -67.829482], [46.531383, -67.829456], [46.531386, -67.829414], [46.531384, -67.829381], [46.531375, -67.829335], [46.531356, -67.82931], [46.531332, -67.829302], [46.531307, -67.829298], [46.531278, -67.829309], [46.531243, -67.829322], [46.531217, -67.829317], [46.531188, -67.829334], [46.531167, -67.829358], [46.531153, -67.8294], [46.53114, -67.829442], [46.531146, -67.829499], [46.531161, -67.829512], [46.531184, -67.829526], [46.531215, -67.829545]]}, "13": {"path": [[46.530793, -67.828785], [46.529361, -67.829039]], "green": [[46.529423, -67.829208], [46.529443, -67.829154], [46.529443, -67.829092], [46.529446, -67.829019], [46.529447, -67.828956], [46.52944, -67.828901], [46.529434, -67.828876], [46.529428, -67.828842], [46.529409, -67.828822], [46.529375, -67.828823], [46.529345, -67.828848], [46.52932, -67.828883], [46.5293, -67.828911], [46.529276, -67.828955], [46.529256, -67.829019], [46.529251, -67.82908], [46.529245, -67.829119], [46.529256, -67.829159], [46.529272, -67.829176], [46.529304, -67.829203], [46.529335, -67.829221], [46.529383, -67.829233], [46.52941, -67.829227], [46.529423, -67.829208]]}, "14": {"path": [[46.53001, -67.829951], [46.529738, -67.832396], [46.529212, -67.834154]],