{"holes": {"1": {"path": [[43.919043, -69.993459], [43.917832, -69.99704]], "green": [[43.91787, -69.997221], [43.917837, -69.997239], [43.917805, -69.997238], [43.91777, -69.997223], [43.917728, -69.997186], [43.917709, -69.997145], [43.917696, -69.997083], [43.917711, -69.996998], [43.917724, -69.996944], [43.917752, -69.996887], [43.917767, -69.996867], [43.91779, -69.996855], [43.917813, -69.996853], [43.917829, -69.996853], [43.917872, -69.996874], [43.917898, -69.996899], [43.917931, -69.996937], [43.917937, -69.996959], [43.917946, -69.996996], [43.917948, -69.99706], [43.917946, -69.99709], [43.917926, -69.997145], [43.917895, -69.997192], [43.91787, -69.997221]]}, "2": {"path": [[43.917687, -69.997858], [43.918088, -70.001157], [43.918918, -70.00379]], "green": [[43.918991, -70.003927], [43.918976, -70.00394], [43.918957, -70.003949], [43.918941, -70.003952], [43.918922, -70.003948], [43.918904, -70.003945], [43.918892, -70.00394], [43.918879, -70.003934], [43.918869, -70.003929], [43.918858, -70.003924], [43.918844, -70.00392], [43.918836, -70.00391], [43.918827, -70.003894], [43.918821, -70.00388], [43.918815, -70.003867], [43.918811, -70.00385], [43.918807, -70.003827], [43.918803, -70.003807], [43.9188, -70.003784], [43.9188, -70.003764], [43.918803, -70.003743], [43.918805, -70.003729], [43.918815, -70.003703], [43.918825, -70.003679], [43.918845, -70.00366], [43.918854, -70.003656], [43.918864, -70.003649], [43.918875, -70.003641], [43.918883, -70.003637], [43.918899, -70.003632], [43.918907, -70.003632], [43.918914, -70.003631], [43.918931, -70.003635], [43.918934, -70.003636], [43.918944, -70.003639], [43.918947, -70.00364], [43.918957, -70.003645], [43.918968, -70.003655], [43.918977, -70.003673], [43.918985, -70.003683], [43.91899, -70.003695], [43.918995, -70.003713], [43.919, -70.00373], [43.919005, -70.003747], [43.919011, -70.00377], [43.919012, -70.003785], [43.919015, -70.0038], [43.919016, -70.003812], [43.919018, -70.003837], [43.919017, -70.003852], [43.919016, -70.003868], [43.919013, -70.003884], [43.91901, -70.003897], [43.919004, -70.003908], [43.918999, -70.003917], [43.918991, -70.003927]]}, "3": {"path": [[43.91802, -70.003344], [43.917086, -70.000746], [43.917296, -69.998133]], "green": [[43.91736, -69.998288], [43.917373, -69.998275], [43.917384, -69.998259], [43.917392, -69.998245], [43.917401, -69.998221], [43.917408, -69.998188], [43.917412, -69.998163], [43.917414, -69.998139], [43.917412, -69.998106], [43.917408, -69.998066], [43.917405, -69.998045], [43.917393, -69.998016], [43.917384, -69.998006], [43.917374, -69.997993], [43.917365, -69.997985], [43.917358, -69.99798], [43.917353, -69.997977], [43.917346, -69.997973], [43.917322, -69.997969], [43.917313, -69.997968], [43.917303, -69.997967], [43.917291, -69.997967], [43.917273, -69.997967], [43.91726, -69.997968], [43.917249, -69.997973], [43.917239, -69.997983], [43.917231, -69.997989], [43.917221, -69.997997], [43.917212, -69.998006], [43.917207, -69.998014], [43.917196, -69.998043], [43.917193, -69.998061], [43.917189, -69.998083], [43.917186, -69.998107], [43.917186, -69.998131], [43.917187, -69.99815], [43.917191, -69.998195], [43.917196, -69.998215], [43.917202, -69.998226], [43.917209, -69.998239], [43.917216, -69.998253], [43.917226, -69.998266], [43.91723, -69.998273], [43.91724, -69.998281], [43.91725, -69.998284], [43.917257, -69.998289], [43.917268, -69.998295], [43.917288, -69.9983], [43.9173, -69.998303], [43.917318, -69.998301], [43.917329, -69.9983], [43.917339, -69.998297], [43.917354, -69.998293], [43.91736, -69.998288]]}, "5": {"path": [[43.915433, -69.998941], [43.916279, -69.998849]], "green": [[43.916386, -69.998906], [43.916364, -69.998944], [43.916333, -69.998971], [43.916304, -69.998994], [43.91628, -69.998998], [43.916256, -69.998999], [43.916235, -69.998999], [43.916206, -69.99899], [43.916185, -69.998981], [43.91617, -69.99897], [43.916159, -69.998954], [43.916148, -69.998929], [43.916138, -69.998906], [43.916134, -69.998865], [43.916137, -69.998819], [43.916151, -69.998788], [43.916166, -69.998762], [43.916183, -69.998745], [43.916204, -69.998733], [43.916223, -69.99873], [43.916246, -69.998727], [43.916277, -69.998725], [43.916294, -69.998725], [43.916313, -69.998726], [43.916333, -69.99873], [43.916348, -69.998732], [43.916364, -69.998741], [43.916376, -69.998754], [43.916382, -69.998768], [43.916388, -69.998786], [43.916392, -69.998811], [43.916393, -69.998828], [43.916393, -69.99885], [43.916394, -69.998872], [43.916393, -69.998888], [43.916386, -69.998906]]}, "6": {"path": [[43.916376, -70.000014], [43.916853, -70.00306], [43.917849, -70.004235]], "green": [[43.917967, -70.004326], [43.917957, -70.004349], [43.917945, -70.004361], [43.91793, -70.004372], [43.917916, -70.00438], [43.917904, -70.004386], [43.917889, -70.00439], [43.917867, -70.004393], [43.917851, -70.004393], [43.917839, -70.004391], [43.917827, -70.004384], [43.917806, -70.004362], [43.917797, -70.004348], [43.917785, -70.004328], [43.917778, -70.004316], [43.917772, -70.004304], [43.917767, -70.004296], [43.917762, -70.004291], [43.917756, -70.004282], [43.917753, -70.004276], [43.917752, -70.004272], [43.91775, -70.004258], [43.917748, -70.004242], [43.917747, -70.004221], [43.917746, -70.00421], [43.917745, -70.004201], [43.917744, -70.004175], [43.917748, -70.004167], [43.917755, -70.004156], [43.91776, -70.004144], [43.917766, -70.004136], [43.917771, -70.004129], [43.917776, -70.004123], [43.917781, -70.004118], [43.917791, -70.004114], [43.917801, -70.00411], [43.91781, -70.004107], [43.917821, -70.004107], [43.91783, -70.004105], [43.91784, -70.004107], [43.917852, -70.004105], [43.917859, -70.004107], [43.917869, -70.004113], [43.917877, -70.00412], [43.917887, -70.004129], [43.9179, -70.00414], [43.91792, -70.004157], [43.917933, -70.004168], [43.917943, -70.004175], [43.917951, -70.004183], [43.91796, -70.004194], [43.917969, -70.004204], [43.917974, -70.004221], [43.917978, -70.004239], [43.917981, -70.004255], [43.91798, -70.004272], [43.917979, -70.004292], [43.917975, -70.004311], [43.917967, -70.004326]]}, "7": {"path": [[43.919403, -70.004982], [43.919418, -70.002694], [43.919125, -70.001472]], "green": [[43.919192, -70.001571], [43.919176, -70.001595], [43.919152, -70.001613], [43.919119, -70.001619], [43.919095, -70.001616], [43.919069, -70.00161], [43.91905, -70.00159], [43.919029, -70.001518], [43.919033, -70.001464], [43.91903, -70.001418], [43.919046, -70.001386], [43.919057, -70.001364], [43.919079, -70.001334], [43.919095, -70.001322], [43.919111, -70.001318], [43.919132, -70.001325], [43.91915, -70.001338], [43.919165, -70.001367], [43.919179, -70.001395], [43.919188, -70.001427], [43.919196, -70.00146], [43.919197, -70.001495], [43.9192, -70.001533], [43.919196, -70.001557], [43.919192, -70.001571]]}, "8": {"path": [[43.918654, -70.001253], [43.91919, -69.998669], [43.919658, -69.997447]], "green": [[43.919693, -69.997606], [43.919673, -69.997615], [43.919643, -69.997618], [43.919611, -69.997602], [43.919583, -69.997571], [43.919555, -69.997496], [43.919523, -69.997377], [43.91953, -69.997317], [43.919561, -69.997252], [43.919615, -69.997225], [43.919653, -69.99723], [43.919678, -69.997245], [43.919729, -69.997332], [43.91974, -69.997368], [43.919753, -69.997411], [43.919754, -69.997432], [43.919748, -69.99749], [43.919724, -69.997554], [43.919709, -69.997584], [43.919693, -69.997606]]}, "10": {"path": [[43.917641, -69.991846], [43.915751, -69.992206], [43.914741, -69.992021]],