{"holes": {"1": {"path": [[44.822594, -68.890623], [44.821062, -68.888775], [44.820344, -68.88844]], "green": [[44.820451, -68.888423], [44.820448, -68.888452], [44.820441, -68.888469], [44.820435, -68.888476], [44.820425, -68.888481], [44.82041, -68.88848], [44.820391, -68.888478], [44.820364, -68.888481], [44.820351, -68.888483], [44.820329, -68.888492], [44.820306, -68.888503], [44.820287, -68.88851], [44.82027, -68.888511], [44.820254, -68.888504], [44.820245, -68.888493], [44.820237, -68.888475], [44.820233, -68.888456], [44.820233, -68.888434], [44.820237, -68.888416], [44.820242, -68.888401], [44.820249, -68.888385], [44.820265, -68.888371], [44.820291, -68.888362], [44.820345, -68.888357], [44.820398, -68.888355], [44.820417, -68.888364], [44.820431, -68.88837], [44.820442, -68.888382], [44.820448, -68.888404], [44.820451, -68.888423]]}, "2": {"path": [[44.820885, -68.888081], [44.819058, -68.886722], [44.818166, -68.885784]], "green": [[44.818239, -68.885862], [44.818228, -68.885878], [44.818219, -68.885895], [44.818209, -68.885905], [44.818192, -68.885913], [44.818172, -68.885917], [44.818159, -68.885918], [44.818148, -68.885915], [44.818137, -68.885909], [44.818125, -68.885898], [44.818115, -68.885887], [44.818104, -68.885867], [44.818094, -68.885842], [44.818085, -68.885815], [44.818077, -68.885781], [44.818074, -68.885741], [44.818075, -68.885718], [44.818079, -68.885695], [44.818087, -68.885673], [44.818099, -68.885653], [44.818115, -68.885636], [44.81813, -68.885627], [44.818148, -68.885625], [44.818172, -68.885631], [44.818192, -68.885645], [44.818208, -68.885661], [44.818225, -68.88568], [44.818236, -68.885697], [44.818246, -68.885725], [44.818254, -68.885754], [44.818256, -68.88578], [44.818254, -68.885815], [44.818249, -68.885838], [44.818239, -68.885862]]}, "3": {"path": [[44.817527, -68.885833], [44.817134, -68.884515]], "green": [[44.817193, -68.884552], [44.817184, -68.884579], [44.817177, -68.884593], [44.817164, -68.884606], [44.817151, -68.884615], [44.817137, -68.884618], [44.817126, -68.884616], [44.81711, -68.884609], [44.817099, -68.884599], [44.817087, -68.884585], [44.817076, -68.884566], [44.817069, -68.884543], [44.817065, -68.884508], [44.817066, -68.884482], [44.817074, -68.884452], [44.817081, -68.884437], [44.817097, -68.884416], [44.81711, -68.884407], [44.817129, -68.884398], [44.817153, -68.884397], [44.817174, -68.884409], [44.817185, -68.884426], [44.817194, -68.884443], [44.817199, -68.884468], [44.817198, -68.884512], [44.817193, -68.884552]]}, "4": {"path": [[44.818009, -68.884238], [44.81947, -68.885187], [44.820616, -68.884444], [44.82102, -68.883518]], "green": [[44.820978, -68.883635], [44.821, -68.883637], [44.821031, -68.883635], [44.82106, -68.883625], [44.821085, -68.883606], [44.821105, -68.88358], [44.821113, -68.883563], [44.821116, -68.883538], [44.821119, -68.883514], [44.821116, -68.883491], [44.82111, -68.883471], [44.821099, -68.883448], [44.821087, -68.883432], [44.821069, -68.883421], [44.821055, -68.883415], [44.821039, -68.883413], [44.82102, -68.883412], [44.821003, -68.883416], [44.820981, -68.883423], [44.820965, -68.883435], [44.820944, -68.883455], [44.82093, -68.883471], [44.820921, -68.883492], [44.820916, -68.88352], [44.820919, -68.883546], [44.820925, -68.883578], [44.820938, -68.883604], [44.820954, -68.883622], [44.820978, -68.883635]]}, "5": {"path": [[44.821002, -68.883108], [44.81973, -68.884311], [44.818895, -68.884235]], "green": [[44.818976, -68.884301], [44.818987, -68.884255], [44.818989, -68.884227], [44.818987, -68.884199], [44.818983, -68.884182], [44.81897, -68.884157], [44.818948, -68.88413], [44.818935, -68.884116], [44.81892, -68.884104], [44.818897, -68.884098], [44.818869, -68.884097], [44.818846, -68.884103], [44.818831, -68.884112], [44.818819, -68.884128], [44.818808, -68.884148], [44.818802, -68.884167], [44.818798, -68.884196], [44.818797, -68.884228], [44.818802, -68.884259], [44.818815, -68.884294], [44.818829, -68.884318], [44.818845, -68.88434], [44.81886, -68.884352], [44.818876, -68.884362], [44.818888, -68.884366], [44.818905, -68.884365], [44.818922, -68.884363], [44.818937, -68.884353], [44.81895, -68.884341], [44.818965, -68.884321], [44.818976, -68.884301]]}, "6": {"path": [[44.817619, -68.884034], [44.819037, -68.885913], [44.820024, -68.886912], [44.821051, -68.887513]], "green": [[44.821021, -68.88742], [44.821036, -68.887412], [44.821054, -68.887408], [44.821071, -68.887411], [44.821084, -68.887418], [44.821097, -68.887434], [44.821107, -68.887453], [44.821114, -68.887472], [44.821117, -68.887494], [44.821119, -68.887518], [44.821117, -68.887538], [44.821112, -68.887555], [44.821108, -68.887566], [44.8211, -68.887581], [44.821091, -68.887592], [44.821084, -68.8876], [44.821075, -68.887608], [44.821064, -68.887611], [44.821051, -68.887611], [44.821036, -68.887606], [44.821021, -68.887596], [44.821008, -68.887584], [44.820998, -68.887567], [44.820991, -68.887552], [44.820987, -68.887536], [44.820984, -68.887517], [44.820983, -68.887503], [44.820985, -68.887487], [44.820988, -68.88747], [44.820995, -68.887448], [44.821005, -68.887433], [44.821021, -68.88742]]}, "7": {"path": [[44.82115, -68.887038], [44.822793, -68.886426], [44.823657, -68.887355]], "green": [[44.823702, -68.887486], [44.823725, -68.887462], [44.823746, -68.887435], [44.823757, -68.88741], [44.823769, -68.887381], [44.823773, -68.887357], [44.823772, -68.887333], [44.823768, -68.88731], [44.823758, -68.887285], [44.823741, -68.887263], [44.823726, -68.887247], [44.823697, -68.887226], [44.823668, -68.887212], [44.823645, -68.88721], [44.823625, -68.887214], [44.823606, -68.887223], [44.823589, -68.887236], [44.823569, -68.887257], [44.823557, -68.887278], [44.823547, -68.887302], [44.823541, -68.887328], [44.823538, -68.887361], [44.823545, -68.887396], [44.823551, -68.887419], [44.823569, -68.887448], [44.823589, -68.887468], [44.823614, -68.887485], [44.823635, -68.887495], [44.823659, -68.887498], [44.823683, -68.887496], [44.823702, -68.887486]]}, "8": {"path": [[44.823873, -68.887807], [44.822182, -68.887696]], "green": [[44.822267, -68.887724], [44.822261, -68.887745], [44.822251, -68.887762], [44.822241, -68.887778], [44.822226, -68.887789], [44.822207, -68.887799], [44.822184, -68.887805], [44.822164, -68.887809], [44.822142, -68.887808], [44.822122, -68.887799], [44.822105, -68.887778], [44.822093, -68.887749], [44.822086, -68.88772], [44.822083, -68.887686], [44.822086, -68.887667], [44.822093, -68.887652], [44.822104, -68.887636], [44.822119, -68.887614], [44.822134, -68.887604], [44.822151, -68.887594], [44.822167, -68.887588], [44.822184, -68.887588], [44.822203, -68.887594], [44.822227, -68.887604], [44.822243, -68.887615], [44.822257, -68.887632], [44.822264, -68.887651], [44.82227, -68.887675], [44.82227, -68.887702], [44.822267, -68.887724]]}, "9": {"path": [[44.821353, -68.88726], [44.822921, -68.89016]], "green": [[44.823001, -68.890251], [44.823009, -68.890231], [44.823014, -68.890208], [44.823016, -68.890182], [44.823015, -68.890157], [44.823011, -68.890127], [44.823001, -68.890097], [44.822981, -68.89006], [44.822961, -68.890034], [44.822935, -68.890012], [44.822904, -68.889999], [44.822883, -68.889996], [44.822861, -68.890005], [44.822846, -68.890021], [44.822835, -68.890043], [44.822826, -68.890072], [44.822822, -68.890096], [44.822821, -68.890112], [44.822822, -68.890137], [44.822827, -68.890167], [44.822836, -68.890191], [44.82285, -68.890216], [44.822875, -68.890257], [44.822893, -68.890285], [44.822909, -68.890296], [44.822923, -68.890302], [44.822941, -68.890305], [44.822957, -68.890298], [44.822973, -68.890288], [44.822989, -68.89027], [44.823001, -68.890251]]}, "10": {"path": [[44.822916, -68.891089], [44.820716, -68.891396]],