{"holes": {"1": {"path": [[44.3812, -68.221452], [44.37944, -68.219639], [44.378826, -68.218566]], "green": [[44.378779, -68.218674], [44.37876, -68.218656], [44.378737, -68.218622], [44.378728, -68.218587], [44.378724, -68.218546], [44.378734, -68.218502], [44.378755, -68.218465], [44.378774, -68.218446], [44.378786, -68.218438], [44.3788, -68.218434], [44.378842, -68.218435], [44.378881, -68.218458], [44.378912, -68.218497], [44.378923, -68.218526], [44.378927, -68.21856], [44.378928, -68.218595], [44.378922, -68.218627], [44.378908, -68.218659], [44.378889, -68.218677], [44.37886, -68.218692], [44.378821, -68.218691], [44.378779, -68.218674]]}, "2": {"path": [[44.378744, -68.218078], [44.38051, -68.219604], [44.381618, -68.221107]], "green": [[44.381554, -68.221193], [44.381544, -68.221172], [44.381537, -68.221144], [44.381532, -68.221104], [44.381535, -68.221057], [44.381548, -68.221019], [44.381569, -68.220987], [44.381586, -68.220966], [44.381608, -68.220957], [44.38164, -68.22096], [44.381659, -68.220967], [44.381684, -68.221], [44.381708, -68.221049], [44.381713, -68.221081], [44.381714, -68.221108], [44.381708, -68.221145], [44.381697, -68.221177], [44.381681, -68.221197], [44.38165, -68.221217], [44.38163, -68.221224], [44.381616, -68.221228], [44.381594, -68.221222], [44.38157, -68.221209], [44.381554, -68.221193]]}, "3": {"path": [[44.381999, -68.221058], [44.380757, -68.218945], [44.380153, -68.218157]], "green": [[44.380096, -68.218203], [44.380079, -68.218193], [44.380063, -68.218181], [44.380054, -68.218172], [44.38005, -68.218158], [44.380048, -68.218142], [44.380051, -68.218118], [44.38006, -68.218103], [44.380081, -68.218096], [44.380116, -68.218089], [44.380144, -68.218077], [44.380162, -68.218068], [44.380176, -68.218064], [44.380188, -68.218064], [44.380204, -68.218068], [44.380215, -68.218078], [44.380234, -68.218112], [44.38024, -68.218125], [44.380245, -68.218138], [44.380251, -68.218159], [44.380254, -68.218191], [44.38025, -68.218211], [44.380241, -68.21823], [44.380225, -68.218243], [44.380198, -68.21825], [44.380178, -68.218249], [44.380158, -68.218242], [44.380144, -68.218229], [44.380124, -68.218216], [44.380105, -68.218207], [44.380096, -68.218203]]}, "4": {"path": [[44.379863, -68.218156], [44.3788, -68.217702]], "green": [[44.378794, -68.21781], [44.378767, -68.217798], [44.378745, -68.217783], [44.378722, -68.217746], [44.378709, -68.217705], [44.378704, -68.217671], [44.378704, -68.217649], [44.378706, -68.217624], [44.378711, -68.217609], [44.37873, -68.217588], [44.378765, -68.217578], [44.378804, -68.21758], [44.378833, -68.21759], [44.378854, -68.217614], [44.378876, -68.21766], [44.378887, -68.217686], [44.378896, -68.217706], [44.378897, -68.21773], [44.378893, -68.217757], [44.378879, -68.217774], [44.378857, -68.217789], [44.378846, -68.217796], [44.378831, -68.217804], [44.378794, -68.21781]]}, "5": {"path": [[44.378318, -68.219774], [44.377551, -68.216622], [44.376389, -68.21442]], "green": [[44.376409, -68.214559], [44.376437, -68.214546], [44.376463, -68.21453], [44.376482, -68.214508], [44.376495, -68.214488], [44.376503, -68.214463], [44.376507, -68.214434], [44.376507, -68.214406], [44.376499, -68.214382], [44.376484, -68.214363], [44.376446, -68.214325], [44.376415, -68.214292], [44.376396, -68.214276], [44.376373, -68.214263], [44.376351, -68.214261], [44.376325, -68.214263], [44.3763, -68.214277], [44.376281, -68.2143], [44.376269, -68.214333], [44.376264, -68.214383], [44.37627, -68.214435], [44.376282, -68.214485], [44.376298, -68.214525], [44.376317, -68.21455], [44.376344, -68.214562], [44.376376, -68.214567], [44.376409, -68.214559]]}, "6": {"path": [[44.377049, -68.213628], [44.375906, -68.212346]], "green": [[44.375921, -68.212491], [44.375948, -68.212476], [44.37597, -68.212451], [44.375998, -68.212408], [44.376012, -68.212373], [44.376016, -68.212339], [44.376016, -68.212321], [44.376009, -68.212297], [44.375991, -68.212263], [44.375955, -68.21223], [44.375933, -68.212221], [44.375913, -68.212216], [44.375893, -68.212218], [44.375866, -68.212224], [44.375833, -68.212243], [44.37582, -68.21226], [44.375809, -68.212282], [44.375802, -68.212308], [44.375799, -68.212342], [44.375802, -68.212371], [44.375812, -68.212402], [44.375839, -68.212446], [44.37588, -68.212484], [44.375898, -68.212492], [44.375921, -68.212491]]}, "7": {"path": [[44.37612, -68.212152], [44.375982, -68.209566], [44.376049, -68.208507]], "green": [[44.376011, -68.208621], [44.375988, -68.208601], [44.375965, -68.208569], [44.375955, -68.208534], [44.375951, -68.2085], [44.375954, -68.208455], [44.375969, -68.20842], [44.376029, -68.208375], [44.37607, -68.208367], [44.376094, -68.208374], [44.376122, -68.208388], [44.376135, -68.208419], [44.376143, -68.208468], [44.376143, -68.208523], [44.376136, -68.20856], [44.376118, -68.208592], [44.376083, -68.208617], [44.376051, -68.20863], [44.376011, -68.208621]]}, "8": {"path": [[44.376309, -68.207875], [44.374309, -68.208543], [44.372888, -68.208157]], "green": [[44.372956, -68.208246], [44.37297, -68.208212], [44.372983, -68.208163], [44.372987, -68.208121], [44.372976, -68.208087], [44.372956, -68.208051], [44.372925, -68.208023], [44.372897, -68.208011], [44.372864, -68.208008], [44.372825, -68.208027], [44.372802, -68.208055], [44.372783, -68.20809], [44.372773, -68.208138], [44.372779, -68.208189], [44.3728, -68.208236], [44.372822, -68.208259], [44.372854, -68.20828], [44.372886, -68.208286], [44.372912, -68.208286], [44.372936, -68.208276], [44.372956, -68.208246]]}, "9": {"path": [[44.372971, -68.207539], [44.371383, -68.207395]], "green": [[44.371447, -68.207498], [44.37146, -68.207486], [44.371472, -68.207459], [44.371477, -68.207429], [44.371478, -68.207395], [44.371477, -68.207371], [44.371469, -68.207352], [44.371444, -68.207326], [44.371425, -68.207307], [44.371397, -68.207281], [44.371379, -68.207272], [44.371348, -68.207265], [44.371325, -68.207275], [44.371296, -68.207296], [44.371282, -68.20732], [44.371276, -68.207348], [44.371275, -68.207395], [44.37128, -68.20743], [44.371291, -68.207459], [44.371307, -68.207485], [44.371342, -68.207503], [44.371385, -68.207512], [44.371419, -68.207507], [44.371447, -68.207498]]}, "10": {"path": [[44.371118, -68.207497], [44.371716, -68.209696], [44.371638, -68.211274]], "green": [[44.371649, -68.211395], [44.371675, -68.211391], [44.371704, -68.21137], [44.371728, -68.211338], [44.371737, -68.211289], [44.371732, -68.211241], [44.371716, -68.211193], [44.371689, -68.211157], [44.371668, -68.211143], [44.371638, -68.211138], [44.371609, -68.211146], [44.371584, -68.211169], [44.371564, -68.2112], [44.371551, -68.211238], [44.371548, -68.211267], [44.371551, -68.211296], [44.371563, -68.211337], [44.371591, -68.211379], [44.371621, -68.211396], [44.371649, -68.211395]]}, "11": {"path": [[44.37192, -68.211013], [44.375045, -68.209387]], "green": [[44.375009, -68.209523], [44.375031, -68.209534], [44.375058, -68.209535], [44.37508, -68.20953], [44.375102, -68.209512], [44.375122, -68.20948], [44.375133, -68.209452], [44.375141, -68.209411], [44.37514, -68.209373], [44.375134, -68.209335], [44.37512, -68.20929], [44.375092, -68.209254], [44.375065, -68.209233], [44.375039, -68.209224], [44.375017, -68.209227], [44.374994, -68.209237], [44.374975, -68.209258], [44.374956, -68.209289], [44.374941, -68.209334], [44.374939, -68.209393], [44.374952, -68.209457], [44.374983, -68.209497], [44.375009, -68.209523]]}, "12": {"path": [[44.375292, -68.208787], [44.375643, -68.211981]],