{"holes": {"1": {"path": [[43.602409, -70.557158], [43.604052, -70.556533], [43.604863, -70.556932]], "green": [[43.608158, -70.554483], [43.608186, -70.554473], [43.608215, -70.554476], [43.608242, -70.554491], [43.608264, -70.554517], [43.60828, -70.554551], [43.608287, -70.55459], [43.608285, -70.55463], [43.608274, -70.554668], [43.608255, -70.554698], [43.60823, -70.55472], [43.608202, -70.554729], [43.608173, -70.554726], [43.608146, -70.554711], [43.608124, -70.554685], [43.608108, -70.554651], [43.608101, -70.554612], [43.608103, -70.554572], [43.608114, -70.554535], [43.608133, -70.554504], [43.608158, -70.554483]]}, "2": {"path": [[43.608602, -70.55437], [43.608814, -70.556152], [43.608505, -70.557075]], "green": [[43.608536, -70.557205], [43.608517, -70.557207], [43.608498, -70.557205], [43.608479, -70.557199], [43.608469, -70.557192], [43.608452, -70.557183], [43.608442, -70.557172], [43.608432, -70.55716], [43.608424, -70.55715], [43.608416, -70.557134], [43.608414, -70.557122], [43.608412, -70.557105], [43.608411, -70.557083], [43.608414, -70.557067], [43.608416, -70.55705], [43.608423, -70.557031], [43.608432, -70.557013], [43.608445, -70.556983], [43.608453, -70.556965], [43.608465, -70.556945], [43.60848, -70.556931], [43.608499, -70.556918], [43.608516, -70.556912], [43.608534, -70.556906], [43.608551, -70.556911], [43.608567, -70.556922], [43.608581, -70.55694], [43.608595, -70.556965], [43.608604, -70.556992], [43.608609, -70.557026], [43.608611, -70.557064], [43.608609, -70.557093], [43.608602, -70.557119], [43.608595, -70.557139], [43.608585, -70.557157], [43.608576, -70.55717], [43.608561, -70.557185], [43.608546, -70.557198], [43.608536, -70.557205]]}, "3": {"path": [[43.606499, -70.556246], [43.605706, -70.556381]], "green": [[43.605779, -70.556394], [43.605764, -70.556406], [43.605752, -70.556414], [43.60574, -70.556422], [43.605727, -70.556429], [43.605713, -70.556437], [43.605701, -70.556443], [43.605685, -70.556449], [43.605675, -70.556451], [43.605659, -70.556452], [43.605646, -70.556452], [43.605635, -70.556448], [43.605625, -70.556443], [43.605615, -70.556433], [43.605609, -70.556419], [43.605607, -70.556404], [43.605608, -70.556391], [43.605613, -70.556375], [43.605618, -70.556365], [43.605628, -70.556353], [43.60564, -70.55634], [43.60565, -70.556335], [43.605663, -70.556328], [43.605685, -70.556321], [43.605705, -70.556317], [43.605729, -70.556313], [43.605744, -70.556312], [43.605757, -70.556312], [43.605767, -70.556316], [43.605776, -70.556321], [43.605785, -70.556326], [43.605791, -70.556336], [43.605793, -70.556343], [43.605793, -70.556354], [43.605793, -70.556364], [43.605791, -70.556376], [43.605787, -70.556385], [43.605779, -70.556394]]}, "4": {"path": [[43.607832, -70.555586], [43.606997, -70.558314], [43.605629, -70.560139]], "green": [[43.60569, -70.560156], [43.605677, -70.560174], [43.605665, -70.560193], [43.60565, -70.560218], [43.605637, -70.560235], [43.605621, -70.560247], [43.60561, -70.560255], [43.6056, -70.560259], [43.605586, -70.560261], [43.605573, -70.56026], [43.605564, -70.560255], [43.605556, -70.560245], [43.605553, -70.560234], [43.60555, -70.560223], [43.60555, -70.560206], [43.605551, -70.560185], [43.605557, -70.560165], [43.60557, -70.560136], [43.605583, -70.560107], [43.605598, -70.560067], [43.605612, -70.560042], [43.605621, -70.560028], [43.605631, -70.560016], [43.605643, -70.560005], [43.605654, -70.56], [43.605665, -70.559997], [43.605675, -70.560002], [43.605686, -70.560017], [43.605694, -70.560036], [43.605699, -70.560057], [43.605701, -70.56008], [43.605702, -70.560097], [43.605701, -70.560116], [43.605698, -70.560135], [43.60569, -70.560156]]}, "5": {"path": [[43.605124, -70.560371], [43.606387, -70.557842], [43.606697, -70.556624], [43.607028, -70.55599]], "green": [[43.607101, -70.556069], [43.607079, -70.556083], [43.607064, -70.556089], [43.607048, -70.556091], [43.607028, -70.556094], [43.607002, -70.556094], [43.606983, -70.556091], [43.606961, -70.556083], [43.606945, -70.556068], [43.60693, -70.55605], [43.606924, -70.556027], [43.606922, -70.55601], [43.606922, -70.555973], [43.606928, -70.555941], [43.606935, -70.555918], [43.606951, -70.555896], [43.606961, -70.555888], [43.606985, -70.555878], [43.607006, -70.555875], [43.607023, -70.555874], [43.607041, -70.555878], [43.607053, -70.555883], [43.607075, -70.555892], [43.607092, -70.555906], [43.607104, -70.555921], [43.607117, -70.555945], [43.607129, -70.555976], [43.607129, -70.555994], [43.607128, -70.556015], [43.60712, -70.556039], [43.607112, -70.556055], [43.607101, -70.556069]]}, "6": {"path": [[43.607861, -70.55781], [43.608155, -70.55607]], "green": [[43.608271, -70.556088], [43.608254, -70.556113], [43.608233, -70.556139], [43.608218, -70.556152], [43.608203, -70.556163], [43.608185, -70.556173], [43.60817, -70.556181], [43.608154, -70.556183], [43.608128, -70.556185], [43.608107, -70.556188], [43.60809, -70.556189], [43.608069, -70.556183], [43.608057, -70.556183], [43.608043, -70.556175], [43.608028, -70.556164], [43.608021, -70.556149], [43.608016, -70.556125], [43.608017, -70.556102], [43.608021, -70.556088], [43.608033, -70.556066], [43.608052, -70.556051], [43.608067, -70.556051], [43.608083, -70.556047], [43.608097, -70.556034], [43.60811, -70.556019], [43.60812, -70.556003], [43.608133, -70.555985], [43.608151, -70.55596], [43.608164, -70.555949], [43.60818, -70.555937], [43.608202, -70.55593], [43.608228, -70.555923], [43.608242, -70.555925], [43.608258, -70.555932], [43.608271, -70.555949], [43.608281, -70.555971], [43.608285, -70.556002], [43.608284, -70.556027], [43.608281, -70.556051], [43.608277, -70.556065], [43.608271, -70.556088]]}, "7": {"path": [[43.605311, -70.557316], [43.603738, -70.559896]], "green": [[43.603816, -70.559934], [43.6038, -70.55995], [43.603783, -70.559959], [43.603767, -70.559963], [43.603746, -70.559966], [43.603733, -70.559969], [43.603717, -70.559971], [43.603702, -70.55997], [43.603689, -70.55997], [43.603677, -70.559968], [43.603666, -70.559962], [43.603658, -70.559952], [43.603651, -70.559938], [43.603646, -70.559918], [43.603645, -70.559905], [43.603648, -70.559888], [43.60365, -70.559876], [43.603655, -70.559864], [43.603667, -70.559848], [43.603678, -70.559836], [43.603688, -70.559828], [43.6037, -70.559823], [43.603718, -70.559822], [43.60373, -70.559822], [43.603747, -70.559825], [43.603765, -70.559828], [43.603782, -70.559831], [43.603791, -70.559835], [43.603806, -70.559842], [43.603815, -70.559849], [43.603821, -70.559855], [43.603829, -70.559867], [43.603831, -70.559878], [43.603831, -70.559895], [43.603828, -70.559907], [43.603824, -70.559918], [43.603816, -70.559934]]}, "8": {"path": [[43.603489, -70.560175], [43.60272, -70.558582], [43.602152, -70.557912]], "green": [[43.602207, -70.55801], [43.602199, -70.558016], [43.602192, -70.558018], [43.602185, -70.558019], [43.602173, -70.558018], [43.602161, -70.558013], [43.602145, -70.558006], [43.602135, -70.557996], [43.602122, -70.557983], [43.602111, -70.557967], [43.6021, -70.557946], [43.602092, -70.557926], [43.602086, -70.557904], [43.602082, -70.557884], [43.602081, -70.557867], [43.60208, -70.557845], [43.602081, -70.557831], [43.602087, -70.557817], [43.602092, -70.557806], [43.602101, -70.557797], [43.60211, -70.557793], [43.602122, -70.557791], [43.602131, -70.557791], [43.602142, -70.557796], [43.602157, -70.55781], [43.602169, -70.557822], [43.602181, -70.557838], [43.602191, -70.557856], [43.602201, -70.557877], [43.602208, -70.5579], [43.602213, -70.557921], [43.602216, -70.557939], [43.602219, -70.557959], [43.602219, -70.557979], [43.602217, -70.55799], [43.602211, -70.558002], [43.602207, -70.55801]]}}}