{"holes": {"1": {"path": [[43.7025, -70.373062], [43.704552, -70.372716], [43.705151, -70.372412]], "green": [[43.705054, -70.372455], [43.705045, -70.372426], [43.705039, -70.3724], [43.705038, -70.372387], [43.705037, -70.372365], [43.705037, -70.372337], [43.705046, -70.372316], [43.70506, -70.372299], [43.705071, -70.37229], [43.7051, -70.372287], [43.705129, -70.372288], [43.705157, -70.372294], [43.705178, -70.372303], [43.705208, -70.372324], [43.705231, -70.37235], [43.705258, -70.372382], [43.705276, -70.372405], [43.70529, -70.372421], [43.70531, -70.372441], [43.705317, -70.372466], [43.705304, -70.372495], [43.705283, -70.372517], [43.705256, -70.372535], [43.705226, -70.372531], [43.705194, -70.372512], [43.705164, -70.372492], [43.705137, -70.37248], [43.705112, -70.372483], [43.705089, -70.372485], [43.705075, -70.372485], [43.705063, -70.372474], [43.705054, -70.372455]]}, "2": {"path": [[43.704473, -70.373611], [43.703219, -70.375869], [43.703118, -70.376559]], "green": [[43.703134, -70.376466], [43.703115, -70.376453], [43.7031, -70.376442], [43.703077, -70.376441], [43.703056, -70.376447], [43.703023, -70.376484], [43.703019, -70.376532], [43.703027, -70.376572], [43.703052, -70.376637], [43.703083, -70.376682], [43.703114, -70.376706], [43.703151, -70.376712], [43.70319, -70.376696], [43.703207, -70.376647], [43.703211, -70.376612], [43.703199, -70.376578], [43.703182, -70.376545], [43.703159, -70.376511], [43.703134, -70.376466]]}, "3": {"path": [[43.703374, -70.376994], [43.704697, -70.374828], [43.704931, -70.373758]], "green": [[43.704836, -70.373728], [43.704838, -70.373701], [43.704852, -70.373669], [43.704868, -70.373627], [43.704889, -70.373605], [43.704915, -70.373595], [43.704941, -70.373609], [43.704965, -70.373634], [43.704985, -70.373656], [43.704997, -70.373679], [43.705012, -70.373711], [43.705029, -70.373759], [43.705041, -70.373805], [43.705041, -70.373835], [43.705034, -70.373865], [43.705004, -70.373902], [43.704979, -70.373909], [43.704949, -70.373898], [43.704922, -70.373884], [43.704903, -70.37388], [43.704892, -70.373869], [43.704864, -70.373839], [43.70485, -70.373805], [43.704843, -70.373769], [43.704836, -70.373728]]}, "5": {"path": [[43.706666, -70.376696], [43.707876, -70.374584], [43.708415, -70.373945]], "green": [[43.708283, -70.373974], [43.708273, -70.37393], [43.708285, -70.373881], [43.708331, -70.373837], [43.708373, -70.373815], [43.708401, -70.373805], [43.70843, -70.373799], [43.708496, -70.373806], [43.708528, -70.373836], [43.708553, -70.373882], [43.708561, -70.373913], [43.708564, -70.373947], [43.708552, -70.373983], [43.708526, -70.374024], [43.708478, -70.374064], [43.708448, -70.374072], [43.708408, -70.374084], [43.708377, -70.37408], [43.708352, -70.374062], [43.708318, -70.374022], [43.708299, -70.373999], [43.708283, -70.373974]]}, "6": {"path": [[43.707238, -70.372882], [43.706556, -70.375697], [43.706293, -70.37627]], "green": [[43.70621, -70.376125], [43.706191, -70.376143], [43.706176, -70.376176], [43.706167, -70.376218], [43.706188, -70.376269], [43.706215, -70.37632], [43.706229, -70.376407], [43.706244, -70.376448], [43.706272, -70.37647], [43.706297, -70.376463], [43.706317, -70.37645], [43.706356, -70.376405], [43.706391, -70.376379], [43.706413, -70.37634], [43.706431, -70.3763], [43.706434, -70.376269], [43.706414, -70.376214], [43.706394, -70.376169], [43.706366, -70.376141], [43.706323, -70.376137], [43.70627, -70.376125], [43.706238, -70.376121], [43.70621, -70.376125]]}, "7": {"path": [[43.706477, -70.374444], [43.70595, -70.372693]], "green": [[43.705837, -70.372612], [43.70587, -70.372567], [43.705907, -70.372548], [43.705959, -70.372548], [43.705994, -70.372567], [43.706029, -70.37261], [43.706064, -70.372663], [43.706091, -70.37273], [43.706087, -70.372795], [43.706066, -70.372838], [43.706027, -70.372856], [43.705982, -70.372846], [43.705938, -70.372814], [43.705887, -70.372771], [43.705854, -70.372744], [43.705837, -70.372701], [43.705831, -70.37265], [43.705837, -70.372612]]}, "9": {"path": [[43.709531, -70.373009], [43.707569, -70.371646], [43.706159, -70.371055], [43.70535, -70.3712]], "green": [[43.705317, -70.371092], [43.705366, -70.371075], [43.705395, -70.371073], [43.705419, -70.371083], [43.705436, -70.371099], [43.70545, -70.371116], [43.705459, -70.371139], [43.705463, -70.371166], [43.705459, -70.3712], [43.705457, -70.371224], [43.705449, -70.371256], [43.705395, -70.371314], [43.705341, -70.371358], [43.705292, -70.371384], [43.705243, -70.371375], [43.705203, -70.371349], [43.705191, -70.3713], [43.705201, -70.371221], [43.705228, -70.371167], [43.705262, -70.371122], [43.705317, -70.371092]]}, "10": {"path": [[43.702173, -70.371668], [43.704186, -70.370443], [43.705048, -70.369773]], "green": [[43.704989, -70.369869], [43.704968, -70.369849], [43.70495, -70.369821], [43.704942, -70.369794], [43.704937, -70.369759], [43.704948, -70.369708], [43.704974, -70.369685], [43.705043, -70.36967], [43.705074, -70.369654], [43.705096, -70.369638], [43.705115, -70.369627], [43.705137, -70.369635], [43.705157, -70.36967], [43.705174, -70.369753], [43.705159, -70.369801], [43.70513, -70.369822], [43.7051, -70.369836], [43.705083, -70.369842], [43.705062, -70.369853], [43.705041, -70.369867], [43.70502, -70.369877], [43.705009, -70.369882], [43.704989, -70.369869]]}, "11": {"path": [[43.707134, -70.367285], [43.708136, -70.362958]], "green": [[43.708222, -70.362935], [43.708206, -70.36297], [43.708178, -70.363012], [43.708166, -70.363029], [43.708149, -70.363068], [43.708138, -70.363101], [43.708119, -70.363137], [43.708101, -70.363162], [43.708084, -70.363184], [43.708062, -70.363179], [43.708046, -70.363168], [43.708026, -70.363118], [43.708024, -70.363074], [43.708031, -70.363032], [43.708042, -70.362995], [43.708058, -70.362947], [43.708071, -70.362904], [43.708083, -70.362871], [43.708093, -70.362839], [43.708103, -70.362811], [43.708119, -70.362796], [43.708135, -70.362787], [43.708155, -70.362786], [43.70818, -70.362788], [43.708205, -70.362791], [43.708228, -70.362801], [43.708241, -70.362818], [43.708251, -70.362848], [43.708243, -70.362898], [43.708232, -70.362922], [43.708222, -70.362935]]}, "12": {"path": [[43.708567, -70.362591], [43.709981, -70.363603]], "green": [[43.709874, -70.363555], [43.709888, -70.36353], [43.709912, -70.363511], [43.709956, -70.363493], [43.709987, -70.363483], [43.710014, -70.363487], [43.710034, -70.363491], [43.710054, -70.363501], [43.710063, -70.363515], [43.71008, -70.36354], [43.710093, -70.36359], [43.71009, -70.36364], [43.710081, -70.36367], [43.710068, -70.363697], [43.710054, -70.363712], [43.710021, -70.363727], [43.709989, -70.363728], [43.709964, -70.363723], [43.709949, -70.363717], [43.709924, -70.363698], [43.709901, -70.363662], [43.709891, -70.363641], [43.709886, -70.363626], [43.709872, -70.363582], [43.709874, -70.363555]]}, "13": {"path": [[43.710226, -70.364102], [43.710989, -70.366915], [43.711117, -70.367823]], "green": [[43.711133, -70.367694], [43.711115, -70.367695], [43.711103, -70.3677], [43.711086, -70.367697], [43.711068, -70.367705], [43.71105, -70.367702], [43.711029, -70.367714], [43.71102, -70.367726], [43.711011, -70.367761], [43.711012, -70.367784], [43.711019, -70.367834], [43.711028, -70.367871], [43.711043, -70.367904], [43.711059, -70.367931], [43.711072, -70.367961], [43.711089, -70.368], [43.711102, -70.368014], [43.711137, -70.368011], [43.711153, -70.368], [43.711179, -70.367982], [43.711193, -70.367965], [43.711202, -70.367954], [43.711217, -70.367901], [43.711222, -70.367864], [43.711224, -70.367816], [43.711215, -70.367778], [43.7112, -70.367742], [43.711185, -70.367723], [43.711174, -70.367709], [43.711155, -70.367696], [43.711133, -70.367694]]}, "15": {"path": [[43.710333, -70.370892], [43.710521, -70.367877], [43.709497, -70.366412], [43.709055, -70.365024]],