{"holes": {"2": {"path": [[44.22536, -70.082151], [44.224066, -70.082585]], "green": [[44.224147, -70.082488], [44.224153, -70.08269], [44.22415, -70.082721], [44.224144, -70.082741], [44.224131, -70.082761], [44.224119, -70.082772], [44.224099, -70.082783], [44.224087, -70.082785], [44.224064, -70.08278], [44.22404, -70.082769], [44.224018, -70.082751], [44.224006, -70.082731], [44.223997, -70.08271], [44.223987, -70.082672], [44.223988, -70.082652], [44.22399, -70.082616], [44.223993, -70.082586], [44.223994, -70.082562], [44.223992, -70.082523], [44.223991, -70.082493], [44.223993, -70.082468], [44.224001, -70.082433], [44.224014, -70.082415], [44.224039, -70.082399], [44.224059, -70.082394], [44.224092, -70.082395], [44.22412, -70.082401], [44.224134, -70.082412], [44.224141, -70.082424], [44.224145, -70.08244], [44.224147, -70.082456], [44.224147, -70.082488]]}, "3": {"path": [[44.223487, -70.082211], [44.225097, -70.080242], [44.225996, -70.07931]], "green": [[44.226082, -70.079388], [44.226062, -70.079405], [44.226037, -70.079419], [44.226015, -70.079427], [44.225992, -70.07943], [44.225957, -70.079434], [44.225944, -70.079431], [44.225932, -70.079425], [44.225923, -70.079415], [44.225915, -70.079399], [44.225909, -70.079378], [44.225906, -70.079356], [44.225908, -70.079325], [44.225915, -70.079301], [44.225925, -70.079276], [44.225937, -70.079259], [44.225949, -70.079237], [44.225961, -70.079207], [44.225971, -70.079179], [44.225981, -70.079149], [44.225991, -70.079138], [44.226008, -70.079136], [44.226025, -70.079146], [44.226042, -70.079165], [44.226064, -70.079215], [44.226074, -70.079246], [44.226084, -70.079287], [44.226091, -70.079325], [44.226091, -70.079348], [44.226089, -70.079375], [44.226082, -70.079388]]}, "4": {"path": [[44.225467, -70.077966], [44.224086, -70.080376], [44.223453, -70.080685]], "green": [[44.223552, -70.080712], [44.223544, -70.080738], [44.223531, -70.080754], [44.223513, -70.080764], [44.223477, -70.080771], [44.223426, -70.080776], [44.223402, -70.08078], [44.223385, -70.080775], [44.223362, -70.080757], [44.223347, -70.080732], [44.223343, -70.080715], [44.223343, -70.080685], [44.22335, -70.080651], [44.223368, -70.080617], [44.223385, -70.080604], [44.22342, -70.08059], [44.223448, -70.080587], [44.223476, -70.080589], [44.223502, -70.080596], [44.223515, -70.080606], [44.223534, -70.080625], [44.223538, -70.080635], [44.223549, -70.080671], [44.223552, -70.080712]]}, "5": {"path": [[44.222882, -70.080135], [44.224344, -70.078], [44.22458, -70.077401]], "green": [[44.224665, -70.077411], [44.224626, -70.077476], [44.224599, -70.07752], [44.224589, -70.077533], [44.22458, -70.07754], [44.224569, -70.077544], [44.224558, -70.077545], [44.224545, -70.077544], [44.224536, -70.077541], [44.224527, -70.077537], [44.224519, -70.077529], [44.224511, -70.077512], [44.224509, -70.077503], [44.224509, -70.077487], [44.224511, -70.077471], [44.224517, -70.077453], [44.224523, -70.077439], [44.22453, -70.077421], [44.224536, -70.077399], [44.224539, -70.077382], [44.224541, -70.077362], [44.224546, -70.077303], [44.22455, -70.077279], [44.224554, -70.077261], [44.224561, -70.077247], [44.224572, -70.077236], [44.224582, -70.077232], [44.224594, -70.077232], [44.224609, -70.077241], [44.224621, -70.077253], [44.224635, -70.077274], [44.224652, -70.077304], [44.224662, -70.07733], [44.224668, -70.07735], [44.224672, -70.077363], [44.224673, -70.077381], [44.224671, -70.077394], [44.224665, -70.077411]]}, "6": {"path": [[44.22444, -70.076388], [44.223121, -70.078869], [44.22221, -70.079684]], "green": [[44.222259, -70.079763], [44.222275, -70.07973], [44.222283, -70.079704], [44.222291, -70.079666], [44.222293, -70.079647], [44.222293, -70.079621], [44.222291, -70.079596], [44.222287, -70.079582], [44.22228, -70.079561], [44.222267, -70.079539], [44.222255, -70.07953], [44.222244, -70.079527], [44.222228, -70.079531], [44.222213, -70.07954], [44.2222, -70.079549], [44.222159, -70.079593], [44.222105, -70.079672], [44.222095, -70.079695], [44.222091, -70.079718], [44.222092, -70.079741], [44.222097, -70.079765], [44.222108, -70.07979], [44.222121, -70.079807], [44.22214, -70.07982], [44.222174, -70.07983], [44.222198, -70.079828], [44.222214, -70.07982], [44.222231, -70.079807], [44.222244, -70.079789], [44.222259, -70.079763]]}, "7": {"path": [[44.221511, -70.080977], [44.220465, -70.085904], [44.220369, -70.086866]], "green": [[44.220468, -70.086879], [44.22046, -70.086919], [44.220444, -70.086956], [44.22042, -70.087], [44.22038, -70.08704], [44.220365, -70.08705], [44.220352, -70.087055], [44.220328, -70.087054], [44.220316, -70.087051], [44.220303, -70.087045], [44.220292, -70.087036], [44.220277, -70.087021], [44.220266, -70.087003], [44.220258, -70.086983], [44.220255, -70.086956], [44.22026, -70.086932], [44.220269, -70.086901], [44.220279, -70.086873], [44.220291, -70.086844], [44.220301, -70.086822], [44.220316, -70.086795], [44.220327, -70.086772], [44.220344, -70.086732], [44.220357, -70.086694], [44.220368, -70.08668], [44.220377, -70.086669], [44.22039, -70.086665], [44.220402, -70.086667], [44.220414, -70.08669], [44.22042, -70.086707], [44.220424, -70.086732], [44.220427, -70.086757], [44.220431, -70.086781], [44.220434, -70.086799], [44.220445, -70.086821], [44.220453, -70.086828], [44.220463, -70.086839], [44.220467, -70.08685], [44.220468, -70.086861], [44.220468, -70.086879]]}, "8": {"path": [[44.220165, -70.08768], [44.220735, -70.089278]], "green": [[44.220842, -70.089319], [44.220826, -70.089369], [44.220797, -70.089421], [44.22078, -70.089439], [44.220753, -70.089462], [44.220739, -70.089468], [44.220718, -70.08947], [44.220697, -70.089462], [44.220683, -70.089443], [44.220672, -70.089415], [44.220666, -70.089399], [44.220657, -70.089371], [44.220648, -70.089352], [44.220638, -70.089336], [44.220632, -70.089321], [44.220624, -70.089304], [44.220618, -70.089287], [44.220617, -70.089268], [44.220622, -70.089252], [44.220629, -70.089241], [44.220643, -70.089236], [44.220655, -70.089234], [44.220673, -70.089231], [44.220685, -70.089228], [44.220696, -70.089222], [44.220709, -70.089213], [44.22072, -70.089195], [44.220726, -70.089183], [44.220738, -70.089148], [44.220747, -70.089135], [44.220757, -70.089126], [44.220765, -70.089123], [44.220781, -70.089121], [44.22079, -70.089123], [44.220803, -70.089137], [44.22081, -70.089153], [44.220815, -70.08917], [44.220825, -70.089207], [44.22083, -70.089226], [44.220835, -70.08924], [44.220841, -70.089256], [44.220844, -70.089275], [44.220847, -70.089293], [44.220844, -70.089312], [44.220842, -70.089319]]}, "9": {"path": [[44.220671, -70.090491], [44.222207, -70.088321], [44.222621, -70.087911]], "green": [[44.222738, -70.087819], [44.222732, -70.087846], [44.222722, -70.087867], [44.222709, -70.087886], [44.222698, -70.087905], [44.222694, -70.087918], [44.222691, -70.087939], [44.222686, -70.087959], [44.222679, -70.087976], [44.222667, -70.087993], [44.222659, -70.088004], [44.222654, -70.08802], [44.222649, -70.088039], [44.22264, -70.088057], [44.222624, -70.088067], [44.222604, -70.088075], [44.222581, -70.088078], [44.222551, -70.088079], [44.222528, -70.088075], [44.222513, -70.088066], [44.222499, -70.088051], [44.222493, -70.088035], [44.222492, -70.088019], [44.222495, -70.087999], [44.222498, -70.087982], [44.222505, -70.087959], [44.222513, -70.087941], [44.222519, -70.087921], [44.222527, -70.087901], [44.222541, -70.087879], [44.222552, -70.087862], [44.222558, -70.087846], [44.222572, -70.087829], [44.222586, -70.08781], [44.222595, -70.087791], [44.222607, -70.087771], [44.222626, -70.087756], [44.222637, -70.08775], [44.222662, -70.087744], [44.222684, -70.08774], [44.222706, -70.087747], [44.222721, -70.087754], [44.222735, -70.087765], [44.222738, -70.087775], [44.222741, -70.087793], [44.222738, -70.087819]]}, "10": {"path": [[44.223092, -70.085915], [44.222647, -70.082916], [44.222162, -70.081389]],