{"holes": {"1": {"path": [[43.739335, -70.258741], [43.736508, -70.260848]], "green": [[43.736642, -70.260843], [43.736642, -70.260857], [43.736638, -70.260877], [43.736631, -70.260892], [43.736606, -70.260923], [43.736586, -70.260938], [43.736569, -70.260948], [43.73655, -70.260952], [43.736528, -70.26095], [43.736495, -70.26094], [43.736437, -70.260918], [43.736406, -70.260901], [43.736396, -70.260891], [43.736389, -70.26088], [43.736384, -70.260867], [43.736383, -70.260851], [43.736383, -70.260835], [43.736384, -70.260814], [43.736391, -70.260796], [43.736397, -70.260781], [43.736409, -70.260766], [43.736424, -70.260756], [43.736441, -70.260748], [43.736466, -70.260745], [43.736486, -70.260748], [43.736539, -70.260767], [43.736599, -70.260791], [43.736634, -70.26081], [43.736639, -70.260817], [43.736642, -70.260832], [43.736642, -70.260843]]}, "4": {"path": [[43.740516, -70.270469], [43.738753, -70.266273]], "green": [[43.738795, -70.266166], [43.738821, -70.266201], [43.738845, -70.266238], [43.738853, -70.266255], [43.738859, -70.266273], [43.738864, -70.266294], [43.738865, -70.266318], [43.738862, -70.266339], [43.738856, -70.266353], [43.738847, -70.266363], [43.738832, -70.26637], [43.73881, -70.266372], [43.738789, -70.266378], [43.738765, -70.266387], [43.738749, -70.266395], [43.738732, -70.266402], [43.738716, -70.266404], [43.7387, -70.266403], [43.738686, -70.266394], [43.738674, -70.266378], [43.738665, -70.266356], [43.738658, -70.266328], [43.738653, -70.26629], [43.73865, -70.266258], [43.738648, -70.266227], [43.738652, -70.266203], [43.738659, -70.266182], [43.73867, -70.266163], [43.738685, -70.266148], [43.738704, -70.266138], [43.738722, -70.266131], [43.738741, -70.266128], [43.738756, -70.266131], [43.738768, -70.266137], [43.738779, -70.266146], [43.738795, -70.266166]]}, "9": {"path": [[43.736489, -70.261341], [43.738649, -70.260726], [43.739334, -70.259883]], "green": [[43.739281, -70.259799], [43.739274, -70.25982], [43.739266, -70.259848], [43.739262, -70.259878], [43.73926, -70.259913], [43.739256, -70.259947], [43.739254, -70.259971], [43.739253, -70.25999], [43.739256, -70.260008], [43.73926, -70.260022], [43.73927, -70.260035], [43.739284, -70.26004], [43.739302, -70.260037], [43.739328, -70.260022], [43.739348, -70.26], [43.739365, -70.259976], [43.739387, -70.259942], [43.739408, -70.259921], [43.739425, -70.2599], [43.739438, -70.259878], [43.739444, -70.259861], [43.739446, -70.259841], [43.73944, -70.259814], [43.739429, -70.259792], [43.739411, -70.259775], [43.739391, -70.259759], [43.739372, -70.259752], [43.739354, -70.259747], [43.739339, -70.259746], [43.739323, -70.259753], [43.739309, -70.259764], [43.7393, -70.259774], [43.739281, -70.259799]]}, "15": {"path": [[43.735371, -70.261436], [43.736936, -70.259361], [43.738167, -70.257641]], "green": [[43.738088, -70.257765], [43.738074, -70.25774], [43.738075, -70.257704], [43.738084, -70.257674], [43.738096, -70.257654], [43.738108, -70.257639], [43.738128, -70.257608], [43.738133, -70.257582], [43.738135, -70.257549], [43.738139, -70.257532], [43.738144, -70.25751], [43.738154, -70.257492], [43.738171, -70.257481], [43.738188, -70.257478], [43.738208, -70.257492], [43.738226, -70.257516], [43.738239, -70.257538], [43.738254, -70.257575], [43.738263, -70.257613], [43.738274, -70.257664], [43.738272, -70.2577], [43.738269, -70.257721], [43.73825, -70.257751], [43.738221, -70.257762], [43.738184, -70.257769], [43.738151, -70.257771], [43.738117, -70.257773], [43.738102, -70.257773], [43.738088, -70.257765]]}, "18": {"path": [[43.737597, -70.249252], [43.735009, -70.252611], [43.734305, -70.253681]], "green": [[43.734403, -70.25363], [43.734409, -70.253608], [43.734405, -70.253591], [43.7344, -70.253582], [43.734389, -70.253567], [43.734379, -70.253562], [43.734356, -70.253557], [43.73434, -70.25356], [43.734315, -70.253571], [43.734302, -70.253583], [43.734289, -70.253597], [43.73427, -70.253617], [43.734246, -70.253633], [43.734223, -70.253646], [43.734209, -70.253651], [43.734198, -70.253667], [43.734192, -70.25368], [43.734185, -70.253699], [43.734181, -70.253716], [43.734181, -70.253738], [43.734188, -70.253767], [43.7342, -70.253782], [43.734217, -70.253799], [43.734236, -70.253804], [43.734262, -70.253805], [43.734288, -70.253805], [43.734309, -70.253805], [43.734326, -70.253796], [43.734341, -70.253786], [43.73435, -70.253777], [43.734361, -70.25376], [43.734372, -70.253738], [43.734377, -70.253711], [43.734385, -70.25368], [43.734397, -70.253649], [43.734401, -70.253635], [43.734403, -70.25363]]}}}