{"holes": {"1": {"path": [[57.104374, -135.391809], [57.104886, -135.393718], [57.105401, -135.394925]], "green": [[57.105212, -135.390151], [57.105202, -135.390194], [57.105191, -135.390244], [57.105176, -135.390271], [57.105167, -135.39031], [57.105152, -135.390316], [57.105134, -135.390287], [57.105114, -135.390263], [57.105105, -135.390239], [57.105115, -135.390182], [57.105127, -135.390132], [57.105137, -135.390093], [57.10514, -135.390061], [57.105149, -135.390047], [57.105162, -135.390049], [57.105175, -135.390059], [57.1052, -135.390089], [57.105216, -135.39012], [57.105212, -135.390151]]}, "2": {"path": [[57.105849, -135.390434], [57.105023, -135.39254], [57.105284, -135.393357]], "green": [[57.105289, -135.393514], [57.105262, -135.393494], [57.105231, -135.393441], [57.105211, -135.393389], [57.1052, -135.393344], [57.105241, -135.393256], [57.105263, -135.393219], [57.105282, -135.393188], [57.105299, -135.393203], [57.105313, -135.393238], [57.105346, -135.393306], [57.105358, -135.393359], [57.105353, -135.393403], [57.105316, -135.393493], [57.105289, -135.393514]]}, "3": {"path": [[57.104797, -135.392801], [57.104516, -135.390742]], "green": [[57.104537, -135.390607], [57.104547, -135.390622], [57.104557, -135.390659], [57.104558, -135.390694], [57.104569, -135.390743], [57.10458, -135.390789], [57.10459, -135.39082], [57.10459, -135.390856], [57.10458, -135.390876], [57.104562, -135.39088], [57.104534, -135.390886], [57.104506, -135.3909], [57.104486, -135.390892], [57.104473, -135.390865], [57.10446, -135.390818], [57.104456, -135.390769], [57.104456, -135.390731], [57.104449, -135.390693], [57.104445, -135.390654], [57.104447, -135.39063], [57.104466, -135.390611], [57.104489, -135.390601], [57.104517, -135.390596], [57.104537, -135.390607]]}, "5": {"path": [[57.106246, -135.394578], [57.105679, -135.3962]], "green": [[57.105727, -135.39632], [57.105744, -135.396317], [57.105753, -135.396282], [57.105754, -135.396199], [57.105751, -135.396136], [57.105737, -135.396102], [57.105693, -135.396082], [57.105654, -135.396068], [57.105622, -135.396061], [57.105604, -135.396074], [57.105599, -135.396147], [57.105595, -135.396229], [57.105603, -135.396265], [57.105629, -135.396288], [57.105668, -135.396306], [57.105727, -135.39632]]}, "6": {"path": [[57.105572, -135.396465], [57.103823, -135.392653]], "green": [[57.103918, -135.392657], [57.103901, -135.392728], [57.103875, -135.392811], [57.103854, -135.392883], [57.103837, -135.392929], [57.103819, -135.392932], [57.103801, -135.392909], [57.103788, -135.392866], [57.10378, -135.392799], [57.103772, -135.392753], [57.103761, -135.392694], [57.103759, -135.392645], [57.103764, -135.392612], [57.103774, -135.392578], [57.103777, -135.392548], [57.103778, -135.392504], [57.103777, -135.392465], [57.103782, -135.392433], [57.103801, -135.39242], [57.103822, -135.392435], [57.103838, -135.392465], [57.103845, -135.392503], [57.103864, -135.392545], [57.103887, -135.392592], [57.103909, -135.39262], [57.103918, -135.392657]]}, "7": {"path": [[57.102233, -135.395234], [57.104534, -135.397375], [57.104998, -135.398076]], "green": [[57.10506, -135.398232], [57.105045, -135.398245], [57.104975, -135.398214], [57.104923, -135.398185], [57.104903, -135.398161], [57.104904, -135.398119], [57.104931, -135.397948], [57.104939, -135.397921], [57.104953, -135.397916], [57.105012, -135.39794], [57.105079, -135.397961], [57.105091, -135.397977], [57.105094, -135.398013], [57.10506, -135.398232]]}, "8": {"path": [[57.105261, -135.398525], [57.10636, -135.397132], [57.107121, -135.396593]], "green": [[57.107163, -135.39669], [57.107202, -135.396683], [57.107213, -135.396668], [57.107211, -135.396621], [57.107203, -135.39657], [57.107193, -135.396544], [57.107175, -135.396539], [57.107157, -135.396538], [57.107137, -135.396524], [57.107128, -135.396512], [57.107106, -135.396511], [57.107089, -135.396498], [57.107064, -135.396503], [57.107044, -135.396508], [57.107033, -135.396523], [57.107036, -135.396571], [57.107039, -135.396618], [57.107053, -135.396636], [57.10707, -135.396645], [57.107083, -135.396662], [57.107097, -135.39669], [57.107113, -135.396704], [57.107163, -135.39669]]}}}