{"holes": {"1": {"path": [[41.215472, -73.26888], [41.213504, -73.267955], [41.21225, -73.268116]], "green": [[41.212365, -73.268183], [41.21234, -73.268245], [41.212312, -73.268284], [41.212269, -73.268292], [41.212237, -73.268274], [41.212157, -73.268182], [41.212115, -73.268115], [41.212103, -73.268047], [41.212114, -73.267998], [41.212136, -73.267971], [41.212179, -73.267958], [41.212216, -73.267965], [41.212313, -73.26802], [41.212326, -73.268037], [41.212343, -73.268087], [41.21236, -73.268136], [41.212365, -73.268183]]}, "2": {"path": [[41.211948, -73.267496], [41.213304, -73.266365], [41.214078, -73.267023]], "green": [[41.214189, -73.267112], [41.214165, -73.26716], [41.214142, -73.26719], [41.214114, -73.267199], [41.214082, -73.267198], [41.214041, -73.267162], [41.213973, -73.267077], [41.213963, -73.267025], [41.213961, -73.266974], [41.213972, -73.266932], [41.213983, -73.266897], [41.214, -73.266883], [41.214015, -73.266873], [41.214038, -73.26687], [41.214063, -73.266875], [41.214118, -73.266901], [41.214166, -73.266952], [41.214187, -73.266999], [41.214196, -73.267066], [41.214189, -73.267112]]}, "3": {"path": [[41.214062, -73.267569], [41.215459, -73.268098]], "green": [[41.215574, -73.268109], [41.215517, -73.26821], [41.215469, -73.268252], [41.215423, -73.268276], [41.215391, -73.268281], [41.215369, -73.26826], [41.215339, -73.268213], [41.215324, -73.268162], [41.215328, -73.2681], [41.215336, -73.268056], [41.215366, -73.268016], [41.215394, -73.26801], [41.215431, -73.267982], [41.215501, -73.26794], [41.215535, -73.267936], [41.215556, -73.267951], [41.215573, -73.267977], [41.215589, -73.268038], [41.215584, -73.26808], [41.215574, -73.268109]]}, "4": {"path": [[41.216341, -73.267873], [41.2145, -73.266618], [41.214004, -73.265764]], "green": [[41.214164, -73.265813], [41.21413, -73.265847], [41.214079, -73.265867], [41.213997, -73.265867], [41.213942, -73.265886], [41.213925, -73.265893], [41.21389, -73.265876], [41.213879, -73.265858], [41.213865, -73.265827], [41.213864, -73.265784], [41.21387, -73.265741], [41.213889, -73.265701], [41.213918, -73.265652], [41.213963, -73.265599], [41.213997, -73.265582], [41.214024, -73.26558], [41.214071, -73.265644], [41.214125, -73.265689], [41.214163, -73.26575], [41.214168, -73.265783], [41.214164, -73.265813]]}, "5": {"path": [[41.214039, -73.265091], [41.216874, -73.267527]], "green": [[41.216971, -73.267586], [41.216954, -73.267627], [41.216928, -73.267657], [41.216898, -73.267671], [41.21687, -73.267672], [41.216828, -73.26765], [41.216797, -73.267625], [41.216754, -73.267576], [41.216744, -73.267536], [41.216742, -73.267486], [41.216754, -73.267446], [41.216779, -73.267417], [41.216822, -73.267383], [41.216872, -73.267371], [41.216923, -73.267381], [41.216947, -73.267398], [41.216972, -73.26745], [41.216981, -73.26749], [41.216981, -73.267531], [41.216971, -73.267586]]}, "6": {"path": [[41.216683, -73.268868], [41.216856, -73.271591], [41.217612, -73.274095]], "green": [[41.217711, -73.274162], [41.217689, -73.274107], [41.217659, -73.274041], [41.217629, -73.273966], [41.217613, -73.273924], [41.217589, -73.27391], [41.217562, -73.27391], [41.217547, -73.273933], [41.217524, -73.27398], [41.217507, -73.274038], [41.217513, -73.274072], [41.217558, -73.274153], [41.217576, -73.274204], [41.217588, -73.27424], [41.217615, -73.274267], [41.217652, -73.274272], [41.217681, -73.274254], [41.217708, -73.274211], [41.217711, -73.274162]]}, "7": {"path": [[41.217902, -73.273749], [41.217489, -73.271344], [41.218142, -73.2698]], "green": [[41.218131, -73.269923], [41.218162, -73.269904], [41.218196, -73.269877], [41.218213, -73.269852], [41.218228, -73.269799], [41.218234, -73.269763], [41.21823, -73.269727], [41.218221, -73.269693], [41.21821, -73.269676], [41.218195, -73.269662], [41.21817, -73.269662], [41.21814, -73.269681], [41.2181, -73.269706], [41.218069, -73.269741], [41.218054, -73.26978], [41.218041, -73.269837], [41.218041, -73.269871], [41.218051, -73.269894], [41.21807, -73.26991], [41.218097, -73.269927], [41.218131, -73.269923]]}, "9": {"path": [[41.22052, -73.270096], [41.218716, -73.269081], [41.217594, -73.268067], [41.217045, -73.268603]], "green": [[41.217143, -73.268674], [41.217121, -73.268716], [41.21709, -73.26874], [41.217055, -73.26875], [41.21701, -73.268753], [41.216975, -73.26874], [41.216958, -73.26871], [41.216955, -73.268664], [41.216964, -73.268607], [41.216965, -73.268515], [41.216963, -73.268465], [41.216975, -73.268438], [41.216997, -73.268419], [41.217024, -73.268423], [41.21706, -73.268445], [41.2171, -73.268506], [41.217126, -73.268562], [41.217138, -73.268607], [41.217144, -73.268645], [41.217143, -73.268674]]}, "10": {"path": [[41.216369, -73.269268], [41.21636, -73.272152], [41.216634, -73.273327]], "green": [[41.21675, -73.273477], [41.216771, -73.273431], [41.216776, -73.273395], [41.216762, -73.273345], [41.216731, -73.273298], [41.21669, -73.273255], [41.216629, -73.273185], [41.21661, -73.273174], [41.216586, -73.273169], [41.216571, -73.27317], [41.216554, -73.273181], [41.216542, -73.273193], [41.216535, -73.273209], [41.216531, -73.273234], [41.21653, -73.273257], [41.216531, -73.273356], [41.216538, -73.273388], [41.216552, -73.273421], [41.216568, -73.273436], [41.216644, -73.273479], [41.216694, -73.273503], [41.216732, -73.273498], [41.21675, -73.273477]]}, "12": {"path": [[41.215599, -73.277502], [41.214807, -73.275704]], "green": [[41.214908, -73.275796], [41.214823, -73.275813], [41.214746, -73.275836], [41.214694, -73.275831], [41.214659, -73.275796], [41.21464, -73.275749], [41.214645, -73.275689], [41.214668, -73.275626], [41.214693, -73.275588], [41.214748, -73.275563], [41.214794, -73.275548], [41.214843, -73.275561], [41.214901, -73.275606], [41.214945, -73.27565], [41.214976, -73.275704], [41.214978, -73.275744], [41.214948, -73.275783], [41.214908, -73.275796]]}, "13": {"path": [[41.214677, -73.276661], [41.212777, -73.274331], [41.211241, -73.273074]], "green": [[41.211283, -73.273193], [41.21124, -73.273197], [41.211197, -73.273202], [41.211166, -73.273192], [41.211141, -73.273173], [41.211111, -73.273124], [41.2111, -73.27309], [41.211096, -73.273043], [41.21111, -73.272975], [41.211148, -73.272919], [41.211181, -73.272894], [41.21123, -73.272895], [41.211281, -73.272938], [41.211326, -73.272973], [41.211354, -73.273006], [41.211373, -73.273034], [41.211384, -73.273068], [41.211375, -73.273122], [41.211345, -73.273156], [41.211328, -73.273174], [41.211283, -73.273193]]}, "14": {"path": [[41.211511, -73.272449], [41.213589, -73.274181], [41.214266, -73.275151]], "green": [[41.214372, -73.275105], [41.214398, -73.275149], [41.214401, -73.275197], [41.214377, -73.275263], [41.214331, -73.275312], [41.2143, -73.275333], [41.214271, -73.27533], [41.214242, -73.275305], [41.214207, -73.275251], [41.21418, -73.275222], [41.214157, -73.275194], [41.214144, -73.275148], [41.214144, -73.275113], [41.214158, -73.275068], [41.214195, -73.275025], [41.214224, -73.275001], [41.214248, -73.274999], [41.214265, -73.275], [41.214284, -73.275007], [41.214324, -73.275052], [41.214372, -73.275105]]}, "15": {"path": [[41.215097, -73.275228], [41.213582, -73.27284], [41.2128, -73.27222]], "green": [[41.212902, -73.272301], [41.212872, -73.272335], [41.212802, -73.272364], [41.212758, -73.272372], [41.21273, -73.272359], [41.212711, -73.27234], [41.212694, -73.272314], [41.212678, -73.272269], [41.212674, -73.272229], [41.212672, -73.272182], [41.212688, -73.272138], [41.212713, -73.272093], [41.212757, -73.272062], [41.212812, -73.272049], [41.212854, -73.272053], [41.212889, -73.272078], [41.212908, -73.272119], [41.212929, -73.272174], [41.212933, -73.272223], [41.212923, -73.272262], [41.212902, -73.272301]]}, "16": {"path": [[41.212905, -73.2715], [41.214071, -73.272319]],