{"holes": {"1": {"path": [[41.094693, -73.709429], [41.098234, -73.709932]], "green": [[41.09838, -73.709748], [41.098346, -73.709733], [41.098316, -73.709735], [41.098274, -73.709755], [41.098257, -73.709778], [41.098242, -73.709807], [41.098221, -73.709849], [41.098214, -73.709867], [41.098195, -73.70989], [41.098171, -73.709901], [41.098137, -73.709911], [41.098115, -73.709916], [41.098086, -73.709923], [41.098062, -73.70994], [41.098047, -73.709968], [41.098037, -73.710014], [41.098038, -73.710054], [41.098049, -73.71008], [41.098067, -73.710099], [41.098087, -73.710106], [41.098107, -73.710109], [41.098126, -73.710112], [41.098152, -73.710108], [41.098175, -73.710101], [41.098203, -73.710089], [41.098228, -73.710076], [41.098261, -73.710055], [41.098298, -73.710031], [41.098324, -73.710012], [41.098352, -73.709987], [41.098372, -73.709963], [41.098391, -73.709933], [41.098404, -73.709898], [41.098408, -73.709872], [41.098411, -73.709831], [41.09841, -73.709811], [41.098401, -73.709786], [41.098392, -73.709765], [41.09838, -73.709748]]}, "2": {"path": [[41.099084, -73.710512], [41.096849, -73.7106], [41.095806, -73.710165]], "green": [[41.095909, -73.710346], [41.09593, -73.71026], [41.095935, -73.710228], [41.095936, -73.710156], [41.095935, -73.710071], [41.095939, -73.71002], [41.095936, -73.709984], [41.095928, -73.709964], [41.095912, -73.709964], [41.095886, -73.709969], [41.09585, -73.709971], [41.095807, -73.709966], [41.09577, -73.70996], [41.095736, -73.709961], [41.095706, -73.709976], [41.09569, -73.709993], [41.095675, -73.710019], [41.095662, -73.710066], [41.09565, -73.710112], [41.095642, -73.710151], [41.095639, -73.710192], [41.095653, -73.710253], [41.095666, -73.710286], [41.095684, -73.710313], [41.095717, -73.710337], [41.095751, -73.710348], [41.095796, -73.71036], [41.09583, -73.710373], [41.095853, -73.710382], [41.095874, -73.710385], [41.095891, -73.710379], [41.095901, -73.710368], [41.095909, -73.710346]]}, "3": {"path": [[41.095118, -73.709846], [41.095965, -73.711554]], "green": [[41.096081, -73.711614], [41.096038, -73.711645], [41.096008, -73.711664], [41.095974, -73.711692], [41.095945, -73.711716], [41.095923, -73.711726], [41.095884, -73.711723], [41.095858, -73.711711], [41.095834, -73.711689], [41.095818, -73.711663], [41.095799, -73.711605], [41.095793, -73.711552], [41.095793, -73.711506], [41.095806, -73.711469], [41.095825, -73.71144], [41.095854, -73.711422], [41.095871, -73.711417], [41.095889, -73.711417], [41.095921, -73.711428], [41.095944, -73.711435], [41.095973, -73.711441], [41.096013, -73.711446], [41.096038, -73.711453], [41.096066, -73.711467], [41.096082, -73.711482], [41.096096, -73.711499], [41.096103, -73.711513], [41.096109, -73.711528], [41.096112, -73.711548], [41.096111, -73.711568], [41.096105, -73.711587], [41.096096, -73.711601], [41.096081, -73.711614]]}, "4": {"path": [[41.095771, -73.712139], [41.098157, -73.711312], [41.099623, -73.710936]], "green": [[41.099697, -73.711101], [41.099631, -73.711116], [41.099567, -73.711114], [41.099515, -73.711105], [41.099485, -73.711083], [41.099465, -73.711048], [41.099457, -73.711009], [41.099451, -73.71091], [41.099455, -73.710856], [41.099471, -73.710816], [41.099501, -73.710784], [41.09955, -73.710767], [41.099599, -73.710751], [41.099642, -73.710739], [41.099678, -73.710744], [41.099713, -73.710766], [41.099738, -73.710804], [41.099748, -73.710844], [41.099759, -73.710891], [41.099761, -73.710935], [41.099762, -73.710981], [41.099756, -73.711014], [41.099741, -73.711048], [41.099725, -73.711077], [41.099697, -73.711101]]}, "5": {"path": [[41.099878, -73.711341], [41.097258, -73.712378], [41.095959, -73.714286]], "green": [[41.096048, -73.714137], [41.09603, -73.714112], [41.096002, -73.714087], [41.095977, -73.714065], [41.095957, -73.714045], [41.095942, -73.714037], [41.095924, -73.714034], [41.095912, -73.714045], [41.095891, -73.714067], [41.095874, -73.714126], [41.095867, -73.714155], [41.095856, -73.714227], [41.095847, -73.714285], [41.095839, -73.714356], [41.095835, -73.714402], [41.095835, -73.714443], [41.095841, -73.714479], [41.095856, -73.714512], [41.095883, -73.714538], [41.095953, -73.714582], [41.095975, -73.714588], [41.095993, -73.714583], [41.096008, -73.714562], [41.096017, -73.714532], [41.096019, -73.714488], [41.096018, -73.714436], [41.096016, -73.714387], [41.096013, -73.714342], [41.096016, -73.714307], [41.096018, -73.714272], [41.096029, -73.714232], [41.09604, -73.714196], [41.09605, -73.714179], [41.096054, -73.714163], [41.096052, -73.714148], [41.096048, -73.714137]]}, "6": {"path": [[41.095672, -73.71532], [41.094107, -73.713244], [41.093061, -73.712614]], "green": [[41.09313, -73.712784], [41.09309, -73.712811], [41.09306, -73.712824], [41.093021, -73.71282], [41.092982, -73.712801], [41.092946, -73.712781], [41.092915, -73.712754], [41.092899, -73.712724], [41.092891, -73.712671], [41.092898, -73.712626], [41.09293, -73.712522], [41.092958, -73.712448], [41.092987, -73.712408], [41.093012, -73.712387], [41.093045, -73.712374], [41.093086, -73.712384], [41.093125, -73.712406], [41.093153, -73.712433], [41.093177, -73.712464], [41.093193, -73.712502], [41.093203, -73.712546], [41.093212, -73.712609], [41.093207, -73.712646], [41.093187, -73.712705], [41.093154, -73.712761], [41.09313, -73.712784]]}, "8": {"path": [[41.094716, -73.711127], [41.092432, -73.711557], [41.091434, -73.71093]], "green": [[41.091518, -73.711052], [41.091494, -73.711106], [41.09147, -73.711142], [41.091447, -73.711147], [41.09142, -73.711135], [41.091394, -73.711106], [41.091378, -73.711078], [41.091361, -73.71105], [41.091339, -73.711013], [41.091309, -73.710973], [41.091294, -73.710941], [41.091287, -73.710898], [41.091291, -73.710853], [41.091301, -73.710791], [41.091322, -73.710754], [41.091344, -73.710734], [41.09137, -73.71073], [41.091399, -73.710737], [41.091439, -73.71076], [41.091489, -73.710798], [41.091511, -73.710818], [41.091533, -73.710836], [41.09155, -73.710855], [41.09156, -73.710874], [41.091567, -73.710894], [41.091569, -73.710914], [41.091565, -73.710942], [41.09155, -73.710977], [41.091518, -73.711052]]}, "9": {"path": [[41.091361, -73.710064], [41.093436, -73.71072], [41.09439, -73.71073]], "green": [[41.094528, -73.710859], [41.094504, -73.710891], [41.094481, -73.710902], [41.094454, -73.710906], [41.094417, -73.710901], [41.094387, -73.710887], [41.094349, -73.710857], [41.094326, -73.71083], [41.094296, -73.710805], [41.094271, -73.710788], [41.094246, -73.710772], [41.094225, -73.710761], [41.094208, -73.710747], [41.094198, -73.710733], [41.094188, -73.7107], [41.094188, -73.710655], [41.0942, -73.710615], [41.094222, -73.710594], [41.094249, -73.710578], [41.094274, -73.710578], [41.094297, -73.710576], [41.094335, -73.710577], [41.094371, -73.710578], [41.094405, -73.710584], [41.094427, -73.710589], [41.094463, -73.710609], [41.094481, -73.71062], [41.094498, -73.710641], [41.094512, -73.710663], [41.094524, -73.710688], [41.094532, -73.710706], [41.094535, -73.710723], [41.094538, -73.710742], [41.094542, -73.710766], [41.094543, -73.710789], [41.09454, -73.710816], [41.094537, -73.710836], [41.094528, -73.710859]]}, "10": {"path": [[41.093805, -73.709431], [41.091875, -73.708362], [41.091287, -73.707629]],