{"holes": {"1": {"path": [[41.515496, -72.721446], [41.51528, -72.719002], [41.515741, -72.717981]], "green": [[41.515836, -72.718026], [41.515824, -72.718054], [41.515811, -72.718076], [41.515799, -72.718092], [41.515784, -72.718104], [41.515766, -72.718114], [41.515743, -72.718118], [41.515719, -72.718119], [41.515698, -72.718118], [41.515679, -72.718113], [41.51566, -72.718098], [41.515651, -72.718083], [41.515646, -72.718067], [41.515642, -72.718043], [41.515642, -72.718022], [41.515645, -72.717987], [41.51565, -72.717949], [41.515657, -72.717912], [41.515665, -72.717882], [41.515678, -72.717861], [41.515694, -72.717842], [41.515716, -72.717827], [41.515738, -72.717819], [41.515757, -72.717818], [41.515777, -72.717822], [41.515799, -72.717829], [41.515819, -72.717845], [41.515836, -72.717871], [41.515846, -72.717904], [41.515848, -72.717953], [41.515844, -72.71799], [41.515836, -72.718026]]}, "2": {"path": [[41.515712, -72.716136], [41.514109, -72.716963], [41.512867, -72.717149], [41.512118, -72.717438]], "green": [[41.512256, -72.7174], [41.512251, -72.717419], [41.512243, -72.717437], [41.512229, -72.717457], [41.512211, -72.717475], [41.512187, -72.717495], [41.512156, -72.717521], [41.512132, -72.717537], [41.512118, -72.717547], [41.512101, -72.717554], [41.512082, -72.71756], [41.512067, -72.717562], [41.512058, -72.717561], [41.512045, -72.717558], [41.512034, -72.717553], [41.512021, -72.717544], [41.512014, -72.717536], [41.512005, -72.717525], [41.511998, -72.717511], [41.511995, -72.717495], [41.511992, -72.717477], [41.511994, -72.717457], [41.511998, -72.717433], [41.512003, -72.717411], [41.512011, -72.717395], [41.512022, -72.717381], [41.512036, -72.717365], [41.512056, -72.717355], [41.51208, -72.717346], [41.512102, -72.717338], [41.512127, -72.717331], [41.512155, -72.717321], [41.512178, -72.717316], [41.512198, -72.717315], [41.512214, -72.717318], [41.512225, -72.717323], [41.512237, -72.717331], [41.512247, -72.717343], [41.512254, -72.717358], [41.512258, -72.717377], [41.512256, -72.7174]]}, "3": {"path": [[41.511454, -72.717445], [41.512169, -72.718185]], "green": [[41.51228, -72.718227], [41.512268, -72.71825], [41.512257, -72.718271], [41.512245, -72.718286], [41.512229, -72.718301], [41.51221, -72.718319], [41.512193, -72.71833], [41.512177, -72.718338], [41.512158, -72.718339], [41.512141, -72.718336], [41.512128, -72.718332], [41.512113, -72.718319], [41.5121, -72.718305], [41.512087, -72.718284], [41.512076, -72.71826], [41.512066, -72.71824], [41.512059, -72.718215], [41.512053, -72.718192], [41.512045, -72.718166], [41.51204, -72.718137], [41.512039, -72.71811], [41.512046, -72.718079], [41.512062, -72.71805], [41.512085, -72.718032], [41.512106, -72.718023], [41.512126, -72.718023], [41.512151, -72.71803], [41.512179, -72.718042], [41.512199, -72.71805], [41.512219, -72.718059], [41.512237, -72.718071], [41.512254, -72.718084], [41.512268, -72.718097], [41.51228, -72.718117], [41.512286, -72.718135], [41.51229, -72.718156], [41.51229, -72.718175], [41.512287, -72.718203], [41.51228, -72.718227]]}, "4": {"path": [[41.512541, -72.71806], [41.514487, -72.717548], [41.515389, -72.717156]], "green": [[41.515237, -72.7172], [41.515246, -72.717229], [41.515261, -72.717256], [41.515283, -72.717275], [41.515308, -72.717295], [41.515335, -72.717311], [41.515361, -72.717324], [41.515385, -72.717334], [41.515411, -72.717335], [41.515438, -72.717329], [41.515468, -72.717305], [41.515494, -72.717277], [41.515512, -72.717257], [41.515527, -72.717233], [41.515538, -72.717215], [41.515546, -72.717189], [41.515553, -72.717162], [41.515553, -72.717133], [41.515547, -72.717106], [41.515535, -72.717081], [41.515523, -72.717062], [41.515506, -72.717043], [41.515484, -72.717023], [41.515457, -72.717006], [41.515429, -72.716993], [41.515394, -72.716988], [41.515365, -72.71699], [41.515341, -72.716994], [41.515313, -72.717006], [41.515294, -72.71702], [41.515276, -72.717039], [41.515259, -72.717068], [41.51525, -72.717089], [41.515243, -72.71711], [41.515237, -72.717137], [41.515234, -72.717169], [41.515237, -72.7172]]}, "5": {"path": [[41.515185, -72.717907], [41.512033, -72.719072], [41.511371, -72.720405]], "green": [[41.511496, -72.720342], [41.511499, -72.720361], [41.511501, -72.720376], [41.5115, -72.720393], [41.511499, -72.720407], [41.511495, -72.720426], [41.511488, -72.720447], [41.511479, -72.720468], [41.511468, -72.720486], [41.511453, -72.720503], [41.51144, -72.720515], [41.511426, -72.720526], [41.511409, -72.720536], [41.511399, -72.720542], [41.511381, -72.72055], [41.511364, -72.720553], [41.511353, -72.720553], [41.511339, -72.72055], [41.511331, -72.720549], [41.51132, -72.720546], [41.511308, -72.720541], [41.511295, -72.720532], [41.511281, -72.72052], [41.511269, -72.720509], [41.511257, -72.720495], [41.51125, -72.720483], [41.511245, -72.720471], [41.511242, -72.720458], [41.511238, -72.720437], [41.511236, -72.720418], [41.511235, -72.720403], [41.511239, -72.720388], [41.511245, -72.720374], [41.511253, -72.720354], [41.511265, -72.720338], [41.511273, -72.720325], [41.511285, -72.720306], [41.511298, -72.720292], [41.51131, -72.72028], [41.511324, -72.720269], [41.511339, -72.72026], [41.511359, -72.720251], [41.511382, -72.720246], [41.511404, -72.720248], [41.511419, -72.720252], [41.511433, -72.720258], [41.511447, -72.720266], [41.511462, -72.720279], [41.511475, -72.720293], [41.511483, -72.720304], [41.511488, -72.720314], [41.511492, -72.720327], [41.511496, -72.720342]]}, "6": {"path": [[41.51093, -72.720765], [41.511893, -72.722376], [41.512739, -72.722473]], "green": [[41.512846, -72.722464], [41.512846, -72.722516], [41.512828, -72.72257], [41.512798, -72.7226], [41.512748, -72.722608], [41.512674, -72.722593], [41.512606, -72.722554], [41.51259, -72.72251], [41.512591, -72.722451], [41.512613, -72.722415], [41.512647, -72.722382], [41.512726, -72.722358], [41.512761, -72.722359], [41.512796, -72.722367], [41.512819, -72.722396], [41.512835, -72.722427], [41.512846, -72.722464]]}, "7": {"path": [[41.513519, -72.722331], [41.512278, -72.721316]], "green": [[41.51238, -72.721332], [41.512377, -72.721355], [41.512373, -72.721369], [41.512368, -72.721387], [41.51236, -72.721407], [41.512349, -72.721428], [41.51234, -72.721442], [41.512328, -72.721454], [41.512316, -72.721462], [41.512305, -72.721468], [41.512293, -72.72147], [41.512282, -72.72147], [41.512273, -72.721467], [41.512264, -72.721459], [41.512249, -72.721445], [41.512227, -72.721421], [41.512209, -72.721388], [41.512185, -72.721348], [41.512169, -72.721323], [41.512158, -72.721302], [41.512151, -72.721276], [41.51215, -72.721249], [41.512155, -72.721233], [41.512165, -72.721211], [41.512176, -72.721196], [41.512187, -72.721183], [41.512201, -72.721172], [41.512219, -72.721164], [41.512235, -72.72116], [41.512252, -72.72116], [41.512276, -72.721168], [41.512295, -72.721178], [41.512316, -72.721195], [41.512332, -72.721211], [41.512348, -72.72123], [41.51236, -72.72125], [41.51237, -72.721276], [41.512376, -72.721294], [41.512379, -72.721312], [41.51238, -72.721332]]}, "8": {"path": [[41.511924, -72.721097], [41.51326, -72.719819], [41.514374, -72.719163]],