{"holes": {"1": {"path": [[41.307863, -72.872757], [41.307697, -72.87056], [41.308069, -72.868696]], "green": [[41.307988, -72.868777], [41.308007, -72.868813], [41.308039, -72.868824], [41.308069, -72.868828], [41.308101, -72.868818], [41.308124, -72.868793], [41.308145, -72.868765], [41.308158, -72.86873], [41.308166, -72.868691], [41.308171, -72.868651], [41.308163, -72.868609], [41.308148, -72.868577], [41.308121, -72.868558], [41.308092, -72.868551], [41.308063, -72.868558], [41.308009, -72.868596], [41.307984, -72.868618], [41.307969, -72.868653], [41.307966, -72.868694], [41.30797, -72.868735], [41.307988, -72.868777]]}, "2": {"path": [[41.308089, -72.867728], [41.306581, -72.867226], [41.305542, -72.86663]], "green": [[41.305447, -72.866623], [41.305465, -72.866647], [41.305485, -72.866681], [41.305499, -72.866715], [41.305524, -72.866738], [41.305553, -72.866752], [41.305584, -72.866753], [41.30561, -72.86673], [41.305628, -72.866699], [41.305638, -72.866662], [41.305638, -72.866623], [41.305631, -72.866585], [41.305619, -72.866549], [41.305594, -72.866525], [41.305566, -72.866514], [41.305536, -72.866512], [41.305477, -72.866526], [41.305452, -72.86655], [41.305442, -72.866588], [41.305447, -72.866623]]}, "3": {"path": [[41.30536, -72.865622], [41.305097, -72.863655]], "green": [[41.304997, -72.863636], [41.304996, -72.863701], [41.305009, -72.863727], [41.305033, -72.863741], [41.305056, -72.86375], [41.305103, -72.86375], [41.305127, -72.863746], [41.305151, -72.863738], [41.30517, -72.86372], [41.305184, -72.863697], [41.305196, -72.863671], [41.305198, -72.863641], [41.305197, -72.86361], [41.305182, -72.863586], [41.305161, -72.863575], [41.305114, -72.863558], [41.305092, -72.863556], [41.305044, -72.863558], [41.305024, -72.863573], [41.305008, -72.863595], [41.304997, -72.863636]]}, "5": {"path": [[41.309003, -72.861594], [41.307477, -72.863425]], "green": [[41.307374, -72.863437], [41.307386, -72.863476], [41.307411, -72.863514], [41.307441, -72.863541], [41.307455, -72.863555], [41.307473, -72.863564], [41.30749, -72.863569], [41.307508, -72.86357], [41.307527, -72.863567], [41.307542, -72.863556], [41.307558, -72.863546], [41.307571, -72.863529], [41.307592, -72.863492], [41.307606, -72.863448], [41.307606, -72.863424], [41.307601, -72.863402], [41.307584, -72.863362], [41.307547, -72.863315], [41.307533, -72.863303], [41.307517, -72.863293], [41.307484, -72.863277], [41.307449, -72.86327], [41.307413, -72.863277], [41.307396, -72.863287], [41.307381, -72.863303], [41.307373, -72.863325], [41.307368, -72.863347], [41.307367, -72.863372], [41.307368, -72.863395], [41.307374, -72.863437]]}, "6": {"path": [[41.30786, -72.863677], [41.30682, -72.864808], [41.305542, -72.86663]], "green": [[41.305447, -72.866623], [41.305465, -72.866647], [41.305485, -72.866681], [41.305499, -72.866715], [41.305524, -72.866738], [41.305553, -72.866752], [41.305584, -72.866753], [41.30561, -72.86673], [41.305628, -72.866699], [41.305638, -72.866662], [41.305638, -72.866623], [41.305631, -72.866585], [41.305619, -72.866549], [41.305594, -72.866525], [41.305566, -72.866514], [41.305536, -72.866512], [41.305477, -72.866526], [41.305452, -72.86655], [41.305442, -72.866588], [41.305447, -72.866623]]}, "7": {"path": [[41.305351, -72.866241], [41.308281, -72.867117]], "green": [[41.308187, -72.867217], [41.308197, -72.867234], [41.308224, -72.86725], [41.308239, -72.867255], [41.30827, -72.867259], [41.308286, -72.867259], [41.308302, -72.867253], [41.308316, -72.867245], [41.308328, -72.867234], [41.30834, -72.867215], [41.308351, -72.867199], [41.308355, -72.86718], [41.308358, -72.86716], [41.30836, -72.86708], [41.308356, -72.867039], [41.308356, -72.86702], [41.308354, -72.867], [41.30835, -72.866982], [41.308339, -72.866968], [41.308327, -72.866958], [41.308313, -72.866951], [41.308298, -72.866952], [41.308272, -72.866972], [41.30826, -72.866983], [41.308249, -72.866997], [41.308239, -72.867013], [41.308221, -72.867045], [41.308199, -72.867099], [41.308189, -72.867137], [41.308182, -72.867177], [41.308181, -72.867198], [41.308187, -72.867217]]}, "8": {"path": [[41.307979, -72.86807], [41.307178, -72.869314], [41.306357, -72.870111]], "green": [[41.306293, -72.870138], [41.30634, -72.870206], [41.306371, -72.870237], [41.306406, -72.870254], [41.306433, -72.870229], [41.306448, -72.870193], [41.306447, -72.870146], [41.30643, -72.870068], [41.306399, -72.87001], [41.30636, -72.869974], [41.306311, -72.869972], [41.30628, -72.869989], [41.30627, -72.870028], [41.306272, -72.87008], [41.306293, -72.870138]]}, "9": {"path": [[41.306027, -72.870187], [41.306577, -72.871934], [41.307481, -72.872883]], "green": [[41.307391, -72.872946], [41.307403, -72.872962], [41.307414, -72.87297], [41.30744, -72.87298], [41.307467, -72.872985], [41.30748, -72.872983], [41.307492, -72.872978], [41.307519, -72.872964], [41.307545, -72.872948], [41.307557, -72.872938], [41.307567, -72.872925], [41.307574, -72.872912], [41.307581, -72.872897], [41.307584, -72.872881], [41.307584, -72.872864], [41.307581, -72.872847], [41.307573, -72.872834], [41.307564, -72.872822], [41.307553, -72.872812], [41.307541, -72.872807], [41.307528, -72.872806], [41.307515, -72.872805], [41.307489, -72.872796], [41.307449, -72.872795], [41.307435, -72.872798], [41.307423, -72.872803], [41.30741, -72.872809], [41.307399, -72.872816], [41.307389, -72.872826], [41.307377, -72.872858], [41.307374, -72.872878], [41.307374, -72.872897], [41.307381, -72.872931], [41.307391, -72.872946]]}, "10": {"path": [[41.30879, -72.872618], [41.309208, -72.871082]], "green": [[41.309114, -72.871177], [41.30912, -72.871206], [41.309135, -72.871238], [41.309155, -72.871262], [41.309181, -72.871268], [41.309207, -72.871272], [41.309232, -72.87126], [41.309251, -72.871234], [41.309269, -72.871209], [41.309281, -72.871177], [41.309292, -72.871143], [41.30931, -72.871083], [41.309316, -72.871045], [41.309314, -72.871012], [41.30931, -72.870975], [41.3093, -72.870952], [41.309287, -72.870929], [41.309264, -72.870915], [41.309237, -72.870907], [41.309212, -72.870905], [41.309185, -72.870905], [41.30916, -72.870917], [41.309139, -72.870939], [41.30912, -72.870966], [41.309114, -72.871], [41.309108, -72.871072], [41.30911, -72.871147], [41.309114, -72.871177]]}, "11": {"path": [[41.309635, -72.871493], [41.31007, -72.8696], [41.311292, -72.866939]], "green": [[41.311207, -72.866843], [41.311201, -72.866868], [41.311203, -72.866908], [41.311208, -72.866949], [41.311216, -72.866988], [41.311222, -72.867028], [41.311256, -72.867095], [41.311283, -72.867119], [41.311312, -72.867132], [41.311343, -72.867126], [41.311368, -72.867102], [41.311389, -72.867073], [41.311407, -72.866998], [41.311404, -72.866959], [41.311391, -72.866925], [41.311377, -72.86689], [41.311361, -72.866856], [41.311341, -72.866828], [41.311318, -72.866805], [41.311289, -72.866796], [41.311259, -72.866793], [41.311231, -72.866801], [41.311214, -72.866823], [41.311207, -72.866843]]}, "12": {"path": [[41.311559, -72.866564], [41.311304, -72.864382]], "green": [[41.31124, -72.864448], [41.311242, -72.864469], [41.311245, -72.864486], [41.31125, -72.864503], [41.311256, -72.864518], [41.311267, -72.864529], [41.311279, -72.864535], [41.311309, -72.864536], [41.311322, -72.864532], [41.311334, -72.864524], [41.311345, -72.864512], [41.311355, -72.864497], [41.31136, -72.864481], [41.311366, -72.864466], [41.311371, -72.864448], [41.311375, -72.864413], [41.311376, -72.864323], [41.311369, -72.864288], [41.311365, -72.864272], [41.311363, -72.864255], [41.311358, -72.864239], [41.311348, -72.864229], [41.311324, -72.864214], [41.311312, -72.864209], [41.311298, -72.864209], [41.311285, -72.864211], [41.311275, -72.864221], [41.311254, -72.864242], [41.311245, -72.864254], [41.31124, -72.864291], [41.311237, -72.864366], [41.311239, -72.864436], [41.31124, -72.864448]]}, "13": {"path": [[41.311299, -72.863896], [41.310144, -72.863745], [41.308857, -72.86236]],