{"holes": {"1": {"path": [[41.382215, -71.912514], [41.384773, -71.911272]], "green": [[41.384697, -71.911249], [41.384692, -71.911265], [41.384691, -71.911298], [41.384694, -71.911335], [41.384708, -71.911358], [41.384726, -71.911386], [41.384748, -71.911397], [41.384774, -71.911388], [41.3848, -71.911366], [41.384823, -71.911345], [41.384845, -71.91132], [41.384865, -71.911293], [41.384868, -71.91126], [41.384865, -71.91123], [41.384857, -71.911211], [41.384842, -71.911192], [41.384822, -71.911179], [41.384803, -71.911175], [41.384775, -71.911171], [41.384751, -71.911177], [41.38473, -71.911194], [41.384713, -71.911214], [41.384697, -71.911249]]}, "2": {"path": [[41.384561, -71.910981], [41.3823, -71.911832]], "green": [[41.382268, -71.911696], [41.382286, -71.911702], [41.382322, -71.911719], [41.382355, -71.911741], [41.382375, -71.911757], [41.38239, -71.911772], [41.382406, -71.911791], [41.382415, -71.911822], [41.382413, -71.911862], [41.382409, -71.911883], [41.382395, -71.911902], [41.382375, -71.911931], [41.382354, -71.911946], [41.382327, -71.911958], [41.382297, -71.911962], [41.382265, -71.91196], [41.382241, -71.911951], [41.382214, -71.911936], [41.382197, -71.911912], [41.382185, -71.911884], [41.382183, -71.91185], [41.382188, -71.911813], [41.382202, -71.911767], [41.38222, -71.911722], [41.382242, -71.911703], [41.382268, -71.911696]]}, "3": {"path": [[41.381611, -71.911702], [41.379018, -71.913245]], "green": [[41.378987, -71.913123], [41.379022, -71.913118], [41.379065, -71.913133], [41.379086, -71.913158], [41.379106, -71.913184], [41.37912, -71.913216], [41.379127, -71.913258], [41.379122, -71.913308], [41.379103, -71.91335], [41.379081, -71.913376], [41.379052, -71.913387], [41.379019, -71.913391], [41.378998, -71.913382], [41.378971, -71.913366], [41.378952, -71.913335], [41.378929, -71.913289], [41.378921, -71.913247], [41.378917, -71.913211], [41.37892, -71.913172], [41.378943, -71.913145], [41.378966, -71.913128], [41.378987, -71.913123]]}, "4": {"path": [[41.37898, -71.913683], [41.377485, -71.914186], [41.376947, -71.914611]], "green": [[41.37693, -71.914511], [41.376967, -71.914504], [41.376992, -71.914519], [41.377021, -71.914562], [41.377032, -71.914621], [41.377029, -71.914685], [41.376997, -71.914721], [41.376952, -71.914743], [41.376906, -71.91473], [41.376877, -71.914687], [41.376858, -71.914641], [41.376869, -71.914585], [41.376895, -71.914536], [41.37693, -71.914511]]}, "5": {"path": [[41.376302, -71.914276], [41.377229, -71.913343], [41.377588, -71.912192]], "green": [[41.377624, -71.91208], [41.377637, -71.912098], [41.377649, -71.912114], [41.377654, -71.912148], [41.377646, -71.912204], [41.377635, -71.91225], [41.37762, -71.912284], [41.3776, -71.912318], [41.377582, -71.912343], [41.377557, -71.91235], [41.377529, -71.912343], [41.377509, -71.912308], [41.377507, -71.912254], [41.377518, -71.912175], [41.377535, -71.912108], [41.377556, -71.912064], [41.377583, -71.912055], [41.377612, -71.912063], [41.377624, -71.91208]]}, "6": {"path": [[41.378461, -71.910383], [41.379125, -71.90889]], "green": [[41.379208, -71.908846], [41.379207, -71.908873], [41.379204, -71.908904], [41.379194, -71.908928], [41.37918, -71.908952], [41.379165, -71.908977], [41.379148, -71.908996], [41.379122, -71.909017], [41.379095, -71.909024], [41.379078, -71.90901], [41.379055, -71.908989], [41.379038, -71.908965], [41.379033, -71.908931], [41.37903, -71.908897], [41.379032, -71.908859], [41.37904, -71.908835], [41.37906, -71.908803], [41.379086, -71.908779], [41.379114, -71.908772], [41.379137, -71.908771], [41.379171, -71.908777], [41.379193, -71.908797], [41.379204, -71.908818], [41.379208, -71.908846]]}, "7": {"path": [[41.380333, -71.909317], [41.379782, -71.911418], [41.378677, -71.912117]], "green": [[41.378609, -71.912034], [41.378649, -71.912024], [41.378698, -71.912018], [41.378751, -71.912013], [41.378805, -71.912029], [41.378827, -71.912074], [41.378816, -71.912163], [41.378793, -71.912204], [41.378758, -71.912226], [41.378691, -71.912244], [41.378599, -71.912248], [41.378566, -71.912221], [41.378544, -71.912181], [41.378552, -71.912104], [41.378568, -71.912057], [41.378609, -71.912034]]}, "8": {"path": [[41.378664, -71.912954], [41.380304, -71.911664], [41.380768, -71.910553]], "green": [[41.38072, -71.910463], [41.380742, -71.910441], [41.380771, -71.910421], [41.380799, -71.910429], [41.380814, -71.910452], [41.38083, -71.910483], [41.380847, -71.910516], [41.380854, -71.910567], [41.380844, -71.9106], [41.380831, -71.910629], [41.380814, -71.910658], [41.380795, -71.91067], [41.380764, -71.910684], [41.380731, -71.910679], [41.380707, -71.91065], [41.380695, -71.910618], [41.380685, -71.910586], [41.380692, -71.910543], [41.380704, -71.910503], [41.38072, -71.910463]]}, "9": {"path": [[41.380833, -71.90959], [41.38143, -71.911402]], "green": [[41.381425, -71.911268], [41.38145, -71.911265], [41.381484, -71.911279], [41.381514, -71.911301], [41.381527, -71.911334], [41.381531, -71.911383], [41.38152, -71.911426], [41.381513, -71.911464], [41.381496, -71.911501], [41.381467, -71.911518], [41.381436, -71.911528], [41.3814, -71.911532], [41.381379, -71.911519], [41.381366, -71.911502], [41.381347, -71.911484], [41.381335, -71.911455], [41.381331, -71.911415], [41.381341, -71.911383], [41.381352, -71.911332], [41.381384, -71.911294], [41.381425, -71.911268]]}, "10": {"path": [[41.381827, -71.912682], [41.379769, -71.913751]], "green": [[41.379752, -71.913631], [41.379798, -71.913616], [41.379825, -71.913625], [41.379862, -71.91365], [41.379875, -71.913674], [41.379894, -71.913723], [41.379894, -71.913757], [41.379883, -71.913802], [41.379859, -71.913831], [41.379822, -71.913863], [41.379782, -71.913887], [41.379737, -71.913904], [41.379701, -71.913893], [41.379661, -71.913863], [41.379642, -71.913836], [41.379627, -71.913768], [41.379638, -71.913725], [41.379675, -71.913684], [41.37971, -71.913652], [41.379752, -71.913631]]}, "11": {"path": [[41.379283, -71.914137], [41.376674, -71.915449]], "green": [[41.376679, -71.915342], [41.376704, -71.915342], [41.376729, -71.915356], [41.376749, -71.915385], [41.376764, -71.91541], [41.376772, -71.915436], [41.376771, -71.915471], [41.376764, -71.915494], [41.376749, -71.915515], [41.376719, -71.915534], [41.376689, -71.915547], [41.376668, -71.915558], [41.376636, -71.915566], [41.376609, -71.915564], [41.376594, -71.915548], [41.376583, -71.915516], [41.37658, -71.915477], [41.376587, -71.91544], [41.376596, -71.915401], [41.376608, -71.915385], [41.376626, -71.915362], [41.376654, -71.915346], [41.376679, -71.915342]]}, "12": {"path": [[41.378141, -71.916453], [41.379041, -71.916158]], "green": [[41.379016, -71.916063], [41.379038, -71.916057], [41.379064, -71.916057], [41.37909, -71.916066], [41.379115, -71.916091], [41.379129, -71.916115], [41.379137, -71.916139], [41.379138, -71.916164], [41.379128, -71.916202], [41.379118, -71.916231], [41.379102, -71.916253], [41.379082, -71.916267], [41.379059, -71.916276], [41.379034, -71.916276], [41.379012, -71.916265], [41.378995, -71.916248], [41.378974, -71.916227], [41.378957, -71.916205], [41.378949, -71.916178], [41.378953, -71.916145], [41.378965, -71.916112], [41.378976, -71.916095], [41.378986, -71.916081], [41.378999, -71.916069], [41.379016, -71.916063]]}, "13": {"path": [[41.379421, -71.916149], [41.379794, -71.914272], [41.381735, -71.914528]], "green": [[41.381667, -71.914492], [41.381683, -71.914474], [41.3817, -71.91445], [41.38172, -71.914422], [41.381737, -71.914412], [41.381763, -71.914408], [41.381786, -71.914407], [41.381813, -71.914418], [41.381838, -71.914459], [41.381854, -71.914502], [41.381845, -71.914566], [41.38182, -71.91462], [41.381786, -71.914637], [41.381764, -71.914649], [41.381731, -71.91466], [41.381702, -71.914654], [41.38168, -71.914639], [41.381661, -71.914621], [41.381649, -71.914586], [41.381645, -71.914541], [41.381651, -71.914517], [41.381667, -71.914492]]},