{"holes": {"2": {"path": [[41.597844, -72.592879], [41.596811, -72.591792]], "green": [[41.596922, -72.591896], [41.596897, -72.591905], [41.596878, -72.591906], [41.596852, -72.591905], [41.596824, -72.591899], [41.596784, -72.591889], [41.596755, -72.59188], [41.596726, -72.591864], [41.596704, -72.591845], [41.596684, -72.591826], [41.596672, -72.591807], [41.596669, -72.591789], [41.596669, -72.591771], [41.596672, -72.591751], [41.59668, -72.591729], [41.596696, -72.591704], [41.596713, -72.591685], [41.596733, -72.59167], [41.596752, -72.591665], [41.596767, -72.591662], [41.596791, -72.591661], [41.596812, -72.591669], [41.596842, -72.591682], [41.596871, -72.591705], [41.596892, -72.591723], [41.596919, -72.591748], [41.596935, -72.59177], [41.596947, -72.591799], [41.596952, -72.591829], [41.59695, -72.591855], [41.596945, -72.591875], [41.596933, -72.59189], [41.596922, -72.591896]]}, "3": {"path": [[41.595283, -72.590283], [41.597461, -72.591503], [41.598053, -72.592366]], "green": [[41.598124, -72.592538], [41.598105, -72.592547], [41.598087, -72.59255], [41.598074, -72.592549], [41.598055, -72.592546], [41.598032, -72.592536], [41.598011, -72.592518], [41.597996, -72.592501], [41.597983, -72.59248], [41.597971, -72.592441], [41.597952, -72.592389], [41.597932, -72.592321], [41.597928, -72.592291], [41.597929, -72.592271], [41.597935, -72.592248], [41.597949, -72.592219], [41.597959, -72.592204], [41.597976, -72.592183], [41.597991, -72.592173], [41.59801, -72.592168], [41.598028, -72.592168], [41.598047, -72.592176], [41.598064, -72.592191], [41.598071, -72.592201], [41.598082, -72.592225], [41.598086, -72.592237], [41.598095, -72.592274], [41.598106, -72.592311], [41.598116, -72.592334], [41.598126, -72.592352], [41.598143, -72.592385], [41.598153, -72.59241], [41.598161, -72.592437], [41.598162, -72.592466], [41.598155, -72.5925], [41.598147, -72.592514], [41.598137, -72.592529], [41.598124, -72.592538]]}, "4": {"path": [[41.598149, -72.591144], [41.596658, -72.589594], [41.59489, -72.588853]], "green": [[41.595005, -72.588931], [41.594994, -72.588958], [41.594982, -72.588979], [41.594972, -72.588989], [41.594961, -72.588995], [41.594947, -72.589001], [41.59493, -72.589005], [41.594914, -72.589003], [41.594893, -72.588998], [41.594871, -72.588993], [41.594843, -72.588982], [41.594814, -72.588962], [41.594785, -72.58894], [41.594774, -72.588926], [41.59476, -72.588908], [41.594751, -72.588879], [41.594749, -72.588868], [41.594747, -72.588843], [41.594749, -72.58882], [41.594754, -72.588796], [41.594764, -72.588774], [41.594772, -72.588753], [41.594791, -72.588735], [41.594808, -72.588722], [41.59482, -72.588716], [41.594839, -72.588707], [41.59486, -72.588703], [41.594879, -72.588704], [41.594911, -72.588708], [41.59495, -72.588721], [41.594965, -72.58873], [41.594978, -72.588742], [41.594989, -72.588751], [41.595004, -72.588769], [41.595011, -72.588786], [41.595016, -72.588802], [41.595019, -72.588828], [41.59502, -72.588851], [41.595016, -72.588893], [41.595005, -72.588931]]}, "5": {"path": [[41.594435, -72.589311], [41.592869, -72.587539], [41.591921, -72.587312]], "green": [[41.592023, -72.587253], [41.591974, -72.587201], [41.59195, -72.587182], [41.591933, -72.587174], [41.591916, -72.587171], [41.591891, -72.58717], [41.591868, -72.587171], [41.591844, -72.587182], [41.591821, -72.587202], [41.591808, -72.58722], [41.591794, -72.587245], [41.591787, -72.587273], [41.591788, -72.587293], [41.59179, -72.58732], [41.591799, -72.587352], [41.591812, -72.587373], [41.591831, -72.587389], [41.591837, -72.587393], [41.591862, -72.5874], [41.591894, -72.587408], [41.5919, -72.58741], [41.591922, -72.587416], [41.591943, -72.587424], [41.59196, -72.587428], [41.591979, -72.587428], [41.591995, -72.587426], [41.592017, -72.58742], [41.592031, -72.587406], [41.592042, -72.587387], [41.592047, -72.587365], [41.592049, -72.58733], [41.592045, -72.587301], [41.59204, -72.587282], [41.592034, -72.587268], [41.592023, -72.587253]]}, "6": {"path": [[41.588125, -72.587572], [41.592099, -72.588245]], "green": [[41.592144, -72.588348], [41.592056, -72.58834], [41.592032, -72.588333], [41.592016, -72.588327], [41.591996, -72.588314], [41.591985, -72.588301], [41.591975, -72.588287], [41.591964, -72.588268], [41.591961, -72.588248], [41.591961, -72.588226], [41.591964, -72.588209], [41.591975, -72.588189], [41.591984, -72.588174], [41.592, -72.588158], [41.592013, -72.58815], [41.592032, -72.588144], [41.592039, -72.588144], [41.592075, -72.588138], [41.592117, -72.588138], [41.592173, -72.588147], [41.592207, -72.588159], [41.592225, -72.588175], [41.592234, -72.588189], [41.592242, -72.588208], [41.592246, -72.588228], [41.592248, -72.588259], [41.592244, -72.588281], [41.592228, -72.588314], [41.592218, -72.588327], [41.592206, -72.588336], [41.592183, -72.588345], [41.592166, -72.588348], [41.592144, -72.588348]]}, "7": {"path": [[41.592357, -72.589329], [41.59041, -72.588765], [41.589545, -72.588772]], "green": [[41.589633, -72.588708], [41.589639, -72.588719], [41.589644, -72.58873], [41.589647, -72.588746], [41.589649, -72.588766], [41.589649, -72.588785], [41.589646, -72.5888], [41.58964, -72.588818], [41.589629, -72.588837], [41.589618, -72.588851], [41.589605, -72.588863], [41.589591, -72.588872], [41.589579, -72.588876], [41.589565, -72.588879], [41.589552, -72.588881], [41.589531, -72.588883], [41.589516, -72.588884], [41.589505, -72.588879], [41.5895, -72.588877], [41.589483, -72.588864], [41.589465, -72.588846], [41.589453, -72.588827], [41.589449, -72.588812], [41.589446, -72.588795], [41.589445, -72.58878], [41.589446, -72.588765], [41.589447, -72.588748], [41.589449, -72.588734], [41.589451, -72.588724], [41.589453, -72.588722], [41.589461, -72.588709], [41.58947, -72.588696], [41.589477, -72.588688], [41.589486, -72.588683], [41.589494, -72.58868], [41.589506, -72.588678], [41.589561, -72.588672], [41.589584, -72.588673], [41.589593, -72.588676], [41.589607, -72.588682], [41.589615, -72.588687], [41.58962, -72.588692], [41.589633, -72.588708]]}, "8": {"path": [[41.589713, -72.589502], [41.591806, -72.589652], [41.592721, -72.590301]], "green": [[41.592796, -72.590373], [41.592703, -72.590394], [41.592678, -72.590398], [41.592655, -72.590392], [41.592637, -72.590381], [41.592622, -72.590367], [41.592612, -72.590347], [41.592607, -72.590334], [41.592605, -72.590308], [41.592608, -72.590285], [41.592615, -72.590263], [41.592623, -72.590252], [41.592629, -72.590246], [41.592637, -72.59024], [41.59266, -72.590228], [41.592692, -72.59022], [41.592717, -72.590215], [41.592747, -72.590216], [41.592779, -72.59022], [41.592797, -72.590228], [41.592812, -72.590241], [41.592823, -72.590255], [41.59283, -72.590272], [41.592832, -72.590285], [41.592833, -72.590303], [41.59283, -72.59032], [41.592822, -72.590343], [41.592812, -72.59036], [41.592808, -72.590366], [41.592796, -72.590373]]}, "9": {"path": [[41.592775, -72.590634], [41.594366, -72.590629]], "green": [[41.594461, -72.59067], [41.594437, -72.590699], [41.594419, -72.59071], [41.594404, -72.590717], [41.59437, -72.590726], [41.594337, -72.590733], [41.594313, -72.590733], [41.594293, -72.590725], [41.594277, -72.590713], [41.594261, -72.590696], [41.594253, -72.590678], [41.594248, -72.590651], [41.594249, -72.59064], [41.594252, -72.590611], [41.594256, -72.590605], [41.594266, -72.590585], [41.594274, -72.59057], [41.594288, -72.590556], [41.594299, -72.590548], [41.594324, -72.590536], [41.594378, -72.590528], [41.59444, -72.590525], [41.594454, -72.590528], [41.594464, -72.590538], [41.594474, -72.590552], [41.594482, -72.590571], [41.594485, -72.590592], [41.594484, -72.590612], [41.594479, -72.590634], [41.59447, -72.590654], [41.594461, -72.59067]]}, "10": {"path": [[41.594614, -72.59105], [41.596008, -72.592724], [41.59676, -72.593227]],