{"holes": {"1": {"path": [[42.892253, -73.20729], [42.894185, -73.211507]], "green": [[42.894247, -73.211395], [42.89426, -73.211427], [42.894272, -73.211459], [42.89428, -73.2115], [42.894282, -73.211528], [42.894281, -73.211556], [42.894274, -73.21161], [42.894269, -73.211627], [42.894256, -73.211653], [42.894238, -73.211671], [42.894215, -73.211683], [42.89419, -73.211685], [42.894169, -73.21168], [42.89415, -73.211665], [42.89413, -73.211642], [42.894113, -73.211608], [42.894099, -73.211582], [42.894085, -73.211552], [42.89407, -73.211513], [42.894066, -73.211479], [42.894069, -73.211437], [42.894084, -73.211397], [42.894101, -73.21137], [42.894124, -73.21135], [42.89415, -73.211341], [42.894177, -73.211338], [42.894202, -73.211343], [42.894225, -73.211356], [42.894238, -73.211372], [42.894247, -73.211395]]}, "2": {"path": [[42.894351, -73.211965], [42.895297, -73.213683]], "green": [[42.895326, -73.213564], [42.895359, -73.213651], [42.895374, -73.213701], [42.895378, -73.213722], [42.89538, -73.213754], [42.895378, -73.213792], [42.895372, -73.213816], [42.895357, -73.213833], [42.895337, -73.213842], [42.895313, -73.213835], [42.895284, -73.213821], [42.895266, -73.213803], [42.895249, -73.213778], [42.895239, -73.21375], [42.895227, -73.213707], [42.895218, -73.213656], [42.895214, -73.213619], [42.895216, -73.213588], [42.895223, -73.213574], [42.895236, -73.213556], [42.895266, -73.213534], [42.895282, -73.213535], [42.895299, -73.213538], [42.89531, -73.213545], [42.895326, -73.213564]]}, "3": {"path": [[42.895057, -73.212848], [42.894984, -73.209667], [42.894706, -73.207346]], "green": [[42.894779, -73.207364], [42.894763, -73.20739], [42.894751, -73.207412], [42.894742, -73.207446], [42.894728, -73.207478], [42.894713, -73.207504], [42.894699, -73.207515], [42.89468, -73.207518], [42.894664, -73.207515], [42.894644, -73.207502], [42.894629, -73.20748], [42.894619, -73.207457], [42.894616, -73.207431], [42.894614, -73.207388], [42.894616, -73.207348], [42.89462, -73.207309], [42.894627, -73.207269], [42.894641, -73.207234], [42.894655, -73.207206], [42.894668, -73.207193], [42.894689, -73.207183], [42.894709, -73.207182], [42.894736, -73.207184], [42.894756, -73.207198], [42.894774, -73.207218], [42.894788, -73.20724], [42.894794, -73.207259], [42.894801, -73.207297], [42.894799, -73.207318], [42.894792, -73.207337], [42.894779, -73.207364]]}, "4": {"path": [[42.894986, -73.207408], [42.894331, -73.206418]], "green": [[42.894413, -73.206427], [42.894407, -73.206409], [42.894394, -73.206395], [42.894381, -73.206389], [42.894362, -73.206384], [42.894345, -73.206375], [42.894326, -73.206358], [42.894316, -73.206347], [42.894301, -73.206333], [42.89429, -73.206329], [42.894275, -73.206332], [42.894261, -73.206341], [42.894246, -73.206366], [42.894243, -73.206379], [42.894243, -73.206401], [42.894245, -73.20642], [42.894257, -73.206442], [42.894276, -73.20646], [42.89429, -73.206471], [42.894314, -73.206494], [42.894336, -73.20651], [42.894352, -73.206512], [42.894373, -73.206507], [42.894385, -73.206498], [42.894397, -73.206483], [42.894405, -73.206465], [42.894412, -73.206448], [42.894413, -73.206427]]}, "5": {"path": [[42.893823, -73.206408], [42.891593, -73.206609], [42.890044, -73.20744], [42.889582, -73.207965]], "green": [[42.889682, -73.207959], [42.889666, -73.207992], [42.889651, -73.208005], [42.889598, -73.20806], [42.889581, -73.208073], [42.889567, -73.208081], [42.889552, -73.208085], [42.889541, -73.208086], [42.889521, -73.208084], [42.889505, -73.208074], [42.889494, -73.208059], [42.889482, -73.208034], [42.889476, -73.208012], [42.889475, -73.207987], [42.889478, -73.207961], [42.889485, -73.207938], [42.889496, -73.207915], [42.889507, -73.207902], [42.889523, -73.207893], [42.889601, -73.207836], [42.889633, -73.207818], [42.889654, -73.207821], [42.889675, -73.207835], [42.889684, -73.20785], [42.889691, -73.207874], [42.889696, -73.207898], [42.889695, -73.207922], [42.889682, -73.207959]]}, "6": {"path": [[42.889407, -73.208409], [42.8905, -73.211271], [42.89117, -73.21212]], "green": [[42.891151, -73.212016], [42.891179, -73.212024], [42.891206, -73.212037], [42.89123, -73.212059], [42.89125, -73.212081], [42.891261, -73.212107], [42.891265, -73.212132], [42.891261, -73.212163], [42.891255, -73.212191], [42.89124, -73.212215], [42.891227, -73.212228], [42.891207, -73.212239], [42.891191, -73.212239], [42.891169, -73.212226], [42.891144, -73.212207], [42.891121, -73.212185], [42.891097, -73.21216], [42.891087, -73.212146], [42.891079, -73.212121], [42.891077, -73.212087], [42.891082, -73.212064], [42.891095, -73.212029], [42.891111, -73.212012], [42.891122, -73.212007], [42.891151, -73.212016]]}, "7": {"path": [[42.891439, -73.212349], [42.892316, -73.215353], [42.892437, -73.216028]], "green": [[42.892534, -73.215987], [42.89236, -73.215901], [42.892328, -73.215895], [42.89231, -73.215907], [42.8923, -73.21593], [42.892301, -73.215962], [42.892323, -73.216011], [42.892372, -73.216108], [42.892409, -73.216127], [42.892454, -73.21614], [42.89249, -73.21614], [42.892515, -73.216131], [42.892539, -73.216104], [42.892552, -73.216078], [42.892557, -73.216046], [42.892556, -73.216018], [42.892534, -73.215987]]}, "8": {"path": [[42.893771, -73.216416], [42.891909, -73.212739]], "green": [[42.891973, -73.212679], [42.891971, -73.21275], [42.891964, -73.212821], [42.891954, -73.212851], [42.891938, -73.212874], [42.891927, -73.212884], [42.8919, -73.212884], [42.89188, -73.212879], [42.891859, -73.212868], [42.891843, -73.212848], [42.891834, -73.212817], [42.891831, -73.212776], [42.891836, -73.212737], [42.891847, -73.212685], [42.891858, -73.21266], [42.891872, -73.212638], [42.891893, -73.212612], [42.891914, -73.212599], [42.891941, -73.212596], [42.89196, -73.212608], [42.891968, -73.212619], [42.891972, -73.212636], [42.891973, -73.212679]]}, "9": {"path": [[42.891701, -73.212578], [42.891223, -73.209575], [42.891043, -73.209082]], "green": [[42.891113, -73.209111], [42.891089, -73.208987], [42.891082, -73.208963], [42.891064, -73.208944], [42.891047, -73.208929], [42.891019, -73.20892], [42.891, -73.208922], [42.89098, -73.208938], [42.890961, -73.208969], [42.89095, -73.208998], [42.890948, -73.209026], [42.890973, -73.209152], [42.890987, -73.209194], [42.891, -73.209216], [42.891018, -73.209228], [42.891042, -73.209229], [42.891072, -73.209215], [42.891089, -73.209199], [42.891101, -73.209183], [42.891108, -73.209168], [42.891112, -73.209153], [42.891115, -73.20913], [42.891113, -73.209111]]}, "10": {"path": [[42.891271, -73.208773], [42.892119, -73.211378], [42.892278, -73.212365]], "green": [[42.892333, -73.212294], [42.892345, -73.212388], [42.892346, -73.21246], [42.892339, -73.212497], [42.892327, -73.212528], [42.892314, -73.212551], [42.892299, -73.212565], [42.892278, -73.212569], [42.892261, -73.212561], [42.892245, -73.212533], [42.89223, -73.212486], [42.892215, -73.212405], [42.892205, -73.212356], [42.892201, -73.212307], [42.892203, -73.212254], [42.892213, -73.21221], [42.892228, -73.212182], [42.892256, -73.212164], [42.89228, -73.212164], [42.892303, -73.212179], [42.892316, -73.212205], [42.892325, -73.212238], [42.892333, -73.212294]]}, "11": {"path": [[42.892514, -73.213056], [42.893813, -73.215213], [42.894886, -73.215362]], "green": [[42.89499, -73.215415], [42.894967, -73.215441], [42.894942, -73.215459], [42.894912, -73.215472], [42.894888, -73.215478], [42.894858, -73.215476], [42.894835, -73.215465], [42.894816, -73.215456], [42.894786, -73.215427], [42.894767, -73.215407], [42.894752, -73.215371], [42.894747, -73.215344], [42.894752, -73.215304], [42.894769, -73.215272], [42.894795, -73.215248], [42.894833, -73.215234], [42.894882, -73.21523], [42.89493, -73.215238], [42.894959, -73.215257], [42.894978, -73.215278], [42.894992, -73.215302], [42.894998, -73.21533], [42.895001, -73.215359], [42.894999, -73.215384], [42.89499, -73.215415]]},