{"holes": {"1": {"path": [[44.932496, -72.193131], [44.931405, -72.190216], [44.930675, -72.189266]], "green": [[44.930794, -72.189246], [44.930777, -72.189211], [44.930727, -72.189161], [44.930657, -72.189131], [44.930622, -72.189131], [44.930591, -72.189147], [44.930569, -72.189173], [44.930546, -72.18923], [44.930546, -72.189266], [44.930555, -72.189298], [44.930571, -72.189331], [44.930596, -72.189358], [44.930629, -72.189381], [44.930698, -72.189397], [44.930763, -72.189382], [44.930784, -72.189356], [44.930799, -72.189324], [44.930801, -72.189284], [44.930794, -72.189246]]}, "2": {"path": [[44.930725, -72.19029], [44.929518, -72.188692]], "green": [[44.929619, -72.188694], [44.929607, -72.18865], [44.929584, -72.18861], [44.929555, -72.188581], [44.929527, -72.188564], [44.929497, -72.188557], [44.929462, -72.18857], [44.929432, -72.188595], [44.929412, -72.188626], [44.929399, -72.188675], [44.929404, -72.188725], [44.929417, -72.188762], [44.929474, -72.188822], [44.929504, -72.188836], [44.92954, -72.188833], [44.929571, -72.188821], [44.929599, -72.18879], [44.929618, -72.188737], [44.929619, -72.188694]]}, "3": {"path": [[44.928407, -72.189567], [44.930411, -72.191366], [44.930785, -72.192296]], "green": [[44.930942, -72.192319], [44.930935, -72.19228], [44.930879, -72.192201], [44.930837, -72.192171], [44.930795, -72.192159], [44.930766, -72.192166], [44.930746, -72.192171], [44.930732, -72.19218], [44.930713, -72.192194], [44.9307, -72.192212], [44.930689, -72.192228], [44.930686, -72.192246], [44.930683, -72.192269], [44.930686, -72.192286], [44.93069, -72.192322], [44.93072, -72.192375], [44.930735, -72.192399], [44.930742, -72.192406], [44.930768, -72.192428], [44.930806, -72.192447], [44.930837, -72.192459], [44.930879, -72.192463], [44.930935, -72.192411], [44.930942, -72.192319]]}, "4": {"path": [[44.930385, -72.192376], [44.92875, -72.190845], [44.926605, -72.189925]], "green": [[44.926697, -72.189914], [44.926693, -72.189877], [44.926684, -72.189837], [44.926669, -72.189812], [44.926645, -72.189787], [44.926625, -72.189776], [44.926601, -72.189772], [44.926574, -72.189777], [44.926537, -72.189817], [44.926513, -72.189875], [44.926505, -72.189927], [44.926505, -72.189962], [44.926512, -72.190003], [44.926524, -72.190034], [44.92654, -72.190059], [44.926562, -72.190073], [44.926586, -72.190077], [44.926615, -72.190069], [44.926659, -72.190032], [44.926674, -72.19001], [44.926694, -72.189944], [44.926697, -72.189914]]}, "5": {"path": [[44.926275, -72.189588], [44.925686, -72.191742], [44.926053, -72.19308]], "green": [[44.926133, -72.193051], [44.926105, -72.192977], [44.926087, -72.192948], [44.926062, -72.192928], [44.926039, -72.192919], [44.92601, -72.192923], [44.925964, -72.19296], [44.925947, -72.192994], [44.925945, -72.193027], [44.925952, -72.193067], [44.925981, -72.193155], [44.925998, -72.193187], [44.926019, -72.193216], [44.926046, -72.193231], [44.926074, -72.193229], [44.926094, -72.19322], [44.926115, -72.193201], [44.926129, -72.193177], [44.926137, -72.193143], [44.926138, -72.193079], [44.926133, -72.193051]]}, "6": {"path": [[44.926667, -72.192972], [44.92622, -72.191196]], "green": [[44.926305, -72.191186], [44.926293, -72.191147], [44.926276, -72.191112], [44.926216, -72.191056], [44.926187, -72.191049], [44.926158, -72.191062], [44.926138, -72.191078], [44.926119, -72.191112], [44.926115, -72.191149], [44.926121, -72.191192], [44.926156, -72.191277], [44.926181, -72.191306], [44.926213, -72.191327], [44.926239, -72.191332], [44.926264, -72.191326], [44.926285, -72.191306], [44.9263, -72.19128], [44.926309, -72.191237], [44.926305, -72.191186]]}, "7": {"path": [[44.926227, -72.190462], [44.929432, -72.191952]], "green": [[44.929531, -72.191924], [44.929513, -72.191883], [44.929494, -72.191855], [44.929457, -72.191829], [44.929431, -72.19182], [44.929406, -72.191818], [44.929357, -72.191833], [44.929333, -72.191853], [44.929308, -72.191907], [44.929304, -72.191938], [44.929307, -72.191973], [44.929332, -72.192046], [44.929353, -72.192075], [44.929401, -72.192114], [44.929463, -72.192114], [44.929512, -72.19208], [44.92953, -72.192054], [44.929544, -72.192018], [44.929543, -72.191975], [44.929531, -72.191924]]}, "9": {"path": [[44.927285, -72.193184], [44.929653, -72.193139], [44.931414, -72.192874]], "green": [[44.931484, -72.192805], [44.931466, -72.19278], [44.931431, -72.192757], [44.931404, -72.192748], [44.931364, -72.192755], [44.931331, -72.192769], [44.931311, -72.192796], [44.931301, -72.19283], [44.931306, -72.192921], [44.931319, -72.19297], [44.931337, -72.192996], [44.931363, -72.193015], [44.931412, -72.193026], [44.931466, -72.192997], [44.931491, -72.192968], [44.931503, -72.192934], [44.931508, -72.192899], [44.931506, -72.192867], [44.931499, -72.192835], [44.931484, -72.192805]]}, "10": {"path": [[44.932339, -72.193364], [44.93094, -72.191327], [44.92988, -72.189939], [44.929368, -72.189432]], "green": [[44.929439, -72.189305], [44.929373, -72.189271], [44.929345, -72.189267], [44.929315, -72.189275], [44.929283, -72.189297], [44.929258, -72.189341], [44.929245, -72.18938], [44.929238, -72.189421], [44.929245, -72.18947], [44.929257, -72.189504], [44.929274, -72.189536], [44.929298, -72.189562], [44.929377, -72.189604], [44.929403, -72.189601], [44.929426, -72.189591], [44.929451, -72.189573], [44.929477, -72.189539], [44.929493, -72.189502], [44.929497, -72.189423], [44.92949, -72.189388], [44.929475, -72.189356], [44.929439, -72.189305]]}, "11": {"path": [[44.929765, -72.187556], [44.927738, -72.189309], [44.926674, -72.189375]], "green": [[44.92677, -72.189282], [44.926744, -72.189258], [44.926703, -72.189244], [44.926647, -72.189239], [44.926602, -72.18925], [44.926569, -72.189274], [44.926545, -72.189306], [44.926535, -72.189358], [44.926537, -72.189398], [44.926553, -72.18945], [44.926573, -72.189478], [44.92661, -72.189504], [44.926649, -72.189519], [44.926688, -72.189522], [44.92673, -72.189509], [44.926764, -72.189476], [44.926784, -72.189443], [44.926793, -72.189404], [44.926794, -72.189358], [44.926787, -72.18932], [44.92677, -72.189282]]}, "12": {"path": [[44.926246, -72.189533], [44.923507, -72.191952]], "green": [[44.923389, -72.19193], [44.923383, -72.191979], [44.923397, -72.192029], [44.923414, -72.192062], [44.92344, -72.192088], [44.923493, -72.192106], [44.923514, -72.192103], [44.923554, -72.192075], [44.923583, -72.192038], [44.923598, -72.192004], [44.923609, -72.191963], [44.923614, -72.191921], [44.923612, -72.191887], [44.923607, -72.191862], [44.923588, -72.191826], [44.923544, -72.191789], [44.923516, -72.191787], [44.923467, -72.191806], [44.92342, -72.191857], [44.923389, -72.19193]]}, "13": {"path": [[44.923363, -72.192208], [44.92218, -72.192818]], "green": [[44.92224, -72.192711], [44.922206, -72.192698], [44.922143, -72.192711], [44.922112, -72.19273], [44.922086, -72.192768], [44.92207, -72.192815], [44.922066, -72.192854], [44.922069, -72.192894], [44.92208, -72.192927], [44.922102, -72.192956], [44.922125, -72.192974], [44.922186, -72.192975], [44.922233, -72.192938], [44.922274, -72.192862], [44.922283, -72.192827], [44.922285, -72.192789], [44.92228, -72.192765], [44.922266, -72.192733], [44.922252, -72.192719], [44.92224, -72.192711]]}, "14": {"path": [[44.921964, -72.193533], [44.925004, -72.19165]], "green": [[44.925101, -72.19154], [44.925056, -72.191507], [44.925006, -72.1915], [44.924947, -72.191525], [44.924913, -72.191556], [44.924882, -72.191615], [44.924875, -72.191675], [44.924881, -72.191734], [44.924908, -72.191774], [44.92494, -72.191795], [44.924984, -72.191808], [44.92502, -72.191802], [44.925087, -72.191748], [44.925113, -72.191702], [44.925126, -72.191644], [44.925122, -72.191592], [44.925101, -72.19154]]}, "15": {"path": [[44.925179, -72.192331], [44.925823, -72.194692], [44.925192, -72.196496]],