{"holes": {"1": {"path": [[42.303512, -83.72477], [42.305274, -83.723352], [42.307549, -83.722445]], "green": [[42.307523, -83.722519], [42.30754, -83.722536], [42.307554, -83.722551], [42.307572, -83.722567], [42.307596, -83.722577], [42.307621, -83.722577], [42.307646, -83.72257], [42.307658, -83.722554], [42.307664, -83.722539], [42.307669, -83.72252], [42.307668, -83.722488], [42.307662, -83.722468], [42.307648, -83.722442], [42.307637, -83.722426], [42.307619, -83.722402], [42.30761, -83.722391], [42.307602, -83.722382], [42.307594, -83.722373], [42.307587, -83.722368], [42.307577, -83.722363], [42.307566, -83.722357], [42.307555, -83.722351], [42.307547, -83.72235], [42.307527, -83.722348], [42.307516, -83.722349], [42.307497, -83.722351], [42.30748, -83.722354], [42.307471, -83.722358], [42.307458, -83.722368], [42.30745, -83.722384], [42.307449, -83.7224], [42.307448, -83.722414], [42.30745, -83.722428], [42.307453, -83.722441], [42.307458, -83.722449], [42.307465, -83.722463], [42.307475, -83.722475], [42.307486, -83.722485], [42.307493, -83.72249], [42.307509, -83.722506], [42.307523, -83.722519]]}, "2": {"path": [[42.307662, -83.721384], [42.306158, -83.721963]], "green": [[42.306067, -83.72206], [42.306077, -83.722083], [42.306093, -83.722101], [42.306111, -83.722111], [42.30613, -83.722118], [42.306146, -83.722121], [42.306163, -83.722119], [42.306177, -83.722112], [42.306199, -83.722099], [42.306215, -83.722083], [42.306233, -83.722067], [42.30625, -83.722053], [42.306263, -83.722036], [42.306272, -83.72202], [42.306279, -83.722004], [42.306283, -83.721976], [42.306286, -83.721948], [42.306286, -83.721929], [42.306283, -83.721906], [42.306269, -83.721877], [42.306256, -83.721859], [42.30624, -83.721837], [42.306219, -83.721825], [42.306205, -83.721818], [42.306178, -83.721805], [42.306157, -83.721803], [42.306142, -83.721806], [42.306119, -83.721816], [42.306109, -83.721822], [42.306097, -83.721833], [42.306087, -83.721843], [42.306077, -83.721858], [42.306068, -83.721874], [42.306058, -83.721903], [42.306055, -83.721927], [42.306053, -83.721949], [42.306052, -83.721973], [42.306054, -83.721998], [42.306058, -83.722023], [42.306061, -83.722043], [42.306067, -83.72206]]}, "3": {"path": [[42.306115, -83.722484], [42.304288, -83.723041], [42.303451, -83.723904]], "green": [[42.303534, -83.723795], [42.303544, -83.723822], [42.303545, -83.723859], [42.303539, -83.723899], [42.303529, -83.723945], [42.30351, -83.723986], [42.303485, -83.724028], [42.303457, -83.72405], [42.30343, -83.72406], [42.303409, -83.724062], [42.30339, -83.724054], [42.303374, -83.72403], [42.303362, -83.724001], [42.303354, -83.723972], [42.303357, -83.723928], [42.303364, -83.723879], [42.303377, -83.723844], [42.303394, -83.723815], [42.303415, -83.723791], [42.30344, -83.723768], [42.303467, -83.723763], [42.303489, -83.723764], [42.303515, -83.723776], [42.303534, -83.723795]]}, "4": {"path": [[42.304138, -83.721844], [42.305824, -83.720156], [42.30783, -83.719913]], "green": [[42.307749, -83.71993], [42.307751, -83.71995], [42.307755, -83.71998], [42.307764, -83.72001], [42.307776, -83.720035], [42.307792, -83.720053], [42.307812, -83.720071], [42.307837, -83.72008], [42.307862, -83.720078], [42.307888, -83.72007], [42.307908, -83.720055], [42.307924, -83.720036], [42.307935, -83.720007], [42.307942, -83.719979], [42.307945, -83.719929], [42.307936, -83.719876], [42.307926, -83.719846], [42.307908, -83.719814], [42.307888, -83.719794], [42.30787, -83.719782], [42.30785, -83.719775], [42.307838, -83.719774], [42.307825, -83.719776], [42.307813, -83.71978], [42.307799, -83.719788], [42.307787, -83.719797], [42.307777, -83.719809], [42.307766, -83.719827], [42.30776, -83.719838], [42.307751, -83.719872], [42.30775, -83.71989], [42.307748, -83.719909], [42.307749, -83.71993]]}, "5": {"path": [[42.308183, -83.719455], [42.305815, -83.719366], [42.304861, -83.719567]], "green": [[42.304791, -83.719454], [42.304775, -83.719465], [42.304763, -83.719476], [42.304752, -83.719494], [42.304744, -83.719519], [42.30474, -83.719554], [42.304743, -83.71959], [42.304753, -83.719628], [42.304761, -83.719649], [42.304775, -83.719666], [42.304794, -83.719684], [42.304809, -83.719696], [42.304834, -83.719707], [42.30487, -83.719716], [42.304899, -83.719717], [42.304919, -83.719712], [42.304936, -83.719704], [42.30495, -83.719691], [42.304965, -83.719673], [42.304981, -83.719635], [42.304986, -83.719609], [42.304983, -83.719582], [42.304981, -83.719565], [42.30497, -83.719536], [42.304961, -83.719521], [42.304947, -83.719508], [42.304929, -83.719488], [42.304912, -83.719475], [42.304897, -83.719465], [42.304881, -83.719454], [42.304865, -83.719445], [42.304846, -83.719437], [42.304826, -83.719438], [42.304805, -83.719446], [42.304791, -83.719454]]}, "6": {"path": [[42.304723, -83.71872], [42.308201, -83.718335]], "green": [[42.30812, -83.718264], [42.308108, -83.7183], [42.308106, -83.718331], [42.308104, -83.718346], [42.308106, -83.718374], [42.30811, -83.718404], [42.308116, -83.718427], [42.308121, -83.718438], [42.308138, -83.718468], [42.308152, -83.718486], [42.308174, -83.718495], [42.308195, -83.718499], [42.308214, -83.718502], [42.308241, -83.718498], [42.308261, -83.718488], [42.30828, -83.718469], [42.308291, -83.718448], [42.308304, -83.718414], [42.308313, -83.718373], [42.308314, -83.718342], [42.308313, -83.718304], [42.308308, -83.718254], [42.3083, -83.718221], [42.308288, -83.718199], [42.30827, -83.718186], [42.308254, -83.718177], [42.308219, -83.718175], [42.308204, -83.718178], [42.308187, -83.71819], [42.308167, -83.718201], [42.308152, -83.718213], [42.308143, -83.718226], [42.308132, -83.718241], [42.30812, -83.718264]]}, "7": {"path": [[42.308798, -83.717317], [42.307585, -83.71763]], "green": [[42.307569, -83.717499], [42.307554, -83.717504], [42.307534, -83.717514], [42.307517, -83.717528], [42.307497, -83.717542], [42.307484, -83.717567], [42.307469, -83.717591], [42.307461, -83.717614], [42.30746, -83.717635], [42.307458, -83.717656], [42.30746, -83.717686], [42.30747, -83.717715], [42.307483, -83.717739], [42.307497, -83.717755], [42.307517, -83.717767], [42.307537, -83.717777], [42.30756, -83.717788], [42.307584, -83.717794], [42.30761, -83.717794], [42.30763, -83.717789], [42.307646, -83.717776], [42.307667, -83.717748], [42.307682, -83.717727], [42.307697, -83.717692], [42.307706, -83.717666], [42.307712, -83.717642], [42.307715, -83.717621], [42.307712, -83.717596], [42.307699, -83.717567], [42.307688, -83.717543], [42.307674, -83.717523], [42.307658, -83.717505], [42.30764, -83.717494], [42.307626, -83.717492], [42.307606, -83.717489], [42.307586, -83.71749], [42.307569, -83.717499]]}, "8": {"path": [[42.30749, -83.717242], [42.304665, -83.717659]], "green": [[42.304684, -83.717546], [42.30466, -83.717542], [42.304641, -83.717544], [42.30462, -83.717549], [42.304601, -83.717555], [42.304585, -83.717567], [42.304577, -83.717577], [42.304569, -83.717597], [42.304565, -83.717623], [42.304564, -83.717646], [42.304567, -83.717666], [42.30457, -83.717684], [42.304581, -83.717696], [42.304598, -83.717724], [42.304614, -83.717738], [42.304631, -83.717755], [42.304647, -83.717765], [42.304665, -83.717775], [42.304678, -83.717784], [42.304692, -83.717787], [42.304707, -83.717784], [42.304725, -83.71777], [42.304741, -83.717757], [42.304753, -83.717741], [42.304763, -83.717723], [42.304769, -83.71769], [42.304771, -83.717668], [42.30477, -83.717628], [42.304761, -83.717603], [42.304749, -83.717584], [42.304731, -83.717568], [42.304707, -83.717555], [42.304684, -83.717546]]}, "9": {"path": [[42.304103, -83.717687], [42.304058, -83.720812], [42.303615, -83.721954]],