{"holes": {"1": {"path": [[42.592412, -83.766326], [42.594568, -83.767537], [42.596303, -83.767306], [42.59645, -83.766424]], "green": [[42.59634, -83.766522], [42.59634, -83.766483], [42.596339, -83.766449], [42.596341, -83.766409], [42.596345, -83.766383], [42.596352, -83.766355], [42.59636, -83.766332], [42.596368, -83.76631], [42.596386, -83.766287], [42.596419, -83.766263], [42.596446, -83.766245], [42.596468, -83.766242], [42.596488, -83.766245], [42.596504, -83.766249], [42.596516, -83.76626], [42.596525, -83.766269], [42.596531, -83.766287], [42.596536, -83.766301], [42.596536, -83.766317], [42.596533, -83.766335], [42.59653, -83.766359], [42.596528, -83.766382], [42.596528, -83.766396], [42.596533, -83.766421], [42.596537, -83.766443], [42.596541, -83.766462], [42.596541, -83.766475], [42.596536, -83.76649], [42.596526, -83.766501], [42.596513, -83.766512], [42.596502, -83.766518], [42.596489, -83.76652], [42.596477, -83.766525], [42.596463, -83.766535], [42.596453, -83.766545], [42.596437, -83.766555], [42.596423, -83.766563], [42.596408, -83.766572], [42.596395, -83.766575], [42.596381, -83.766578], [42.596364, -83.766575], [42.596352, -83.766559], [42.596346, -83.766543], [42.59634, -83.766522]]}, "2": {"path": [[42.596999, -83.768202], [42.599078, -83.76946], [42.600186, -83.768599]], "green": [[42.600304, -83.768471], [42.600288, -83.768456], [42.60027, -83.768447], [42.600252, -83.768446], [42.600231, -83.768452], [42.600203, -83.768466], [42.600184, -83.768474], [42.600164, -83.768479], [42.60014, -83.768479], [42.600111, -83.76848], [42.600092, -83.768483], [42.600073, -83.768488], [42.600055, -83.768506], [42.600039, -83.768518], [42.600029, -83.768542], [42.600021, -83.768565], [42.600017, -83.768587], [42.600023, -83.76861], [42.600026, -83.768635], [42.600041, -83.768657], [42.60006, -83.768675], [42.600081, -83.768703], [42.600102, -83.768719], [42.600119, -83.768731], [42.60013, -83.768738], [42.600145, -83.768743], [42.600165, -83.768741], [42.600186, -83.768738], [42.600201, -83.768733], [42.600217, -83.768734], [42.600234, -83.768733], [42.600257, -83.768729], [42.600269, -83.768729], [42.600284, -83.768718], [42.600295, -83.768703], [42.600306, -83.768682], [42.600315, -83.768665], [42.600322, -83.768647], [42.600329, -83.768623], [42.600333, -83.768587], [42.60033, -83.768551], [42.600324, -83.768527], [42.600316, -83.768499], [42.600304, -83.768471]]}, "4": {"path": [[42.602505, -83.767358], [42.602381, -83.764573], [42.601335, -83.764345]], "green": [[42.601267, -83.764238], [42.601294, -83.764214], [42.601312, -83.764202], [42.601341, -83.764194], [42.601371, -83.764195], [42.601398, -83.764203], [42.60142, -83.764219], [42.601433, -83.764234], [42.601444, -83.764253], [42.60145, -83.764288], [42.60145, -83.764319], [42.601443, -83.764341], [42.60143, -83.764364], [42.601415, -83.764387], [42.601394, -83.764418], [42.601375, -83.764443], [42.601361, -83.76446], [42.601348, -83.764476], [42.601336, -83.764487], [42.601324, -83.76449], [42.601311, -83.764488], [42.6013, -83.764489], [42.601284, -83.764477], [42.601269, -83.764463], [42.601256, -83.764437], [42.601244, -83.764407], [42.601236, -83.764376], [42.601231, -83.764352], [42.60123, -83.764326], [42.601233, -83.764301], [42.601244, -83.764267], [42.601267, -83.764238]]}, "5": {"path": [[42.60073, -83.7642], [42.596921, -83.76402]], "green": [[42.597046, -83.763994], [42.597024, -83.763977], [42.596991, -83.763949], [42.596972, -83.763919], [42.596953, -83.763887], [42.596935, -83.763858], [42.596917, -83.763837], [42.5969, -83.763833], [42.596874, -83.763837], [42.596855, -83.763852], [42.596834, -83.763869], [42.596824, -83.763887], [42.596815, -83.76391], [42.596804, -83.763935], [42.596798, -83.763967], [42.5968, -83.763994], [42.596802, -83.764018], [42.596816, -83.76406], [42.59683, -83.764088], [42.596855, -83.764126], [42.596866, -83.764142], [42.596877, -83.764151], [42.596889, -83.764168], [42.596909, -83.764181], [42.596919, -83.764188], [42.596942, -83.764192], [42.596958, -83.764196], [42.596992, -83.764187], [42.597018, -83.76416], [42.597043, -83.764133], [42.597069, -83.764092], [42.597073, -83.764063], [42.597068, -83.764028], [42.597046, -83.763994]]}, "6": {"path": [[42.595307, -83.76365], [42.59484, -83.760997], [42.595031, -83.759277], [42.595012, -83.757786]], "green": [[42.595092, -83.757921], [42.595106, -83.757905], [42.595115, -83.757882], [42.595124, -83.757862], [42.595133, -83.757826], [42.595129, -83.757793], [42.595118, -83.757761], [42.595105, -83.757735], [42.595083, -83.757712], [42.595066, -83.757693], [42.595052, -83.757679], [42.595039, -83.757663], [42.595021, -83.757645], [42.595003, -83.757638], [42.594983, -83.757634], [42.594962, -83.757638], [42.594942, -83.75765], [42.594927, -83.757662], [42.594912, -83.757684], [42.594904, -83.757707], [42.5949, -83.75773], [42.594897, -83.757754], [42.594898, -83.757779], [42.594907, -83.757798], [42.594923, -83.757824], [42.594942, -83.757842], [42.594957, -83.757866], [42.594976, -83.757889], [42.59499, -83.757909], [42.595, -83.757922], [42.595015, -83.757932], [42.595033, -83.757938], [42.595062, -83.757937], [42.595092, -83.757921]]}, "7": {"path": [[42.596061, -83.754765], [42.594425, -83.755261], [42.593464, -83.754755]], "green": [[42.593364, -83.754698], [42.593376, -83.754659], [42.59339, -83.754627], [42.593416, -83.754587], [42.593443, -83.754564], [42.593461, -83.754549], [42.593486, -83.754548], [42.593502, -83.754553], [42.593518, -83.75456], [42.593533, -83.754573], [42.593543, -83.754593], [42.593552, -83.754612], [42.593552, -83.754635], [42.593546, -83.754658], [42.593532, -83.754685], [42.593521, -83.754711], [42.593514, -83.754728], [42.593507, -83.754757], [42.593511, -83.754802], [42.593517, -83.754838], [42.593522, -83.754855], [42.593527, -83.754875], [42.593528, -83.754899], [42.593522, -83.754925], [42.593509, -83.754941], [42.5935, -83.754945], [42.593483, -83.754946], [42.59347, -83.754941], [42.593456, -83.754936], [42.59345, -83.754924], [42.593442, -83.754905], [42.593431, -83.754869], [42.593417, -83.754846], [42.593404, -83.754833], [42.593393, -83.754819], [42.593383, -83.754816], [42.593369, -83.754802], [42.593366, -83.754779], [42.593361, -83.754747], [42.59336, -83.754718], [42.593364, -83.754698]]}, "8": {"path": [[42.592944, -83.755797], [42.594049, -83.757737]], "green": [[42.594005, -83.757712], [42.594015, -83.757692], [42.594015, -83.757658], [42.594011, -83.757624], [42.594011, -83.757583], [42.594011, -83.757561], [42.59402, -83.757532], [42.594039, -83.757516], [42.594056, -83.757508], [42.594073, -83.757509], [42.594096, -83.757518], [42.594117, -83.75753], [42.594129, -83.757559], [42.594133, -83.75759], [42.594142, -83.757628], [42.594148, -83.757654], [42.594154, -83.757683], [42.594164, -83.757696], [42.594169, -83.757725], [42.594172, -83.757741], [42.594172, -83.757765], [42.594161, -83.75778], [42.594146, -83.757792], [42.594124, -83.757802], [42.594107, -83.757811], [42.594087, -83.757823], [42.594075, -83.757845], [42.594062, -83.757871], [42.594053, -83.757894], [42.594039, -83.757921], [42.594028, -83.757936], [42.594008, -83.757945], [42.593988, -83.757943], [42.593963, -83.757937], [42.593943, -83.757922], [42.593929, -83.757904], [42.593918, -83.757878], [42.593912, -83.757852], [42.593907, -83.757816], [42.593921, -83.757789], [42.593943, -83.757782], [42.593972, -83.757751], [42.593996, -83.75773], [42.594005, -83.757712]]}, "9": {"path": [[42.593834, -83.758264], [42.594081, -83.7611], [42.593333, -83.762476]],