{"holes": {"1": {"path": [[42.608496, -83.232416], [42.608621, -83.235131], [42.608571, -83.236704]], "green": [[42.608666, -83.236748], [42.608656, -83.236714], [42.608635, -83.236686], [42.608603, -83.236654], [42.608564, -83.236585], [42.608545, -83.236567], [42.608518, -83.236558], [42.608495, -83.236565], [42.608474, -83.236597], [42.608466, -83.236627], [42.60847, -83.236675], [42.608487, -83.236728], [42.608521, -83.236791], [42.608554, -83.236829], [42.608589, -83.236847], [42.608621, -83.236843], [42.608648, -83.236821], [42.608664, -83.236787], [42.608666, -83.236748]]}, "3": {"path": [[42.61117, -83.229879], [42.609827, -83.228364]], "green": [[42.609777, -83.228465], [42.609833, -83.228436], [42.609885, -83.228423], [42.609946, -83.228423], [42.609991, -83.228423], [42.610015, -83.228407], [42.610027, -83.228363], [42.610025, -83.228322], [42.610009, -83.228289], [42.609983, -83.228272], [42.609941, -83.228267], [42.609903, -83.228257], [42.609862, -83.228238], [42.60983, -83.228228], [42.609793, -83.228232], [42.609735, -83.22826], [42.609707, -83.228274], [42.609684, -83.228301], [42.609616, -83.228407], [42.609611, -83.228444], [42.609623, -83.228474], [42.609656, -83.228485], [42.609703, -83.228474], [42.609741, -83.228476], [42.609777, -83.228465]]}, "4": {"path": [[42.608942, -83.228729], [42.607588, -83.229042], [42.60715, -83.230485]], "green": [[42.607227, -83.230615], [42.607212, -83.230568], [42.607192, -83.230518], [42.607192, -83.230469], [42.607201, -83.23043], [42.607218, -83.230383], [42.607225, -83.230337], [42.607214, -83.230266], [42.607198, -83.230219], [42.607179, -83.230206], [42.607159, -83.230208], [42.607137, -83.230228], [42.607106, -83.230294], [42.607084, -83.230336], [42.607075, -83.230368], [42.607077, -83.230405], [42.607096, -83.230445], [42.607107, -83.230473], [42.607109, -83.230497], [42.607106, -83.230525], [42.607089, -83.23057], [42.607064, -83.230635], [42.60706, -83.230676], [42.607069, -83.230702], [42.607084, -83.230717], [42.607155, -83.230735], [42.60719, -83.230733], [42.607212, -83.230707], [42.607226, -83.230656], [42.607227, -83.230615]]}, "5": {"path": [[42.607291, -83.231528], [42.604749, -83.232697]], "green": [[42.604789, -83.232827], [42.604811, -83.232781], [42.604826, -83.23272], [42.604831, -83.232686], [42.604825, -83.232654], [42.604812, -83.232624], [42.604785, -83.232588], [42.60475, -83.232553], [42.60473, -83.232544], [42.60471, -83.232547], [42.604685, -83.232563], [42.604669, -83.232587], [42.604664, -83.232622], [42.604666, -83.232676], [42.604684, -83.232784], [42.604701, -83.232816], [42.604729, -83.23284], [42.604756, -83.232851], [42.604775, -83.232844], [42.604789, -83.232827]]}, "6": {"path": [[42.604889, -83.233306], [42.604563, -83.235425]], "green": [[42.604595, -83.235521], [42.60461, -83.235467], [42.604621, -83.235382], [42.604632, -83.235337], [42.604637, -83.235291], [42.604629, -83.235256], [42.604613, -83.235237], [42.604593, -83.235236], [42.604571, -83.235248], [42.604557, -83.235271], [42.604538, -83.235329], [42.604517, -83.235379], [42.604488, -83.235433], [42.604484, -83.235484], [42.604487, -83.235553], [42.604495, -83.235587], [42.604507, -83.235604], [42.604529, -83.235612], [42.604554, -83.235603], [42.604574, -83.235576], [42.604595, -83.235521]]}, "7": {"path": [[42.604944, -83.236455], [42.605643, -83.238269], [42.605752, -83.240316]], "green": [[42.605854, -83.240348], [42.605821, -83.240271], [42.605772, -83.24021], [42.605736, -83.240148], [42.605706, -83.240118], [42.605684, -83.240122], [42.605669, -83.240148], [42.605658, -83.240205], [42.605657, -83.240277], [42.605675, -83.240399], [42.605698, -83.240481], [42.605719, -83.240501], [42.605754, -83.2405], [42.605824, -83.240466], [42.605843, -83.240432], [42.605855, -83.24039], [42.605854, -83.240348]]}, "8": {"path": [[42.60662, -83.239934], [42.60787, -83.238181], [42.608315, -83.237371]], "green": [[42.608362, -83.237418], [42.608376, -83.237371], [42.608394, -83.23733], [42.60841, -83.237293], [42.608412, -83.237252], [42.608404, -83.237218], [42.608383, -83.2372], [42.608366, -83.237201], [42.608341, -83.237216], [42.608315, -83.237269], [42.60828, -83.23731], [42.608247, -83.23732], [42.608209, -83.23734], [42.608189, -83.237377], [42.60818, -83.237462], [42.60819, -83.237496], [42.608211, -83.23752], [42.608277, -83.237554], [42.608311, -83.237558], [42.608342, -83.237539], [42.60836, -83.237505], [42.608362, -83.237418]]}, "9": {"path": [[42.609254, -83.236338], [42.608982, -83.232615]], "green": [[42.608998, -83.232799], [42.609021, -83.232731], [42.609029, -83.232664], [42.60904, -83.232619], [42.609064, -83.232545], [42.609068, -83.232499], [42.609054, -83.232461], [42.609034, -83.232441], [42.609005, -83.232429], [42.608979, -83.232431], [42.608955, -83.232446], [42.608933, -83.232466], [42.608919, -83.23249], [42.608905, -83.232531], [42.6089, -83.23257], [42.608916, -83.232748], [42.608927, -83.232786], [42.608943, -83.232814], [42.608961, -83.232823], [42.608983, -83.232817], [42.608998, -83.232799]]}}}