{"holes": {"1": {"path": [[42.300758, -84.016312], [42.299027, -84.017404], [42.297848, -84.017314]], "green": [[42.297695, -84.017302], [42.29771, -84.017278], [42.297731, -84.017262], [42.29776, -84.017242], [42.297795, -84.017205], [42.297828, -84.017174], [42.297838, -84.017181], [42.297846, -84.017192], [42.297856, -84.017195], [42.297867, -84.017205], [42.297885, -84.01721], [42.297901, -84.017207], [42.29792, -84.017205], [42.297935, -84.017202], [42.297946, -84.017205], [42.297959, -84.017207], [42.297974, -84.017217], [42.297984, -84.017229], [42.297989, -84.017241], [42.297994, -84.017254], [42.298, -84.017281], [42.297995, -84.017303], [42.297978, -84.017331], [42.297954, -84.017346], [42.297939, -84.017359], [42.297928, -84.017373], [42.297916, -84.017402], [42.297901, -84.017426], [42.297885, -84.017446], [42.297869, -84.01746], [42.297858, -84.01747], [42.29784, -84.017482], [42.297816, -84.017485], [42.297787, -84.01747], [42.297767, -84.017455], [42.297744, -84.017436], [42.297723, -84.017415], [42.297703, -84.017415], [42.297682, -84.017395], [42.297683, -84.017365], [42.297687, -84.017336], [42.29769, -84.017322], [42.297695, -84.017302]]}, "2": {"path": [[42.297435, -84.0184], [42.295914, -84.017716]], "green": [[42.295988, -84.017898], [42.296005, -84.017891], [42.296017, -84.017876], [42.296028, -84.017855], [42.296024, -84.017827], [42.296011, -84.017797], [42.296003, -84.017769], [42.296009, -84.017736], [42.296015, -84.017714], [42.29602, -84.017688], [42.29602, -84.017661], [42.296011, -84.01763], [42.296005, -84.017607], [42.295986, -84.017585], [42.295964, -84.017579], [42.295947, -84.017569], [42.295919, -84.017577], [42.295898, -84.01759], [42.295884, -84.017597], [42.295872, -84.017615], [42.295852, -84.017607], [42.295827, -84.017602], [42.295803, -84.017597], [42.295786, -84.017597], [42.295769, -84.0176], [42.295756, -84.017628], [42.295754, -84.017669], [42.295752, -84.017717], [42.295762, -84.017757], [42.295777, -84.017804], [42.295804, -84.017826], [42.295855, -84.017823], [42.295894, -84.017835], [42.295928, -84.017857], [42.29596, -84.017881], [42.295988, -84.017898]]}, "3": {"path": [[42.2955, -84.018592], [42.297627, -84.019345], [42.29885, -84.019031]], "green": [[42.298675, -84.019113], [42.298686, -84.019074], [42.298724, -84.019043], [42.298749, -84.019028], [42.29876, -84.019022], [42.2988, -84.018995], [42.298824, -84.018989], [42.298845, -84.01898], [42.298856, -84.01895], [42.298865, -84.018911], [42.29888, -84.018871], [42.298891, -84.018847], [42.298927, -84.018823], [42.298956, -84.018814], [42.298978, -84.018835], [42.299001, -84.018868], [42.299014, -84.018911], [42.299001, -84.018941], [42.298981, -84.01898], [42.298965, -84.01901], [42.298963, -84.019046], [42.298949, -84.01908], [42.298936, -84.019116], [42.298916, -84.019137], [42.298889, -84.019164], [42.298873, -84.019191], [42.298858, -84.019216], [42.298806, -84.019208], [42.298753, -84.019204], [42.298714, -84.0192], [42.298677, -84.019181], [42.298666, -84.019158], [42.298675, -84.019113]]}, "4": {"path": [[42.298488, -84.019945], [42.296122, -84.021451], [42.295555, -84.023201]], "green": [[42.295453, -84.02338], [42.295482, -84.023373], [42.295507, -84.023359], [42.295529, -84.023364], [42.295551, -84.023353], [42.29557, -84.023341], [42.295596, -84.023323], [42.295613, -84.023306], [42.295624, -84.023292], [42.295636, -84.023263], [42.295644, -84.023229], [42.295653, -84.023206], [42.295665, -84.023177], [42.29568, -84.023155], [42.295686, -84.023129], [42.29569, -84.023108], [42.295692, -84.023085], [42.295692, -84.023066], [42.295687, -84.023049], [42.295678, -84.023043], [42.295662, -84.023029], [42.295645, -84.023036], [42.295633, -84.02304], [42.295619, -84.023057], [42.295607, -84.023074], [42.295594, -84.023085], [42.295585, -84.023101], [42.295574, -84.023118], [42.29556, -84.023132], [42.295545, -84.023152], [42.295534, -84.023168], [42.295516, -84.023181], [42.295494, -84.023186], [42.295479, -84.023184], [42.29546, -84.023189], [42.295449, -84.023186], [42.295437, -84.023192], [42.295423, -84.023197], [42.295409, -84.023211], [42.295394, -84.023243], [42.295387, -84.023275], [42.295387, -84.023307], [42.295399, -84.023335], [42.295418, -84.023367], [42.295453, -84.02338]]}, "5": {"path": [[42.295557, -84.024105], [42.297642, -84.022288], [42.298309, -84.022245]], "green": [[42.298247, -84.022268], [42.298257, -84.022248], [42.29826, -84.022223], [42.298251, -84.022182], [42.29824, -84.022165], [42.298227, -84.022144], [42.298227, -84.022109], [42.29823, -84.022069], [42.298249, -84.022038], [42.298268, -84.022016], [42.298296, -84.022006], [42.298329, -84.022008], [42.298355, -84.022036], [42.298378, -84.022066], [42.298378, -84.022091], [42.298374, -84.022134], [42.298374, -84.02217], [42.298402, -84.022182], [42.29843, -84.0222], [42.298443, -84.022212], [42.298458, -84.022255], [42.298454, -84.022288], [42.298451, -84.022321], [42.298425, -84.022351], [42.298395, -84.022367], [42.298372, -84.022384], [42.298342, -84.022382], [42.298314, -84.022389], [42.29829, -84.022397], [42.298276, -84.022408], [42.298267, -84.022412], [42.298258, -84.022412], [42.29825, -84.022406], [42.298243, -84.022398], [42.298236, -84.02239], [42.298231, -84.022381], [42.298227, -84.022362], [42.298225, -84.022332], [42.298236, -84.022308], [42.298244, -84.022286], [42.298247, -84.022268]]}, "6": {"path": [[42.299664, -84.021892], [42.301596, -84.020167], [42.302463, -84.019937]], "green": [[42.302653, -84.01998], [42.302655, -84.019957], [42.302653, -84.019933], [42.302636, -84.0199], [42.302622, -84.019874], [42.302609, -84.019853], [42.302592, -84.019837], [42.302569, -84.019832], [42.302546, -84.019821], [42.302533, -84.019802], [42.302508, -84.019776], [42.302489, -84.019762], [42.302462, -84.019752], [42.302436, -84.019754], [42.302415, -84.019751], [42.302391, -84.019763], [42.302376, -84.019778], [42.302363, -84.019797], [42.302358, -84.019821], [42.302352, -84.019845], [42.302338, -84.019861], [42.302325, -84.01988], [42.302306, -84.019903], [42.302295, -84.019919], [42.302281, -84.019941], [42.302269, -84.019952], [42.30227, -84.01997], [42.302274, -84.019999], [42.302286, -84.020037], [42.302304, -84.020066], [42.302317, -84.020087], [42.302337, -84.020087], [42.302362, -84.02008], [42.30239, -84.020069], [42.302421, -84.020063], [42.302438, -84.020053], [42.30245, -84.020045], [42.302459, -84.020029], [42.302463, -84.020005], [42.302468, -84.019988], [42.302492, -84.019996], [42.302505, -84.020007], [42.302525, -84.020012], [42.302544, -84.02002], [42.302563, -84.020026], [42.302579, -84.020029], [42.302591, -84.020034], [42.302608, -84.020031], [42.302623, -84.020024], [42.302647, -84.020004], [42.302653, -84.01998]]}, "7": {"path": [[42.304141, -84.019345], [42.302778, -84.018725]],