{"holes": {"1": {"path": [[42.212645, -85.976566], [42.211123, -85.976361]], "green": [[42.211191, -85.976262], [42.21117, -85.976244], [42.211149, -85.976236], [42.211128, -85.976227], [42.211105, -85.976227], [42.211081, -85.97623], [42.211055, -85.976258], [42.211042, -85.976296], [42.211035, -85.976331], [42.211035, -85.976372], [42.211041, -85.976414], [42.211053, -85.976457], [42.211064, -85.97648], [42.211078, -85.976508], [42.2111, -85.976514], [42.211126, -85.976521], [42.211149, -85.976506], [42.211172, -85.976476], [42.211189, -85.976441], [42.211194, -85.97641], [42.211204, -85.976364], [42.211204, -85.97633], [42.211202, -85.9763], [42.211191, -85.976262]]}, "2": {"path": [[42.211194, -85.976895], [42.211487, -85.978676], [42.211477, -85.981805]], "green": [[42.211579, -85.981753], [42.211581, -85.981812], [42.211557, -85.981868], [42.211533, -85.981914], [42.211503, -85.98193], [42.21147, -85.981935], [42.211432, -85.981927], [42.2114, -85.981916], [42.211386, -85.981876], [42.211378, -85.981836], [42.211376, -85.981782], [42.21139, -85.981747], [42.211414, -85.981721], [42.211442, -85.981705], [42.21147, -85.981697], [42.211501, -85.981699], [42.211527, -85.981707], [42.211551, -85.981715], [42.211579, -85.981753]]}, "3": {"path": [[42.21231, -85.98208], [42.212159, -85.979765], [42.211793, -85.976892]], "green": [[42.211873, -85.976844], [42.211885, -85.976893], [42.211879, -85.976954], [42.211843, -85.977016], [42.211807, -85.977032], [42.211768, -85.977016], [42.211734, -85.976989], [42.2117, -85.976941], [42.211692, -85.976893], [42.211702, -85.976836], [42.21173, -85.976793], [42.211764, -85.976769], [42.211799, -85.976775], [42.211845, -85.976791], [42.211873, -85.976844]]}, "4": {"path": [[42.212306, -85.976812], [42.212785, -85.979006], [42.213448, -85.980026]], "green": [[42.213532, -85.980009], [42.213538, -85.980071], [42.213508, -85.980119], [42.21348, -85.980136], [42.213442, -85.980146], [42.213411, -85.980122], [42.213381, -85.980093], [42.213367, -85.98006], [42.213363, -85.980023], [42.213373, -85.979993], [42.213395, -85.979969], [42.213414, -85.979934], [42.213438, -85.979921], [42.213464, -85.979929], [42.21348, -85.979948], [42.213498, -85.979967], [42.213532, -85.980009]]}, "5": {"path": [[42.212468, -85.97981], [42.213631, -85.981197]], "green": [[42.213715, -85.981243], [42.213701, -85.981277], [42.213675, -85.981298], [42.213648, -85.981305], [42.213624, -85.981306], [42.213599, -85.981298], [42.213568, -85.981279], [42.213547, -85.981249], [42.213536, -85.981221], [42.213528, -85.981184], [42.213532, -85.981155], [42.213545, -85.981132], [42.213561, -85.981117], [42.213576, -85.981105], [42.213597, -85.981101], [42.213621, -85.981104], [42.213645, -85.981113], [42.213667, -85.981128], [42.213687, -85.981137], [42.213704, -85.981153], [42.213714, -85.981173], [42.213724, -85.981191], [42.213723, -85.981216], [42.213715, -85.981243]]}, "6": {"path": [[42.213983, -85.980822], [42.213544, -85.978526], [42.212679, -85.976974]], "green": [[42.212751, -85.976938], [42.212755, -85.976997], [42.212733, -85.977038], [42.212709, -85.977064], [42.212674, -85.977067], [42.212646, -85.977059], [42.212614, -85.977022], [42.212594, -85.976984], [42.212606, -85.976941], [42.212622, -85.976909], [42.212654, -85.97689], [42.212685, -85.976885], [42.212717, -85.976898], [42.212751, -85.976938]]}, "7": {"path": [[42.213206, -85.977064], [42.21408, -85.978188], [42.214393, -85.979786]], "green": [[42.214476, -85.9798], [42.214456, -85.979844], [42.214436, -85.979882], [42.214411, -85.979909], [42.214373, -85.979918], [42.214343, -85.97991], [42.214312, -85.979885], [42.214298, -85.979847], [42.214291, -85.979799], [42.214298, -85.979744], [42.214331, -85.979682], [42.214355, -85.979659], [42.214395, -85.979647], [42.214422, -85.979661], [42.214449, -85.979688], [42.214466, -85.979714], [42.214482, -85.979751], [42.214476, -85.9798]]}, "8": {"path": [[42.214824, -85.979782], [42.215031, -85.976905]], "green": [[42.215117, -85.97694], [42.215112, -85.976974], [42.2151, -85.977005], [42.215078, -85.977028], [42.21505, -85.977045], [42.215014, -85.977046], [42.214982, -85.977033], [42.214953, -85.976998], [42.214941, -85.976977], [42.214924, -85.97693], [42.214923, -85.976889], [42.214933, -85.976841], [42.214944, -85.976822], [42.214962, -85.976795], [42.214993, -85.976789], [42.215013, -85.97679], [42.215036, -85.976793], [42.215055, -85.976802], [42.215074, -85.976813], [42.215092, -85.976834], [42.215107, -85.97685], [42.215114, -85.976873], [42.215119, -85.976901], [42.215117, -85.97694]]}, "9": {"path": [[42.214366, -85.976341], [42.212998, -85.976956]], "green": [[42.21307, -85.976994], [42.213054, -85.977019], [42.213029, -85.97705], [42.212996, -85.977064], [42.212959, -85.977061], [42.212933, -85.977044], [42.212909, -85.977011], [42.212902, -85.976978], [42.212904, -85.976934], [42.212921, -85.976889], [42.212953, -85.976867], [42.212987, -85.976845], [42.213019, -85.976846], [42.213042, -85.976864], [42.213062, -85.976888], [42.213074, -85.976916], [42.213075, -85.976952], [42.21307, -85.976994]]}, "10": {"path": [[42.212759, -85.97574], [42.213798, -85.973697], [42.214651, -85.971055]], "green": [[42.21478, -85.971056], [42.214765, -85.971093], [42.214751, -85.971135], [42.214735, -85.971183], [42.214702, -85.971214], [42.214675, -85.971238], [42.214649, -85.971242], [42.214621, -85.971245], [42.214591, -85.971242], [42.214566, -85.971229], [42.214539, -85.971207], [42.214519, -85.971185], [42.214503, -85.971158], [42.214493, -85.971123], [42.214494, -85.971076], [42.214503, -85.97103], [42.214521, -85.97099], [42.214549, -85.970961], [42.21457, -85.970942], [42.214595, -85.970923], [42.214619, -85.970916], [42.214643, -85.970912], [42.214663, -85.970908], [42.21468, -85.970907], [42.2147, -85.97091], [42.214715, -85.970919], [42.214733, -85.97093], [42.214748, -85.970939], [42.214761, -85.970954], [42.214771, -85.970974], [42.214777, -85.970996], [42.214784, -85.971021], [42.21478, -85.971056]]}, "11": {"path": [[42.215123, -85.971169], [42.214888, -85.973326], [42.214905, -85.974796]], "green": [[42.215011, -85.974925], [42.214973, -85.974987], [42.214939, -85.974992], [42.214898, -85.974981], [42.214808, -85.974831], [42.214779, -85.974761], [42.214761, -85.974686], [42.214769, -85.97463], [42.214816, -85.974606], [42.214862, -85.974632], [42.214912, -85.974665], [42.214963, -85.974708], [42.214975, -85.974745], [42.214997, -85.974804], [42.215007, -85.974861], [42.215011, -85.974925]]}, "12": {"path": [[42.21508, -85.975561], [42.213491, -85.975468]], "green": [[42.213625, -85.975477], [42.213617, -85.975549], [42.213575, -85.97559], [42.213541, -85.975619], [42.213521, -85.975635], [42.21345, -85.97563], [42.213404, -85.975603], [42.21336, -85.97556], [42.213335, -85.975498], [42.213332, -85.975423], [42.213372, -85.975359], [42.21342, -85.975324], [42.213456, -85.9753], [42.213495, -85.9753], [42.213531, -85.975327], [42.213573, -85.975354], [42.213605, -85.975405], [42.213625, -85.975477]]}, "13": {"path": [[42.212515, -85.975605], [42.21395, -85.970533]], "green": [[42.214045, -85.970578], [42.214035, -85.970608], [42.214007, -85.970618], [42.213986, -85.970618], [42.213956, -85.97062], [42.213929, -85.970622], [42.213908, -85.970626], [42.213879, -85.970619], [42.213855, -85.970604], [42.213835, -85.970578], [42.213821, -85.970548], [42.213826, -85.97052], [42.213838, -85.970496], [42.213865, -85.97047], [42.213893, -85.970458], [42.213921, -85.970443], [42.213941, -85.970441], [42.213969, -85.970425], [42.213992, -85.970423], [42.214016, -85.970435], [42.214031, -85.970457], [42.214044, -85.970485], [42.214053, -85.970512], [42.214057, -85.970541], [42.214045, -85.970578]]}, "14": {"path": [[42.215016, -85.968667], [42.213637, -85.969263], [42.212643, -85.970299]],