{"holes": {"1": {"path": [[44.295486, -84.664008], [44.293256, -84.666052], [44.292365, -84.666236]], "green": [[44.292393, -84.6664], [44.292429, -84.666389], [44.292456, -84.666367], [44.292476, -84.666337], [44.292489, -84.666305], [44.292498, -84.666259], [44.2925, -84.666217], [44.292498, -84.666188], [44.292484, -84.666151], [44.292476, -84.666132], [44.292459, -84.666107], [44.292445, -84.666099], [44.292423, -84.666092], [44.292407, -84.666102], [44.292396, -84.666112], [44.292378, -84.666127], [44.292356, -84.666137], [44.292334, -84.666136], [44.292315, -84.666132], [44.292292, -84.666134], [44.292269, -84.666144], [44.292251, -84.666156], [44.29224, -84.66618], [44.292234, -84.6662], [44.292232, -84.666232], [44.292231, -84.666259], [44.292236, -84.66629], [44.292247, -84.666332], [44.292264, -84.666352], [44.292282, -84.666369], [44.292307, -84.666388], [44.292344, -84.6664], [44.292364, -84.666406], [44.292393, -84.6664]]}, "2": {"path": [[44.292277, -84.666841], [44.293783, -84.666816], [44.29512, -84.665055]], "green": [[44.295168, -84.665193], [44.295198, -84.665143], [44.295218, -84.665088], [44.295226, -84.665014], [44.295208, -84.664963], [44.295194, -84.664927], [44.295152, -84.66491], [44.295119, -84.66491], [44.295091, -84.664921], [44.295067, -84.664944], [44.295039, -84.664971], [44.295025, -84.665014], [44.295023, -84.665084], [44.295023, -84.665126], [44.295043, -84.665179], [44.295079, -84.665193], [44.295115, -84.66521], [44.295168, -84.665193]]}, "3": {"path": [[44.295136, -84.665858], [44.293554, -84.668024], [44.292629, -84.667632]], "green": [[44.292572, -84.667798], [44.292541, -84.667774], [44.292515, -84.667757], [44.292493, -84.667728], [44.292486, -84.667674], [44.292482, -84.667603], [44.292485, -84.667549], [44.292495, -84.667524], [44.292513, -84.667474], [44.292544, -84.667446], [44.292586, -84.66743], [44.292626, -84.667431], [44.29266, -84.667442], [44.292696, -84.667464], [44.292728, -84.667486], [44.292759, -84.667515], [44.292787, -84.667567], [44.292801, -84.667605], [44.292797, -84.667662], [44.292786, -84.667723], [44.292763, -84.667767], [44.292737, -84.66779], [44.29269, -84.667812], [44.292646, -84.66781], [44.292604, -84.66781], [44.292572, -84.667798]]}, "4": {"path": [[44.292167, -84.667156], [44.292313, -84.669581]], "green": [[44.292239, -84.669569], [44.292253, -84.669526], [44.292269, -84.66948], [44.292276, -84.669443], [44.292282, -84.66941], [44.292293, -84.669385], [44.292303, -84.669372], [44.292324, -84.669367], [44.292339, -84.669377], [44.292354, -84.669398], [44.292371, -84.669423], [44.29239, -84.66946], [44.2924, -84.669503], [44.292403, -84.669567], [44.292404, -84.669608], [44.292401, -84.669658], [44.292393, -84.669709], [44.292379, -84.669729], [44.292365, -84.669748], [44.292344, -84.669764], [44.292321, -84.669762], [44.292299, -84.66976], [44.292282, -84.669752], [44.292266, -84.669738], [44.292253, -84.669725], [44.292239, -84.669701], [44.292233, -84.669678], [44.292232, -84.669637], [44.292236, -84.669602], [44.292239, -84.669569]]}, "5": {"path": [[44.292262, -84.6702], [44.294276, -84.671573], [44.295809, -84.671609]], "green": [[44.2959, -84.671745], [44.295916, -84.671713], [44.295932, -84.671667], [44.29594, -84.67163], [44.29594, -84.671581], [44.295936, -84.671536], [44.295926, -84.671502], [44.295909, -84.671475], [44.295885, -84.671451], [44.295859, -84.671439], [44.295836, -84.671432], [44.295808, -84.671427], [44.295781, -84.671427], [44.295752, -84.671437], [44.29573, -84.671461], [44.295707, -84.671487], [44.295696, -84.671514], [44.295684, -84.671542], [44.295678, -84.671576], [44.295678, -84.67161], [44.295684, -84.671664], [44.295691, -84.671696], [44.295708, -84.671749], [44.295726, -84.671769], [44.295749, -84.671789], [44.295777, -84.671803], [44.29581, -84.671811], [44.295842, -84.671805], [44.295879, -84.671781], [44.2959, -84.671745]]}, "6": {"path": [[44.295901, -84.670918], [44.293549, -84.670264], [44.29283, -84.669589]], "green": [[44.292876, -84.66977], [44.29289, -84.669758], [44.292912, -84.669724], [44.292932, -84.66968], [44.292945, -84.669616], [44.292952, -84.669578], [44.292946, -84.669524], [44.292942, -84.669498], [44.292936, -84.66948], [44.292929, -84.669462], [44.292908, -84.669428], [44.292885, -84.669408], [44.292865, -84.669398], [44.292834, -84.669384], [44.292799, -84.669394], [44.292779, -84.669402], [44.292748, -84.669428], [44.292725, -84.669454], [44.292708, -84.669494], [44.292702, -84.669536], [44.292702, -84.669586], [44.292703, -84.669644], [44.292716, -84.669684], [44.292729, -84.669722], [44.292745, -84.669754], [44.292769, -84.669766], [44.292797, -84.669774], [44.292809, -84.669778], [44.292835, -84.669776], [44.292876, -84.66977]]}, "7": {"path": [[44.292788, -84.668838], [44.293931, -84.66922], [44.294544, -84.667844]], "green": [[44.29465, -84.668001], [44.294672, -84.66795], [44.294679, -84.667896], [44.294685, -84.667809], [44.294681, -84.667742], [44.294655, -84.667694], [44.294635, -84.667668], [44.294606, -84.66765], [44.294569, -84.66764], [44.294533, -84.667637], [44.294498, -84.66765], [44.294476, -84.66766], [44.294448, -84.667696], [44.294421, -84.667729], [44.294411, -84.667771], [44.294402, -84.667824], [44.29441, -84.667881], [44.294415, -84.667924], [44.294435, -84.667986], [44.294465, -84.668027], [44.29449, -84.668048], [44.294529, -84.66807], [44.294567, -84.668078], [44.294612, -84.668058], [44.29465, -84.668001]]}, "8": {"path": [[44.294979, -84.66763], [44.29523, -84.670019]], "green": [[44.295297, -84.67016], [44.295317, -84.670123], [44.295328, -84.670079], [44.295328, -84.670037], [44.295327, -84.669991], [44.295317, -84.669954], [44.295307, -84.669939], [44.29529, -84.669918], [44.295273, -84.669901], [44.295251, -84.669894], [44.295228, -84.669883], [44.295205, -84.669879], [44.295187, -84.669883], [44.295173, -84.669883], [44.295152, -84.669904], [44.295139, -84.669919], [44.295128, -84.669955], [44.29512, -84.669993], [44.295122, -84.670039], [44.295144, -84.670082], [44.295163, -84.670111], [44.29518, -84.67014], [44.295196, -84.670157], [44.295222, -84.670174], [44.295248, -84.670179], [44.295268, -84.670182], [44.295297, -84.67016]]}, "9": {"path": [[44.295873, -84.67071], [44.295603, -84.664684]], "green": [[44.295686, -84.664921], [44.295708, -84.664882], [44.295722, -84.664817], [44.295716, -84.66477], [44.295704, -84.664733], [44.295688, -84.664688], [44.295682, -84.664626], [44.295682, -84.664559], [44.29568, -84.664503], [44.295671, -84.664436], [44.295643, -84.664396], [44.295607, -84.664377], [44.295569, -84.664377], [44.295541, -84.664391], [44.295521, -84.664419], [44.295503, -84.664461], [44.295495, -84.664525], [44.295491, -84.664582], [44.295495, -84.664632], [44.295495, -84.664702], [44.295507, -84.664778], [44.295513, -84.664831], [44.295527, -84.664865], [44.295541, -84.664904], [44.295553, -84.664924], [44.295587, -84.664938], [44.295615, -84.664946], [44.295657, -84.664944], [44.295686, -84.664921]]}, "10": {"path": [[44.29559, -84.66361], [44.2958, -84.661273]], "green": [[44.295837, -84.661409], [44.29585, -84.661378], [44.295857, -84.661328], [44.295859, -84.661292], [44.295866, -84.661254], [44.29587, -84.661212], [44.29587, -84.661179], [44.29585, -84.661132], [44.29583, -84.661114], [44.295805, -84.661109], [44.295781, -84.661112], [44.295763, -84.66113], [44.295743, -84.661169], [44.295735, -84.661207], [44.295726, -84.661254], [44.295722, -84.661303], [44.295722, -84.661339], [44.295732, -84.661378], [44.29575, -84.661422], [44.295787, -84.661434], [44.295811, -84.661437], [44.295837, -84.661409]]}, "11": {"path": [[44.295454, -84.661031], [44.293323, -84.664431]],