{"holes": {"1": {"path": [[42.333456, -85.510837], [42.335449, -85.510918], [42.337639, -85.512061]], "green": [[42.337729, -85.512044], [42.337731, -85.512111], [42.337695, -85.512154], [42.337651, -85.5122], [42.337606, -85.512194], [42.337554, -85.512159], [42.337531, -85.512095], [42.337537, -85.51202], [42.337568, -85.51195], [42.337612, -85.511929], [42.337663, -85.511934], [42.337705, -85.511964], [42.337729, -85.512044]]}, "2": {"path": [[42.33782, -85.511929], [42.339464, -85.511151], [42.339713, -85.509326]], "green": [[42.339803, -85.509271], [42.339803, -85.509311], [42.339793, -85.509362], [42.339773, -85.509416], [42.339749, -85.509472], [42.339741, -85.50952], [42.339704, -85.50955], [42.339664, -85.50956], [42.339632, -85.509534], [42.339626, -85.509485], [42.339634, -85.509434], [42.339636, -85.509389], [42.339634, -85.509324], [42.339632, -85.509276], [42.339642, -85.509214], [42.339664, -85.509171], [42.339682, -85.509145], [42.3397, -85.509142], [42.339719, -85.509161], [42.339737, -85.509177], [42.339767, -85.509193], [42.339779, -85.509212], [42.339801, -85.509233], [42.339803, -85.509271]]}, "3": {"path": [[42.339283, -85.509236], [42.338094, -85.510306], [42.336581, -85.511071]], "green": [[42.33667, -85.511105], [42.336642, -85.511164], [42.336597, -85.511202], [42.336533, -85.511213], [42.336488, -85.511183], [42.336474, -85.511113], [42.336476, -85.511054], [42.336498, -85.510995], [42.336539, -85.510944], [42.336597, -85.510923], [42.336627, -85.510955], [42.336658, -85.511001], [42.336664, -85.511036], [42.33667, -85.511105]]}, "4": {"path": [[42.336569, -85.510386], [42.33514, -85.509786]], "green": [[42.335227, -85.509786], [42.335217, -85.50985], [42.335185, -85.50989], [42.335145, -85.509914], [42.335082, -85.509906], [42.335044, -85.509872], [42.335028, -85.509821], [42.33503, -85.509756], [42.335062, -85.509703], [42.335114, -85.509681], [42.335141, -85.509684], [42.335175, -85.509694], [42.335199, -85.509708], [42.335217, -85.509735], [42.335227, -85.509786]]}, "5": {"path": [[42.3349, -85.509354], [42.336775, -85.507994], [42.338536, -85.506497]], "green": [[42.338597, -85.506551], [42.338577, -85.506589], [42.338538, -85.506615], [42.338498, -85.50661], [42.338449, -85.506567], [42.338439, -85.506524], [42.338439, -85.506454], [42.338464, -85.506403], [42.338504, -85.506382], [42.338544, -85.506379], [42.338577, -85.506401], [42.338597, -85.506438], [42.338607, -85.506479], [42.338611, -85.506516], [42.338597, -85.506551]]}, "6": {"path": [[42.33835, -85.505398], [42.335268, -85.505744]], "green": [[42.335375, -85.505738], [42.335363, -85.505827], [42.335338, -85.505878], [42.335288, -85.505899], [42.335253, -85.505886], [42.335209, -85.505878], [42.335185, -85.505843], [42.335151, -85.505805], [42.335143, -85.505754], [42.335149, -85.505695], [42.335169, -85.505652], [42.335207, -85.505628], [42.33526, -85.505607], [42.33529, -85.505601], [42.335328, -85.505623], [42.33536, -85.505647], [42.335373, -85.505693], [42.335375, -85.505738]]}, "7": {"path": [[42.334888, -85.506328], [42.338072, -85.506096]], "green": [[42.338151, -85.506103], [42.338139, -85.506149], [42.338118, -85.506186], [42.338086, -85.506208], [42.338046, -85.506216], [42.338004, -85.506202], [42.337983, -85.50617], [42.337977, -85.506119], [42.337987, -85.50606], [42.338006, -85.506017], [42.338038, -85.505988], [42.338076, -85.505977], [42.33811, -85.505985], [42.338129, -85.506012], [42.338145, -85.506041], [42.338151, -85.506103]]}, "8": {"path": [[42.337665, -85.506639], [42.336105, -85.50745]], "green": [[42.33618, -85.50739], [42.336188, -85.507465], [42.336178, -85.507527], [42.336155, -85.507573], [42.336107, -85.507589], [42.336058, -85.50757], [42.336026, -85.507527], [42.336012, -85.507474], [42.336016, -85.507412], [42.336036, -85.507364], [42.336077, -85.507337], [42.336117, -85.507334], [42.336147, -85.507347], [42.33618, -85.50739]]}, "9": {"path": [[42.335841, -85.506905], [42.334212, -85.510075]], "green": [[42.334305, -85.510127], [42.334274, -85.510174], [42.33424, -85.510204], [42.334204, -85.51021], [42.334168, -85.5102], [42.334145, -85.510179], [42.334123, -85.510138], [42.334114, -85.510095], [42.334116, -85.510051], [42.334126, -85.510012], [42.334143, -85.509987], [42.334173, -85.509968], [42.334199, -85.509956], [42.334226, -85.509955], [42.334258, -85.509967], [42.334288, -85.50999], [42.334308, -85.510022], [42.334317, -85.51007], [42.334305, -85.510127]]}, "10": {"path": [[42.333213, -85.510574], [42.333402, -85.507785], [42.333444, -85.504936]], "green": [[42.333542, -85.504961], [42.333528, -85.504979], [42.333502, -85.504991], [42.333473, -85.505005], [42.333444, -85.505031], [42.333415, -85.505063], [42.333399, -85.505082], [42.333374, -85.505092], [42.33336, -85.50509], [42.333349, -85.505081], [42.33334, -85.505063], [42.333331, -85.505041], [42.333329, -85.505013], [42.333334, -85.50498], [42.33335, -85.504897], [42.333356, -85.50487], [42.333368, -85.50485], [42.333389, -85.504829], [42.333424, -85.504804], [42.333456, -85.504788], [42.333479, -85.504788], [42.333504, -85.504793], [42.333519, -85.504793], [42.333535, -85.504804], [42.333544, -85.50482], [42.33356, -85.504864], [42.333563, -85.504894], [42.333558, -85.504928], [42.333542, -85.504961]]}, "11": {"path": [[42.33334, -85.504193], [42.334962, -85.503905]], "green": [[42.335055, -85.503863], [42.335049, -85.503914], [42.335031, -85.503941], [42.335008, -85.503965], [42.334974, -85.503997], [42.33495, -85.504027], [42.33492, -85.504043], [42.334899, -85.504043], [42.334877, -85.504022], [42.334865, -85.503981], [42.334865, -85.503941], [42.334873, -85.503877], [42.334883, -85.503837], [42.33491, -85.503804], [42.334942, -85.503783], [42.33498, -85.503775], [42.335014, -85.503786], [42.335037, -85.503804], [42.335053, -85.503828], [42.335055, -85.503863]]}, "12": {"path": [[42.335027, -85.504638], [42.338532, -85.504706]], "green": [[42.33862, -85.504698], [42.338616, -85.50473], [42.338604, -85.504778], [42.338575, -85.504816], [42.338539, -85.50484], [42.338503, -85.504829], [42.338471, -85.504805], [42.33844, -85.504773], [42.338426, -85.504724], [42.338432, -85.504671], [42.338448, -85.504633], [42.338471, -85.504609], [42.338503, -85.504596], [42.338533, -85.504601], [42.338569, -85.504615], [42.338591, -85.504628], [42.338606, -85.504659], [42.33862, -85.504698]]}, "13": {"path": [[42.338781, -85.504848], [42.339055, -85.506755]], "green": [[42.339128, -85.506685], [42.339137, -85.506733], [42.339134, -85.5068], [42.33911, -85.506851], [42.339078, -85.506876], [42.339038, -85.506873], [42.339013, -85.506854], [42.338993, -85.506833], [42.338983, -85.506808], [42.338975, -85.506763], [42.338975, -85.50672], [42.338995, -85.506682], [42.339034, -85.506639], [42.339062, -85.506637], [42.33909, -85.506642], [42.339128, -85.506685]]}, "14": {"path": [[42.338963, -85.507338], [42.337593, -85.50851], [42.336558, -85.509569]], "green": [[42.336647, -85.509572], [42.336642, -85.509606], [42.336631, -85.509645], [42.336614, -85.509669], [42.336585, -85.509697], [42.336553, -85.509701], [42.336523, -85.509688], [42.336504, -85.509672], [42.336485, -85.509646], [42.336469, -85.509617], [42.336462, -85.509586], [42.336463, -85.509552], [42.336471, -85.509524], [42.336485, -85.509492], [42.336506, -85.509473], [42.336529, -85.509457], [42.336554, -85.509453], [42.336576, -85.509461], [42.336599, -85.509476], [42.336619, -85.509492], [42.336633, -85.509504], [42.336644, -85.509538], [42.336647, -85.509572]]}, "15": {"path": [[42.336877, -85.510332], [42.339405, -85.508426]], "green": [[42.339474, -85.508391], [42.339478, -85.508455], [42.339464, -85.508495], [42.339444, -85.508533], [42.339402, -85.508546], [42.339363, -85.508541], [42.339331, -85.508506], [42.339315, -85.508463], [42.339315, -85.508418], [42.339337, -85.508361], [42.339368, -85.508324], [42.339406, -85.50831], [42.339444, -85.508313], [42.339466, -85.508337], [42.339474, -85.508391]]},