{"holes": {"1": {"path": [[45.46383, -85.047016], [45.464191, -85.049154], [45.464175, -85.050697]], "green": [[45.464281, -85.050717], [45.464266, -85.050738], [45.464248, -85.050752], [45.464228, -85.05076], [45.464208, -85.050761], [45.464193, -85.05078], [45.464184, -85.050805], [45.464174, -85.050832], [45.464158, -85.05085], [45.464138, -85.050851], [45.464124, -85.05083], [45.464113, -85.050807], [45.464104, -85.050782], [45.464096, -85.050756], [45.464089, -85.050729], [45.464085, -85.050701], [45.464086, -85.050673], [45.464086, -85.050644], [45.464092, -85.050616], [45.464101, -85.050591], [45.464116, -85.050571], [45.464135, -85.050561], [45.464155, -85.050559], [45.464175, -85.05056], [45.464195, -85.050571], [45.464211, -85.050587], [45.464229, -85.050603], [45.464247, -85.05062], [45.464262, -85.05064], [45.464274, -85.050663], [45.464281, -85.050691], [45.464281, -85.050717]]}, "2": {"path": [[45.466206, -85.04939], [45.466233, -85.04692]], "green": [[45.466364, -85.046821], [45.466355, -85.046847], [45.466345, -85.046873], [45.466338, -85.0469], [45.466337, -85.04693], [45.466337, -85.046959], [45.466334, -85.046989], [45.466331, -85.047017], [45.466324, -85.047045], [45.466313, -85.04707], [45.466299, -85.047092], [45.466283, -85.04711], [45.466265, -85.047123], [45.466245, -85.047129], [45.466225, -85.047127], [45.466206, -85.047117], [45.466187, -85.047108], [45.466168, -85.047099], [45.46615, -85.047085], [45.466133, -85.04707], [45.466117, -85.047053], [45.466104, -85.047033], [45.46609, -85.047011], [45.466079, -85.046988], [45.466077, -85.046959], [45.46608, -85.046931], [45.466088, -85.046905], [45.466103, -85.046885], [45.466121, -85.046872], [45.46614, -85.046863], [45.46616, -85.046852], [45.466173, -85.046832], [45.466182, -85.046806], [45.466191, -85.046781], [45.466204, -85.046759], [45.466221, -85.046742], [45.466239, -85.046728], [45.466258, -85.046718], [45.466277, -85.04671], [45.466298, -85.046707], [45.466318, -85.04671], [45.466336, -85.046722], [45.466351, -85.046743], [45.46636, -85.046769], [45.466364, -85.046821]]}, "3": {"path": [[45.466249, -85.045842], [45.467096, -85.043331], [45.467886, -85.042114]], "green": [[45.467833, -85.042276], [45.467836, -85.042248], [45.467842, -85.04222], [45.467843, -85.042191], [45.467836, -85.042165], [45.467826, -85.04214], [45.467808, -85.042127], [45.46779, -85.042114], [45.467775, -85.042094], [45.467765, -85.042069], [45.46776, -85.042042], [45.467766, -85.042015], [45.467778, -85.041992], [45.467792, -85.041971], [45.46781, -85.041957], [45.467829, -85.041947], [45.467849, -85.041941], [45.467869, -85.041934], [45.46789, -85.041931], [45.46791, -85.041935], [45.467929, -85.041945], [45.467948, -85.041955], [45.467967, -85.041967], [45.467984, -85.041984], [45.467993, -85.042011], [45.467998, -85.042039], [45.468, -85.042069], [45.467996, -85.042098], [45.467993, -85.042127], [45.467991, -85.042157], [45.467987, -85.042186], [45.46798, -85.042214], [45.46797, -85.042238], [45.467955, -85.042259], [45.46794, -85.042279], [45.467925, -85.042298], [45.467908, -85.042314], [45.467888, -85.042321], [45.467868, -85.042317], [45.46785, -85.042305], [45.467833, -85.042276]]}, "4": {"path": [[45.469872, -85.04191], [45.468978, -85.044673], [45.468585, -85.046884], [45.468121, -85.047654]], "green": [[45.468206, -85.047651], [45.468201, -85.047679], [45.468198, -85.047709], [45.468191, -85.047736], [45.468184, -85.047763], [45.46817, -85.047785], [45.468151, -85.047795], [45.468131, -85.047801], [45.468111, -85.047807], [45.46809, -85.047804], [45.468074, -85.047789], [45.468056, -85.047774], [45.46804, -85.047756], [45.468026, -85.047736], [45.468019, -85.047709], [45.468022, -85.047681], [45.468032, -85.047657], [45.468041, -85.047631], [45.468046, -85.047603], [45.46805, -85.047575], [45.468058, -85.047549], [45.46807, -85.047527], [45.468089, -85.047514], [45.468108, -85.047503], [45.468128, -85.047498], [45.468148, -85.047499], [45.468167, -85.047508], [45.468183, -85.047528], [45.468194, -85.047552], [45.468201, -85.04758], [45.468205, -85.047609], [45.468205, -85.047638], [45.468206, -85.047651]]}, "5": {"path": [[45.466951, -85.048826], [45.468761, -85.050878], [45.469535, -85.051983]], "green": [[45.469657, -85.052], [45.469641, -85.052019], [45.469625, -85.052038], [45.469616, -85.052064], [45.469614, -85.052093], [45.469607, -85.052122], [45.469598, -85.052149], [45.469582, -85.052166], [45.469562, -85.052167], [45.469543, -85.052159], [45.469525, -85.052144], [45.469512, -85.052123], [45.469497, -85.052104], [45.46948, -85.052088], [45.469461, -85.052078], [45.469442, -85.05207], [45.469424, -85.052059], [45.469411, -85.052036], [45.469404, -85.052009], [45.4694, -85.051981], [45.469398, -85.051953], [45.469401, -85.051924], [45.469411, -85.0519], [45.469422, -85.051876], [45.469441, -85.051867], [45.469462, -85.051866], [45.469482, -85.051868], [45.469502, -85.051862], [45.469518, -85.051844], [45.469535, -85.051829], [45.469554, -85.051819], [45.469575, -85.051814], [45.469594, -85.051823], [45.469611, -85.051839], [45.469627, -85.051859], [45.469639, -85.051884], [45.469647, -85.05191], [45.469654, -85.051938], [45.469659, -85.051967], [45.469657, -85.052]]}, "6": {"path": [[45.474777, -85.049905], [45.474911, -85.047341], [45.474535, -85.045671]], "green": [[45.474618, -85.045627], [45.474621, -85.045657], [45.474622, -85.045686], [45.474623, -85.045715], [45.474623, -85.045745], [45.474622, -85.045774], [45.474619, -85.045803], [45.474608, -85.045828], [45.474591, -85.045845], [45.474572, -85.045856], [45.474552, -85.045861], [45.474533, -85.045858], [45.474513, -85.045853], [45.474494, -85.045841], [45.474478, -85.045825], [45.474462, -85.045806], [45.474449, -85.045785], [45.474441, -85.045759], [45.474435, -85.045731], [45.474431, -85.045703], [45.474429, -85.045674], [45.474431, -85.045646], [45.474434, -85.045617], [45.47444, -85.04559], [45.474449, -85.045564], [45.474459, -85.04554], [45.474473, -85.045519], [45.474491, -85.045505], [45.47451, -85.045494], [45.474529, -85.045485], [45.474549, -85.04548], [45.47457, -85.04548], [45.474587, -85.045496], [45.474601, -85.045518], [45.47461, -85.045543], [45.474614, -85.045572], [45.47462, -85.045601], [45.474618, -85.045627]]}, "7": {"path": [[45.463015, -85.029297], [45.464053, -85.029949]], "green": [[45.464042, -85.030177], [45.464027, -85.030175], [45.464012, -85.03017], [45.463999, -85.030159], [45.463994, -85.03014], [45.463991, -85.030118], [45.46399, -85.030097], [45.463987, -85.030075], [45.463985, -85.030054], [45.463983, -85.030032], [45.463978, -85.030012], [45.463972, -85.029991], [45.463965, -85.029973], [45.463955, -85.029957], [45.463947, -85.029939], [45.463944, -85.029918], [45.463947, -85.029896], [45.463958, -85.02988], [45.463965, -85.029861], [45.463971, -85.029842], [45.463977, -85.029822], [45.463984, -85.029804], [45.463993, -85.029786], [45.464001, -85.029769], [45.464013, -85.029755], [45.464027, -85.029748], [45.464042, -85.029743], [45.464057, -85.029736], [45.464071, -85.02973], [45.464086, -85.029728], [45.464102, -85.029729], [45.464118, -85.029734], [45.464131, -85.029745], [45.464138, -85.029765], [45.464141, -85.029788], [45.464139, -85.029809], [45.464134, -85.02983], [45.464134, -85.029852], [45.464139, -85.029873], [45.464145, -85.029894], [45.46415, -85.029915], [45.464155, -85.029936], [45.464157, -85.029958], [45.464157, -85.02998], [45.464156, -85.030002], [45.464147, -85.030021], [45.464134, -85.030032], [45.46412, -85.03004], [45.464106, -85.03005], [45.464095, -85.030067], [45.464086, -85.030084], [45.464081, -85.030104], [45.464076, -85.030125], [45.464069, -85.030146], [45.464061, -85.030164], [45.464048, -85.030176], [45.464042, -85.030177]]}, "8": {"path": [[45.472492, -85.038482], [45.47149, -85.035888], [45.470342, -85.03487], [45.469313, -85.034909]],