{"holes": {"1": {"path": [[43.517741, -84.047442], [43.520487, -84.046947]], "green": [[43.52054, -84.046856], [43.520587, -84.046902], [43.520596, -84.046928], [43.520599, -84.046963], [43.520583, -84.047014], [43.520564, -84.047041], [43.520536, -84.047059], [43.520469, -84.047076], [43.520411, -84.04706], [43.520383, -84.047009], [43.520374, -84.046982], [43.520373, -84.046952], [43.520383, -84.046919], [43.520396, -84.046893], [43.520433, -84.046854], [43.520476, -84.046836], [43.520519, -84.046841], [43.52054, -84.046856]]}, "2": {"path": [[43.520699, -84.047325], [43.522997, -84.047053]], "green": [[43.523045, -84.046928], [43.523093, -84.046955], [43.523124, -84.047006], [43.523136, -84.047066], [43.523131, -84.047118], [43.523105, -84.047162], [43.523057, -84.047181], [43.523004, -84.047189], [43.522955, -84.047167], [43.522934, -84.047153], [43.522915, -84.047131], [43.522901, -84.047115], [43.522892, -84.047091], [43.522886, -84.04706], [43.522887, -84.047028], [43.522904, -84.046978], [43.522932, -84.046947], [43.522974, -84.046932], [43.523013, -84.046929], [43.523045, -84.046928]]}, "3": {"path": [[43.523132, -84.046231], [43.518928, -84.04622]], "green": [[43.519043, -84.046166], [43.519047, -84.046217], [43.519036, -84.046268], [43.519018, -84.046296], [43.518983, -84.046316], [43.518946, -84.046321], [43.518915, -84.046324], [43.518876, -84.046324], [43.518853, -84.046322], [43.518831, -84.046314], [43.518805, -84.046292], [43.518786, -84.046246], [43.51879, -84.046196], [43.518808, -84.046153], [43.518849, -84.046125], [43.518894, -84.046107], [43.518942, -84.046102], [43.518982, -84.046107], [43.519006, -84.046116], [43.519031, -84.046137], [43.519043, -84.046166]]}, "4": {"path": [[43.518573, -84.046412], [43.517433, -84.046243]], "green": [[43.51736, -84.04635], [43.517338, -84.046295], [43.517337, -84.046223], [43.517365, -84.046135], [43.517411, -84.046093], [43.517465, -84.046082], [43.517506, -84.046104], [43.517532, -84.046162], [43.517536, -84.046228], [43.517521, -84.046294], [43.517491, -84.046345], [43.517445, -84.046374], [43.517398, -84.04637], [43.51736, -84.04635]]}, "5": {"path": [[43.517523, -84.045476], [43.51981, -84.045243]], "green": [[43.519887, -84.045149], [43.519911, -84.045201], [43.519926, -84.045264], [43.519915, -84.045311], [43.519893, -84.04535], [43.519846, -84.045371], [43.519812, -84.045374], [43.519775, -84.045362], [43.519749, -84.045345], [43.519724, -84.045324], [43.519696, -84.045281], [43.519689, -84.045232], [43.519695, -84.045183], [43.519718, -84.045136], [43.519769, -84.045113], [43.519822, -84.045108], [43.519862, -84.045124], [43.519887, -84.045149]]}, "6": {"path": [[43.520187, -84.045663], [43.523069, -84.04533]], "green": [[43.523164, -84.045248], [43.52319, -84.045285], [43.523206, -84.045343], [43.523193, -84.045386], [43.523161, -84.045422], [43.52312, -84.045444], [43.523065, -84.04545], [43.523013, -84.045444], [43.522978, -84.045422], [43.522947, -84.04539], [43.52293, -84.045348], [43.522927, -84.045306], [43.522942, -84.045272], [43.522974, -84.045245], [43.523039, -84.04523], [43.523099, -84.04523], [43.523129, -84.045229], [43.523164, -84.045248]]}, "7": {"path": [[43.52378, -84.044522], [43.521067, -84.044821]], "green": [[43.521131, -84.04491], [43.521099, -84.044921], [43.521055, -84.044923], [43.521019, -84.044916], [43.52098, -84.044896], [43.520961, -84.044874], [43.520946, -84.044842], [43.520944, -84.044793], [43.520959, -84.044753], [43.520987, -84.04472], [43.52102, -84.044703], [43.521059, -84.044702], [43.521098, -84.044708], [43.521134, -84.044727], [43.521158, -84.044755], [43.521168, -84.044787], [43.521172, -84.04483], [43.521165, -84.044866], [43.52115, -84.044891], [43.521131, -84.04491]]}, "8": {"path": [[43.520789, -84.044367], [43.518832, -84.044558], [43.517808, -84.044782]], "green": [[43.517877, -84.04472], [43.517892, -84.044769], [43.517896, -84.044803], [43.517893, -84.044843], [43.517878, -84.044877], [43.517859, -84.044897], [43.517828, -84.044905], [43.517784, -84.044897], [43.517744, -84.044878], [43.517718, -84.04485], [43.5177, -84.0448], [43.517696, -84.044754], [43.517706, -84.044715], [43.517731, -84.04469], [43.517767, -84.044677], [43.517808, -84.044675], [43.51784, -84.044682], [43.517864, -84.0447], [43.517877, -84.04472]]}, "9": {"path": [[43.517092, -84.045474], [43.517109, -84.047247]], "green": [[43.517153, -84.047134], [43.517178, -84.047185], [43.517188, -84.047256], [43.517182, -84.047323], [43.517164, -84.047368], [43.517138, -84.047393], [43.517108, -84.047402], [43.517076, -84.047393], [43.517055, -84.047366], [43.517034, -84.047318], [43.517029, -84.047248], [43.517032, -84.04719], [43.517045, -84.047144], [43.517073, -84.047117], [43.517105, -84.04711], [43.517135, -84.047116], [43.517153, -84.047134]]}, "10": {"path": [[43.516771, -84.047489], [43.514361, -84.04594]], "green": [[43.514379, -84.045848], [43.514414, -84.045886], [43.514438, -84.04592], [43.514453, -84.045965], [43.514452, -84.046015], [43.51444, -84.046053], [43.514421, -84.046076], [43.514395, -84.046084], [43.514364, -84.046074], [43.514328, -84.04604], [43.514291, -84.045991], [43.514268, -84.045944], [43.514258, -84.045903], [43.514265, -84.04587], [43.514285, -84.045845], [43.514316, -84.045833], [43.514344, -84.045832], [43.514363, -84.045839], [43.514379, -84.045848]]}, "11": {"path": [[43.514371, -84.046548], [43.513004, -84.045188], [43.512622, -84.044422]], "green": [[43.512614, -84.044305], [43.512643, -84.044333], [43.512674, -84.044381], [43.512691, -84.044416], [43.512696, -84.044436], [43.512698, -84.044457], [43.512695, -84.044484], [43.512686, -84.044506], [43.512669, -84.044528], [43.512653, -84.044539], [43.512634, -84.044544], [43.512597, -84.044537], [43.512565, -84.044511], [43.512539, -84.044461], [43.512529, -84.044408], [43.512533, -84.044364], [43.512546, -84.044325], [43.512571, -84.044301], [43.512596, -84.044299], [43.512614, -84.044305]]}, "12": {"path": [[43.512783, -84.044097], [43.514637, -84.045324], [43.516553, -84.044749]], "green": [[43.516583, -84.044671], [43.516623, -84.04469], [43.516652, -84.044729], [43.516653, -84.044776], [43.516635, -84.044812], [43.516594, -84.044846], [43.516535, -84.044861], [43.516486, -84.044844], [43.516463, -84.044815], [43.516453, -84.044768], [43.516462, -84.044719], [43.516484, -84.044689], [43.516531, -84.044671], [43.516561, -84.044669], [43.516583, -84.044671]]}, "13": {"path": [[43.516858, -84.044785], [43.516614, -84.046822]], "green": [[43.516688, -84.046792], [43.51668, -84.046882], [43.516661, -84.046954], [43.516642, -84.046986], [43.516608, -84.047], [43.516568, -84.046984], [43.51654, -84.046958], [43.516519, -84.04689], [43.516514, -84.046818], [43.516531, -84.046735], [43.516554, -84.046696], [43.516583, -84.046673], [43.516624, -84.046669], [43.516659, -84.046684], [43.516684, -84.046711], [43.51669, -84.046751], [43.516688, -84.046792]]}, "14": {"path": [[43.516513, -84.048483], [43.512719, -84.04822]], "green": [[43.512776, -84.048133], [43.5128, -84.048155], [43.512815, -84.048177], [43.512826, -84.048223], [43.512825, -84.048252], [43.512813, -84.048288], [43.51279, -84.048318], [43.512759, -84.048332], [43.512732, -84.048338], [43.512662, -84.048333], [43.512612, -84.048312], [43.512584, -84.048268], [43.512577, -84.048226], [43.512589, -84.048178], [43.512618, -84.048145], [43.512654, -84.048121], [43.512707, -84.048118], [43.512752, -84.048121], [43.512776, -84.048133]]}, "15": {"path": [[43.512183, -84.048778], [43.511108, -84.044702]], "green": [[43.511153, -84.04463], [43.51117, -84.044685], [43.511178, -84.044747], [43.511173, -84.04479], [43.511156, -84.044821], [43.51113, -84.044837], [43.511097, -84.044836], [43.511064, -84.044812], [43.511042, -84.044769], [43.511027, -84.044697], [43.511029, -84.044641], [43.511043, -84.044597], [43.511074, -84.044576], [43.511104, -84.044576], [43.511134, -84.044595], [43.511153, -84.04463]]},