{"holes": {"1": {"path": [[43.314233, -83.66197], [43.313249, -83.665789]], "green": [[43.31326, -83.665915], [43.313287, -83.665882], [43.313311, -83.665805], [43.313327, -83.665719], [43.313322, -83.66567], [43.313295, -83.665634], [43.313253, -83.665636], [43.313217, -83.665665], [43.31319, -83.665719], [43.313173, -83.665802], [43.313177, -83.665862], [43.313197, -83.665898], [43.313222, -83.665921], [43.31326, -83.665915]]}, "4": {"path": [[43.308792, -83.661693], [43.311788, -83.660477], [43.313441, -83.660185]], "green": [[43.31341, -83.660267], [43.313439, -83.660284], [43.313473, -83.660284], [43.313495, -83.660263], [43.313509, -83.660227], [43.313507, -83.660173], [43.313494, -83.660113], [43.313486, -83.660077], [43.313467, -83.660063], [43.313448, -83.66007], [43.313426, -83.660096], [43.313398, -83.660136], [43.313384, -83.660168], [43.313377, -83.660188], [43.313381, -83.660219], [43.313398, -83.660251], [43.31341, -83.660267]]}, "8": {"path": [[43.309108, -83.667307], [43.309475, -83.662977]], "green": [[43.309379, -83.663042], [43.309382, -83.663067], [43.309395, -83.663087], [43.309421, -83.663107], [43.309438, -83.663119], [43.309464, -83.663127], [43.309489, -83.663117], [43.309509, -83.663087], [43.309524, -83.66304], [43.30953, -83.663021], [43.30954, -83.66298], [43.309552, -83.662931], [43.309562, -83.662886], [43.309564, -83.662863], [43.309559, -83.662828], [43.309546, -83.662809], [43.309528, -83.662812], [43.309505, -83.662834], [43.309475, -83.662868], [43.309446, -83.662901], [43.309429, -83.662923], [43.309401, -83.662953], [43.309383, -83.662995], [43.309379, -83.663042]]}, "10": {"path": [[43.313161, -83.660351], [43.311028, -83.661782], [43.310388, -83.661972]], "green": [[43.310363, -83.662073], [43.31039, -83.66207], [43.310423, -83.662072], [43.310456, -83.662069], [43.310481, -83.662049], [43.310498, -83.662002], [43.31051, -83.661968], [43.310512, -83.661927], [43.310503, -83.661906], [43.310477, -83.661887], [43.310447, -83.66187], [43.310417, -83.661863], [43.310382, -83.66185], [43.310349, -83.661844], [43.310325, -83.661844], [43.310301, -83.661862], [43.310287, -83.661892], [43.310279, -83.661943], [43.310285, -83.662], [43.31029, -83.662035], [43.310307, -83.662067], [43.310323, -83.662081], [43.310342, -83.662081], [43.310363, -83.662073]]}, "12": {"path": [[43.316231, -83.659095], [43.316896, -83.659588]], "green": [[43.316866, -83.659676], [43.316874, -83.659672], [43.316902, -83.659656], [43.316936, -83.659654], [43.316967, -83.659657], [43.31699, -83.65965], [43.317009, -83.659634], [43.317022, -83.659608], [43.317026, -83.659583], [43.317021, -83.659559], [43.317007, -83.659534], [43.316983, -83.659511], [43.316951, -83.659503], [43.316912, -83.659497], [43.316883, -83.659485], [43.316854, -83.659473], [43.31683, -83.659465], [43.316809, -83.659466], [43.316786, -83.65949], [43.316772, -83.659552], [43.316776, -83.659606], [43.316784, -83.659641], [43.316798, -83.659671], [43.316819, -83.659683], [43.316842, -83.659685], [43.316866, -83.659676]]}, "15": {"path": [[43.313825, -83.672838], [43.312236, -83.67233], [43.311951, -83.670997]], "green": [[43.311939, -83.671087], [43.311955, -83.671121], [43.311968, -83.671138], [43.311988, -83.671143], [43.312008, -83.671137], [43.312024, -83.671117], [43.312032, -83.671071], [43.312027, -83.671041], [43.312016, -83.67101], [43.312, -83.670974], [43.31199, -83.670927], [43.311985, -83.670895], [43.311973, -83.670861], [43.311963, -83.670841], [43.311945, -83.670835], [43.311918, -83.670841], [43.311893, -83.670864], [43.311868, -83.670904], [43.311851, -83.670938], [43.311845, -83.670974], [43.311865, -83.671012], [43.311899, -83.671044], [43.311928, -83.671066], [43.311939, -83.671087]]}, "16": {"path": [[43.317772, -83.657025], [43.312957, -83.659534]], "green": [[43.312886, -83.659691], [43.312908, -83.659701], [43.312946, -83.659699], [43.312992, -83.659661], [43.313035, -83.659621], [43.313059, -83.659575], [43.313074, -83.659513], [43.313084, -83.659452], [43.313079, -83.659399], [43.313054, -83.659358], [43.313021, -83.659342], [43.312999, -83.659344], [43.312979, -83.65936], [43.312961, -83.659389], [43.312941, -83.659445], [43.312924, -83.659491], [43.312897, -83.659523], [43.312868, -83.659536], [43.312851, -83.659561], [43.312844, -83.659602], [43.31285, -83.659643], [43.312865, -83.659674], [43.312886, -83.659691]]}, "17": {"path": [[43.320653, -83.659318], [43.319935, -83.657387], [43.318468, -83.657374]], "green": [[43.31846, -83.657509], [43.318483, -83.6575], [43.318497, -83.657476], [43.318504, -83.657419], [43.318511, -83.657388], [43.318515, -83.657374], [43.31854, -83.657339], [43.318557, -83.657302], [43.318558, -83.657261], [43.318533, -83.657223], [43.318497, -83.657207], [43.318459, -83.657212], [43.318435, -83.657222], [43.318423, -83.657249], [43.318414, -83.657293], [43.318412, -83.657341], [43.318408, -83.657392], [43.318403, -83.657427], [43.318402, -83.657459], [43.318412, -83.657488], [43.31843, -83.657505], [43.318445, -83.657508], [43.31846, -83.657509]]}}}