{"holes": {"1": {"path": [[42.797118, -85.443588], [42.795645, -85.444197], [42.793976, -85.444504]], "green": [[42.793912, -85.444621], [42.793879, -85.444579], [42.793864, -85.444523], [42.793869, -85.444458], [42.793888, -85.444408], [42.793922, -85.444372], [42.79398, -85.444358], [42.794025, -85.444358], [42.794057, -85.444378], [42.794076, -85.444408], [42.79408, -85.444439], [42.794071, -85.44449], [42.794057, -85.44454], [42.794037, -85.44459], [42.794015, -85.44463], [42.793979, -85.44465], [42.793945, -85.444649], [42.793912, -85.444621]]}, "4": {"path": [[42.804874, -85.444436], [42.804978, -85.442094], [42.804917, -85.439684]], "green": [[42.804867, -85.439829], [42.80483, -85.439794], [42.804811, -85.439738], [42.804826, -85.439658], [42.804844, -85.439598], [42.804864, -85.439542], [42.804891, -85.439526], [42.80493, -85.439524], [42.804955, -85.439546], [42.804978, -85.439582], [42.804994, -85.439619], [42.805002, -85.439659], [42.805007, -85.439702], [42.804991, -85.439749], [42.804969, -85.439795], [42.804952, -85.439807], [42.804923, -85.439816], [42.804867, -85.439829]]}, "5": {"path": [[42.804369, -85.438966], [42.802453, -85.438563], [42.800304, -85.438549]], "green": [[42.800396, -85.438557], [42.800389, -85.438613], [42.800368, -85.438683], [42.800327, -85.43871], [42.800281, -85.438706], [42.800252, -85.438676], [42.800218, -85.438644], [42.800198, -85.438592], [42.800198, -85.438528], [42.800211, -85.438481], [42.800226, -85.438445], [42.800258, -85.438425], [42.800294, -85.438419], [42.800331, -85.438423], [42.80036, -85.438442], [42.800382, -85.438467], [42.80039, -85.438512], [42.800396, -85.438557]]}, "6": {"path": [[42.800047, -85.438971], [42.802463, -85.439829], [42.80374, -85.440621]], "green": [[42.803823, -85.440705], [42.80385, -85.440657], [42.803853, -85.440592], [42.80383, -85.440543], [42.803795, -85.440508], [42.80376, -85.440485], [42.803719, -85.440474], [42.803678, -85.440487], [42.803654, -85.440514], [42.803634, -85.440577], [42.803627, -85.44063], [42.803631, -85.440692], [42.803662, -85.440738], [42.803701, -85.440762], [42.803753, -85.440758], [42.803793, -85.440729], [42.803823, -85.440705]]}, "8": {"path": [[42.803679, -85.442518], [42.802325, -85.440744], [42.80138, -85.440668]], "green": [[42.801469, -85.440583], [42.80146, -85.440541], [42.801433, -85.440512], [42.801395, -85.440507], [42.801358, -85.440512], [42.801313, -85.440533], [42.801287, -85.440573], [42.801266, -85.440624], [42.801262, -85.440688], [42.801276, -85.440759], [42.801302, -85.440822], [42.801331, -85.440867], [42.801361, -85.440878], [42.801401, -85.440858], [42.801445, -85.440811], [42.801463, -85.440738], [42.801467, -85.440679], [42.80147, -85.440629], [42.801469, -85.440583]]}, "9": {"path": [[42.793979, -85.443792], [42.796975, -85.443081]], "green": [[42.796951, -85.443229], [42.796991, -85.443238], [42.797055, -85.443236], [42.797092, -85.443203], [42.797116, -85.443162], [42.797126, -85.44311], [42.797119, -85.443065], [42.797108, -85.443023], [42.797083, -85.442984], [42.797048, -85.442961], [42.797015, -85.442944], [42.796983, -85.44294], [42.796941, -85.442937], [42.796902, -85.442946], [42.796869, -85.442951], [42.796852, -85.442974], [42.79684, -85.443001], [42.796841, -85.443061], [42.796852, -85.443114], [42.796871, -85.443159], [42.796896, -85.44319], [42.796921, -85.443212], [42.796951, -85.443229]]}}}