{"holes": {"1": {"path": [[43.193882, -83.77983], [43.193595, -83.782357], [43.193883, -83.783917]], "green": [[43.193966, -83.783916], [43.19395, -83.783984], [43.193936, -83.784022], [43.193925, -83.784042], [43.193912, -83.784056], [43.193901, -83.784062], [43.193887, -83.784067], [43.193872, -83.784069], [43.193857, -83.784068], [43.193839, -83.784061], [43.193824, -83.784047], [43.193806, -83.784015], [43.193795, -83.783993], [43.193782, -83.78395], [43.193779, -83.783907], [43.193781, -83.783877], [43.193789, -83.783844], [43.193799, -83.783821], [43.193813, -83.783802], [43.193838, -83.783785], [43.193859, -83.783772], [43.193885, -83.783767], [43.193907, -83.783767], [43.193928, -83.783776], [43.193945, -83.783792], [43.193956, -83.783806], [43.193964, -83.783828], [43.193969, -83.783852], [43.193971, -83.783877], [43.193971, -83.783889], [43.193966, -83.783916]]}, "2": {"path": [[43.194444, -83.78391], [43.19342, -83.786076], [43.193382, -83.787603]], "green": [[43.193307, -83.787705], [43.193325, -83.787706], [43.19335, -83.787703], [43.193383, -83.787696], [43.193423, -83.787681], [43.193453, -83.787662], [43.19347, -83.787647], [43.193485, -83.787627], [43.193497, -83.787606], [43.193504, -83.787582], [43.193505, -83.787564], [43.193504, -83.787549], [43.193499, -83.787527], [43.19349, -83.787509], [43.19348, -83.787496], [43.193467, -83.787487], [43.193452, -83.787482], [43.193437, -83.787481], [43.193418, -83.787484], [43.193399, -83.787487], [43.193376, -83.787502], [43.193343, -83.787528], [43.19329, -83.787571], [43.193276, -83.787591], [43.193265, -83.787614], [43.193261, -83.787629], [43.19326, -83.787648], [43.193261, -83.787665], [43.193266, -83.787679], [43.193273, -83.787688], [43.193282, -83.787695], [43.193294, -83.787702], [43.193307, -83.787705]]}, "3": {"path": [[43.193206, -83.788231], [43.197084, -83.785111]], "green": [[43.196982, -83.785137], [43.196985, -83.785153], [43.196994, -83.785177], [43.197008, -83.785201], [43.197029, -83.785229], [43.197041, -83.785241], [43.197052, -83.78525], [43.197066, -83.785253], [43.19708, -83.785252], [43.197098, -83.785242], [43.19712, -83.785228], [43.197156, -83.785199], [43.197173, -83.785177], [43.197185, -83.785157], [43.197192, -83.785134], [43.197197, -83.78511], [43.1972, -83.785078], [43.197199, -83.785059], [43.197193, -83.785041], [43.197185, -83.785024], [43.197175, -83.785015], [43.197165, -83.785011], [43.197154, -83.78501], [43.197133, -83.785013], [43.197117, -83.78502], [43.197103, -83.785027], [43.197093, -83.78503], [43.19707, -83.785038], [43.197057, -83.785042], [43.197046, -83.785045], [43.197035, -83.785047], [43.197024, -83.785049], [43.197014, -83.785054], [43.197005, -83.785061], [43.196996, -83.785073], [43.196989, -83.785087], [43.196983, -83.785106], [43.196981, -83.785122], [43.196982, -83.785137]]}, "4": {"path": [[43.196841, -83.786044], [43.198335, -83.785275]], "green": [[43.198245, -83.78537], [43.19824, -83.785345], [43.198238, -83.785309], [43.198236, -83.785257], [43.19824, -83.785216], [43.198246, -83.785191], [43.198256, -83.785165], [43.198265, -83.785153], [43.198269, -83.785148], [43.198285, -83.785136], [43.198305, -83.785129], [43.198336, -83.785126], [43.198375, -83.785125], [43.198395, -83.785124], [43.198411, -83.785132], [43.198429, -83.785148], [43.198445, -83.785169], [43.198455, -83.785191], [43.198461, -83.78522], [43.198462, -83.785249], [43.19846, -83.785261], [43.198455, -83.785282], [43.198445, -83.785307], [43.198432, -83.785327], [43.198415, -83.785347], [43.198389, -83.785372], [43.198354, -83.7854], [43.198325, -83.785421], [43.198314, -83.785425], [43.198302, -83.785426], [43.198289, -83.785424], [43.198277, -83.785421], [43.198267, -83.785414], [43.198255, -83.785398], [43.198248, -83.785386], [43.198245, -83.78537]]}, "5": {"path": [[43.198592, -83.784645], [43.196528, -83.784447], [43.194565, -83.786263]], "green": [[43.194644, -83.786186], [43.194661, -83.786217], [43.194671, -83.786242], [43.194675, -83.786265], [43.194674, -83.786286], [43.19467, -83.786307], [43.194664, -83.786322], [43.194652, -83.78634], [43.194635, -83.786353], [43.194612, -83.786365], [43.194576, -83.786383], [43.194539, -83.786397], [43.194517, -83.7864], [43.194499, -83.786396], [43.194483, -83.786388], [43.19447, -83.786375], [43.194459, -83.786357], [43.194452, -83.786339], [43.19445, -83.786313], [43.194452, -83.786283], [43.194457, -83.786259], [43.194468, -83.786231], [43.194485, -83.7862], [43.194509, -83.786174], [43.19452, -83.786163], [43.194531, -83.786154], [43.194543, -83.786149], [43.194554, -83.786145], [43.194577, -83.786147], [43.194594, -83.78615], [43.194609, -83.786155], [43.19462, -83.78616], [43.194629, -83.786165], [43.194644, -83.786186]]}, "6": {"path": [[43.194184, -83.786029], [43.195478, -83.783876], [43.196707, -83.783489]], "green": [[43.196604, -83.783588], [43.196614, -83.783604], [43.19663, -83.783621], [43.196648, -83.783631], [43.196671, -83.783635], [43.196699, -83.783629], [43.196754, -83.783607], [43.196782, -83.783588], [43.196802, -83.78357], [43.196827, -83.783536], [43.196837, -83.783517], [43.196844, -83.783491], [43.196848, -83.783463], [43.196847, -83.783432], [43.196843, -83.78341], [43.196829, -83.78338], [43.196815, -83.783364], [43.196797, -83.783349], [43.196783, -83.783347], [43.196765, -83.783349], [43.196747, -83.783355], [43.196716, -83.783374], [43.196683, -83.783394], [43.196654, -83.783414], [43.196636, -83.783421], [43.19662, -83.783429], [43.196606, -83.783441], [43.196597, -83.783454], [43.19659, -83.783477], [43.196587, -83.783504], [43.196586, -83.783529], [43.196591, -83.783554], [43.196596, -83.783572], [43.196604, -83.783588]]}, "7": {"path": [[43.197319, -83.7839], [43.197962, -83.781083], [43.198319, -83.779982]], "green": [[43.198402, -83.77995], [43.1984, -83.779978], [43.1984, -83.780017], [43.198402, -83.780061], [43.198402, -83.780106], [43.198396, -83.780138], [43.198384, -83.780166], [43.198372, -83.780175], [43.198356, -83.78018], [43.198337, -83.780175], [43.198314, -83.780152], [43.198301, -83.780129], [43.198286, -83.780086], [43.198273, -83.780053], [43.198262, -83.780031], [43.198259, -83.780025], [43.198241, -83.779995], [43.198225, -83.779972], [43.198217, -83.779953], [43.198214, -83.779937], [43.198214, -83.779907], [43.198218, -83.779879], [43.198228, -83.779854], [43.198242, -83.779831], [43.198266, -83.779813], [43.198292, -83.779802], [43.198323, -83.779798], [43.198347, -83.779809], [43.198368, -83.779831], [43.198385, -83.779858], [43.198396, -83.779888], [43.198401, -83.779918], [43.198402, -83.77995]]}, "8": {"path": [[43.197768, -83.780243], [43.196566, -83.782484], [43.195229, -83.782894]], "green": [[43.195225, -83.783007], [43.195273, -83.782989], [43.195298, -83.782973], [43.195322, -83.782955], [43.195338, -83.782936], [43.195352, -83.78291], [43.195361, -83.782879], [43.195362, -83.782848], [43.195359, -83.782828], [43.195352, -83.782814], [43.195339, -83.782794], [43.195321, -83.782776], [43.195307, -83.782771], [43.195294, -83.782768], [43.195267, -83.782772], [43.195224, -83.78278], [43.195192, -83.782786], [43.195172, -83.782794], [43.195156, -83.782803], [43.195143, -83.782815], [43.19513, -83.78283], [43.195121, -83.782852], [43.195118, -83.782875], [43.195118, -83.782904], [43.195122, -83.782934], [43.19513, -83.782963], [43.195136, -83.782981], [43.195145, -83.782996], [43.195154, -83.783006], [43.195161, -83.78301], [43.195174, -83.783014], [43.19519, -83.783014], [43.195204, -83.783013], [43.195225, -83.783007]]}, "9": {"path": [[43.194878, -83.783624], [43.194308, -83.781301]],