{"holes": {"1": {"path": [[42.669089, -85.884498], [42.670631, -85.886314], [42.671588, -85.887019]], "green": [[42.671705, -85.887116], [42.671706, -85.887093], [42.671703, -85.887063], [42.671693, -85.887027], [42.671684, -85.886994], [42.671679, -85.886969], [42.671676, -85.886945], [42.671669, -85.886916], [42.671653, -85.886891], [42.671637, -85.886868], [42.67162, -85.886855], [42.671605, -85.886845], [42.671581, -85.886838], [42.67156, -85.886841], [42.671538, -85.88685], [42.671519, -85.886866], [42.671498, -85.886889], [42.67148, -85.886914], [42.671469, -85.886933], [42.671464, -85.886957], [42.671464, -85.886978], [42.671467, -85.887004], [42.671471, -85.887032], [42.67148, -85.887062], [42.67149, -85.887085], [42.671513, -85.887104], [42.671527, -85.887115], [42.671542, -85.887128], [42.671561, -85.887155], [42.67157, -85.887164], [42.671592, -85.887185], [42.671606, -85.887196], [42.671627, -85.887196], [42.671644, -85.887191], [42.671667, -85.887176], [42.671686, -85.887153], [42.671705, -85.887116]]}, "2": {"path": [[42.671246, -85.887694], [42.669631, -85.887014], [42.668938, -85.88579]], "green": [[42.668963, -85.885962], [42.668971, -85.885945], [42.668977, -85.885925], [42.66898, -85.8859], [42.668982, -85.885875], [42.668983, -85.885854], [42.668988, -85.88583], [42.668994, -85.885814], [42.669005, -85.885799], [42.669024, -85.885779], [42.669036, -85.885764], [42.669044, -85.885755], [42.669049, -85.885745], [42.669055, -85.885733], [42.669059, -85.88572], [42.66906, -85.885701], [42.669063, -85.885678], [42.669062, -85.885652], [42.669058, -85.885632], [42.66905, -85.885617], [42.669041, -85.885605], [42.669032, -85.885597], [42.669016, -85.885586], [42.669004, -85.885582], [42.668987, -85.885577], [42.668962, -85.885576], [42.668947, -85.885584], [42.668937, -85.885593], [42.668921, -85.885606], [42.668909, -85.885619], [42.668901, -85.88563], [42.668891, -85.885647], [42.668886, -85.88566], [42.668881, -85.885676], [42.668879, -85.885694], [42.668878, -85.885712], [42.668875, -85.885734], [42.668873, -85.885756], [42.668865, -85.885772], [42.668859, -85.885785], [42.668842, -85.885819], [42.668832, -85.88584], [42.668828, -85.885852], [42.66882, -85.885866], [42.668819, -85.885877], [42.668815, -85.885891], [42.668816, -85.885906], [42.668821, -85.885926], [42.668827, -85.885945], [42.668836, -85.885957], [42.668847, -85.885967], [42.668862, -85.88598], [42.668876, -85.885988], [42.66889, -85.885994], [42.668906, -85.885996], [42.668922, -85.885997], [42.668936, -85.885996], [42.668948, -85.885988], [42.668955, -85.885977], [42.668963, -85.885962]]}, "3": {"path": [[42.668762, -85.885699], [42.667739, -85.888193], [42.66691, -85.889775]], "green": [[42.666981, -85.889907], [42.666991, -85.889895], [42.667003, -85.889867], [42.667008, -85.889831], [42.667009, -85.889781], [42.667006, -85.889751], [42.666996, -85.889717], [42.666977, -85.88968], [42.666965, -85.889662], [42.666951, -85.889649], [42.666938, -85.88964], [42.666921, -85.889632], [42.666905, -85.889629], [42.666882, -85.889632], [42.66686, -85.889647], [42.666844, -85.889665], [42.666836, -85.889678], [42.666824, -85.889696], [42.666817, -85.889711], [42.666812, -85.889728], [42.666812, -85.889754], [42.666817, -85.889779], [42.666826, -85.889806], [42.666835, -85.889826], [42.666844, -85.889842], [42.66686, -85.889861], [42.66688, -85.889882], [42.666895, -85.889894], [42.666912, -85.889905], [42.666931, -85.889909], [42.666948, -85.889911], [42.666965, -85.889911], [42.666981, -85.889907]]}, "4": {"path": [[42.666915, -85.89017], [42.667041, -85.893091], [42.667802, -85.895692]], "green": [[42.667898, -85.895871], [42.667909, -85.895846], [42.66792, -85.8958], [42.667925, -85.895757], [42.667924, -85.895726], [42.667923, -85.895704], [42.667916, -85.895661], [42.667903, -85.895623], [42.667887, -85.895591], [42.667869, -85.895559], [42.667839, -85.895527], [42.667806, -85.895494], [42.667779, -85.895481], [42.667757, -85.895476], [42.667731, -85.895482], [42.667711, -85.895496], [42.667696, -85.895516], [42.667689, -85.895543], [42.667684, -85.895575], [42.66768, -85.895604], [42.667682, -85.895631], [42.667686, -85.895661], [42.667693, -85.895701], [42.667705, -85.895741], [42.667727, -85.895784], [42.667744, -85.895815], [42.667764, -85.895848], [42.667782, -85.895867], [42.6678, -85.895883], [42.667822, -85.895898], [42.667849, -85.895898], [42.667873, -85.89589], [42.667898, -85.895871]]}, "5": {"path": [[42.667266, -85.895765], [42.668272, -85.897349]], "green": [[42.668455, -85.897561], [42.668463, -85.897551], [42.668475, -85.897528], [42.668476, -85.8975], [42.668472, -85.897443], [42.668451, -85.897405], [42.668427, -85.897368], [42.668411, -85.897343], [42.668391, -85.89731], [42.668379, -85.897264], [42.668367, -85.897235], [42.668332, -85.897188], [42.66831, -85.897156], [42.668291, -85.897139], [42.668267, -85.897127], [42.668235, -85.897106], [42.668214, -85.8971], [42.668196, -85.897095], [42.668177, -85.897095], [42.668143, -85.897101], [42.668116, -85.897114], [42.668101, -85.897129], [42.668086, -85.897152], [42.668082, -85.897179], [42.668079, -85.89721], [42.668079, -85.897239], [42.66808, -85.897271], [42.668086, -85.897299], [42.66809, -85.897319], [42.6681, -85.89734], [42.668117, -85.897365], [42.668131, -85.897381], [42.668143, -85.897396], [42.668163, -85.897414], [42.668193, -85.897428], [42.668226, -85.897443], [42.668245, -85.897455], [42.66826, -85.897467], [42.668287, -85.897491], [42.668321, -85.897524], [42.668338, -85.897545], [42.668345, -85.897555], [42.66836, -85.897565], [42.668382, -85.897574], [42.6684, -85.89758], [42.668416, -85.897581], [42.668435, -85.897573], [42.668455, -85.897561]]}, "6": {"path": [[42.668768, -85.896842], [42.668292, -85.893988], [42.667643, -85.891998]], "green": [[42.667688, -85.892142], [42.667704, -85.892121], [42.667719, -85.892093], [42.667726, -85.892071], [42.667734, -85.892039], [42.667738, -85.891992], [42.667735, -85.891964], [42.667732, -85.891925], [42.667723, -85.891894], [42.667715, -85.891862], [42.667702, -85.89184], [42.667692, -85.891827], [42.667664, -85.891824], [42.667649, -85.891826], [42.667631, -85.891837], [42.667616, -85.891854], [42.667603, -85.891869], [42.667595, -85.891891], [42.667584, -85.891912], [42.667572, -85.891935], [42.667555, -85.891974], [42.667548, -85.892003], [42.667545, -85.892033], [42.667547, -85.892048], [42.667552, -85.892072], [42.667559, -85.892094], [42.667578, -85.892119], [42.667594, -85.892137], [42.667611, -85.892147], [42.667626, -85.892153], [42.667645, -85.892155], [42.667665, -85.892152], [42.667688, -85.892142]]}, "7": {"path": [[42.668545, -85.892054], [42.669698, -85.89164]], "green": [[42.669798, -85.891774], [42.669803, -85.89176], [42.669812, -85.891739], [42.669813, -85.891712], [42.669811, -85.891686], [42.669805, -85.891656], [42.669794, -85.891632], [42.669781, -85.891609], [42.669769, -85.891595], [42.669755, -85.89157], [42.669747, -85.891548], [42.669733, -85.891525], [42.669701, -85.891499], [42.669691, -85.891493], [42.669682, -85.89149], [42.669652, -85.891501], [42.66963, -85.891514], [42.66961, -85.891531], [42.669592, -85.891542], [42.669575, -85.891554], [42.669562, -85.891568], [42.669552, -85.891584], [42.669547, -85.891604], [42.669546, -85.891623], [42.669551, -85.891648], [42.669571, -85.891669], [42.669613, -85.891696], [42.669669, -85.891735], [42.66971, -85.891767], [42.669741, -85.891785], [42.669758, -85.891796], [42.669775, -85.891798], [42.669789, -85.89179], [42.669798, -85.891774]]}, "8": {"path": [[42.669204, -85.891274], [42.670852, -85.889069], [42.672306, -85.88747]],