{"holes": {"1": {"path": [[42.182832, -85.504224], [42.185055, -85.503463], [42.186294, -85.503554]], "green": [[42.186441, -85.50352], [42.186434, -85.503555], [42.186422, -85.503584], [42.186408, -85.503607], [42.186386, -85.503625], [42.186361, -85.503639], [42.186338, -85.503647], [42.186317, -85.503649], [42.186293, -85.503648], [42.18627, -85.503649], [42.186248, -85.503649], [42.186231, -85.503653], [42.186208, -85.503657], [42.186186, -85.503653], [42.186166, -85.503641], [42.186148, -85.503621], [42.186134, -85.503592], [42.186129, -85.50356], [42.186136, -85.503528], [42.186154, -85.503503], [42.18618, -85.503486], [42.186209, -85.503473], [42.186245, -85.50346], [42.186273, -85.503449], [42.186303, -85.503436], [42.186337, -85.503435], [42.186364, -85.503435], [42.186385, -85.503439], [42.186405, -85.503453], [42.18642, -85.503467], [42.186433, -85.503485], [42.186441, -85.50352]]}, "2": {"path": [[42.186368, -85.504214], [42.186348, -85.51021]], "green": [[42.18639, -85.510205], [42.186399, -85.510223], [42.186409, -85.510246], [42.186421, -85.510266], [42.186427, -85.51028], [42.186434, -85.510304], [42.186432, -85.510328], [42.186422, -85.510347], [42.186408, -85.510358], [42.186394, -85.510361], [42.186379, -85.510354], [42.186365, -85.510342], [42.186346, -85.510325], [42.186329, -85.510304], [42.186314, -85.510279], [42.186297, -85.51025], [42.18628, -85.510214], [42.186269, -85.51018], [42.186259, -85.510134], [42.186256, -85.510105], [42.186259, -85.510072], [42.186267, -85.510053], [42.186283, -85.51004], [42.186297, -85.510043], [42.186316, -85.510052], [42.186332, -85.510065], [42.186342, -85.510078], [42.186353, -85.510111], [42.186374, -85.510163], [42.18639, -85.510205]]}, "5": {"path": [[42.179989, -85.509169], [42.180319, -85.504791]], "green": [[42.180214, -85.504832], [42.180211, -85.504854], [42.180213, -85.504876], [42.180217, -85.504898], [42.180227, -85.504924], [42.180237, -85.504939], [42.180262, -85.504943], [42.180358, -85.504954], [42.180389, -85.504956], [42.180419, -85.50495], [42.180436, -85.504934], [42.180447, -85.504904], [42.18045, -85.504875], [42.180449, -85.504842], [42.180441, -85.504817], [42.180427, -85.504798], [42.18041, -85.504768], [42.180391, -85.504739], [42.180378, -85.504708], [42.180357, -85.504657], [42.180333, -85.504612], [42.180319, -85.504588], [42.180306, -85.504581], [42.180291, -85.504586], [42.180279, -85.504593], [42.180267, -85.504612], [42.180256, -85.50465], [42.180237, -85.504715], [42.180223, -85.504772], [42.180217, -85.504797], [42.180214, -85.504832]]}, "7": {"path": [[42.180985, -85.508787], [42.183471, -85.50781], [42.184499, -85.508358]], "green": [[42.184389, -85.508305], [42.184387, -85.508318], [42.18439, -85.508339], [42.1844, -85.508365], [42.184416, -85.508394], [42.184432, -85.508414], [42.184466, -85.50844], [42.184496, -85.508458], [42.184525, -85.508469], [42.18456, -85.508474], [42.184594, -85.50847], [42.184616, -85.508453], [42.184632, -85.508419], [42.184638, -85.508386], [42.184632, -85.508352], [42.184617, -85.508329], [42.184596, -85.508308], [42.184566, -85.508291], [42.184533, -85.508281], [42.184493, -85.50827], [42.184459, -85.50827], [42.184433, -85.50827], [42.184412, -85.508276], [42.184399, -85.508285], [42.184389, -85.508305]]}, "9": {"path": [[42.184549, -85.504673], [42.182325, -85.505616], [42.181466, -85.505517]], "green": [[42.181332, -85.50564], [42.18134, -85.505664], [42.181354, -85.505681], [42.181376, -85.505693], [42.181399, -85.505694], [42.181415, -85.505678], [42.181435, -85.50564], [42.181451, -85.505599], [42.181466, -85.505565], [42.181486, -85.505535], [42.181511, -85.505512], [42.181531, -85.505494], [42.181554, -85.505477], [42.181578, -85.505461], [42.181608, -85.50544], [42.181624, -85.505421], [42.181628, -85.505388], [42.181624, -85.505355], [42.181606, -85.505325], [42.181571, -85.505328], [42.181532, -85.505341], [42.181493, -85.505364], [42.181447, -85.505419], [42.181414, -85.505459], [42.181382, -85.505487], [42.181356, -85.505521], [42.181338, -85.505563], [42.181326, -85.505604], [42.181332, -85.50564]]}, "10": {"path": [[42.182795, -85.503962], [42.182507, -85.500216], [42.182547, -85.499559]], "green": [[42.18245, -85.499582], [42.182453, -85.4996], [42.18246, -85.499623], [42.182468, -85.499647], [42.182476, -85.499668], [42.182485, -85.499686], [42.182502, -85.499698], [42.182521, -85.499707], [42.182542, -85.499711], [42.182562, -85.499703], [42.182577, -85.49969], [42.182592, -85.499675], [42.182604, -85.499653], [42.182621, -85.499624], [42.182632, -85.499601], [42.182646, -85.499575], [42.182656, -85.499549], [42.182659, -85.499528], [42.18266, -85.499505], [42.182654, -85.499484], [42.182642, -85.499462], [42.182631, -85.499446], [42.182617, -85.499435], [42.182601, -85.499423], [42.18258, -85.49942], [42.182565, -85.499422], [42.182548, -85.499427], [42.182526, -85.499442], [42.182508, -85.499458], [42.182496, -85.499472], [42.182483, -85.499485], [42.182472, -85.499509], [42.182463, -85.499527], [42.182454, -85.499548], [42.18245, -85.499565], [42.18245, -85.499582]]}, "13": {"path": [[42.181262, -85.490925], [42.181106, -85.488553]], "green": [[42.181094, -85.488668], [42.181105, -85.488669], [42.181123, -85.488662], [42.181134, -85.488651], [42.181147, -85.488633], [42.181157, -85.488611], [42.181165, -85.488589], [42.181172, -85.488562], [42.181176, -85.488535], [42.181178, -85.488507], [42.181178, -85.488477], [42.181172, -85.488452], [42.181159, -85.488434], [42.181146, -85.48842], [42.181114, -85.488418], [42.181097, -85.488424], [42.181083, -85.488432], [42.181068, -85.488445], [42.181057, -85.488459], [42.181047, -85.488485], [42.181044, -85.488515], [42.181041, -85.488547], [42.181041, -85.488575], [42.181041, -85.488603], [42.181044, -85.488628], [42.181053, -85.488645], [42.181068, -85.488661], [42.181082, -85.488667], [42.181094, -85.488668]]}, "14": {"path": [[42.180297, -85.48774], [42.183234, -85.487794], [42.184541, -85.487329]], "green": [[42.184501, -85.487415], [42.184524, -85.487419], [42.184544, -85.487423], [42.184569, -85.487422], [42.18459, -85.487417], [42.184607, -85.487407], [42.184624, -85.487382], [42.184636, -85.487354], [42.184639, -85.487327], [42.184636, -85.487295], [42.184619, -85.487257], [42.184608, -85.487242], [42.184594, -85.487228], [42.184576, -85.48722], [42.184558, -85.487216], [42.18454, -85.48722], [42.184519, -85.487229], [42.184503, -85.487237], [42.18448, -85.487266], [42.18447, -85.487292], [42.184459, -85.487316], [42.184453, -85.487335], [42.184452, -85.487361], [42.184455, -85.48738], [42.184462, -85.4874], [42.184475, -85.48741], [42.184501, -85.487415]]}}}