{"holes": {"1": {"path": [[34.859279, -83.36715], [34.862229, -83.366749]], "green": [[34.862174, -83.366609], [34.862316, -83.366642], [34.862341, -83.366665], [34.862361, -83.366698], [34.862373, -83.366764], [34.862372, -83.366802], [34.862364, -83.366835], [34.862346, -83.366866], [34.862319, -83.366884], [34.862299, -83.366887], [34.862278, -83.366875], [34.862242, -83.366818], [34.862225, -83.366803], [34.862198, -83.366792], [34.862142, -83.36679], [34.862118, -83.366783], [34.862098, -83.366766], [34.862087, -83.366745], [34.862082, -83.366693], [34.862091, -83.366665], [34.862126, -83.366624], [34.862147, -83.366614], [34.862174, -83.366609]]}, "3": {"path": [[34.860946, -83.370272], [34.862537, -83.372708]], "green": [[34.862416, -83.372753], [34.862408, -83.37273], [34.862405, -83.372694], [34.862415, -83.372664], [34.862435, -83.372644], [34.862465, -83.372634], [34.862493, -83.372638], [34.862521, -83.372654], [34.862552, -83.372661], [34.862596, -83.372655], [34.862616, -83.372644], [34.862643, -83.372638], [34.862668, -83.372648], [34.862684, -83.37268], [34.862689, -83.372708], [34.862682, -83.372737], [34.862671, -83.37276], [34.862625, -83.372789], [34.86257, -83.372804], [34.862543, -83.372804], [34.862479, -83.372762], [34.862457, -83.372761], [34.862438, -83.372765], [34.862416, -83.372753]]}, "4": {"path": [[34.863132, -83.372672], [34.862243, -83.373527]], "green": [[34.862227, -83.373392], [34.862259, -83.373396], [34.862285, -83.373416], [34.862308, -83.373442], [34.862319, -83.373469], [34.862322, -83.373496], [34.862312, -83.373529], [34.862308, -83.373565], [34.862314, -83.373634], [34.862307, -83.373665], [34.862287, -83.373686], [34.862259, -83.373697], [34.862231, -83.37369], [34.862189, -83.37366], [34.862161, -83.373608], [34.862144, -83.373552], [34.86214, -83.373498], [34.862152, -83.373445], [34.862164, -83.373424], [34.862181, -83.373406], [34.862227, -83.373392]]}, "5": {"path": [[34.861965, -83.373307], [34.861015, -83.3712], [34.859772, -83.371389]], "green": [[34.859681, -83.371502], [34.859666, -83.371487], [34.859658, -83.371465], [34.859656, -83.371411], [34.859673, -83.371363], [34.859732, -83.371279], [34.859767, -83.371258], [34.859792, -83.371256], [34.859812, -83.371255], [34.859858, -83.371276], [34.859871, -83.371292], [34.859882, -83.371314], [34.859888, -83.371345], [34.859884, -83.371379], [34.859858, -83.371418], [34.859843, -83.371429], [34.859828, -83.371436], [34.859766, -83.371489], [34.859729, -83.371507], [34.859696, -83.371509], [34.859681, -83.371502]]}, "6": {"path": [[34.859623, -83.371208], [34.858658, -83.369854]], "green": [[34.858631, -83.369675], [34.858658, -83.36967], [34.858685, -83.369671], [34.858708, -83.369685], [34.858721, -83.369701], [34.85873, -83.369724], [34.858736, -83.369751], [34.858734, -83.369795], [34.858698, -83.369901], [34.858701, -83.369946], [34.858703, -83.369988], [34.858698, -83.370014], [34.858688, -83.370034], [34.858672, -83.370046], [34.85865, -83.370055], [34.858634, -83.370052], [34.858617, -83.370043], [34.858605, -83.370031], [34.858583, -83.369994], [34.858564, -83.369933], [34.858562, -83.369884], [34.858603, -83.369716], [34.858615, -83.369692], [34.858621, -83.369683], [34.858631, -83.369675]]}, "7": {"path": [[34.858263, -83.369681], [34.856703, -83.367187], [34.85636, -83.36563]], "green": [[34.856425, -83.365731], [34.856412, -83.365749], [34.856393, -83.365757], [34.856374, -83.365758], [34.856358, -83.365751], [34.856313, -83.3657], [34.856262, -83.365664], [34.856251, -83.365648], [34.856246, -83.365634], [34.856245, -83.365608], [34.856282, -83.365515], [34.856309, -83.365498], [34.856339, -83.365498], [34.856351, -83.365502], [34.856363, -83.365512], [34.856373, -83.365527], [34.856385, -83.365557], [34.85641, -83.365593], [34.856424, -83.365603], [34.856449, -83.36563], [34.856451, -83.365651], [34.85645, -83.365669], [34.856425, -83.365731]]}, "8": {"path": [[34.855609, -83.365339], [34.857004, -83.364375], [34.858016, -83.364676]], "green": [[34.858078, -83.364559], [34.858118, -83.364562], [34.858138, -83.364571], [34.858154, -83.364585], [34.858164, -83.364608], [34.858164, -83.364632], [34.85816, -83.364654], [34.85813, -83.36471], [34.858081, -83.364755], [34.857994, -83.364799], [34.857959, -83.364802], [34.857946, -83.364799], [34.857936, -83.364793], [34.85792, -83.364776], [34.857915, -83.364768], [34.857909, -83.36474], [34.857909, -83.364729], [34.857912, -83.364712], [34.857917, -83.364697], [34.857925, -83.364686], [34.857933, -83.364677], [34.857946, -83.364673], [34.857972, -83.36467], [34.857984, -83.364666], [34.858005, -83.364648], [34.858014, -83.364636], [34.858039, -83.364579], [34.858058, -83.364564], [34.858078, -83.364559]]}, "9": {"path": [[34.858261, -83.36518], [34.859433, -83.365734]], "green": [[34.859532, -83.365652], [34.859536, -83.365684], [34.859533, -83.365754], [34.859522, -83.365779], [34.859506, -83.365816], [34.859481, -83.365844], [34.859435, -83.36587], [34.859407, -83.365876], [34.859361, -83.365867], [34.859344, -83.365855], [34.859329, -83.36584], [34.859318, -83.365803], [34.85932, -83.365761], [34.859328, -83.365739], [34.859343, -83.365721], [34.859364, -83.365707], [34.859395, -83.365684], [34.859418, -83.365638], [34.85943, -83.365624], [34.859461, -83.365609], [34.859478, -83.365606], [34.859495, -83.365607], [34.859519, -83.365625], [34.859532, -83.365652]]}, "10": {"path": [[34.859172, -83.365194], [34.857618, -83.3632], [34.856437, -83.363775]], "green": [[34.856487, -83.363887], [34.856457, -83.363924], [34.856437, -83.363931], [34.856414, -83.363934], [34.856392, -83.363927], [34.856376, -83.363915], [34.856352, -83.363884], [34.856342, -83.363862], [34.85633, -83.363811], [34.856329, -83.363785], [34.856339, -83.363732], [34.856359, -83.363698], [34.856409, -83.363644], [34.856425, -83.363634], [34.856458, -83.363625], [34.856489, -83.36363], [34.856501, -83.363637], [34.856509, -83.363646], [34.856518, -83.363663], [34.856523, -83.363679], [34.856528, -83.363723], [34.856526, -83.363744], [34.856511, -83.3638], [34.856487, -83.363887]]}, "11": {"path": [[34.856541, -83.363054], [34.857615, -83.36215]], "green": [[34.857725, -83.362161], [34.857721, -83.36222], [34.857715, -83.362244], [34.857705, -83.362269], [34.857674, -83.36229], [34.857655, -83.362294], [34.857639, -83.362292], [34.857618, -83.362272], [34.857598, -83.362241], [34.857583, -83.362226], [34.857491, -83.362166], [34.857483, -83.362152], [34.857479, -83.362135], [34.857481, -83.362076], [34.857497, -83.362046], [34.857539, -83.36202], [34.857584, -83.362012], [34.857599, -83.362014], [34.857609, -83.36202], [34.857618, -83.362029], [34.857623, -83.362042], [34.857689, -83.362091], [34.857709, -83.362122], [34.857725, -83.362161]]}, "12": {"path": [[34.857234, -83.36137], [34.8551, -83.363494], [34.855496, -83.364901]], "green": [[34.855561, -83.364808], [34.855566, -83.364831], [34.855567, -83.364971], [34.855559, -83.364999], [34.855546, -83.36502], [34.85553, -83.365034], [34.855512, -83.365042], [34.85547, -83.365046], [34.855437, -83.365029], [34.855407, -83.364997], [34.855391, -83.364963], [34.855389, -83.364927], [34.855398, -83.364892], [34.855449, -83.364796], [34.85548, -83.364773], [34.855502, -83.364767], [34.855516, -83.364767], [34.855531, -83.364773], [34.855544, -83.364781], [34.855561, -83.364808]]}, "13": {"path": [[34.855761, -83.36638], [34.854482, -83.364096], [34.854611, -83.36323]], "green": [[34.854713, -83.363209], [34.854717, -83.363321], [34.854697, -83.36337], [34.854681, -83.363383], [34.854663, -83.36339], [34.854647, -83.36339], [34.85463, -83.363385], [34.854587, -83.363348], [34.854542, -83.363251], [34.854514, -83.363215], [34.854506, -83.363191], [34.854508, -83.363141], [34.854514, -83.363121], [34.854523, -83.363105], [34.854549, -83.363093], [34.854583, -83.363091], [34.854601, -83.363095], [34.85465, -83.363125], [34.854691, -83.363163], [34.854713, -83.363209]]},