{"holes": {"1": {"path": [[34.498732, -83.965031], [34.497117, -83.966405], [34.49615, -83.967754]], "green": [[34.496026, -83.967831], [34.496049, -83.967848], [34.496086, -83.967865], [34.49612, -83.967883], [34.496149, -83.967893], [34.49617, -83.967887], [34.496197, -83.967857], [34.496224, -83.967818], [34.49627, -83.967781], [34.496308, -83.967747], [34.496327, -83.967721], [34.496333, -83.967679], [34.496321, -83.967637], [34.496301, -83.967609], [34.496279, -83.967602], [34.496193, -83.967637], [34.496157, -83.967647], [34.496099, -83.967659], [34.49606, -83.967669], [34.496025, -83.967698], [34.496016, -83.967711], [34.496001, -83.967744], [34.496, -83.967782], [34.49601, -83.967811], [34.496026, -83.967831]]}, "2": {"path": [[34.495453, -83.968472], [34.493584, -83.969529], [34.492947, -83.970263]], "green": [[34.492881, -83.970284], [34.492877, -83.970335], [34.492874, -83.970395], [34.492883, -83.970427], [34.492899, -83.970443], [34.492929, -83.970441], [34.492952, -83.970435], [34.492978, -83.970418], [34.492996, -83.970404], [34.493007, -83.97038], [34.493014, -83.970307], [34.493017, -83.970264], [34.493029, -83.970209], [34.493036, -83.970181], [34.493037, -83.970117], [34.493035, -83.970099], [34.493018, -83.970084], [34.492976, -83.970081], [34.492937, -83.970085], [34.492903, -83.970101], [34.492884, -83.970126], [34.492879, -83.970188], [34.492879, -83.970227], [34.49288, -83.970255], [34.492881, -83.970284]]}, "3": {"path": [[34.493402, -83.970298], [34.494753, -83.969776]], "green": [[34.494668, -83.969888], [34.494688, -83.969915], [34.494714, -83.96992], [34.494742, -83.969913], [34.494784, -83.969872], [34.494815, -83.969822], [34.494843, -83.969761], [34.494855, -83.969732], [34.494856, -83.969676], [34.494845, -83.969653], [34.494823, -83.969629], [34.494781, -83.969612], [34.494746, -83.969624], [34.494718, -83.969665], [34.494692, -83.969712], [34.494661, -83.969818], [34.494656, -83.969869], [34.494668, -83.969888]]}, "4": {"path": [[34.496214, -83.969512], [34.497782, -83.968405], [34.498984, -83.967854], [34.499711, -83.9672]], "green": [[34.499643, -83.96732], [34.499669, -83.967359], [34.499692, -83.96737], [34.499736, -83.967373], [34.499765, -83.967365], [34.499792, -83.967338], [34.499808, -83.967293], [34.499809, -83.96722], [34.4998, -83.967149], [34.499784, -83.967076], [34.49976, -83.967044], [34.49973, -83.967019], [34.499688, -83.967009], [34.499669, -83.96702], [34.49964, -83.967052], [34.499629, -83.967087], [34.499627, -83.967157], [34.499633, -83.967224], [34.499643, -83.96732]]}, "5": {"path": [[34.499852, -83.968133], [34.500321, -83.966545]], "green": [[34.500359, -83.966612], [34.500326, -83.966627], [34.500314, -83.966638], [34.500294, -83.966658], [34.500253, -83.96668], [34.500232, -83.966678], [34.500211, -83.966655], [34.5002, -83.966634], [34.500199, -83.966613], [34.500217, -83.966572], [34.500238, -83.966524], [34.500251, -83.966493], [34.500271, -83.966459], [34.500294, -83.966433], [34.500338, -83.96641], [34.50036, -83.966395], [34.500403, -83.966384], [34.500431, -83.966403], [34.50045, -83.966429], [34.500454, -83.96648], [34.500439, -83.966526], [34.50041, -83.966578], [34.500401, -83.966589], [34.500359, -83.966612]]}, "6": {"path": [[34.50075, -83.966008], [34.502438, -83.964614], [34.503625, -83.963304], [34.504098, -83.962229]], "green": [[34.504029, -83.962308], [34.504038, -83.962333], [34.504063, -83.96239], [34.504092, -83.962427], [34.504112, -83.962438], [34.504133, -83.962429], [34.504145, -83.962413], [34.50416, -83.962384], [34.504167, -83.962334], [34.504167, -83.962266], [34.504185, -83.962218], [34.50419, -83.962183], [34.504184, -83.962143], [34.504169, -83.962109], [34.504156, -83.962077], [34.504136, -83.962036], [34.504101, -83.962016], [34.50408, -83.962024], [34.504058, -83.962047], [34.504053, -83.962065], [34.504054, -83.962108], [34.504054, -83.96215], [34.504053, -83.962181], [34.50404, -83.962219], [34.504033, -83.962242], [34.504027, -83.962268], [34.504024, -83.962288], [34.504029, -83.962308]]}, "7": {"path": [[34.504063, -83.961167], [34.506014, -83.959798], [34.507277, -83.959635]], "green": [[34.50735, -83.959564], [34.507293, -83.959512], [34.507243, -83.959495], [34.507166, -83.959518], [34.507108, -83.95956], [34.507096, -83.959594], [34.507099, -83.959647], [34.507133, -83.959672], [34.507207, -83.959689], [34.507281, -83.959728], [34.507326, -83.959764], [34.507365, -83.959773], [34.507396, -83.959757], [34.507406, -83.959731], [34.50741, -83.959669], [34.507394, -83.959611], [34.507371, -83.959585], [34.50735, -83.959564]]}, "8": {"path": [[34.507134, -83.959941], [34.505501, -83.960892], [34.504428, -83.961712]], "green": [[34.504492, -83.961718], [34.504467, -83.961629], [34.504449, -83.961566], [34.504427, -83.961547], [34.504389, -83.961556], [34.504353, -83.961575], [34.504333, -83.961619], [34.504329, -83.961665], [34.504359, -83.961768], [34.504382, -83.961868], [34.504418, -83.961896], [34.504462, -83.961883], [34.50449, -83.961834], [34.5045, -83.961789], [34.504502, -83.961763], [34.504492, -83.961718]]}, "9": {"path": [[34.503801, -83.961476], [34.502657, -83.963553], [34.501307, -83.964039]], "green": [[34.501196, -83.964143], [34.501216, -83.964177], [34.50124, -83.964201], [34.501262, -83.964207], [34.5013, -83.9642], [34.501326, -83.96418], [34.50135, -83.964122], [34.501372, -83.964071], [34.50141, -83.964025], [34.501418, -83.964017], [34.501429, -83.964], [34.501436, -83.963959], [34.501431, -83.963926], [34.501419, -83.963898], [34.501402, -83.963884], [34.501356, -83.963885], [34.501328, -83.963906], [34.501294, -83.963935], [34.501265, -83.963954], [34.50124, -83.963974], [34.501217, -83.963999], [34.501199, -83.964027], [34.501189, -83.96406], [34.501188, -83.964093], [34.501196, -83.964143]]}, "10": {"path": [[34.500591, -83.964071], [34.503025, -83.961001]], "green": [[34.50294, -83.961161], [34.502964, -83.961178], [34.503017, -83.961168], [34.503049, -83.961135], [34.503079, -83.961101], [34.503108, -83.961077], [34.503132, -83.961057], [34.503137, -83.96105], [34.503141, -83.96102], [34.503134, -83.960963], [34.503117, -83.960891], [34.503112, -83.960869], [34.503093, -83.96083], [34.503072, -83.960801], [34.503034, -83.960791], [34.503013, -83.960795], [34.502989, -83.960829], [34.502975, -83.960872], [34.50299, -83.96094], [34.502993, -83.960957], [34.502986, -83.96099], [34.502968, -83.961019], [34.502938, -83.961063], [34.502927, -83.961081], [34.502913, -83.961108], [34.502913, -83.961123], [34.50294, -83.961161]]}, "11": {"path": [[34.503427, -83.960626], [34.504794, -83.959555]], "green": [[34.504663, -83.959607], [34.504689, -83.959644], [34.50472, -83.959652], [34.504769, -83.959632], [34.504822, -83.959612], [34.504863, -83.959609], [34.5049, -83.959609], [34.504944, -83.959593], [34.504964, -83.959569], [34.504967, -83.959529], [34.504948, -83.959498], [34.50492, -83.959467], [34.504887, -83.959449], [34.504849, -83.959447], [34.504794, -83.959464], [34.50475, -83.95949], [34.504708, -83.959509], [34.504676, -83.959524], [34.504657, -83.959544], [34.504651, -83.959563], [34.504656, -83.959597], [34.504663, -83.959607]]}, "12": {"path": [[34.505208, -83.959339], [34.507079, -83.95842], [34.508444, -83.958652]], "green": [[34.508331, -83.958646], [34.508355, -83.958668], [34.508365, -83.958696], [34.508375, -83.958732], [34.508386, -83.958755], [34.50842, -83.958772], [34.508443, -83.958776], [34.508484, -83.958755], [34.508514, -83.958741], [34.508535, -83.958735], [34.508553, -83.958723], [34.508574, -83.958698], [34.508578, -83.958679], [34.508572, -83.95865], [34.508562, -83.95863], [34.508549, -83.958615], [34.508527, -83.958599], [34.508492, -83.958575], [34.508472, -83.958568], [34.508439, -83.958557], [34.50842, -83.958546], [34.50839, -83.958536], [34.508362, -83.958539], [34.50833, -83.958564], [34.50832, -83.958579], [34.508317, -83.958622], [34.508331, -83.958646]]},