{"holes": {"1": {"path": [[32.087254, -81.083033], [32.088967, -81.082896], [32.089959, -81.082683]], "green": [[32.090031, -81.082789], [32.090037, -81.082773], [32.090039, -81.082751], [32.090037, -81.082715], [32.090036, -81.082676], [32.090034, -81.082636], [32.09003, -81.082598], [32.090022, -81.082566], [32.090013, -81.082539], [32.090002, -81.082522], [32.089985, -81.08251], [32.089959, -81.082506], [32.089934, -81.082504], [32.089908, -81.082516], [32.089889, -81.082531], [32.089878, -81.082547], [32.089873, -81.082567], [32.089875, -81.082588], [32.089886, -81.082602], [32.089904, -81.082629], [32.08992, -81.082651], [32.089928, -81.082677], [32.089928, -81.082701], [32.089923, -81.082727], [32.089913, -81.082756], [32.089908, -81.082781], [32.089906, -81.082802], [32.08991, -81.082821], [32.08992, -81.082835], [32.089937, -81.082844], [32.089955, -81.082844], [32.08997, -81.082838], [32.08999, -81.082827], [32.090008, -81.082813], [32.090019, -81.082804], [32.090031, -81.082789]]}, "2": {"path": [[32.090287, -81.082064], [32.091776, -81.086217]], "green": [[32.091851, -81.086389], [32.091854, -81.086358], [32.091859, -81.08632], [32.091867, -81.086288], [32.091877, -81.086245], [32.091883, -81.086208], [32.091883, -81.08617], [32.091879, -81.086148], [32.091864, -81.08612], [32.091846, -81.086096], [32.091822, -81.086073], [32.091802, -81.086052], [32.09178, -81.086038], [32.091757, -81.086032], [32.091718, -81.086031], [32.091696, -81.086032], [32.091679, -81.08604], [32.091662, -81.086056], [32.091651, -81.086076], [32.09165, -81.086099], [32.091654, -81.086126], [32.091663, -81.086159], [32.091674, -81.086196], [32.091691, -81.086253], [32.091698, -81.086289], [32.091707, -81.086315], [32.091724, -81.08634], [32.091756, -81.086381], [32.091782, -81.086407], [32.091799, -81.086418], [32.091819, -81.086424], [32.091835, -81.08642], [32.091845, -81.086406], [32.091851, -81.086389]]}, "3": {"path": [[32.091614, -81.086709], [32.090413, -81.084829]], "green": [[32.090528, -81.084936], [32.090535, -81.084913], [32.090542, -81.084876], [32.090547, -81.084849], [32.090545, -81.08482], [32.090535, -81.084793], [32.090513, -81.084768], [32.090485, -81.084748], [32.090456, -81.084725], [32.090431, -81.084702], [32.090405, -81.084673], [32.090371, -81.084649], [32.090343, -81.08464], [32.090316, -81.084644], [32.090292, -81.084657], [32.090279, -81.084678], [32.090273, -81.08471], [32.09028, -81.084759], [32.090289, -81.084796], [32.090291, -81.084822], [32.090289, -81.084849], [32.090292, -81.084878], [32.090304, -81.084907], [32.090325, -81.084931], [32.090367, -81.084961], [32.090415, -81.084985], [32.090446, -81.084999], [32.090469, -81.085], [32.090491, -81.08499], [32.090509, -81.084973], [32.090521, -81.084957], [32.090528, -81.084936]]}, "4": {"path": [[32.089757, -81.084823], [32.091124, -81.087255], [32.092635, -81.088168], [32.09262, -81.088578]], "green": [[32.092683, -81.088682], [32.092692, -81.088659], [32.092701, -81.088629], [32.092704, -81.088594], [32.092707, -81.088561], [32.092711, -81.088522], [32.092712, -81.088494], [32.092709, -81.088461], [32.0927, -81.088441], [32.092682, -81.088412], [32.092663, -81.088394], [32.092643, -81.088382], [32.092626, -81.08838], [32.092609, -81.088387], [32.092596, -81.088397], [32.092583, -81.088412], [32.092569, -81.08844], [32.092559, -81.088467], [32.092555, -81.08849], [32.092555, -81.088522], [32.092552, -81.08855], [32.092551, -81.088581], [32.092547, -81.088608], [32.092539, -81.088631], [32.092533, -81.088649], [32.092531, -81.088676], [32.092535, -81.088701], [32.092543, -81.088722], [32.092555, -81.088739], [32.092576, -81.088753], [32.092596, -81.088756], [32.092613, -81.088751], [32.092632, -81.088741], [32.09265, -81.088724], [32.092664, -81.088711], [32.092675, -81.088697], [32.092683, -81.088682]]}, "5": {"path": [[32.09333, -81.088621], [32.094947, -81.087502], [32.096332, -81.087306]], "green": [[32.096378, -81.087393], [32.096391, -81.087379], [32.0964, -81.087364], [32.096402, -81.087339], [32.096403, -81.087311], [32.0964, -81.087277], [32.096398, -81.08725], [32.096393, -81.087221], [32.096383, -81.087202], [32.096367, -81.087185], [32.09635, -81.08718], [32.096336, -81.087178], [32.09632, -81.087188], [32.096308, -81.087203], [32.096298, -81.08722], [32.09629, -81.087244], [32.096284, -81.087265], [32.096272, -81.08729], [32.096267, -81.087302], [32.09626, -81.08732], [32.096258, -81.087339], [32.09626, -81.087354], [32.096265, -81.08737], [32.096275, -81.087381], [32.096289, -81.087395], [32.096303, -81.087403], [32.096324, -81.087409], [32.096342, -81.087408], [32.096362, -81.087404], [32.096378, -81.087393]]}, "6": {"path": [[32.096479, -81.087803], [32.094457, -81.088375], [32.093339, -81.089232], [32.093317, -81.089695]], "green": [[32.093269, -81.089828], [32.093256, -81.089812], [32.093248, -81.089793], [32.093247, -81.089763], [32.093248, -81.089728], [32.093253, -81.089695], [32.093257, -81.089668], [32.093259, -81.089635], [32.093262, -81.089605], [32.093262, -81.089582], [32.093266, -81.089555], [32.093277, -81.089534], [32.093294, -81.089522], [32.093319, -81.089516], [32.093342, -81.08952], [32.093354, -81.089527], [32.093365, -81.089553], [32.093375, -81.089583], [32.093384, -81.089614], [32.09339, -81.089636], [32.09339, -81.089654], [32.093388, -81.089676], [32.093389, -81.089703], [32.093392, -81.089736], [32.093389, -81.089758], [32.093383, -81.089781], [32.093373, -81.089796], [32.093358, -81.089816], [32.093336, -81.089838], [32.093324, -81.089845], [32.093304, -81.089845], [32.093292, -81.089843], [32.093279, -81.089838], [32.093269, -81.089828]]}, "7": {"path": [[32.092603, -81.089159], [32.090528, -81.088013], [32.088975, -81.085881], [32.088822, -81.085073]], "green": [[32.088766, -81.085175], [32.088782, -81.085187], [32.088804, -81.085195], [32.088833, -81.085196], [32.088859, -81.085185], [32.088885, -81.085167], [32.088904, -81.085141], [32.088913, -81.08512], [32.088918, -81.085097], [32.088918, -81.085073], [32.088912, -81.085033], [32.088903, -81.084998], [32.088896, -81.084968], [32.088882, -81.084949], [32.088868, -81.084939], [32.088848, -81.084938], [32.088824, -81.084948], [32.088798, -81.08496], [32.088776, -81.084974], [32.088762, -81.084992], [32.088751, -81.085013], [32.088742, -81.08504], [32.088737, -81.085071], [32.088734, -81.085094], [32.088735, -81.085114], [32.088741, -81.085136], [32.08875, -81.085156], [32.088766, -81.085175]]}, "8": {"path": [[32.088723, -81.084565], [32.09004, -81.084101]], "green": [[32.090154, -81.08407], [32.090157, -81.084052], [32.090153, -81.084025], [32.090136, -81.084006], [32.090109, -81.083998], [32.09008, -81.083998], [32.090013, -81.084018], [32.089949, -81.084038], [32.089921, -81.084052], [32.089909, -81.084071], [32.089906, -81.084111], [32.08991, -81.084162], [32.089916, -81.084188], [32.089932, -81.084204], [32.089951, -81.084212], [32.089976, -81.084208], [32.089997, -81.084192], [32.090032, -81.084166], [32.09007, -81.084146], [32.09011, -81.084132], [32.09013, -81.084118], [32.090144, -81.084098], [32.09015, -81.084084], [32.090154, -81.08407]]}, "9": {"path": [[32.09038, -81.083491], [32.088137, -81.083777], [32.087033, -81.083504]],