{"holes": {"1": {"path": [[34.240547, -83.850561], [34.238883, -83.852456], [34.23798, -83.853292]], "green": [[34.237974, -83.853455], [34.237992, -83.853464], [34.238026, -83.853467], [34.23805, -83.853464], [34.238072, -83.853451], [34.238084, -83.853435], [34.238091, -83.853415], [34.238092, -83.853393], [34.238084, -83.853366], [34.238078, -83.853347], [34.238067, -83.853327], [34.238061, -83.853307], [34.238058, -83.853289], [34.238058, -83.85327], [34.238061, -83.85325], [34.238065, -83.853221], [34.238069, -83.853202], [34.238069, -83.853179], [34.238061, -83.853167], [34.238042, -83.85316], [34.23803, -83.853159], [34.238018, -83.853158], [34.238002, -83.853159], [34.237994, -83.853158], [34.237978, -83.853157], [34.237963, -83.85315], [34.237939, -83.853148], [34.237924, -83.853147], [34.237913, -83.853152], [34.237905, -83.853158], [34.237898, -83.853171], [34.237895, -83.85318], [34.237898, -83.853203], [34.237898, -83.853226], [34.2379, -83.853243], [34.237897, -83.853261], [34.23789, -83.853275], [34.237886, -83.85329], [34.237883, -83.853307], [34.237879, -83.853323], [34.237877, -83.85334], [34.237879, -83.853365], [34.237887, -83.853382], [34.237898, -83.853392], [34.23792, -83.853404], [34.23794, -83.853419], [34.237946, -83.853432], [34.237958, -83.853444], [34.237974, -83.853455]]}, "2": {"path": [[34.237085, -83.853966], [34.238208, -83.851331], [34.237524, -83.850581]], "green": [[34.237455, -83.850753], [34.237477, -83.850763], [34.2375, -83.850767], [34.237521, -83.850765], [34.23755, -83.85077], [34.237575, -83.850769], [34.237592, -83.850765], [34.237603, -83.850756], [34.237604, -83.850754], [34.237614, -83.85074], [34.237617, -83.850723], [34.237616, -83.850711], [34.237611, -83.850693], [34.237602, -83.850674], [34.237598, -83.85066], [34.237594, -83.850644], [34.237592, -83.850629], [34.237591, -83.85061], [34.237595, -83.850593], [34.237598, -83.85058], [34.237604, -83.850561], [34.237609, -83.850548], [34.237615, -83.850535], [34.237619, -83.850527], [34.237625, -83.850513], [34.237626, -83.850501], [34.237626, -83.850488], [34.237624, -83.85048], [34.237618, -83.850469], [34.237614, -83.850462], [34.237607, -83.850457], [34.2376, -83.850453], [34.237592, -83.850451], [34.237583, -83.850451], [34.237578, -83.850453], [34.237573, -83.850455], [34.237565, -83.85046], [34.237559, -83.850464], [34.237549, -83.850468], [34.237537, -83.850473], [34.237526, -83.850474], [34.237518, -83.850474], [34.237509, -83.850474], [34.237502, -83.850473], [34.237494, -83.850472], [34.237487, -83.85047], [34.237476, -83.85047], [34.237467, -83.850468], [34.23746, -83.850469], [34.23745, -83.850468], [34.237444, -83.850471], [34.237439, -83.850474], [34.237431, -83.850482], [34.237427, -83.850491], [34.237424, -83.850499], [34.237421, -83.850511], [34.23742, -83.85052], [34.237422, -83.850535], [34.237425, -83.850548], [34.23743, -83.850561], [34.237438, -83.850582], [34.237441, -83.850592], [34.237445, -83.850608], [34.237447, -83.850623], [34.237446, -83.850636], [34.237445, -83.85065], [34.237443, -83.850665], [34.237439, -83.850677], [34.237435, -83.850691], [34.237434, -83.850707], [34.237437, -83.85072], [34.237442, -83.850735], [34.237447, -83.850746], [34.237455, -83.850753]]}, "3": {"path": [[34.237131, -83.850197], [34.235439, -83.851717], [34.234787, -83.852532]], "green": [[34.234744, -83.852488], [34.234736, -83.852495], [34.234726, -83.852505], [34.234717, -83.852514], [34.234708, -83.852516], [34.234696, -83.852521], [34.234687, -83.852528], [34.234678, -83.852537], [34.23467, -83.852546], [34.234663, -83.852556], [34.23466, -83.852563], [34.234656, -83.852572], [34.234655, -83.852583], [34.234656, -83.852599], [34.23466, -83.852612], [34.23467, -83.852619], [34.234678, -83.852625], [34.23469, -83.852628], [34.234699, -83.852631], [34.234708, -83.852633], [34.234719, -83.852634], [34.234729, -83.852635], [34.234736, -83.852631], [34.234746, -83.85263], [34.234758, -83.852629], [34.234768, -83.852628], [34.23478, -83.852633], [34.234791, -83.85264], [34.234801, -83.852645], [34.234812, -83.852649], [34.23482, -83.85265], [34.234828, -83.85265], [34.234835, -83.852648], [34.234843, -83.852643], [34.234851, -83.852633], [34.234856, -83.852626], [34.234859, -83.85262], [34.234862, -83.852613], [34.234867, -83.852596], [34.234868, -83.852584], [34.234868, -83.852574], [34.234868, -83.852563], [34.234868, -83.852551], [34.23487, -83.852536], [34.234873, -83.852529], [34.234875, -83.852522], [34.234878, -83.85251], [34.234879, -83.852502], [34.234878, -83.852492], [34.234877, -83.852485], [34.234875, -83.852476], [34.234872, -83.85247], [34.23487, -83.852463], [34.234867, -83.852454], [34.234862, -83.852446], [34.234859, -83.852436], [34.234856, -83.852428], [34.234854, -83.852418], [34.234849, -83.852412], [34.234846, -83.852407], [34.23484, -83.852399], [34.234833, -83.852394], [34.234825, -83.852391], [34.234815, -83.85239], [34.234807, -83.852393], [34.234797, -83.852398], [34.234788, -83.852407], [34.234784, -83.852412], [34.234776, -83.852423], [34.234771, -83.852435], [34.234766, -83.852445], [34.23476, -83.852459], [34.234758, -83.852466], [34.234753, -83.852475], [34.234744, -83.852488]]}, "4": {"path": [[34.235288, -83.852892], [34.236392, -83.85378]], "green": [[34.236259, -83.853782], [34.236266, -83.853771], [34.236276, -83.85376], [34.236288, -83.853749], [34.236297, -83.853742], [34.236308, -83.853729], [34.236315, -83.853718], [34.236324, -83.853704], [34.236335, -83.853684], [34.236341, -83.85367], [34.236352, -83.853658], [34.236365, -83.853649], [34.236378, -83.853645], [34.236397, -83.853644], [34.236405, -83.853646], [34.236415, -83.853651], [34.23643, -83.853657], [34.236441, -83.853663], [34.23645, -83.853666], [34.236465, -83.853676], [34.236479, -83.853685], [34.236491, -83.853695], [34.236504, -83.853711], [34.236512, -83.853724], [34.23652, -83.853738], [34.236528, -83.85375], [34.236537, -83.853765], [34.236541, -83.853778], [34.236549, -83.853797], [34.236548, -83.853814], [34.236546, -83.853826], [34.236541, -83.853838], [34.236531, -83.853854], [34.236517, -83.853868], [34.236505, -83.853874], [34.236491, -83.853875], [34.23647, -83.853872], [34.236453, -83.853867], [34.236443, -83.853862], [34.236433, -83.853855], [34.236419, -83.853844], [34.23641, -83.853838], [34.236397, -83.853834], [34.236382, -83.853827], [34.23637, -83.853826], [34.236358, -83.853831], [34.236348, -83.853838], [34.236331, -83.853853], [34.236322, -83.853859], [34.23631, -83.85387], [34.236301, -83.853879], [34.236289, -83.853886], [34.236275, -83.853885], [34.236266, -83.853879], [34.236255, -83.853863], [34.23625, -83.853852], [34.236247, -83.853832], [34.236249, -83.853812], [34.236252, -83.853797], [34.236259, -83.853782]]}, "5": {"path": [[34.241427, -83.847603], [34.242378, -83.844946], [34.243114, -83.843347]],