{"holes": {"1": {"path": [[33.681708, -84.374866], [33.683385, -84.374197], [33.684695, -84.374663], [33.685817, -84.374757]], "green": [[33.685865, -84.374815], [33.685882, -84.374802], [33.685903, -84.374779], [33.685912, -84.374745], [33.68591, -84.374703], [33.685897, -84.374677], [33.685871, -84.374653], [33.685836, -84.374649], [33.685806, -84.374651], [33.68578, -84.374674], [33.685741, -84.374717], [33.685713, -84.374761], [33.685706, -84.374782], [33.68571, -84.374809], [33.685731, -84.374836], [33.685756, -84.374848], [33.685795, -84.374847], [33.685843, -84.374827], [33.685865, -84.374815]]}, "2": {"path": [[33.686252, -84.373876], [33.687287, -84.375213]], "green": [[33.687337, -84.375279], [33.687364, -84.375226], [33.687378, -84.375189], [33.687379, -84.375153], [33.687362, -84.375109], [33.687329, -84.375086], [33.687297, -84.375073], [33.687259, -84.375079], [33.687234, -84.375091], [33.687211, -84.375139], [33.687195, -84.375177], [33.687199, -84.375217], [33.687212, -84.37527], [33.687222, -84.375317], [33.687241, -84.375347], [33.687268, -84.375363], [33.6873, -84.375342], [33.687322, -84.375307], [33.687337, -84.375279]]}, "3": {"path": [[33.68765, -84.375076], [33.687651, -84.370739]], "green": [[33.687734, -84.370822], [33.68774, -84.370748], [33.68773, -84.370696], [33.687709, -84.370652], [33.687671, -84.370618], [33.687634, -84.370604], [33.687599, -84.370613], [33.687567, -84.370638], [33.687547, -84.370667], [33.687544, -84.370707], [33.687556, -84.370742], [33.687588, -84.370801], [33.687628, -84.370837], [33.687672, -84.37087], [33.687697, -84.370871], [33.68772, -84.370852], [33.687734, -84.370822]]}, "4": {"path": [[33.687209, -84.370422], [33.687033, -84.372579], [33.687171, -84.374152]], "green": [[33.68726, -84.374066], [33.687266, -84.374115], [33.687262, -84.374194], [33.687249, -84.374242], [33.687225, -84.374282], [33.687188, -84.374306], [33.687157, -84.374307], [33.687123, -84.374294], [33.687098, -84.374261], [33.687077, -84.37423], [33.687066, -84.374187], [33.687073, -84.374133], [33.687097, -84.374093], [33.687107, -84.374049], [33.687124, -84.374021], [33.687164, -84.374002], [33.687207, -84.374004], [33.687242, -84.374029], [33.68726, -84.374066]]}, "5": {"path": [[33.686644, -84.373832], [33.686272, -84.371821], [33.686653, -84.370723]], "green": [[33.686713, -84.370794], [33.68673, -84.370754], [33.686735, -84.370711], [33.686729, -84.370673], [33.686713, -84.370624], [33.686697, -84.370598], [33.686671, -84.370592], [33.686642, -84.370594], [33.686608, -84.370608], [33.686572, -84.370648], [33.686566, -84.37069], [33.686567, -84.370739], [33.686581, -84.370796], [33.686595, -84.370838], [33.68661, -84.370859], [33.686642, -84.370862], [33.686679, -84.370837], [33.686713, -84.370794]]}, "6": {"path": [[33.686166, -84.370589], [33.684763, -84.370674]], "green": [[33.684801, -84.370756], [33.684818, -84.370724], [33.684841, -84.370695], [33.684866, -84.370657], [33.684871, -84.370615], [33.68486, -84.37059], [33.684822, -84.370559], [33.684782, -84.370553], [33.684735, -84.370558], [33.684696, -84.37058], [33.684667, -84.370612], [33.684646, -84.370663], [33.684645, -84.370709], [33.684667, -84.370749], [33.684699, -84.370784], [33.684738, -84.370788], [33.684775, -84.370787], [33.684801, -84.370756]]}, "7": {"path": [[33.684267, -84.37088], [33.685509, -84.37249], [33.686062, -84.373682]], "green": [[33.686139, -84.373647], [33.68611, -84.373594], [33.686061, -84.373551], [33.686015, -84.373541], [33.685981, -84.373575], [33.685966, -84.373649], [33.685961, -84.373716], [33.685974, -84.373763], [33.686031, -84.373821], [33.686077, -84.373819], [33.686119, -84.373788], [33.686142, -84.37375], [33.686154, -84.37369], [33.686139, -84.373647]]}, "8": {"path": [[33.685381, -84.374064], [33.683229, -84.370947], [33.682459, -84.370559]], "green": [[33.682577, -84.37051], [33.682561, -84.370486], [33.682524, -84.37047], [33.682482, -84.370476], [33.682433, -84.370499], [33.682379, -84.370516], [33.68235, -84.370535], [33.682332, -84.370553], [33.682319, -84.370589], [33.682333, -84.370644], [33.682359, -84.370672], [33.682396, -84.370685], [33.682453, -84.370646], [33.682491, -84.370614], [33.682543, -84.370576], [33.682572, -84.370557], [33.682582, -84.370531], [33.682577, -84.37051]]}, "9": {"path": [[33.681945, -84.370537], [33.681779, -84.37243], [33.681206, -84.373714]], "green": [[33.681269, -84.373762], [33.681279, -84.373715], [33.681281, -84.373662], [33.681276, -84.373625], [33.681248, -84.373586], [33.681217, -84.373574], [33.681187, -84.373575], [33.681158, -84.373587], [33.681138, -84.373617], [33.681121, -84.373683], [33.68111, -84.373755], [33.681122, -84.373804], [33.68115, -84.373843], [33.681176, -84.373848], [33.681211, -84.373844], [33.681242, -84.373823], [33.681261, -84.373792], [33.681269, -84.373762]]}, "10": {"path": [[33.682305, -84.376123], [33.684112, -84.37671], [33.685311, -84.376385], [33.68601, -84.376377]], "green": [[33.685983, -84.376494], [33.686017, -84.376513], [33.686062, -84.376505], [33.686104, -84.376474], [33.686132, -84.37644], [33.686151, -84.376399], [33.68615, -84.376335], [33.686131, -84.376299], [33.686084, -84.376274], [33.686035, -84.376251], [33.685999, -84.376239], [33.685953, -84.376244], [33.685911, -84.376268], [33.685882, -84.376307], [33.685871, -84.376342], [33.685875, -84.376381], [33.685907, -84.376436], [33.685955, -84.376475], [33.685983, -84.376494]]}, "11": {"path": [[33.68658, -84.37669], [33.684877, -84.377835], [33.683678, -84.37787]], "green": [[33.683702, -84.37794], [33.683743, -84.377929], [33.68377, -84.377903], [33.683781, -84.377852], [33.683772, -84.377805], [33.683755, -84.377773], [33.683717, -84.37777], [33.683656, -84.37779], [33.683602, -84.377809], [33.68358, -84.37783], [33.683572, -84.377879], [33.683578, -84.377923], [33.683598, -84.377948], [33.683648, -84.377952], [33.683702, -84.37794]]}, "12": {"path": [[33.683789, -84.37732], [33.682251, -84.377065], [33.680962, -84.377037]], "green": [[33.681007, -84.377086], [33.681024, -84.377059], [33.681042, -84.377019], [33.68105, -84.376997], [33.681046, -84.376962], [33.681028, -84.376938], [33.680992, -84.376936], [33.68095, -84.37695], [33.680919, -84.37697], [33.680894, -84.376996], [33.680872, -84.377038], [33.680864, -84.377066], [33.680872, -84.377093], [33.680892, -84.377118], [33.680916, -84.377129], [33.680957, -84.37712], [33.68099, -84.377106], [33.681007, -84.377086]]}, "13": {"path": [[33.680969, -84.377692], [33.682671, -84.37777], [33.683425, -84.378409]], "green": [[33.683495, -84.378455], [33.683468, -84.378391], [33.683441, -84.378322], [33.683417, -84.378282], [33.683395, -84.378271], [33.683365, -84.37828], [33.683344, -84.37831], [33.683341, -84.378358], [33.683366, -84.378407], [33.683387, -84.378453], [33.683405, -84.378497], [33.683426, -84.37853], [33.683463, -84.378536], [33.683488, -84.378519], [33.683497, -84.378485], [33.683495, -84.378455]]}, "14": {"path": [[33.682798, -84.378671], [33.681076, -84.378578]], "green": [[33.681139, -84.378566], [33.681116, -84.378548], [33.681075, -84.378506], [33.681056, -84.378479], [33.681032, -84.378467], [33.681008, -84.378469], [33.680991, -84.378478], [33.680976, -84.378501], [33.680971, -84.37854], [33.680978, -84.378568], [33.681024, -84.378646], [33.681054, -84.37868], [33.681082, -84.378696], [33.681113, -84.378694], [33.681137, -84.378682], [33.681155, -84.378661], [33.681163, -84.378627], [33.681164, -84.378603], [33.681155, -84.378575], [33.681139, -84.378566]]}, "15": {"path": [[33.680826, -84.3795], [33.682943, -84.379238], [33.68439, -84.378812]],