{"holes": {"1": {"path": [[34.093954, -84.833726], [34.095643, -84.833046], [34.096556, -84.83367]], "green": [[34.096639, -84.833754], [34.096615, -84.833784], [34.09658, -84.833797], [34.096543, -84.83378], [34.096505, -84.833743], [34.096462, -84.833692], [34.096449, -84.833629], [34.096454, -84.833571], [34.096478, -84.833536], [34.096516, -84.833525], [34.096555, -84.833542], [34.096581, -84.833583], [34.09661, -84.83363], [34.09663, -84.833678], [34.096642, -84.833717], [34.096639, -84.833754]]}, "2": {"path": [[34.096755, -84.8333], [34.09618, -84.831852], [34.096466, -84.830733]], "green": [[34.096533, -84.830701], [34.096542, -84.830744], [34.096531, -84.830772], [34.096511, -84.830791], [34.096486, -84.830801], [34.096458, -84.830804], [34.096419, -84.830802], [34.096381, -84.830775], [34.096367, -84.830724], [34.096381, -84.830685], [34.096415, -84.830653], [34.096462, -84.830643], [34.096512, -84.830663], [34.096533, -84.830701]]}, "3": {"path": [[34.096788, -84.83148], [34.096683, -84.830049]], "green": [[34.096721, -84.830151], [34.096695, -84.830147], [34.096664, -84.830125], [34.096648, -84.830095], [34.096612, -84.830029], [34.096603, -84.829986], [34.096614, -84.829953], [34.096639, -84.829927], [34.096666, -84.82993], [34.096686, -84.82995], [34.096709, -84.829989], [34.096728, -84.830035], [34.09674, -84.830073], [34.096744, -84.830105], [34.096736, -84.830134], [34.096721, -84.830151]]}, "4": {"path": [[34.096791, -84.829538], [34.095019, -84.830527], [34.09405, -84.830932]], "green": [[34.094164, -84.830941], [34.094158, -84.830975], [34.094142, -84.831004], [34.094103, -84.831032], [34.094066, -84.831035], [34.09402, -84.831027], [34.093987, -84.831012], [34.09395, -84.830981], [34.09393, -84.830951], [34.093922, -84.830916], [34.093927, -84.830886], [34.093942, -84.830859], [34.093976, -84.830837], [34.094022, -84.83083], [34.094071, -84.830838], [34.094105, -84.830853], [34.094139, -84.830875], [34.094158, -84.830907], [34.094164, -84.830941]]}, "5": {"path": [[34.092366, -84.831364], [34.090573, -84.832282], [34.090142, -84.833645], [34.090125, -84.834268]], "green": [[34.090191, -84.834206], [34.090196, -84.834245], [34.090198, -84.834284], [34.090192, -84.83433], [34.090187, -84.834356], [34.090176, -84.834386], [34.09017, -84.834401], [34.090156, -84.834415], [34.090131, -84.834417], [34.090111, -84.834407], [34.090082, -84.834381], [34.090063, -84.83435], [34.090047, -84.834313], [34.090037, -84.834284], [34.090034, -84.834242], [34.090041, -84.834194], [34.09005, -84.834171], [34.090067, -84.834141], [34.090086, -84.834124], [34.090106, -84.834121], [34.090136, -84.834129], [34.090163, -84.834155], [34.090182, -84.834178], [34.090191, -84.834206]]}, "6": {"path": [[34.089735, -84.834188], [34.090062, -84.831603], [34.090076, -84.830174]], "green": [[34.090157, -84.830182], [34.090157, -84.830212], [34.090141, -84.830246], [34.090125, -84.830262], [34.090093, -84.830273], [34.090057, -84.830275], [34.090029, -84.830263], [34.090001, -84.830252], [34.089973, -84.830223], [34.089964, -84.830174], [34.089973, -84.830123], [34.089996, -84.830087], [34.090037, -84.830065], [34.090072, -84.830058], [34.090099, -84.830065], [34.090126, -84.830094], [34.090141, -84.830122], [34.09015, -84.83015], [34.090157, -84.830182]]}, "7": {"path": [[34.090394, -84.830186], [34.092572, -84.830239], [34.093529, -84.830462]], "green": [[34.093669, -84.830482], [34.093659, -84.830538], [34.093624, -84.830577], [34.093576, -84.830592], [34.093498, -84.83059], [34.093441, -84.830582], [34.093385, -84.830525], [34.093374, -84.83049], [34.093373, -84.830443], [34.093385, -84.830404], [34.093417, -84.830364], [34.093455, -84.83034], [34.093514, -84.830337], [34.093569, -84.83035], [34.09361, -84.830375], [34.093642, -84.830409], [34.093657, -84.830436], [34.093669, -84.830482]]}, "8": {"path": [[34.093756, -84.831523], [34.094979, -84.830987]], "green": [[34.095091, -84.831021], [34.095089, -84.831036], [34.095079, -84.83105], [34.095064, -84.831056], [34.095034, -84.831055], [34.095002, -84.831045], [34.094973, -84.831035], [34.094942, -84.831032], [34.094905, -84.831042], [34.094868, -84.831037], [34.094843, -84.831019], [34.094826, -84.831], [34.09482, -84.830971], [34.094835, -84.830935], [34.09488, -84.830894], [34.094912, -84.830877], [34.094969, -84.830871], [34.09501, -84.830879], [34.095043, -84.830906], [34.095068, -84.830943], [34.095082, -84.830972], [34.095089, -84.830993], [34.095091, -84.831021]]}, "9": {"path": [[34.095723, -84.830513], [34.094843, -84.832799], [34.09385, -84.832931]], "green": [[34.093934, -84.833018], [34.093914, -84.833048], [34.093883, -84.833056], [34.09385, -84.833046], [34.093817, -84.833009], [34.093794, -84.832981], [34.093767, -84.832953], [34.09375, -84.832912], [34.093748, -84.832872], [34.093761, -84.832838], [34.093778, -84.832808], [34.093799, -84.832786], [34.093841, -84.832783], [34.093879, -84.832814], [34.093906, -84.832868], [34.093924, -84.832926], [34.093931, -84.832968], [34.093936, -84.832989], [34.093934, -84.833018]]}, "10": {"path": [[34.09462, -84.834825], [34.096577, -84.836121], [34.096602, -84.837991]], "green": [[34.096651, -84.838158], [34.096612, -84.838178], [34.096568, -84.838174], [34.096547, -84.838166], [34.09652, -84.838154], [34.0965, -84.838123], [34.096497, -84.838081], [34.096531, -84.838004], [34.096554, -84.837952], [34.096557, -84.83793], [34.096564, -84.837882], [34.096573, -84.837849], [34.096585, -84.837811], [34.096608, -84.837775], [34.096631, -84.837771], [34.096654, -84.837785], [34.096667, -84.83782], [34.096673, -84.837886], [34.096679, -84.837934], [34.096677, -84.838003], [34.096677, -84.838073], [34.096669, -84.838119], [34.096651, -84.838158]]}, "11": {"path": [[34.096431, -84.838226], [34.094366, -84.837474], [34.092246, -84.837697]], "green": [[34.092367, -84.837677], [34.092356, -84.837715], [34.092326, -84.837751], [34.0923, -84.837775], [34.092277, -84.837798], [34.092247, -84.837811], [34.092219, -84.83781], [34.092183, -84.837802], [34.092146, -84.837789], [34.092121, -84.837761], [34.092109, -84.837723], [34.092101, -84.837677], [34.092115, -84.837626], [34.09216, -84.837603], [34.092205, -84.837591], [34.092249, -84.837588], [34.092286, -84.837592], [34.092322, -84.837606], [34.092347, -84.837624], [34.092362, -84.837647], [34.092367, -84.837677]]}, "12": {"path": [[34.092246, -84.836949], [34.094023, -84.836556]], "green": [[34.09418, -84.836496], [34.094176, -84.836526], [34.094151, -84.836561], [34.094116, -84.836596], [34.09408, -84.836612], [34.094029, -84.836631], [34.093956, -84.836659], [34.09392, -84.836666], [34.093886, -84.836664], [34.093867, -84.836645], [34.093857, -84.836625], [34.093855, -84.836598], [34.09388, -84.836553], [34.093902, -84.836531], [34.093934, -84.836512], [34.094008, -84.83648], [34.094079, -84.83646], [34.094118, -84.836452], [34.094151, -84.836457], [34.094168, -84.836466], [34.09418, -84.836496]]}, "13": {"path": [[34.094082, -84.83585], [34.092188, -84.836221], [34.09141, -84.836939]], "green": [[34.091494, -84.836963], [34.091485, -84.837], [34.091464, -84.837053], [34.091443, -84.837084], [34.091411, -84.83711], [34.091387, -84.837116], [34.091357, -84.837113], [34.09133, -84.837096], [34.091314, -84.837068], [34.091308, -84.837042], [34.091311, -84.836997], [34.091326, -84.836964], [34.091341, -84.836931], [34.091353, -84.836895], [34.091361, -84.836832], [34.091374, -84.83679], [34.09139, -84.836759], [34.091422, -84.836746], [34.091448, -84.836754], [34.091469, -84.836768], [34.091484, -84.836794], [34.091493, -84.83684], [34.091499, -84.836874], [34.091501, -84.836915], [34.091494, -84.836963]]}, "14": {"path": [[34.091371, -84.838096], [34.090128, -84.83737]],