{"holes": {"1": {"path": [[34.215677, -84.808939], [34.213775, -84.809684], [34.212424, -84.809322]], "green": [[34.212526, -84.8093], [34.21252, -84.809283], [34.212515, -84.809269], [34.212505, -84.809257], [34.212499, -84.809244], [34.21249, -84.809235], [34.212479, -84.809224], [34.212469, -84.80922], [34.212459, -84.809215], [34.212449, -84.809214], [34.212437, -84.809214], [34.212418, -84.809212], [34.212396, -84.809213], [34.212384, -84.809215], [34.212368, -84.809217], [34.21235, -84.809219], [34.212341, -84.809224], [34.212327, -84.809233], [34.212314, -84.809246], [34.212302, -84.80926], [34.212296, -84.809281], [34.212291, -84.8093], [34.212289, -84.809325], [34.212294, -84.809348], [34.212303, -84.809365], [34.212316, -84.809384], [34.212325, -84.809395], [34.212342, -84.80941], [34.212358, -84.809423], [34.212375, -84.809432], [34.21239, -84.809441], [34.212408, -84.809449], [34.212428, -84.809456], [34.212447, -84.809458], [34.212465, -84.809458], [34.212481, -84.809452], [34.21249, -84.809438], [34.212496, -84.809424], [34.212502, -84.809413], [34.212509, -84.8094], [34.212516, -84.809384], [34.212523, -84.809371], [34.212528, -84.809348], [34.212529, -84.809334], [34.212529, -84.80932], [34.212526, -84.8093]]}, "2": {"path": [[34.215911, -84.802373], [34.217894, -84.802618], [34.218921, -84.802403]], "green": [[34.2099, -84.811806], [34.209892, -84.811791], [34.209877, -84.811778], [34.209863, -84.811774], [34.209846, -84.811773], [34.209832, -84.811775], [34.209812, -84.811777], [34.209798, -84.81178], [34.209781, -84.811784], [34.209768, -84.811791], [34.209753, -84.811797], [34.209735, -84.811805], [34.209712, -84.811823], [34.209704, -84.811846], [34.209698, -84.811872], [34.209693, -84.811901], [34.209681, -84.811947], [34.209678, -84.811984], [34.209676, -84.81201], [34.209676, -84.812028], [34.209683, -84.812055], [34.209696, -84.812069], [34.209713, -84.812086], [34.209732, -84.812091], [34.209745, -84.812091], [34.20976, -84.812089], [34.209776, -84.812078], [34.209786, -84.812066], [34.209794, -84.812055], [34.209807, -84.812037], [34.209817, -84.812023], [34.209824, -84.812009], [34.209837, -84.811985], [34.209846, -84.811978], [34.20986, -84.811962], [34.209872, -84.811948], [34.209889, -84.811927], [34.209901, -84.81191], [34.209909, -84.811895], [34.209914, -84.811872], [34.209918, -84.81186], [34.209918, -84.811844], [34.209917, -84.811831], [34.209912, -84.81182], [34.2099, -84.811806]]}, "3": {"path": [[34.209485, -84.811859], [34.209563, -84.810246]], "green": [[34.209665, -84.810316], [34.209659, -84.810298], [34.209653, -84.810286], [34.209643, -84.810265], [34.209632, -84.810242], [34.209626, -84.810225], [34.209619, -84.810206], [34.20961, -84.810187], [34.2096, -84.810163], [34.20959, -84.810147], [34.209581, -84.810138], [34.209569, -84.810131], [34.209556, -84.810128], [34.209546, -84.810124], [34.20953, -84.810121], [34.209519, -84.810122], [34.209508, -84.810122], [34.209489, -84.810127], [34.209469, -84.810138], [34.209458, -84.810155], [34.209451, -84.81017], [34.209447, -84.810193], [34.209448, -84.810214], [34.209455, -84.810231], [34.209464, -84.810246], [34.209478, -84.810262], [34.20949, -84.810281], [34.209499, -84.810295], [34.209509, -84.810309], [34.209525, -84.810326], [34.209542, -84.810346], [34.209563, -84.810368], [34.209582, -84.810385], [34.209606, -84.810398], [34.209629, -84.810399], [34.209646, -84.81039], [34.209661, -84.810374], [34.209669, -84.810355], [34.209669, -84.810338], [34.209665, -84.810316]]}, "4": {"path": [[34.209854, -84.809643], [34.2116, -84.806605]], "green": [[34.211529, -84.806575], [34.211539, -84.806551], [34.211544, -84.806527], [34.211551, -84.806503], [34.211562, -84.806482], [34.211584, -84.806467], [34.211605, -84.806461], [34.21163, -84.806468], [34.211654, -84.806481], [34.211683, -84.806491], [34.211699, -84.806504], [34.21172, -84.806533], [34.211729, -84.806559], [34.211735, -84.806581], [34.211736, -84.806606], [34.21173, -84.806641], [34.211719, -84.806666], [34.211704, -84.80669], [34.211685, -84.806709], [34.211665, -84.806724], [34.21163, -84.806734], [34.211604, -84.80673], [34.211577, -84.806721], [34.211559, -84.806714], [34.211544, -84.806706], [34.211529, -84.806697], [34.211517, -84.806685], [34.211503, -84.806667], [34.211498, -84.806653], [34.211495, -84.806639], [34.211497, -84.806627], [34.2115, -84.806612], [34.211512, -84.806596], [34.21152, -84.806588], [34.211529, -84.806575]]}, "5": {"path": [[34.211087, -84.806685], [34.212127, -84.805399]], "green": [[34.211997, -84.805363], [34.212019, -84.80533], [34.212047, -84.805299], [34.212078, -84.805267], [34.2121, -84.805253], [34.212124, -84.805256], [34.212146, -84.805267], [34.212163, -84.805287], [34.212176, -84.805306], [34.212188, -84.805324], [34.212198, -84.805342], [34.212213, -84.805357], [34.212247, -84.805381], [34.21227, -84.805404], [34.21228, -84.805426], [34.212281, -84.805453], [34.212275, -84.805479], [34.212261, -84.805494], [34.212241, -84.805501], [34.212207, -84.805492], [34.212184, -84.805484], [34.212165, -84.805477], [34.212142, -84.805474], [34.212109, -84.805484], [34.212082, -84.805489], [34.212059, -84.80549], [34.212021, -84.805484], [34.212002, -84.805471], [34.211988, -84.805448], [34.211982, -84.805424], [34.211981, -84.805402], [34.211983, -84.805383], [34.211997, -84.805363]]}, "6": {"path": [[34.211205, -84.805634], [34.21236, -84.803796], [34.213478, -84.802982], [34.214478, -84.802479]], "green": [[34.214476, -84.802409], [34.214459, -84.802406], [34.214439, -84.802403], [34.214416, -84.802395], [34.214392, -84.802389], [34.214363, -84.802391], [34.21435, -84.802402], [34.214326, -84.802421], [34.214318, -84.802449], [34.214319, -84.802476], [34.214333, -84.802492], [34.214352, -84.80251], [34.214369, -84.80252], [34.214389, -84.80254], [34.21441, -84.80257], [34.214436, -84.802601], [34.214456, -84.802621], [34.214472, -84.802629], [34.214501, -84.802631], [34.214518, -84.802617], [34.214529, -84.802598], [34.21454, -84.802573], [34.214542, -84.802548], [34.214544, -84.802536], [34.214551, -84.802522], [34.21456, -84.802512], [34.214568, -84.802506], [34.214575, -84.802497], [34.214582, -84.802489], [34.214588, -84.802473], [34.21459, -84.802455], [34.214587, -84.802435], [34.214579, -84.802419], [34.214568, -84.802402], [34.214556, -84.802398], [34.21454, -84.802393], [34.214527, -84.802395], [34.214513, -84.802398], [34.2145, -84.802401], [34.214486, -84.802406], [34.214476, -84.802409]]}, "8": {"path": [[34.219402, -84.801896], [34.220394, -84.804011], [34.219651, -84.805116]], "green": [[34.219684, -84.805015], [34.219664, -84.805009], [34.219642, -84.805011], [34.219616, -84.805018], [34.219569, -84.805037], [34.219545, -84.805057], [34.219526, -84.805092], [34.219524, -84.805128], [34.219558, -84.805179], [34.219596, -84.805227], [34.21963, -84.805253], [34.219668, -84.805258], [34.219703, -84.805248], [34.219724, -84.805231], [34.21973, -84.8052], [34.219732, -84.80516], [34.219732, -84.805116], [34.219727, -84.805089], [34.219715, -84.805062], [34.219696, -84.805026], [34.219684, -84.805015]]}, "9": {"path": [[34.21952, -84.804763], [34.217467, -84.805979], [34.216722, -84.808358]], "green": [[34.216806, -84.808314], [34.216791, -84.808296], [34.216773, -84.808274], [34.216754, -84.808252], [34.216734, -84.808231], [34.216713, -84.808218], [34.216691, -84.808218], [34.216667, -84.808225], [34.216642, -84.808248], [34.216616, -84.808286], [34.216601, -84.808319], [34.216596, -84.808357], [34.216604, -84.808417], [34.216623, -84.808469], [34.216652, -84.808495], [34.216674, -84.808509], [34.216696, -84.808517], [34.216724, -84.808506], [34.216744, -84.808487], [34.216792, -84.808447], [34.21681, -84.808428], [34.216817, -84.808407], [34.21682, -84.808384], [34.216819, -84.80836], [34.216814, -84.808335], [34.216806, -84.808314]]}, "10": {"path": [[34.216362, -84.808069], [34.216233, -84.805498], [34.215565, -84.80524]],