{"holes": {"1": {"path": [[32.571196, -83.570021], [32.573077, -83.569331], [32.573622, -83.56854]], "green": [[32.573624, -83.568618], [32.573604, -83.568615], [32.573588, -83.568601], [32.573567, -83.568577], [32.573538, -83.568561], [32.573511, -83.568549], [32.573496, -83.568521], [32.5735, -83.568477], [32.573542, -83.568451], [32.573619, -83.568458], [32.573665, -83.568453], [32.573699, -83.568463], [32.573731, -83.568478], [32.573752, -83.568525], [32.573742, -83.568566], [32.573722, -83.568583], [32.573674, -83.5686], [32.573624, -83.568618]]}, "2": {"path": [[32.573906, -83.567718], [32.573447, -83.565279], [32.573535, -83.563875], [32.573705, -83.563545]], "green": [[32.573585, -83.563667], [32.573631, -83.563688], [32.573677, -83.563679], [32.573722, -83.563611], [32.573736, -83.563589], [32.573753, -83.563572], [32.573769, -83.563551], [32.57379, -83.563543], [32.573827, -83.563525], [32.57385, -83.56348], [32.573837, -83.563439], [32.573822, -83.563416], [32.573796, -83.563401], [32.573744, -83.563411], [32.573714, -83.563448], [32.573697, -83.563486], [32.573687, -83.563502], [32.573665, -83.563528], [32.573643, -83.563547], [32.573625, -83.56356], [32.573611, -83.563568], [32.573588, -83.563582], [32.573571, -83.56361], [32.573585, -83.563667]]}, "3": {"path": [[32.574481, -83.563237], [32.575274, -83.561577]], "green": [[32.575157, -83.561638], [32.575173, -83.561616], [32.575204, -83.561594], [32.575235, -83.561579], [32.575267, -83.561545], [32.575286, -83.56149], [32.575302, -83.561454], [32.575327, -83.561435], [32.57538, -83.561419], [32.575409, -83.561444], [32.575412, -83.561476], [32.575393, -83.561521], [32.575365, -83.561587], [32.575337, -83.561653], [32.575303, -83.56168], [32.57525, -83.561703], [32.575199, -83.56171], [32.57517, -83.56169], [32.575159, -83.561659], [32.575157, -83.561638]]}, "4": {"path": [[32.57495, -83.560171], [32.573263, -83.559688], [32.570964, -83.560363], [32.570335, -83.56043]], "green": [[32.570431, -83.560475], [32.570391, -83.560496], [32.570367, -83.560495], [32.570318, -83.560524], [32.570256, -83.560543], [32.570227, -83.560517], [32.570187, -83.560445], [32.570183, -83.560399], [32.570204, -83.56036], [32.570227, -83.560345], [32.570289, -83.560343], [32.570343, -83.560359], [32.570364, -83.560362], [32.570395, -83.56036], [32.570426, -83.560378], [32.570441, -83.560403], [32.570444, -83.560433], [32.570442, -83.560454], [32.570431, -83.560475]]}, "5": {"path": [[32.569953, -83.561402], [32.569852, -83.563993], [32.569882, -83.565638]], "green": [[32.569899, -83.565769], [32.569863, -83.565723], [32.569843, -83.565679], [32.569791, -83.565621], [32.569777, -83.565597], [32.569787, -83.565536], [32.569821, -83.565508], [32.569854, -83.565504], [32.569896, -83.565558], [32.569918, -83.565584], [32.569957, -83.565612], [32.569993, -83.565654], [32.569983, -83.565691], [32.569949, -83.565764], [32.569899, -83.565769]]}, "6": {"path": [[32.568949, -83.567015], [32.56687, -83.56759], [32.566287, -83.56753]], "green": [[32.566334, -83.567627], [32.566307, -83.567653], [32.566274, -83.567668], [32.566249, -83.567633], [32.566223, -83.567579], [32.566205, -83.567527], [32.566154, -83.567488], [32.566147, -83.567434], [32.566161, -83.567389], [32.566196, -83.567364], [32.566221, -83.567366], [32.566247, -83.567406], [32.566267, -83.56746], [32.566299, -83.567481], [32.566328, -83.567488], [32.566365, -83.567492], [32.566396, -83.567519], [32.566404, -83.567558], [32.566395, -83.567592], [32.566386, -83.567601], [32.566372, -83.567613], [32.566348, -83.567622], [32.566334, -83.567627]]}, "7": {"path": [[32.56586, -83.568039], [32.565944, -83.570416], [32.565767, -83.572073], [32.565834, -83.572805]], "green": [[32.565786, -83.572667], [32.565745, -83.57268], [32.565728, -83.572739], [32.565705, -83.572846], [32.56575, -83.572899], [32.565826, -83.572893], [32.565886, -83.572943], [32.565911, -83.57297], [32.565962, -83.572953], [32.565973, -83.572879], [32.565925, -83.572786], [32.565857, -83.572692], [32.565834, -83.572663], [32.565786, -83.572667]]}, "8": {"path": [[32.56588, -83.573454], [32.567594, -83.573425], [32.568732, -83.572742]], "green": [[32.568708, -83.572782], [32.568615, -83.572727], [32.568586, -83.572668], [32.568597, -83.572601], [32.568643, -83.572587], [32.568705, -83.572633], [32.568745, -83.572646], [32.568791, -83.572646], [32.568839, -83.572672], [32.56886, -83.572715], [32.568854, -83.572766], [32.568808, -83.572885], [32.568767, -83.572904], [32.568742, -83.572897], [32.568729, -83.572853], [32.568744, -83.572804], [32.56873, -83.572781], [32.568708, -83.572782]]}, "9": {"path": [[32.569314, -83.572164], [32.570381, -83.571544]], "green": [[32.570434, -83.571649], [32.570396, -83.571615], [32.570371, -83.571578], [32.570338, -83.571557], [32.570281, -83.571574], [32.570245, -83.571572], [32.570213, -83.571526], [32.570223, -83.571462], [32.570273, -83.571425], [32.570325, -83.57141], [32.570382, -83.571433], [32.570454, -83.57147], [32.570487, -83.571496], [32.570509, -83.571538], [32.570515, -83.57157], [32.570502, -83.571618], [32.570469, -83.571649], [32.570434, -83.571649]]}, "10": {"path": [[32.57067, -83.572212], [32.570194, -83.575108], [32.569776, -83.576275]], "green": [[32.569735, -83.576239], [32.569743, -83.57618], [32.56978, -83.576139], [32.569811, -83.576135], [32.56984, -83.576175], [32.569848, -83.576248], [32.569858, -83.576302], [32.569866, -83.576369], [32.56983, -83.576397], [32.569772, -83.576397], [32.569709, -83.57638], [32.56969, -83.576346], [32.5697, -83.576306], [32.569721, -83.576268], [32.569735, -83.576239]]}, "11": {"path": [[32.569076, -83.577449], [32.56958, -83.579965], [32.569032, -83.582768]], "green": [[32.56909, -83.582715], [32.569094, -83.582813], [32.56913, -83.582896], [32.569108, -83.582927], [32.569017, -83.582892], [32.568975, -83.582882], [32.568933, -83.582836], [32.568939, -83.582731], [32.568967, -83.582651], [32.568995, -83.582625], [32.569027, -83.582629], [32.569052, -83.58267], [32.56909, -83.582715]]}, "12": {"path": [[32.569198, -83.585099], [32.570628, -83.58671], [32.570544, -83.587826]], "green": [[32.570593, -83.58788], [32.570569, -83.587946], [32.570514, -83.587986], [32.570441, -83.587969], [32.570409, -83.587909], [32.570429, -83.58785], [32.570463, -83.587776], [32.570492, -83.587714], [32.570515, -83.587684], [32.570561, -83.587685], [32.570625, -83.587724], [32.570654, -83.587768], [32.57066, -83.587791], [32.570642, -83.587822], [32.570593, -83.58788]]}, "13": {"path": [[32.571292, -83.58834], [32.572753, -83.588638]], "green": [[32.572738, -83.588639], [32.572694, -83.588577], [32.572661, -83.588525], [32.572687, -83.588487], [32.572717, -83.588452], [32.572765, -83.58848], [32.572845, -83.588574], [32.572851, -83.588611], [32.572838, -83.588638], [32.57282, -83.588741], [32.572805, -83.588776], [32.572742, -83.588798], [32.572713, -83.58878], [32.572702, -83.588755], [32.572734, -83.588703], [32.572751, -83.588671], [32.572738, -83.588639]]}, "15": {"path": [[32.572855, -83.58233], [32.572301, -83.58075]], "green": [[32.572288, -83.580851], [32.572247, -83.580808], [32.572195, -83.580778], [32.572182, -83.580739], [32.572223, -83.580639], [32.572257, -83.580622], [32.57234, -83.580629], [32.572399, -83.580662], [32.572412, -83.580672], [32.572372, -83.580722], [32.572357, -83.580803], [32.572341, -83.580849], [32.572319, -83.580871], [32.572288, -83.580851]]}, "16": {"path": [[32.572741, -83.580577], [32.572428, -83.578009]], "green": [[32.572465, -83.578101], [32.572412, -83.578031], [32.572357, -83.578009], [32.5723, -83.578014], [32.572284, -83.577971], [32.572325, -83.577887], [32.572371, -83.577866], [32.572412, -83.577911], [32.572471, -83.577978], [32.57253, -83.578011], [32.572551, -83.578041], [32.57254, -83.578093], [32.572512, -83.578114], [32.572465, -83.578101]]}, "17": {"path": [[32.572133, -83.576548], [32.573499, -83.574741], [32.574033, -83.573309], [32.574445, -83.573096]],