{"holes": {"1": {"path": [[34.372386, -84.238701], [34.374498, -84.23978], [34.375202, -84.240732]], "green": [[34.375148, -84.240582], [34.375169, -84.240566], [34.375194, -84.240566], [34.375215, -84.240581], [34.375236, -84.240591], [34.375255, -84.240611], [34.375267, -84.240639], [34.375283, -84.240667], [34.375288, -84.240706], [34.375293, -84.240745], [34.375304, -84.24078], [34.375302, -84.240822], [34.375295, -84.240852], [34.375283, -84.240884], [34.37527, -84.240895], [34.37525, -84.240903], [34.375226, -84.240911], [34.375203, -84.240904], [34.375188, -84.240897], [34.375172, -84.240874], [34.375153, -84.240853], [34.375146, -84.240836], [34.375148, -84.240809], [34.375148, -84.240782], [34.375149, -84.240755], [34.375149, -84.240722], [34.375141, -84.240695], [34.375131, -84.240672], [34.375126, -84.240651], [34.375124, -84.240624], [34.375132, -84.240609], [34.37514, -84.240591], [34.375148, -84.240582]]}, "2": {"path": [[34.376121, -84.239642], [34.37691, -84.241829], [34.377886, -84.241934]], "green": [[34.377799, -84.241814], [34.377821, -84.241794], [34.377851, -84.241788], [34.37788, -84.241787], [34.377903, -84.241787], [34.37793, -84.241805], [34.377951, -84.241817], [34.377971, -84.241842], [34.377975, -84.24188], [34.377984, -84.2419], [34.377994, -84.241919], [34.378, -84.241931], [34.378011, -84.241951], [34.378015, -84.241972], [34.378016, -84.241984], [34.378022, -84.242003], [34.378019, -84.242027], [34.378011, -84.242046], [34.377998, -84.242062], [34.377983, -84.24207], [34.377969, -84.242074], [34.37795, -84.242067], [34.377938, -84.242062], [34.377928, -84.242049], [34.37791, -84.242036], [34.377894, -84.242026], [34.377877, -84.24202], [34.377861, -84.242015], [34.377845, -84.242013], [34.377824, -84.242008], [34.377809, -84.241998], [34.377794, -84.241975], [34.377784, -84.241961], [34.377771, -84.241944], [34.377762, -84.24193], [34.377755, -84.241915], [34.377753, -84.2419], [34.37775, -84.241884], [34.377754, -84.241871], [34.377764, -84.241857], [34.377777, -84.241843], [34.377784, -84.241834], [34.377791, -84.241823], [34.377799, -84.241814]]}, "3": {"path": [[34.378346, -84.241196], [34.377348, -84.240074]], "green": [[34.377464, -84.240134], [34.37745, -84.240153], [34.377423, -84.240164], [34.377404, -84.240166], [34.377376, -84.240162], [34.377351, -84.240162], [34.377322, -84.240163], [34.377299, -84.240165], [34.377277, -84.240166], [34.377252, -84.240156], [34.377227, -84.240143], [34.377211, -84.240128], [34.377205, -84.240101], [34.377205, -84.240084], [34.377204, -84.240045], [34.377208, -84.240017], [34.377224, -84.239993], [34.377243, -84.239982], [34.377277, -84.239969], [34.377308, -84.239965], [34.37734, -84.239965], [34.377367, -84.239965], [34.377394, -84.239965], [34.37741, -84.239969], [34.377432, -84.239986], [34.37745, -84.240006], [34.377463, -84.240021], [34.377473, -84.240042], [34.377477, -84.240073], [34.377477, -84.240094], [34.377473, -84.240122], [34.377464, -84.240134]]}, "4": {"path": [[34.377978, -84.23877], [34.379707, -84.2365], [34.381302, -84.235793]], "green": [[34.381322, -84.235648], [34.381342, -84.235648], [34.381372, -84.235653], [34.381398, -84.235668], [34.381418, -84.23569], [34.381427, -84.235724], [34.381427, -84.235746], [34.381416, -84.235784], [34.381397, -84.235812], [34.381366, -84.235851], [34.381353, -84.235878], [34.381338, -84.235907], [34.381318, -84.235945], [34.381299, -84.235968], [34.381276, -84.235984], [34.381247, -84.235986], [34.381216, -84.235967], [34.381199, -84.235945], [34.381187, -84.235908], [34.381182, -84.235866], [34.381194, -84.235823], [34.381203, -84.235791], [34.381216, -84.235753], [34.381229, -84.23571], [34.381247, -84.235689], [34.381261, -84.235674], [34.381281, -84.235663], [34.381303, -84.235657], [34.381322, -84.235648]]}, "5": {"path": [[34.381186, -84.235348], [34.379018, -84.235902], [34.378156, -84.237326]], "green": [[34.378244, -84.237409], [34.378222, -84.237422], [34.378197, -84.237433], [34.378167, -84.237443], [34.378149, -84.237447], [34.378125, -84.237447], [34.378104, -84.23745], [34.378077, -84.237442], [34.37806, -84.237433], [34.378037, -84.237419], [34.378014, -84.237392], [34.378003, -84.237379], [34.377995, -84.237364], [34.37799, -84.237341], [34.377996, -84.237307], [34.378003, -84.237291], [34.378011, -84.237265], [34.378038, -84.237243], [34.378061, -84.237233], [34.378096, -84.237239], [34.378128, -84.237228], [34.378147, -84.237225], [34.378171, -84.237216], [34.378194, -84.237199], [34.378219, -84.237191], [34.378247, -84.237188], [34.378271, -84.237198], [34.378301, -84.237215], [34.378315, -84.237245], [34.378322, -84.23727], [34.378317, -84.2373], [34.378313, -84.237331], [34.378301, -84.237358], [34.378289, -84.237376], [34.378262, -84.237401], [34.378244, -84.237409]]}, "6": {"path": [[34.377245, -84.235657], [34.376332, -84.234808]], "green": [[34.376312, -84.23498], [34.37629, -84.234949], [34.37627, -84.234905], [34.376246, -84.234854], [34.37623, -84.234804], [34.376226, -84.23476], [34.376227, -84.234713], [34.376247, -84.234658], [34.376271, -84.234634], [34.376304, -84.234622], [34.376327, -84.234619], [34.376343, -84.23462], [34.376371, -84.234645], [34.376387, -84.234674], [34.376401, -84.234704], [34.376402, -84.234748], [34.376405, -84.23479], [34.376407, -84.234832], [34.37641, -84.234872], [34.376414, -84.234913], [34.37641, -84.234947], [34.376391, -84.234977], [34.376369, -84.234999], [34.376335, -84.234996], [34.376312, -84.23498]]}, "7": {"path": [[34.375473, -84.231711], [34.373543, -84.233397], [34.372347, -84.234234]], "green": [[34.372408, -84.234101], [34.372405, -84.234146], [34.372406, -84.234181], [34.372413, -84.234219], [34.372444, -84.234319], [34.372446, -84.234359], [34.372438, -84.234389], [34.372418, -84.234409], [34.3724, -84.234417], [34.372385, -84.234422], [34.372335, -84.23443], [34.372302, -84.234413], [34.372277, -84.234391], [34.372265, -84.234367], [34.372259, -84.234324], [34.372262, -84.234283], [34.372265, -84.234264], [34.372265, -84.234215], [34.372265, -84.234175], [34.37227, -84.234136], [34.372278, -84.234103], [34.372297, -84.234086], [34.372316, -84.234067], [34.372337, -84.234056], [34.372361, -84.234049], [34.372383, -84.234054], [34.372399, -84.23407], [34.372408, -84.234101]]}, "8": {"path": [[34.371229, -84.235015], [34.367432, -84.23781]], "green": [[34.36756, -84.237829], [34.367559, -84.237806], [34.367554, -84.237773], [34.367536, -84.237748], [34.367511, -84.237734], [34.367492, -84.237737], [34.367462, -84.237735], [34.367439, -84.23773], [34.367417, -84.237724], [34.367398, -84.237718], [34.367359, -84.237718], [34.367338, -84.237728], [34.367322, -84.237742], [34.367312, -84.237754], [34.3673, -84.237772], [34.367295, -84.237793], [34.367301, -84.237813], [34.367312, -84.237831], [34.367329, -84.237846], [34.367355, -84.237853], [34.367372, -84.237859], [34.367388, -84.237868], [34.36741, -84.237877], [34.367425, -84.237881], [34.367446, -84.237891], [34.367461, -84.2379], [34.367478, -84.237903], [34.367504, -84.237904], [34.367531, -84.237892], [34.367545, -84.23787], [34.367556, -84.237851], [34.36756, -84.237829]]}, "9": {"path": [[34.368186, -84.23901], [34.3701, -84.237902], [34.371056, -84.238072]], "green": [[34.371137, -84.238187], [34.371148, -84.238158], [34.371159, -84.238118], [34.371152, -84.23808], [34.37114, -84.238041], [34.37113, -84.238022], [34.371115, -84.237989], [34.371094, -84.237955], [34.37107, -84.237937], [34.371047, -84.237917], [34.371026, -84.23791], [34.371001, -84.23791], [34.370981, -84.237927], [34.370965, -84.237946], [34.370945, -84.237972], [34.370945, -84.238005], [34.370956, -84.238039], [34.370965, -84.238061], [34.37098, -84.238091], [34.371001, -84.238127], [34.371015, -84.238158], [34.371022, -84.238187], [34.37104, -84.238213], [34.371062, -84.238224], [34.371092, -84.238222], [34.371113, -84.238216], [34.371126, -84.238207], [34.371137, -84.238187]]},