{"holes": {"1": {"path": [[33.47788, -83.203655], [33.476313, -83.201537], [33.475379, -83.200636]], "green": [[33.475485, -83.200757], [33.475463, -83.200754], [33.475439, -83.200748], [33.475417, -83.200738], [33.475387, -83.200723], [33.475363, -83.200712], [33.475342, -83.200707], [33.475307, -83.200698], [33.475283, -83.20069], [33.475265, -83.200675], [33.475253, -83.200655], [33.475243, -83.200633], [33.475237, -83.20061], [33.475237, -83.200583], [33.475243, -83.200557], [33.475254, -83.200536], [33.475269, -83.200517], [33.475294, -83.200503], [33.475319, -83.200497], [33.475352, -83.200496], [33.475385, -83.200504], [33.475405, -83.200512], [33.475423, -83.200527], [33.475459, -83.200558], [33.475497, -83.200591], [33.475527, -83.200628], [33.475541, -83.200665], [33.475537, -83.2007], [33.475526, -83.200727], [33.475508, -83.200749], [33.475485, -83.200757]]}, "2": {"path": [[33.474942, -83.199823], [33.474323, -83.197534]], "green": [[33.474356, -83.197444], [33.474312, -83.197416], [33.474276, -83.197401], [33.474249, -83.197397], [33.474218, -83.197405], [33.4742, -83.197419], [33.474184, -83.197448], [33.474176, -83.197487], [33.474174, -83.197521], [33.47418, -83.19754], [33.474193, -83.197551], [33.474213, -83.197567], [33.474251, -83.197583], [33.474272, -83.197598], [33.474303, -83.197623], [33.474337, -83.197644], [33.474369, -83.197663], [33.474396, -83.197668], [33.474418, -83.197665], [33.474448, -83.197649], [33.474466, -83.197633], [33.474479, -83.197608], [33.474479, -83.197576], [33.474472, -83.197542], [33.47445, -83.197506], [33.474422, -83.197482], [33.474391, -83.197459], [33.474356, -83.197444]]}, "3": {"path": [[33.474946, -83.197072], [33.476759, -83.196548], [33.477609, -83.195455]], "green": [[33.477537, -83.195377], [33.477564, -83.195353], [33.477588, -83.195336], [33.477622, -83.195321], [33.47765, -83.195318], [33.477675, -83.195321], [33.477695, -83.195327], [33.477709, -83.195346], [33.477718, -83.195369], [33.477721, -83.19539], [33.477716, -83.195415], [33.477705, -83.195442], [33.477692, -83.195459], [33.47768, -83.195477], [33.477667, -83.195498], [33.477656, -83.195524], [33.477642, -83.195546], [33.477635, -83.19556], [33.477619, -83.195577], [33.4776, -83.195588], [33.477572, -83.195599], [33.477545, -83.195599], [33.477523, -83.195592], [33.477501, -83.195571], [33.477489, -83.195543], [33.477491, -83.195506], [33.477496, -83.195474], [33.477505, -83.195439], [33.477522, -83.195401], [33.477537, -83.195377]]}, "4": {"path": [[33.478581, -83.19498], [33.477423, -83.193419], [33.476231, -83.1927], [33.47541, -83.192382]], "green": [[33.475322, -83.192321], [33.47534, -83.192314], [33.475364, -83.1923], [33.475392, -83.192287], [33.475431, -83.192267], [33.475456, -83.192258], [33.475477, -83.192258], [33.475495, -83.192263], [33.475508, -83.192272], [33.475526, -83.192296], [33.47554, -83.19232], [33.475546, -83.192339], [33.475549, -83.192363], [33.475542, -83.192384], [33.475535, -83.192406], [33.475524, -83.192423], [33.475512, -83.192437], [33.4755, -83.192447], [33.475482, -83.192456], [33.47546, -83.192466], [33.475441, -83.192474], [33.475419, -83.192481], [33.475402, -83.192485], [33.47538, -83.192487], [33.475357, -83.192485], [33.475342, -83.192481], [33.475316, -83.192474], [33.4753, -83.192461], [33.475288, -83.192449], [33.475277, -83.192433], [33.47527, -83.192415], [33.475269, -83.192391], [33.475275, -83.192367], [33.475284, -83.192351], [33.475301, -83.192335], [33.475322, -83.192321]]}, "5": {"path": [[33.474541, -83.192779], [33.472434, -83.193433], [33.470791, -83.193067]], "green": [[33.470675, -83.192983], [33.4707, -83.192966], [33.470724, -83.192954], [33.470761, -83.192943], [33.470795, -83.192943], [33.470821, -83.192952], [33.470849, -83.19296], [33.470878, -83.192972], [33.470894, -83.192984], [33.470911, -83.192996], [33.47093, -83.193015], [33.470937, -83.193038], [33.470942, -83.193059], [33.470942, -83.193084], [33.470941, -83.193107], [33.470927, -83.193138], [33.470912, -83.193159], [33.470887, -83.193175], [33.470865, -83.193186], [33.47084, -83.193195], [33.470822, -83.193195], [33.470806, -83.193191], [33.470774, -83.193181], [33.470731, -83.193166], [33.470693, -83.193153], [33.470665, -83.193141], [33.470645, -83.193129], [33.470632, -83.193107], [33.470624, -83.193079], [33.470624, -83.193053], [33.470637, -83.193021], [33.470655, -83.193], [33.470675, -83.192983]]}, "6": {"path": [[33.470508, -83.19388], [33.471262, -83.19508]], "green": [[33.471159, -83.194983], [33.471157, -83.195011], [33.471162, -83.195041], [33.471166, -83.195064], [33.471173, -83.195095], [33.47118, -83.195127], [33.471187, -83.195139], [33.471196, -83.195152], [33.471209, -83.195162], [33.471229, -83.195165], [33.471252, -83.195168], [33.471272, -83.195173], [33.471291, -83.19518], [33.47131, -83.195192], [33.471323, -83.195203], [33.471337, -83.195206], [33.471349, -83.195204], [33.471358, -83.195195], [33.471367, -83.195181], [33.471372, -83.195165], [33.471372, -83.195144], [33.471371, -83.195113], [33.471366, -83.195092], [33.471359, -83.195066], [33.471347, -83.195041], [33.47133, -83.19502], [33.471316, -83.195005], [33.471296, -83.194989], [33.471266, -83.194963], [33.471243, -83.194946], [33.471221, -83.194936], [33.471204, -83.194935], [33.471187, -83.194938], [33.471173, -83.194949], [33.471166, -83.194959], [33.471159, -83.194983]]}, "7": {"path": [[33.47185, -83.195865], [33.471388, -83.198014], [33.470702, -83.198504]], "green": [[33.470573, -83.198491], [33.470594, -83.198473], [33.470617, -83.198456], [33.470636, -83.198441], [33.470659, -83.198425], [33.470682, -83.198405], [33.470701, -83.198387], [33.470723, -83.198369], [33.470746, -83.198356], [33.470768, -83.198355], [33.470787, -83.198358], [33.470804, -83.198367], [33.470819, -83.198383], [33.470825, -83.198394], [33.470828, -83.198404], [33.47083, -83.198428], [33.470827, -83.198454], [33.470822, -83.198478], [33.470817, -83.198503], [33.47081, -83.198529], [33.470798, -83.19856], [33.470783, -83.19859], [33.470769, -83.198606], [33.470753, -83.198622], [33.470736, -83.198636], [33.47072, -83.198645], [33.470697, -83.198653], [33.470678, -83.198652], [33.470657, -83.198645], [33.470625, -83.198628], [33.470603, -83.198616], [33.470584, -83.198602], [33.470575, -83.198592], [33.47056, -83.198568], [33.470557, -83.198546], [33.47056, -83.198526], [33.470563, -83.198507], [33.470573, -83.198491]]}, "8": {"path": [[33.470345, -83.199182], [33.472504, -83.199733], [33.473779, -83.200632], [33.47411, -83.20111]], "green": [[33.474057, -83.200958], [33.474084, -83.200952], [33.474112, -83.200958], [33.474136, -83.200971], [33.474153, -83.200985], [33.474168, -83.201007], [33.474177, -83.201033], [33.474183, -83.201064], [33.474187, -83.201099], [33.474188, -83.20113], [33.474191, -83.201156], [33.474193, -83.201177], [33.474194, -83.201201], [33.474191, -83.201223], [33.47418, -83.201245], [33.474166, -83.201262], [33.474153, -83.201274], [33.474138, -83.20128], [33.474121, -83.201279], [33.474103, -83.20127], [33.474091, -83.201246], [33.47408, -83.201223], [33.474063, -83.201173], [33.47405, -83.201139], [33.474033, -83.20111], [33.474014, -83.201091], [33.474004, -83.201059], [33.474, -83.201034], [33.474001, -83.201012], [33.474009, -83.20099], [33.47403, -83.200969], [33.474057, -83.200958]]}, "9": {"path": [[33.475012, -83.20092], [33.476545, -83.202963], [33.477359, -83.203592]],