{"holes": {"1": {"path": [[34.107924, -83.825845], [34.105821, -83.826338], [34.104836, -83.826175]], "green": [[34.104713, -83.826256], [34.104714, -83.826275], [34.104727, -83.826293], [34.104741, -83.826301], [34.104767, -83.826305], [34.104807, -83.826281], [34.10486, -83.826241], [34.104903, -83.826222], [34.104955, -83.826206], [34.104976, -83.826192], [34.104996, -83.826154], [34.104994, -83.826117], [34.104981, -83.826092], [34.104945, -83.826076], [34.104882, -83.826052], [34.104842, -83.826026], [34.104803, -83.82602], [34.104755, -83.826054], [34.104739, -83.826087], [34.104734, -83.82616], [34.104713, -83.826256]]}, "2": {"path": [[34.104911, -83.831957], [34.106302, -83.830415], [34.106939, -83.829104]], "green": [[34.101102, -83.825193], [34.101102, -83.825221], [34.101105, -83.825234], [34.101114, -83.825249], [34.101122, -83.82526], [34.101134, -83.825263], [34.101151, -83.825262], [34.101175, -83.825245], [34.101207, -83.825234], [34.101272, -83.825233], [34.101315, -83.825224], [34.101336, -83.825193], [34.101342, -83.825167], [34.101343, -83.825131], [34.101331, -83.8251], [34.101306, -83.825075], [34.101282, -83.825074], [34.101226, -83.825073], [34.101179, -83.825051], [34.101135, -83.825019], [34.101112, -83.825017], [34.101087, -83.825023], [34.10108, -83.825034], [34.101072, -83.825063], [34.101071, -83.825071], [34.101071, -83.825092], [34.101076, -83.825109], [34.101088, -83.825129], [34.101095, -83.82515], [34.101098, -83.825162], [34.101102, -83.825193]]}, "3": {"path": [[34.101053, -83.824562], [34.099092, -83.824943], [34.097931, -83.825798], [34.097039, -83.825433]], "green": [[34.097057, -83.825556], [34.097078, -83.825563], [34.097096, -83.825563], [34.097118, -83.825547], [34.097137, -83.825502], [34.097138, -83.82549], [34.097133, -83.825467], [34.097121, -83.825407], [34.09712, -83.825364], [34.097121, -83.825338], [34.097109, -83.825301], [34.097104, -83.825294], [34.097084, -83.825284], [34.097044, -83.825288], [34.096989, -83.825308], [34.096919, -83.82535], [34.09691, -83.825378], [34.096906, -83.825396], [34.096912, -83.825418], [34.096924, -83.825432], [34.096941, -83.825454], [34.096965, -83.825474], [34.096988, -83.825489], [34.097012, -83.825512], [34.097024, -83.825526], [34.097057, -83.825556]]}, "4": {"path": [[34.095617, -83.824869], [34.093426, -83.828]], "green": [[34.093353, -83.82812], [34.093353, -83.828144], [34.093356, -83.828163], [34.093373, -83.828182], [34.093398, -83.82819], [34.093446, -83.828184], [34.093503, -83.82815], [34.093529, -83.82812], [34.09354, -83.82809], [34.093541, -83.828058], [34.093536, -83.828037], [34.093523, -83.827999], [34.093514, -83.82797], [34.093511, -83.827949], [34.093512, -83.827877], [34.093512, -83.82786], [34.093509, -83.827837], [34.0935, -83.827824], [34.093483, -83.827816], [34.093455, -83.827809], [34.093443, -83.827809], [34.093415, -83.827831], [34.09337, -83.827869], [34.093341, -83.827888], [34.093322, -83.827922], [34.09332, -83.827957], [34.093325, -83.827986], [34.093335, -83.828007], [34.093342, -83.828022], [34.093345, -83.828037], [34.093348, -83.828065], [34.09335, -83.828095], [34.093353, -83.82812]]}, "5": {"path": [[34.093887, -83.82869], [34.096098, -83.825261]], "green": [[34.096041, -83.825315], [34.096041, -83.82536], [34.096054, -83.825414], [34.096069, -83.825443], [34.096089, -83.825459], [34.096107, -83.825461], [34.096134, -83.825458], [34.09616, -83.825452], [34.096185, -83.82543], [34.096194, -83.825399], [34.096195, -83.825348], [34.096195, -83.825285], [34.096203, -83.825237], [34.096207, -83.82521], [34.096205, -83.825163], [34.096199, -83.825129], [34.096185, -83.825108], [34.096169, -83.825098], [34.096144, -83.825098], [34.096109, -83.825108], [34.096077, -83.825121], [34.096041, -83.825127], [34.096026, -83.825127], [34.096009, -83.825128], [34.095992, -83.82514], [34.095987, -83.825166], [34.095992, -83.825205], [34.096007, -83.825242], [34.096019, -83.825258], [34.096031, -83.825277], [34.096033, -83.825286], [34.096041, -83.825315]]}, "7": {"path": [[34.099314, -83.827456], [34.100165, -83.829616], [34.10116, -83.830934]], "green": [[34.101023, -83.830972], [34.101031, -83.830993], [34.101041, -83.831008], [34.101069, -83.831014], [34.101127, -83.831013], [34.101146, -83.831015], [34.10117, -83.831035], [34.101207, -83.831083], [34.10123, -83.83111], [34.101243, -83.83112], [34.101266, -83.831113], [34.101278, -83.831091], [34.10128, -83.831066], [34.10128, -83.831037], [34.10128, -83.830997], [34.101276, -83.830965], [34.101281, -83.830929], [34.101284, -83.8309], [34.101278, -83.830889], [34.101264, -83.830876], [34.101238, -83.830874], [34.10121, -83.830873], [34.101181, -83.830864], [34.101155, -83.830853], [34.101131, -83.830817], [34.101119, -83.830792], [34.101108, -83.830778], [34.101089, -83.830772], [34.101073, -83.830766], [34.101064, -83.830766], [34.101051, -83.830774], [34.101036, -83.830809], [34.101036, -83.830844], [34.101035, -83.830903], [34.101023, -83.830972]]}, "8": {"path": [[34.101112, -83.831523], [34.102085, -83.833033]], "green": [[34.10206, -83.833197], [34.102123, -83.833206], [34.102155, -83.833206], [34.102178, -83.833186], [34.10218, -83.833174], [34.102179, -83.83315], [34.102167, -83.833117], [34.102161, -83.833076], [34.102165, -83.833027], [34.102195, -83.832963], [34.102211, -83.832938], [34.102217, -83.832922], [34.102217, -83.832887], [34.102188, -83.832854], [34.102136, -83.832836], [34.102088, -83.832828], [34.102061, -83.83282], [34.102044, -83.83282], [34.102012, -83.832834], [34.102005, -83.832858], [34.102005, -83.832913], [34.102013, -83.83296], [34.102021, -83.832988], [34.102018, -83.833021], [34.102003, -83.833057], [34.101991, -83.83309], [34.101981, -83.833123], [34.101978, -83.833135], [34.101978, -83.833154], [34.101986, -83.833172], [34.101997, -83.833181], [34.102016, -83.833188], [34.10206, -83.833197]]}, "9": {"path": [[34.102683, -83.832754], [34.102936, -83.827911], [34.103261, -83.82723]], "green": [[34.103186, -83.827213], [34.103184, -83.827286], [34.103184, -83.827328], [34.10319, -83.827351], [34.103223, -83.827386], [34.103241, -83.827394], [34.103265, -83.827392], [34.103285, -83.827381], [34.103307, -83.82734], [34.103322, -83.827296], [34.103337, -83.827261], [34.103355, -83.827236], [34.103375, -83.827197], [34.103377, -83.827187], [34.103371, -83.827163], [34.10335, -83.827139], [34.103283, -83.827122], [34.103271, -83.827119], [34.103244, -83.8271], [34.103229, -83.827099], [34.103209, -83.827103], [34.103189, -83.827124], [34.103184, -83.827153], [34.103184, -83.827178], [34.103186, -83.827213]]}, "10": {"path": [[34.102221, -83.82722], [34.101911, -83.829704], [34.102071, -83.83114]], "green": [[34.102027, -83.831231], [34.102034, -83.831251], [34.102043, -83.831266], [34.102057, -83.831279], [34.102076, -83.831287], [34.102106, -83.831282], [34.102148, -83.831247], [34.102187, -83.831217], [34.102217, -83.831195], [34.102225, -83.831168], [34.102221, -83.831149], [34.102205, -83.831131], [34.102174, -83.831115], [34.102145, -83.831092], [34.102102, -83.831046], [34.10204, -83.830955], [34.102018, -83.830952], [34.101986, -83.83097], [34.101978, -83.831006], [34.101976, -83.831016], [34.101975, -83.831041], [34.101978, -83.83106], [34.101992, -83.831095], [34.102005, -83.831121], [34.10201, -83.83114], [34.102018, -83.831169], [34.102024, -83.8312], [34.102027, -83.831231]]}, "11": {"path": [[34.092156, -83.852544], [34.094052, -83.851981], [34.095371, -83.852048]],