{"holes": {"1": {"path": [[21.330112, -158.033992], [21.332798, -158.034783], [21.334118, -158.035672]], "green": [[21.334179, -158.035784], [21.334134, -158.035806], [21.334065, -158.035778], [21.334021, -158.035717], [21.33401, -158.035618], [21.33403, -158.035526], [21.33408, -158.035482], [21.334137, -158.035541], [21.334174, -158.035597], [21.334206, -158.035689], [21.334198, -158.03574], [21.334179, -158.035784]]}, "2": {"path": [[21.333577, -158.037038], [21.334672, -158.036742]], "green": [[21.334775, -158.03686], [21.334724, -158.036888], [21.334666, -158.036867], [21.334601, -158.036823], [21.334557, -158.036781], [21.334525, -158.036743], [21.334526, -158.036685], [21.334558, -158.036637], [21.334612, -158.036625], [21.334642, -158.036605], [21.334674, -158.03661], [21.334706, -158.036634], [21.334714, -158.036668], [21.334728, -158.036712], [21.334755, -158.036757], [21.334783, -158.036776], [21.334784, -158.036822], [21.334775, -158.03686]]}, "4": {"path": [[21.33401, -158.033529], [21.335932, -158.031115]], "green": [[21.336025, -158.031127], [21.335989, -158.031189], [21.335929, -158.031221], [21.335858, -158.031206], [21.335819, -158.031168], [21.335802, -158.03111], [21.335835, -158.031058], [21.335895, -158.03103], [21.335956, -158.031026], [21.336013, -158.031042], [21.336034, -158.031076], [21.336025, -158.031127]]}, "5": {"path": [[21.336721, -158.030065], [21.337919, -158.027994], [21.338774, -158.026045]], "green": [[21.338847, -158.026074], [21.338829, -158.026142], [21.338783, -158.026177], [21.338743, -158.026183], [21.3387, -158.026136], [21.338672, -158.026082], [21.338662, -158.025976], [21.338727, -158.025906], [21.338788, -158.025897], [21.338839, -158.025902], [21.33885, -158.025991], [21.338847, -158.026074]]}, "6": {"path": [[21.339293, -158.025465], [21.338529, -158.024968], [21.337913, -158.024906]], "green": [[21.338038, -158.02491], [21.337987, -158.024941], [21.337945, -158.024963], [21.337913, -158.025006], [21.337875, -158.025052], [21.337842, -158.025062], [21.337784, -158.025031], [21.337761, -158.024986], [21.33777, -158.024905], [21.337795, -158.024862], [21.337832, -158.02482], [21.33788, -158.024804], [21.337933, -158.024787], [21.337973, -158.024787], [21.338, -158.024798], [21.338027, -158.024817], [21.338045, -158.02486], [21.338038, -158.02491]]}, "7": {"path": [[21.33811, -158.025652], [21.337299, -158.027519], [21.336304, -158.029409]], "green": [[21.336346, -158.029509], [21.336339, -158.029558], [21.33632, -158.0296], [21.336301, -158.029605], [21.336271, -158.029612], [21.336243, -158.029603], [21.336217, -158.029584], [21.336198, -158.029555], [21.336186, -158.029505], [21.336185, -158.029437], [21.336194, -158.029363], [21.336212, -158.029295], [21.336236, -158.029253], [21.336271, -158.029211], [21.33631, -158.029193], [21.33635, -158.029197], [21.336379, -158.029212], [21.336405, -158.029233], [21.336414, -158.029277], [21.336396, -158.029328], [21.336384, -158.029346], [21.336364, -158.029371], [21.336349, -158.029396], [21.336346, -158.029422], [21.336347, -158.029465], [21.336346, -158.029509]]}, "8": {"path": [[21.335403, -158.030801], [21.334253, -158.031863], [21.333298, -158.033017]], "green": [[21.333384, -158.032947], [21.333377, -158.032995], [21.333341, -158.03305], [21.33331, -158.033081], [21.333275, -158.033112], [21.333249, -158.033138], [21.33321, -158.033153], [21.333179, -158.033131], [21.333187, -158.033062], [21.333219, -158.033005], [21.333274, -158.032938], [21.333325, -158.03289], [21.333369, -158.032891], [21.333383, -158.03292], [21.333384, -158.032947]]}, "9": {"path": [[21.310114, -158.030829], [21.311638, -158.028941], [21.312784, -158.028217]], "green": [[21.330989, -158.033223], [21.330973, -158.033249], [21.33095, -158.03324], [21.330931, -158.033257], [21.330891, -158.033243], [21.330849, -158.033219], [21.330789, -158.033225], [21.330738, -158.033221], [21.330708, -158.033198], [21.330686, -158.033173], [21.33067, -158.033133], [21.330669, -158.033081], [21.330677, -158.033051], [21.330709, -158.033037], [21.330742, -158.033033], [21.33076, -158.033036], [21.330786, -158.033071], [21.33081, -158.033098], [21.330852, -158.033098], [21.330886, -158.033095], [21.330928, -158.033093], [21.330956, -158.033106], [21.330978, -158.03313], [21.330991, -158.033182], [21.330989, -158.033223]]}, "10": {"path": [[21.328864, -158.032625], [21.327307, -158.031705], [21.325521, -158.031308]], "green": [[21.325671, -158.031337], [21.325631, -158.031372], [21.32559, -158.031383], [21.325555, -158.031419], [21.325505, -158.03144], [21.325457, -158.03144], [21.325412, -158.03142], [21.325376, -158.03138], [21.325358, -158.031326], [21.325352, -158.031271], [21.32537, -158.031217], [21.325411, -158.031192], [21.325475, -158.031187], [21.325526, -158.031199], [21.325581, -158.031198], [21.325617, -158.031202], [21.325658, -158.031236], [21.325677, -158.031289], [21.325671, -158.031337]]}, "11": {"path": [[21.324446, -158.031121], [21.325782, -158.030251], [21.326485, -158.029657]], "green": [[21.32658, -158.029642], [21.326554, -158.029693], [21.326526, -158.029729], [21.3265, -158.029766], [21.326472, -158.029764], [21.326437, -158.029755], [21.326419, -158.029743], [21.326402, -158.029725], [21.326395, -158.029707], [21.326397, -158.029682], [21.326406, -158.029643], [21.326425, -158.029585], [21.326456, -158.02954], [21.326501, -158.029529], [21.326537, -158.029537], [21.326563, -158.029557], [21.326579, -158.029594], [21.32658, -158.029642]]}, "12": {"path": [[21.326739, -158.030101], [21.329763, -158.030364]], "green": [[21.329842, -158.030444], [21.329801, -158.030456], [21.329753, -158.030457], [21.329713, -158.030462], [21.32968, -158.030464], [21.329658, -158.030456], [21.329641, -158.030438], [21.329636, -158.030419], [21.329648, -158.030391], [21.329658, -158.030359], [21.329668, -158.03035], [21.329697, -158.030333], [21.32972, -158.030323], [21.329739, -158.03029], [21.329748, -158.030253], [21.329767, -158.030234], [21.329791, -158.030231], [21.329824, -158.030242], [21.329856, -158.030261], [21.32988, -158.030286], [21.329889, -158.030327], [21.32988, -158.030363], [21.32987, -158.030392], [21.329866, -158.030425], [21.329842, -158.030444]]}, "14": {"path": [[21.331073, -158.029312], [21.32797, -158.029405], [21.325814, -158.028754]], "green": [[21.325893, -158.028801], [21.32588, -158.028848], [21.325845, -158.028868], [21.325805, -158.028845], [21.325767, -158.02882], [21.325735, -158.028783], [21.32573, -158.028726], [21.325741, -158.028658], [21.325763, -158.028616], [21.325804, -158.028619], [21.325852, -158.028668], [21.325878, -158.028744], [21.325893, -158.028801]]}, "15": {"path": [[21.325917, -158.029391], [21.324289, -158.03044]], "green": [[21.324377, -158.030392], [21.324372, -158.030426], [21.324375, -158.030455], [21.324354, -158.03048], [21.324345, -158.030502], [21.324323, -158.03053], [21.324285, -158.030547], [21.324259, -158.030566], [21.324225, -158.030561], [21.324205, -158.030541], [21.32419, -158.030517], [21.324178, -158.030489], [21.324178, -158.030438], [21.324196, -158.030389], [21.324228, -158.030348], [21.324269, -158.030307], [21.324318, -158.030288], [21.324347, -158.030297], [21.324375, -158.030345], [21.324377, -158.030392]]}, "18": {"path": [[21.324889, -158.032092], [21.327411, -158.032727], [21.329126, -158.033463]], "green": [[21.329256, -158.033498], [21.329249, -158.033544], [21.329214, -158.033574], [21.329155, -158.033581], [21.329103, -158.033558], [21.329066, -158.033524], [21.329017, -158.033495], [21.328991, -158.033456], [21.328992, -158.03341], [21.329016, -158.033345], [21.329037, -158.03332], [21.329077, -158.033325], [21.329146, -158.033379], [21.329203, -158.033432], [21.329244, -158.033469], [21.329256, -158.033498]]}}}