{"holes": {"1": {"path": [[36.867782, -76.005327], [36.866172, -76.004059], [36.865004, -76.004031]], "green": [[36.864887, -76.00407], [36.864888, -76.00404], [36.864893, -76.004004], [36.8649, -76.003964], [36.86491, -76.003935], [36.864924, -76.003916], [36.864945, -76.003904], [36.864977, -76.003895], [36.865002, -76.003887], [36.865028, -76.003877], [36.865053, -76.003865], [36.86507, -76.003862], [36.865086, -76.003864], [36.865096, -76.003877], [36.865098, -76.003898], [36.865098, -76.003931], [36.865099, -76.003959], [36.865105, -76.003984], [36.865115, -76.004004], [36.865124, -76.004034], [36.865128, -76.004055], [36.865126, -76.004077], [36.865116, -76.004097], [36.865107, -76.004102], [36.865088, -76.004107], [36.865066, -76.004108], [36.865045, -76.004115], [36.865026, -76.004125], [36.865002, -76.004137], [36.864983, -76.004148], [36.864969, -76.004157], [36.864954, -76.004168], [36.864939, -76.004173], [36.864925, -76.004173], [36.864912, -76.004166], [36.8649, -76.004153], [36.864892, -76.004136], [36.86489, -76.004109], [36.864888, -76.004085], [36.864887, -76.00407]]}, "2": {"path": [[36.86452, -76.00418], [36.864123, -76.001876], [36.863192, -76.001614]], "green": [[36.863107, -76.0017], [36.8631, -76.001674], [36.863093, -76.001638], [36.863084, -76.001594], [36.863075, -76.001548], [36.863075, -76.001516], [36.863086, -76.001487], [36.8631, -76.001474], [36.863122, -76.001468], [36.863147, -76.001471], [36.863174, -76.001472], [36.8632, -76.001466], [36.863224, -76.001459], [36.863245, -76.001459], [36.863264, -76.001465], [36.863275, -76.001481], [36.863282, -76.001513], [36.86328, -76.001537], [36.863282, -76.00158], [36.863285, -76.001609], [36.863293, -76.001638], [36.8633, -76.001676], [36.863298, -76.001716], [36.86329, -76.00174], [36.863278, -76.001752], [36.863261, -76.001755], [36.863242, -76.001751], [36.863225, -76.001744], [36.863202, -76.001742], [36.863179, -76.001743], [36.863156, -76.001745], [36.86314, -76.001739], [36.863127, -76.001729], [36.863114, -76.001715], [36.863107, -76.0017]]}, "3": {"path": [[36.862991, -76.00173], [36.86401, -76.003043]], "green": [[36.863935, -76.003219], [36.86393, -76.003205], [36.863929, -76.003176], [36.863932, -76.003147], [36.863938, -76.003111], [36.86394, -76.003078], [36.863938, -76.003039], [36.863932, -76.003006], [36.863928, -76.002974], [36.863926, -76.002947], [36.863932, -76.002928], [36.863942, -76.002913], [36.863956, -76.002904], [36.863971, -76.002891], [36.863981, -76.002878], [36.86399, -76.002859], [36.863999, -76.002841], [36.864007, -76.00283], [36.864021, -76.002828], [36.864031, -76.002838], [36.86404, -76.002859], [36.864043, -76.00288], [36.864052, -76.002904], [36.864064, -76.002927], [36.864076, -76.002949], [36.864085, -76.002968], [36.864089, -76.002989], [36.864091, -76.003015], [36.864091, -76.003046], [36.864094, -76.003068], [36.864097, -76.003096], [36.864102, -76.00311], [36.864103, -76.003134], [36.864102, -76.003161], [36.864093, -76.003187], [36.864083, -76.003202], [36.864069, -76.00321], [36.864045, -76.00322], [36.864029, -76.003223], [36.864006, -76.003227], [36.863988, -76.003229], [36.863966, -76.003228], [36.863949, -76.003226], [36.863935, -76.003219]]}, "4": {"path": [[36.863523, -76.002989], [36.861312, -76.001904], [36.859962, -76.0016]], "green": [[36.85987, -76.001621], [36.859863, -76.001603], [36.859856, -76.001572], [36.859856, -76.001546], [36.859864, -76.00152], [36.859876, -76.001497], [36.859893, -76.001479], [36.859915, -76.001468], [36.859938, -76.001466], [36.85996, -76.001472], [36.859979, -76.001487], [36.860002, -76.001511], [36.860026, -76.001529], [36.860052, -76.001542], [36.860072, -76.001561], [36.860084, -76.001585], [36.860087, -76.001613], [36.860085, -76.00164], [36.860073, -76.001667], [36.860059, -76.001689], [36.860043, -76.001705], [36.860021, -76.001717], [36.860005, -76.00172], [36.859982, -76.001719], [36.859962, -76.001712], [36.85994, -76.001701], [36.859919, -76.001687], [36.8599, -76.001671], [36.859889, -76.001655], [36.859878, -76.001637], [36.85987, -76.001621]]}, "6": {"path": [[36.859977, -75.99944], [36.8576, -75.999388], [36.857117, -75.997858]], "green": [[36.857008, -75.997844], [36.856985, -75.997823], [36.85696, -75.9978], [36.856946, -75.997774], [36.856943, -75.997743], [36.856955, -75.997714], [36.856975, -75.997698], [36.856997, -75.997698], [36.857023, -75.997711], [36.857044, -75.997724], [36.857073, -75.997742], [36.8571, -75.997754], [36.857131, -75.997762], [36.85717, -75.997767], [36.857205, -75.997777], [36.857231, -75.997791], [36.857252, -75.997809], [36.857272, -75.997837], [36.857279, -75.997865], [36.857282, -75.997894], [36.857281, -75.997925], [36.857275, -75.997941], [36.85726, -75.997952], [36.857241, -75.997954], [36.857216, -75.997958], [36.857199, -75.997964], [36.857182, -75.997976], [36.857162, -75.997997], [36.857144, -75.998013], [36.857129, -75.998023], [36.857114, -75.998019], [36.857099, -75.997994], [36.857092, -75.997958], [36.857082, -75.997925], [36.857064, -75.997898], [36.857048, -75.997881], [36.857028, -75.997863], [36.857008, -75.997844]]}, "7": {"path": [[36.856334, -75.997736], [36.857866, -75.995188], [36.858058, -75.994307]], "green": [[36.857967, -75.994407], [36.857952, -75.994406], [36.857944, -75.9944], [36.857942, -75.994391], [36.85795, -75.994362], [36.857962, -75.994314], [36.857971, -75.994264], [36.857981, -75.994208], [36.857996, -75.994166], [36.858012, -75.994143], [36.858036, -75.994135], [36.858069, -75.994133], [36.858109, -75.994139], [36.85814, -75.994146], [36.85817, -75.994163], [36.858189, -75.994188], [36.858198, -75.994221], [36.858199, -75.994254], [36.858194, -75.994282], [36.858173, -75.994314], [36.858149, -75.994337], [36.85813, -75.994362], [36.858115, -75.994388], [36.858099, -75.994422], [36.85808, -75.994445], [36.858058, -75.994449], [36.858034, -75.994433], [36.858022, -75.994423], [36.857999, -75.994413], [36.857982, -75.994407], [36.857967, -75.994407]]}, "8": {"path": [[36.858404, -75.994019], [36.858397, -75.995517]], "green": [[36.858273, -75.995588], [36.858269, -75.995563], [36.858275, -75.995536], [36.858287, -75.995515], [36.858306, -75.995495], [36.858328, -75.995471], [36.85835, -75.995447], [36.858368, -75.995423], [36.858392, -75.995396], [36.858405, -75.995383], [36.858424, -75.995382], [36.858453, -75.995384], [36.85849, -75.995388], [36.85851, -75.995391], [36.858522, -75.995405], [36.858524, -75.995427], [36.85852, -75.99546], [36.858512, -75.995492], [36.858501, -75.995525], [36.858492, -75.995551], [36.858481, -75.995579], [36.858465, -75.995607], [36.858448, -75.995625], [36.858429, -75.995639], [36.858404, -75.995642], [36.858373, -75.99564], [36.858342, -75.995636], [36.858313, -75.995628], [36.85829, -75.995615], [36.85828, -75.995603], [36.858273, -75.995588]]}, "9": {"path": [[36.858642, -75.996115], [36.858557, -75.993402], [36.858083, -75.992278]], "green": [[36.858006, -75.992366], [36.858008, -75.992346], [36.85801, -75.992321], [36.85801, -75.992299], [36.858008, -75.99228], [36.858006, -75.992262], [36.858005, -75.992239], [36.858004, -75.992215], [36.858009, -75.992184], [36.858021, -75.99216], [36.858038, -75.992145], [36.858056, -75.992134], [36.858076, -75.992124], [36.858095, -75.99211], [36.858111, -75.992097], [36.858129, -75.992086], [36.858139, -75.992087], [36.858158, -75.992095], [36.858169, -75.992116], [36.858177, -75.992137], [36.85818, -75.992163], [36.858179, -75.992196], [36.858173, -75.992219], [36.858168, -75.992247], [36.858167, -75.992271], [36.858166, -75.992296], [36.858166, -75.99232], [36.858161, -75.992353], [36.858152, -75.99237], [36.858138, -75.992382], [36.858124, -75.99239], [36.858106, -75.992401], [36.858094, -75.992413], [36.858083, -75.992425], [36.858069, -75.992442], [36.858053, -75.992453], [36.858034, -75.992457], [36.858019, -75.992451], [36.858007, -75.992438], [36.858002, -75.992418], [36.858004, -75.992396], [36.858006, -75.992366]]},