{"holes": {"2": {"path": [[38.773273, -77.634702], [38.775102, -77.635923], [38.776435, -77.636381]], "green": [[38.776486, -77.636472], [38.776507, -77.63644], [38.776532, -77.636409], [38.776564, -77.63638], [38.776584, -77.636358], [38.776601, -77.636338], [38.776602, -77.636305], [38.776594, -77.636282], [38.776575, -77.636255], [38.776541, -77.636243], [38.776509, -77.636248], [38.776477, -77.636258], [38.776455, -77.636275], [38.776426, -77.636276], [38.776404, -77.636266], [38.776379, -77.636254], [38.776344, -77.636246], [38.776322, -77.636246], [38.776297, -77.636262], [38.77628, -77.636294], [38.776274, -77.636337], [38.776284, -77.636368], [38.776308, -77.636408], [38.776326, -77.636447], [38.776332, -77.636479], [38.776341, -77.636519], [38.776355, -77.636547], [38.776378, -77.636566], [38.776414, -77.636576], [38.776436, -77.636563], [38.776452, -77.636545], [38.776461, -77.636517], [38.776476, -77.636487], [38.776486, -77.636472]]}, "3": {"path": [[38.777065, -77.636646], [38.77696, -77.633486], [38.775892, -77.632042]], "green": [[38.7758, -77.632196], [38.775815, -77.632196], [38.775829, -77.632189], [38.775845, -77.632169], [38.775861, -77.632149], [38.775873, -77.632129], [38.775894, -77.632118], [38.775913, -77.632113], [38.77595, -77.632102], [38.775979, -77.632106], [38.776007, -77.632106], [38.776043, -77.632096], [38.776067, -77.632074], [38.77608, -77.632037], [38.776086, -77.631995], [38.77608, -77.631963], [38.776057, -77.63194], [38.776029, -77.631928], [38.776003, -77.631928], [38.775973, -77.631931], [38.775943, -77.631921], [38.775924, -77.631905], [38.775901, -77.63188], [38.775876, -77.631861], [38.775847, -77.631861], [38.775821, -77.631869], [38.775801, -77.631892], [38.7758, -77.631931], [38.775788, -77.631975], [38.775775, -77.632014], [38.775754, -77.632047], [38.775746, -77.632078], [38.775746, -77.632121], [38.775753, -77.632155], [38.775767, -77.63218], [38.775786, -77.632193], [38.7758, -77.632196]]}, "4": {"path": [[38.776367, -77.63183], [38.778009, -77.632545]], "green": [[38.777922, -77.632521], [38.77792, -77.632494], [38.77791, -77.632471], [38.7779, -77.632444], [38.777905, -77.632411], [38.777913, -77.632397], [38.777931, -77.632381], [38.777945, -77.63237], [38.777967, -77.632376], [38.777985, -77.632397], [38.778005, -77.632425], [38.778022, -77.632447], [38.778046, -77.632463], [38.778076, -77.632464], [38.778115, -77.63246], [38.778138, -77.63246], [38.778161, -77.632467], [38.778177, -77.632493], [38.778181, -77.632526], [38.778179, -77.63256], [38.778166, -77.632591], [38.778151, -77.632613], [38.778137, -77.632629], [38.778119, -77.632632], [38.778092, -77.632639], [38.778065, -77.63264], [38.778033, -77.632648], [38.778014, -77.632664], [38.777993, -77.632694], [38.777975, -77.632717], [38.777953, -77.632733], [38.777927, -77.632727], [38.777903, -77.632703], [38.777892, -77.632674], [38.777887, -77.632644], [38.777898, -77.632619], [38.777916, -77.632588], [38.777928, -77.632557], [38.777922, -77.632521]]}, "5": {"path": [[38.77755, -77.631605], [38.779651, -77.632429], [38.78098, -77.631668], [38.781876, -77.63153]], "green": [[38.781912, -77.631734], [38.781937, -77.631699], [38.781942, -77.631656], [38.781944, -77.631613], [38.781965, -77.63157], [38.781983, -77.631519], [38.781996, -77.631465], [38.781983, -77.631406], [38.781944, -77.631388], [38.781902, -77.631377], [38.781866, -77.631361], [38.781827, -77.631334], [38.781785, -77.631329], [38.781766, -77.631382], [38.781774, -77.631449], [38.781776, -77.631519], [38.781761, -77.631571], [38.781763, -77.631632], [38.781799, -77.631667], [38.781864, -77.63173], [38.781912, -77.631734]]}, "6": {"path": [[38.780935, -77.632626], [38.783201, -77.631405], [38.78395, -77.630386]], "green": [[38.783987, -77.630495], [38.784013, -77.63048], [38.784039, -77.630475], [38.784057, -77.630475], [38.784078, -77.630467], [38.784094, -77.630437], [38.7841, -77.6304], [38.784092, -77.630358], [38.784073, -77.630326], [38.784046, -77.630302], [38.78402, -77.630294], [38.783992, -77.630277], [38.783963, -77.630257], [38.783944, -77.630232], [38.783919, -77.630209], [38.783902, -77.63019], [38.78387, -77.63018], [38.783838, -77.630195], [38.78382, -77.630244], [38.783824, -77.630298], [38.78384, -77.630364], [38.783848, -77.630395], [38.783851, -77.630433], [38.78385, -77.630471], [38.78385, -77.630512], [38.783865, -77.630545], [38.783882, -77.630554], [38.783903, -77.630552], [38.783931, -77.630533], [38.783958, -77.630511], [38.783987, -77.630495]]}, "7": {"path": [[38.784822, -77.628835], [38.782714, -77.630653], [38.781605, -77.630809]], "green": [[38.781717, -77.630876], [38.781689, -77.6309], [38.781666, -77.630903], [38.781627, -77.630911], [38.781591, -77.630932], [38.781554, -77.630955], [38.781517, -77.630974], [38.781482, -77.630973], [38.781455, -77.630949], [38.781447, -77.630904], [38.781453, -77.630871], [38.781472, -77.630836], [38.781496, -77.630814], [38.781523, -77.630779], [38.781549, -77.630749], [38.781568, -77.630717], [38.781589, -77.630685], [38.781604, -77.630656], [38.781619, -77.630634], [38.781639, -77.630626], [38.781669, -77.630631], [38.781687, -77.630654], [38.781699, -77.630689], [38.781709, -77.630741], [38.781724, -77.630773], [38.781734, -77.630805], [38.781732, -77.630841], [38.781717, -77.630876]]}, "8": {"path": [[38.781204, -77.630262], [38.784722, -77.628546], [38.785226, -77.627705]], "green": [[38.785137, -77.627817], [38.785162, -77.627832], [38.785195, -77.627832], [38.785217, -77.627825], [38.785227, -77.627821], [38.785266, -77.627817], [38.785303, -77.627823], [38.78533, -77.627793], [38.78534, -77.627753], [38.785337, -77.627697], [38.785325, -77.62764], [38.785318, -77.62758], [38.785302, -77.627543], [38.785271, -77.627516], [38.785227, -77.627501], [38.785195, -77.627516], [38.785183, -77.627562], [38.785171, -77.62762], [38.785157, -77.627673], [38.785137, -77.627714], [38.785124, -77.627742], [38.785126, -77.627789], [38.785137, -77.627817]]}, "11": {"path": [[38.783363, -77.628522], [38.781611, -77.628498]], "green": [[38.781697, -77.62866], [38.781678, -77.628681], [38.781644, -77.62869], [38.781613, -77.628671], [38.781585, -77.628647], [38.781561, -77.628615], [38.781551, -77.628577], [38.781531, -77.628541], [38.781503, -77.628515], [38.781476, -77.628492], [38.781453, -77.628449], [38.781457, -77.628406], [38.781473, -77.628359], [38.781501, -77.628338], [38.781539, -77.628336], [38.781582, -77.628336], [38.781614, -77.628311], [38.781648, -77.628294], [38.781686, -77.628315], [38.781713, -77.628357], [38.781722, -77.628394], [38.781697, -77.628449], [38.781685, -77.62849], [38.781685, -77.628528], [38.78171, -77.628585], [38.781713, -77.628617], [38.781707, -77.628631], [38.781697, -77.62866]]}, "14": {"path": [[38.772654, -77.631063], [38.775296, -77.632222], [38.77626, -77.633901], [38.776463, -77.634724]], "green": [[38.776537, -77.634848], [38.77648, -77.634844], [38.776445, -77.634845], [38.776419, -77.634855], [38.77639, -77.634865], [38.776366, -77.634857], [38.776335, -77.634843], [38.776304, -77.634826], [38.776288, -77.634792], [38.776292, -77.634742], [38.776304, -77.634694], [38.776319, -77.634668], [38.776347, -77.634659], [38.776379, -77.634644], [38.776402, -77.634625], [38.776425, -77.634623], [38.776466, -77.634633], [38.776497, -77.634621], [38.776515, -77.63458], [38.776538, -77.634565], [38.776567, -77.634565], [38.776586, -77.634585], [38.776594, -77.634612], [38.776601, -77.634651], [38.7766, -77.634688], [38.776598, -77.634727], [38.7766, -77.634774], [38.776594, -77.634805], [38.776572, -77.634837], [38.776537, -77.634848]]}, "15": {"path": [[38.776528, -77.635532], [38.774268, -77.634365], [38.773344, -77.632914]],