{"holes": {"1": {"path": [[38.779061, -77.229474], [38.778337, -77.225118]], "green": [[38.778308, -77.225237], [38.778323, -77.225242], [38.778331, -77.225244], [38.778339, -77.225243], [38.778356, -77.22524], [38.778365, -77.225237], [38.778377, -77.225231], [38.778389, -77.225221], [38.778396, -77.225211], [38.778406, -77.225195], [38.778411, -77.225176], [38.778413, -77.225161], [38.778414, -77.225142], [38.778412, -77.225123], [38.778405, -77.225088], [38.778393, -77.225027], [38.778387, -77.225012], [38.778381, -77.225], [38.778376, -77.224992], [38.778368, -77.224986], [38.778359, -77.224981], [38.778349, -77.224978], [38.778334, -77.224978], [38.778324, -77.224981], [38.778308, -77.22499], [38.778292, -77.225002], [38.778277, -77.225011], [38.778258, -77.225031], [38.778241, -77.225065], [38.778235, -77.225092], [38.778234, -77.225125], [38.778242, -77.225159], [38.778256, -77.225189], [38.778267, -77.225207], [38.778293, -77.22523], [38.778308, -77.225237]]}, "2": {"path": [[38.778627, -77.224767], [38.77657, -77.223554], [38.775192, -77.221632]], "green": [[38.77522, -77.221769], [38.775229, -77.221768], [38.775239, -77.221765], [38.775249, -77.221753], [38.775262, -77.221735], [38.775268, -77.221716], [38.775269, -77.221693], [38.77527, -77.221658], [38.775269, -77.221612], [38.775268, -77.221578], [38.775261, -77.221543], [38.775253, -77.221521], [38.77524, -77.221493], [38.775219, -77.221473], [38.775203, -77.221465], [38.775183, -77.221461], [38.775161, -77.221462], [38.775137, -77.221471], [38.775117, -77.221483], [38.775099, -77.221509], [38.775088, -77.22154], [38.775085, -77.22157], [38.775089, -77.221631], [38.775098, -77.221667], [38.775116, -77.221701], [38.775132, -77.221727], [38.775148, -77.221746], [38.775165, -77.22176], [38.77519, -77.221768], [38.7752, -77.22177], [38.77522, -77.221769]]}, "3": {"path": [[38.775019, -77.220987], [38.773866, -77.223163], [38.773192, -77.223963]], "green": [[38.773169, -77.223868], [38.773185, -77.223855], [38.773192, -77.223852], [38.773201, -77.223848], [38.773211, -77.223847], [38.773221, -77.223849], [38.773234, -77.223854], [38.773244, -77.223863], [38.773256, -77.223878], [38.773264, -77.223897], [38.773268, -77.22392], [38.77327, -77.223939], [38.77327, -77.223959], [38.773268, -77.223977], [38.773263, -77.223999], [38.773253, -77.224027], [38.77324, -77.224054], [38.773227, -77.224079], [38.773214, -77.224097], [38.773196, -77.224106], [38.773178, -77.224111], [38.773162, -77.224109], [38.773146, -77.224101], [38.773131, -77.22408], [38.77312, -77.22406], [38.77311, -77.224035], [38.773106, -77.224012], [38.773108, -77.223989], [38.773113, -77.223962], [38.773118, -77.223942], [38.773128, -77.223921], [38.773139, -77.2239], [38.773153, -77.22388], [38.773169, -77.223868]]}, "4": {"path": [[38.773185, -77.223196], [38.77388, -77.221501]], "green": [[38.773835, -77.221631], [38.77384, -77.221632], [38.773849, -77.221631], [38.773857, -77.221629], [38.773865, -77.221626], [38.773875, -77.221619], [38.773888, -77.221611], [38.773899, -77.221599], [38.773911, -77.221585], [38.773922, -77.22157], [38.773934, -77.221549], [38.773946, -77.221524], [38.773952, -77.221509], [38.773957, -77.221492], [38.773961, -77.221472], [38.77396, -77.221451], [38.773959, -77.221435], [38.773956, -77.221423], [38.773951, -77.221408], [38.773946, -77.221399], [38.77394, -77.22139], [38.77393, -77.22138], [38.773921, -77.221374], [38.773911, -77.221371], [38.773902, -77.221368], [38.773894, -77.221368], [38.773883, -77.22137], [38.773871, -77.221372], [38.77386, -77.221378], [38.773849, -77.221389], [38.773836, -77.221405], [38.773824, -77.221428], [38.773813, -77.221456], [38.773805, -77.22148], [38.773799, -77.221509], [38.773796, -77.221542], [38.773796, -77.22157], [38.7738, -77.221594], [38.773807, -77.221612], [38.773816, -77.221623], [38.773827, -77.22163], [38.773835, -77.221631]]}, "5": {"path": [[38.773763, -77.220807], [38.773851, -77.218248], [38.773719, -77.217189]], "green": [[38.773656, -77.217302], [38.773662, -77.217316], [38.773671, -77.217328], [38.773685, -77.217336], [38.773701, -77.217339], [38.773721, -77.217339], [38.773742, -77.217336], [38.773757, -77.21733], [38.773767, -77.217321], [38.773775, -77.217307], [38.773783, -77.217284], [38.773788, -77.217256], [38.773792, -77.217226], [38.773796, -77.217199], [38.773797, -77.217168], [38.773796, -77.217138], [38.773792, -77.217106], [38.773787, -77.217077], [38.773782, -77.217055], [38.773771, -77.217038], [38.773758, -77.217028], [38.773741, -77.217021], [38.773715, -77.217022], [38.773696, -77.217023], [38.773676, -77.217027], [38.773664, -77.217031], [38.773655, -77.217046], [38.773645, -77.217077], [38.773639, -77.217113], [38.773637, -77.217161], [38.773638, -77.217216], [38.773642, -77.217262], [38.773648, -77.217286], [38.773656, -77.217302]]}, "6": {"path": [[38.774139, -77.217068], [38.774471, -77.219366]], "green": [[38.774421, -77.219207], [38.774436, -77.219202], [38.774452, -77.219201], [38.774474, -77.219206], [38.774499, -77.219216], [38.774519, -77.219234], [38.774541, -77.21926], [38.774556, -77.219291], [38.774574, -77.219324], [38.774583, -77.219357], [38.77459, -77.219388], [38.774593, -77.219419], [38.774591, -77.219446], [38.774584, -77.219478], [38.774571, -77.219507], [38.774549, -77.219533], [38.774526, -77.21955], [38.774508, -77.219554], [38.774484, -77.219557], [38.774452, -77.219551], [38.774422, -77.219529], [38.7744, -77.219508], [38.774386, -77.219488], [38.77437, -77.219452], [38.774359, -77.219403], [38.774354, -77.219358], [38.774355, -77.219318], [38.774361, -77.219277], [38.774373, -77.219246], [38.774385, -77.219224], [38.774398, -77.219212], [38.774421, -77.219207]]}, "7": {"path": [[38.774723, -77.219777], [38.776718, -77.222506]], "green": [[38.776595, -77.222427], [38.776604, -77.222411], [38.776615, -77.222392], [38.776629, -77.222375], [38.776644, -77.222364], [38.776663, -77.222353], [38.776682, -77.222346], [38.77671, -77.222342], [38.776731, -77.222346], [38.776754, -77.222352], [38.776784, -77.222368], [38.776807, -77.222387], [38.776828, -77.22241], [38.776846, -77.222439], [38.776859, -77.222466], [38.776865, -77.222492], [38.776867, -77.222524], [38.776866, -77.222559], [38.776855, -77.222608], [38.776844, -77.22264], [38.776824, -77.222668], [38.776802, -77.222689], [38.776777, -77.222703], [38.776757, -77.222711], [38.776727, -77.222707], [38.7767, -77.222695], [38.776668, -77.222672], [38.776644, -77.222645], [38.776623, -77.222615], [38.776607, -77.222581], [38.776593, -77.222548], [38.776584, -77.222516], [38.776583, -77.222483], [38.776588, -77.222453], [38.776595, -77.222427]]}, "8": {"path": [[38.777047, -77.222898], [38.778559, -77.223944], [38.779062, -77.224905]], "green": [[38.778996, -77.224813], [38.779014, -77.224802], [38.779035, -77.224795], [38.779059, -77.224791], [38.779093, -77.224792], [38.77912, -77.224802], [38.779141, -77.224815], [38.779161, -77.224842], [38.779171, -77.22486], [38.779178, -77.224879], [38.779179, -77.224896], [38.779179, -77.224915], [38.779176, -77.224936], [38.77917, -77.224955], [38.779155, -77.224982], [38.779134, -77.225009], [38.779115, -77.225031], [38.779092, -77.225044], [38.779061, -77.225045], [38.779034, -77.225038], [38.779012, -77.225026], [38.778995, -77.225009], [38.778977, -77.224982], [38.778968, -77.224959], [38.778962, -77.224937], [38.778959, -77.224914], [38.778959, -77.224893], [38.778961, -77.224869], [38.778967, -77.22485], [38.778977, -77.224831], [38.778983, -77.224824], [38.778996, -77.224813]]}, "9": {"path": [[38.778751, -77.224985], [38.779358, -77.227391], [38.779557, -77.229166]],