{"holes": {"1": {"path": [[37.386707, -77.668715], [37.384772, -77.669324], [37.38387, -77.669905]], "green": [[37.383786, -77.669942], [37.383844, -77.669971], [37.383872, -77.670002], [37.383923, -77.670026], [37.383957, -77.670008], [37.383994, -77.669951], [37.383994, -77.669871], [37.383967, -77.669822], [37.383907, -77.669793], [37.383835, -77.66978], [37.383786, -77.669807], [37.383763, -77.669855], [37.383761, -77.669906], [37.383786, -77.669942]]}, "2": {"path": [[37.3837, -77.671096], [37.381847, -77.671566], [37.380929, -77.672064]], "green": [[37.380966, -77.672176], [37.380963, -77.672185], [37.380955, -77.672192], [37.380944, -77.672197], [37.380935, -77.672197], [37.380923, -77.672193], [37.380918, -77.672188], [37.380912, -77.672179], [37.380905, -77.672169], [37.380901, -77.672157], [37.380894, -77.672142], [37.380887, -77.672129], [37.380882, -77.672116], [37.380875, -77.672106], [37.380868, -77.672099], [37.38086, -77.672092], [37.380853, -77.672083], [37.380845, -77.672076], [37.380839, -77.672071], [37.380833, -77.672061], [37.380829, -77.672044], [37.380831, -77.672023], [37.380835, -77.672008], [37.380841, -77.672], [37.380853, -77.671995], [37.380863, -77.671993], [37.380877, -77.671993], [37.380885, -77.671987], [37.380899, -77.671974], [37.380906, -77.671965], [37.380917, -77.671946], [37.380927, -77.671939], [37.380944, -77.671933], [37.380961, -77.671928], [37.380977, -77.671929], [37.38099, -77.67193], [37.381, -77.671933], [37.381007, -77.671946], [37.381012, -77.671953], [37.381013, -77.671973], [37.381013, -77.67199], [37.38101, -77.671999], [37.381006, -77.672018], [37.381001, -77.672038], [37.380996, -77.672056], [37.38099, -77.672074], [37.380984, -77.67209], [37.380982, -77.672101], [37.380979, -77.672121], [37.380976, -77.672128], [37.380973, -77.672142], [37.380971, -77.672156], [37.380969, -77.672165], [37.380966, -77.672176]]}, "3": {"path": [[37.379961, -77.671403], [37.380868, -77.66898], [37.381488, -77.668001]], "green": [[37.38157, -77.667993], [37.381568, -77.66802], [37.381561, -77.66804], [37.381534, -77.668077], [37.381516, -77.668091], [37.381497, -77.668104], [37.381481, -77.668126], [37.381454, -77.66814], [37.381422, -77.668134], [37.381407, -77.668112], [37.381399, -77.66808], [37.381404, -77.668042], [37.381404, -77.668014], [37.381408, -77.667982], [37.381419, -77.667927], [37.381436, -77.667888], [37.381457, -77.667872], [37.38148, -77.667858], [37.381509, -77.667862], [37.381532, -77.667884], [37.381546, -77.667901], [37.381563, -77.667926], [37.381571, -77.667953], [37.38157, -77.667993]]}, "4": {"path": [[37.381728, -77.667729], [37.381637, -77.665804]], "green": [[37.381625, -77.665981], [37.381611, -77.665979], [37.381589, -77.665971], [37.381578, -77.665955], [37.381573, -77.665933], [37.381582, -77.665904], [37.381584, -77.665882], [37.381585, -77.665858], [37.381577, -77.665832], [37.38157, -77.665811], [37.381559, -77.665793], [37.381557, -77.665777], [37.381551, -77.665758], [37.381551, -77.665734], [37.381558, -77.665707], [37.381577, -77.665683], [37.38159, -77.665669], [37.381607, -77.66565], [37.381619, -77.665633], [37.381629, -77.665625], [37.381646, -77.665608], [37.381673, -77.665611], [37.381695, -77.665622], [37.381715, -77.665644], [37.381726, -77.665673], [37.381737, -77.665702], [37.381741, -77.665726], [37.38174, -77.665751], [37.381735, -77.665784], [37.381718, -77.66581], [37.381707, -77.665825], [37.381691, -77.66585], [37.381686, -77.665886], [37.381688, -77.66591], [37.381687, -77.665936], [37.381673, -77.665961], [37.38166, -77.665973], [37.38164, -77.665982], [37.381625, -77.665981]]}, "5": {"path": [[37.380854, -77.665837], [37.380991, -77.66271], [37.380454, -77.659933]], "green": [[37.380539, -77.659933], [37.380531, -77.659971], [37.380521, -77.659994], [37.380502, -77.660029], [37.380487, -77.66005], [37.380464, -77.660068], [37.380443, -77.660068], [37.380416, -77.660054], [37.380411, -77.660036], [37.380405, -77.660014], [37.380391, -77.659991], [37.380376, -77.659966], [37.380364, -77.659942], [37.380363, -77.659905], [37.380372, -77.659886], [37.38039, -77.659861], [37.380412, -77.659844], [37.380428, -77.659828], [37.380441, -77.65981], [37.380455, -77.659796], [37.380482, -77.659804], [37.380501, -77.659828], [37.380515, -77.659858], [37.380526, -77.65988], [37.380534, -77.659905], [37.380539, -77.659933]]}, "6": {"path": [[37.381136, -77.659471], [37.380083, -77.657373], [37.379786, -77.655739]], "green": [[37.379893, -77.65572], [37.379882, -77.655744], [37.379858, -77.655779], [37.37983, -77.655813], [37.379804, -77.655842], [37.379775, -77.655865], [37.379754, -77.655883], [37.379722, -77.655892], [37.379694, -77.655885], [37.379679, -77.65587], [37.379663, -77.655842], [37.379657, -77.655817], [37.379661, -77.655792], [37.37968, -77.655762], [37.3797, -77.655742], [37.379716, -77.655724], [37.379737, -77.655702], [37.379756, -77.655673], [37.379777, -77.655648], [37.37979, -77.655627], [37.379807, -77.655613], [37.379824, -77.65561], [37.379843, -77.65561], [37.379855, -77.655619], [37.379868, -77.655631], [37.37988, -77.655648], [37.37989, -77.655666], [37.379894, -77.655693], [37.379893, -77.65572]]}, "7": {"path": [[37.381117, -77.655287], [37.382522, -77.657244], [37.382426, -77.65902]], "green": [[37.382475, -77.659115], [37.38246, -77.659164], [37.382426, -77.659179], [37.382386, -77.65919], [37.382346, -77.659164], [37.38234, -77.659115], [37.382345, -77.659051], [37.382351, -77.658997], [37.382354, -77.658934], [37.382368, -77.658885], [37.382404, -77.658865], [37.382436, -77.658861], [37.382464, -77.658872], [37.382482, -77.658897], [37.382492, -77.65893], [37.382486, -77.658967], [37.382477, -77.658995], [37.382474, -77.659033], [37.38247, -77.659071], [37.382475, -77.659115]]}, "8": {"path": [[37.382666, -77.660544], [37.384119, -77.660096]], "green": [[37.384197, -77.660145], [37.384197, -77.660172], [37.384186, -77.660197], [37.384171, -77.66021], [37.384151, -77.660222], [37.384131, -77.660218], [37.384111, -77.660204], [37.384096, -77.660182], [37.384079, -77.660151], [37.38407, -77.660141], [37.384048, -77.660113], [37.384031, -77.660089], [37.384024, -77.660062], [37.384024, -77.660025], [37.384031, -77.659986], [37.384054, -77.659953], [37.384084, -77.659945], [37.384106, -77.659946], [37.384129, -77.659969], [37.384147, -77.659998], [37.384159, -77.660034], [37.384171, -77.660063], [37.384183, -77.660098], [37.384193, -77.660124], [37.384197, -77.660145]]}, "9": {"path": [[37.385804, -77.659639], [37.38595, -77.662584], [37.386655, -77.664926]], "green": [[37.38675, -77.664943], [37.386749, -77.664984], [37.386737, -77.665036], [37.386712, -77.66506], [37.386687, -77.665081], [37.386657, -77.665074], [37.386626, -77.665056], [37.38661, -77.665041], [37.386591, -77.665013], [37.386569, -77.664986], [37.386552, -77.664946], [37.386547, -77.664896], [37.386553, -77.66484], [37.386576, -77.664797], [37.386599, -77.664774], [37.386627, -77.664768], [37.386647, -77.664783], [37.386668, -77.664807], [37.386689, -77.664834], [37.38671, -77.664849], [37.386728, -77.664878], [37.38674, -77.664903], [37.38675, -77.664943]]}, "10": {"path": [[37.387362, -77.670176], [37.385733, -77.671525], [37.384463, -77.671975]], "green": [[37.384439, -77.67206], [37.384423, -77.672072], [37.384398, -77.672074], [37.384373, -77.672056], [37.384356, -77.672037], [37.384343, -77.672004], [37.384343, -77.671968], [37.384346, -77.671931], [37.384361, -77.671908], [37.384389, -77.671898], [37.384414, -77.671899], [37.384436, -77.671908], [37.384464, -77.671917], [37.384489, -77.671918], [37.384512, -77.671909], [37.384539, -77.671897], [37.384554, -77.671905], [37.384563, -77.671917], [37.384568, -77.671935], [37.384569, -77.671954], [37.384565, -77.671969], [37.384558, -77.67198], [37.384546, -77.671988], [37.384534, -77.671997], [37.384512, -77.672006], [37.384488, -77.672019], [37.384469, -77.672029], [37.384451, -77.672049], [37.384439, -77.67206]]},