{"holes": {"1": {"path": [[38.944746, -77.356182], [38.94177, -77.354736]], "green": [[38.941892, -77.354787], [38.941881, -77.354822], [38.94186, -77.354844], [38.941832, -77.354852], [38.9418, -77.354849], [38.941762, -77.354838], [38.941724, -77.354827], [38.941685, -77.354817], [38.941662, -77.354801], [38.941649, -77.354779], [38.941641, -77.354747], [38.941639, -77.354709], [38.941645, -77.35468], [38.941665, -77.354651], [38.941696, -77.354622], [38.941728, -77.354606], [38.941755, -77.354603], [38.941784, -77.354608], [38.941812, -77.354626], [38.941839, -77.354656], [38.941862, -77.354688], [38.941879, -77.35472], [38.941887, -77.354747], [38.941892, -77.354787]]}, "3": {"path": [[38.942113, -77.349675], [38.943588, -77.349412]], "green": [[38.943648, -77.349514], [38.943678, -77.349459], [38.943697, -77.349409], [38.943706, -77.349368], [38.943702, -77.349328], [38.94369, -77.3493], [38.943674, -77.34928], [38.943658, -77.349267], [38.943639, -77.349256], [38.943616, -77.349255], [38.943597, -77.349258], [38.943584, -77.349264], [38.943571, -77.349271], [38.943553, -77.349284], [38.943535, -77.349299], [38.943522, -77.34932], [38.943511, -77.34935], [38.9435, -77.349393], [38.94349, -77.349431], [38.943485, -77.34946], [38.943484, -77.349496], [38.943487, -77.349516], [38.943495, -77.349531], [38.943514, -77.349555], [38.943541, -77.349575], [38.943568, -77.349583], [38.943589, -77.34958], [38.943604, -77.349568], [38.943619, -77.349552], [38.943631, -77.349538], [38.943648, -77.349514]]}, "4": {"path": [[38.94374, -77.348682], [38.940314, -77.348479]], "green": [[38.94043, -77.348443], [38.940431, -77.348455], [38.940431, -77.348472], [38.940427, -77.34849], [38.940416, -77.348512], [38.940403, -77.348529], [38.940386, -77.348538], [38.940364, -77.348546], [38.940322, -77.348566], [38.940283, -77.348579], [38.940246, -77.348602], [38.94022, -77.348616], [38.940209, -77.348617], [38.94019, -77.348608], [38.940174, -77.348591], [38.940156, -77.348562], [38.940153, -77.348525], [38.940157, -77.34849], [38.940166, -77.348462], [38.940184, -77.348431], [38.940209, -77.348401], [38.940244, -77.348373], [38.94028, -77.348354], [38.940324, -77.348345], [38.940357, -77.348356], [38.940383, -77.348372], [38.940398, -77.348385], [38.940407, -77.348397], [38.940417, -77.34841], [38.940424, -77.348427], [38.940427, -77.348439], [38.94043, -77.348443]]}, "7": {"path": [[38.938237, -77.348639], [38.940089, -77.34961], [38.940564, -77.35133]], "green": [[38.940517, -77.351507], [38.940526, -77.351511], [38.940537, -77.351511], [38.940552, -77.351507], [38.940563, -77.351501], [38.940574, -77.351492], [38.940596, -77.351466], [38.940623, -77.351437], [38.940661, -77.351389], [38.940678, -77.351366], [38.940689, -77.351347], [38.940695, -77.35133], [38.940697, -77.351309], [38.940696, -77.351293], [38.940692, -77.351277], [38.940686, -77.351262], [38.940678, -77.351245], [38.940659, -77.351218], [38.940626, -77.351181], [38.940591, -77.351145], [38.940579, -77.351132], [38.94057, -77.351124], [38.940559, -77.35112], [38.940543, -77.35112], [38.940528, -77.351123], [38.940509, -77.35113], [38.940493, -77.351143], [38.940484, -77.351154], [38.940479, -77.351191], [38.940473, -77.35124], [38.940475, -77.351273], [38.940475, -77.351329], [38.940477, -77.351373], [38.940478, -77.351419], [38.94048, -77.351446], [38.940481, -77.35146], [38.940486, -77.351475], [38.94049, -77.351484], [38.940497, -77.351492], [38.940507, -77.351501], [38.940517, -77.351507]]}, "10": {"path": [[38.945979, -77.355337], [38.945909, -77.350535]], "green": [[38.945912, -77.350672], [38.945914, -77.350672], [38.945918, -77.350672], [38.945921, -77.350672], [38.945929, -77.350671], [38.945931, -77.350671], [38.945939, -77.350667], [38.945946, -77.350661], [38.945953, -77.350652], [38.945959, -77.350645], [38.94596, -77.350643], [38.945965, -77.350632], [38.945968, -77.35062], [38.945972, -77.350602], [38.945977, -77.35056], [38.945982, -77.350517], [38.945987, -77.350478], [38.945996, -77.350436], [38.946, -77.350419], [38.945999, -77.350402], [38.945993, -77.350382], [38.945984, -77.350364], [38.945975, -77.35035], [38.945955, -77.350319], [38.945934, -77.350307], [38.945904, -77.350305], [38.94588, -77.350316], [38.945855, -77.350335], [38.945833, -77.350356], [38.945818, -77.350378], [38.945806, -77.350401], [38.945794, -77.350418], [38.945786, -77.350446], [38.945785, -77.35048], [38.945792, -77.35051], [38.94581, -77.350546], [38.945833, -77.350579], [38.945847, -77.350602], [38.945859, -77.35062], [38.945871, -77.350639], [38.945874, -77.350642], [38.945884, -77.350658], [38.945892, -77.350663], [38.945899, -77.350667], [38.945906, -77.350669], [38.945912, -77.350672]]}, "11": {"path": [[38.945447, -77.350179], [38.944756, -77.348661]], "green": [[38.944789, -77.348816], [38.9448, -77.348813], [38.94481, -77.348806], [38.944814, -77.3488], [38.944823, -77.348787], [38.944829, -77.348776], [38.94484, -77.348746], [38.944854, -77.348709], [38.944867, -77.34866], [38.944875, -77.348622], [38.944877, -77.3486], [38.944874, -77.348577], [38.944866, -77.348553], [38.944856, -77.348529], [38.944844, -77.348514], [38.944832, -77.348503], [38.944816, -77.348493], [38.944799, -77.348491], [38.944785, -77.348494], [38.944772, -77.348498], [38.944742, -77.348514], [38.944698, -77.348538], [38.94466, -77.348558], [38.944626, -77.348583], [38.94461, -77.348598], [38.944599, -77.34862], [38.944592, -77.348638], [38.94459, -77.348662], [38.944593, -77.348683], [38.944601, -77.348698], [38.94463, -77.348718], [38.944674, -77.348738], [38.944703, -77.348756], [38.94473, -77.34878], [38.944747, -77.348793], [38.944764, -77.348808], [38.944777, -77.348816], [38.944789, -77.348816]]}, "12": {"path": [[38.945217, -77.347282], [38.943736, -77.345474], [38.943131, -77.343752]], "green": [[38.943176, -77.343914], [38.943183, -77.3439], [38.943187, -77.343888], [38.943189, -77.343874], [38.943191, -77.343863], [38.943194, -77.343847], [38.943194, -77.34383], [38.943194, -77.343809], [38.943195, -77.343782], [38.943197, -77.343757], [38.943201, -77.343729], [38.943206, -77.343703], [38.943209, -77.34368], [38.943213, -77.343655], [38.943214, -77.343635], [38.943215, -77.343619], [38.943211, -77.343599], [38.943204, -77.343583], [38.943194, -77.343568], [38.943181, -77.343559], [38.943169, -77.343554], [38.943154, -77.343555], [38.94307, -77.343564], [38.943054, -77.343569], [38.943043, -77.343576], [38.943033, -77.343589], [38.943019, -77.343612], [38.942995, -77.343665], [38.942976, -77.343717], [38.942975, -77.343742], [38.94298, -77.343766], [38.942992, -77.343795], [38.943007, -77.343823], [38.943042, -77.34386], [38.94307, -77.343897], [38.943092, -77.343919], [38.943112, -77.34393], [38.943132, -77.343936], [38.943149, -77.343935], [38.943157, -77.343932], [38.943168, -77.343924], [38.943176, -77.343914]]}, "13": {"path": [[38.943444, -77.343135], [38.941813, -77.341268], [38.941331, -77.339565]], "green": [[38.941184, -77.339446], [38.941191, -77.339432], [38.941202, -77.339416], [38.94122, -77.339396], [38.941239, -77.339383], [38.941258, -77.339377], [38.941284, -77.339379], [38.941333, -77.339405], [38.941377, -77.33943], [38.941422, -77.339453], [38.941451, -77.339471], [38.941472, -77.339491], [38.941486, -77.339524], [38.941488, -77.339557], [38.941487, -77.339599], [38.941482, -77.339641], [38.941472, -77.339679], [38.941459, -77.339703], [38.941443, -77.33972], [38.941435, -77.339725], [38.941422, -77.339732], [38.941406, -77.339734], [38.9414, -77.339735], [38.941394, -77.339734], [38.941379, -77.339732], [38.941364, -77.339723], [38.941347, -77.339701], [38.941329, -77.339668], [38.941313, -77.339641], [38.94129, -77.339614], [38.941259, -77.339597], [38.941221, -77.33958], [38.941197, -77.339568], [38.941181, -77.33955], [38.941174, -77.339522], [38.941173, -77.33949], [38.941178, -77.339464], [38.941184, -77.339446]]}, "14": {"path": [[38.94072, -77.340222], [38.941966, -77.343759]],