{"holes": {"1": {"path": [[37.264005, -76.80577], [37.263582, -76.808357], [37.263091, -76.810042]], "green": [[37.263181, -76.810056], [37.263166, -76.810079], [37.26314, -76.810101], [37.263119, -76.810122], [37.263103, -76.810144], [37.263078, -76.810177], [37.26306, -76.810187], [37.263041, -76.810194], [37.26302, -76.810185], [37.263002, -76.810164], [37.262993, -76.810134], [37.262989, -76.810095], [37.262997, -76.810062], [37.263011, -76.810034], [37.263027, -76.810014], [37.263045, -76.809992], [37.26306, -76.809969], [37.263075, -76.809921], [37.263092, -76.809888], [37.263116, -76.809868], [37.263147, -76.809872], [37.263166, -76.809892], [37.263184, -76.809919], [37.263192, -76.809965], [37.263192, -76.810014], [37.263181, -76.810056]]}, "2": {"path": [[37.262407, -76.808903], [37.261588, -76.811343], [37.261091, -76.813387]], "green": [[37.261178, -76.813438], [37.26119, -76.813464], [37.261194, -76.813498], [37.261185, -76.813519], [37.261172, -76.813536], [37.26115, -76.813545], [37.261127, -76.81355], [37.26111, -76.813536], [37.261089, -76.813514], [37.261075, -76.813493], [37.261061, -76.81347], [37.261049, -76.813447], [37.261035, -76.813423], [37.261018, -76.813402], [37.261001, -76.813385], [37.260987, -76.813365], [37.260978, -76.813335], [37.260985, -76.813304], [37.260997, -76.813277], [37.261009, -76.813256], [37.261027, -76.813236], [37.261045, -76.813226], [37.261067, -76.813223], [37.261086, -76.81323], [37.261101, -76.813243], [37.261116, -76.813261], [37.261123, -76.813293], [37.26113, -76.813327], [37.261136, -76.813349], [37.261149, -76.81338], [37.261162, -76.813412], [37.261178, -76.813438]]}, "3": {"path": [[37.260684, -76.813143], [37.261562, -76.81629], [37.262336, -76.818034]], "green": [[37.262442, -76.818016], [37.262412, -76.818072], [37.262395, -76.818101], [37.26238, -76.818138], [37.26236, -76.818168], [37.262339, -76.818182], [37.262315, -76.818186], [37.2623, -76.818181], [37.262284, -76.818171], [37.262272, -76.818158], [37.262262, -76.818141], [37.262253, -76.818121], [37.262253, -76.818092], [37.262253, -76.818059], [37.262253, -76.818023], [37.262248, -76.817987], [37.26225, -76.817957], [37.262257, -76.817932], [37.26227, -76.81791], [37.262288, -76.817901], [37.262318, -76.817897], [37.262349, -76.817902], [37.262378, -76.81791], [37.262406, -76.817919], [37.262427, -76.817929], [37.262441, -76.81795], [37.262448, -76.817977], [37.262448, -76.817997], [37.262442, -76.818016]]}, "4": {"path": [[37.262605, -76.818366], [37.262791, -76.816482]], "green": [[37.26288, -76.816624], [37.262904, -76.81661], [37.262917, -76.816586], [37.262924, -76.816565], [37.262918, -76.81654], [37.2629, -76.81651], [37.262886, -76.816484], [37.262877, -76.816457], [37.262859, -76.816422], [37.262841, -76.816389], [37.262823, -76.816369], [37.262802, -76.816354], [37.262777, -76.816347], [37.262754, -76.816353], [37.262736, -76.816362], [37.262716, -76.816373], [37.262697, -76.816381], [37.262674, -76.816389], [37.262656, -76.816403], [37.262647, -76.816422], [37.262649, -76.816444], [37.262662, -76.816463], [37.262685, -76.816479], [37.262709, -76.816493], [37.262729, -76.816501], [37.262749, -76.816511], [37.262763, -76.816523], [37.262779, -76.816542], [37.262795, -76.816567], [37.262814, -76.816591], [37.26284, -76.816617], [37.262861, -76.816624], [37.26288, -76.816624]]}, "9": {"path": [[37.270088, -76.808492], [37.265998, -76.806455]], "green": [[37.266084, -76.806545], [37.266089, -76.806519], [37.26608, -76.806481], [37.266068, -76.806453], [37.266053, -76.806417], [37.266043, -76.806375], [37.266035, -76.806321], [37.266029, -76.806287], [37.266, -76.806266], [37.265977, -76.806266], [37.265952, -76.806278], [37.265928, -76.80631], [37.265909, -76.806362], [37.265891, -76.806411], [37.26589, -76.806458], [37.265901, -76.806501], [37.265912, -76.806548], [37.265936, -76.8066], [37.265956, -76.806619], [37.265991, -76.806615], [37.266024, -76.806597], [37.266053, -76.806582], [37.266072, -76.806565], [37.266084, -76.806545]]}}}