{"holes": {"1": {"path": [[39.170376, -78.146706], [39.170147, -78.149082], [39.170111, -78.150713]], "green": [[39.170252, -78.150733], [39.17024, -78.150765], [39.170226, -78.150815], [39.1702, -78.150852], [39.17017, -78.150875], [39.170133, -78.150884], [39.170087, -78.15087], [39.170039, -78.150851], [39.170027, -78.150833], [39.170013, -78.150803], [39.170004, -78.150765], [39.17, -78.150731], [39.170002, -78.150695], [39.170005, -78.150661], [39.170008, -78.150621], [39.170016, -78.150591], [39.170028, -78.150575], [39.170048, -78.150565], [39.170064, -78.150558], [39.170083, -78.15056], [39.170128, -78.150583], [39.170174, -78.150614], [39.170208, -78.15064], [39.170231, -78.150666], [39.170247, -78.1507], [39.170252, -78.150733]]}, "2": {"path": [[39.170889, -78.15131], [39.17387, -78.148313]], "green": [[39.173975, -78.148241], [39.173959, -78.148226], [39.173945, -78.148209], [39.17393, -78.148193], [39.173912, -78.148182], [39.173896, -78.148174], [39.173881, -78.148172], [39.173861, -78.148174], [39.173845, -78.148179], [39.173827, -78.148189], [39.17381, -78.148201], [39.17379, -78.148215], [39.173772, -78.148234], [39.173762, -78.148251], [39.173752, -78.148269], [39.173746, -78.148289], [39.173744, -78.148314], [39.173748, -78.148342], [39.173754, -78.148369], [39.173762, -78.148396], [39.17377, -78.148415], [39.173778, -78.148434], [39.173789, -78.148442], [39.173804, -78.148444], [39.173815, -78.148439], [39.17383, -78.148432], [39.173849, -78.148422], [39.173866, -78.148413], [39.173878, -78.148408], [39.173914, -78.148406], [39.173929, -78.148408], [39.173944, -78.148408], [39.173955, -78.1484], [39.173971, -78.148386], [39.173984, -78.148366], [39.173991, -78.148351], [39.173996, -78.148331], [39.173996, -78.148308], [39.173992, -78.148286], [39.173986, -78.148264], [39.173975, -78.148241]]}, "3": {"path": [[39.173175, -78.14793], [39.171367, -78.149066], [39.17074, -78.150639]], "green": [[39.17085, -78.150561], [39.170856, -78.150592], [39.170857, -78.150632], [39.170856, -78.15066], [39.170855, -78.150684], [39.170847, -78.150705], [39.170829, -78.150729], [39.170822, -78.150746], [39.170803, -78.150761], [39.170793, -78.150772], [39.170776, -78.150783], [39.170747, -78.150788], [39.170713, -78.150787], [39.170669, -78.150786], [39.170645, -78.150782], [39.170618, -78.150774], [39.170601, -78.150752], [39.170596, -78.150724], [39.170594, -78.150679], [39.170596, -78.150644], [39.170601, -78.150607], [39.170614, -78.150573], [39.170632, -78.150554], [39.170654, -78.150543], [39.170671, -78.150546], [39.170682, -78.150557], [39.170704, -78.150557], [39.170716, -78.150544], [39.170726, -78.150535], [39.170734, -78.150535], [39.170764, -78.150524], [39.170781, -78.150525], [39.170804, -78.150526], [39.170831, -78.150526], [39.170838, -78.150535], [39.170842, -78.150545], [39.17085, -78.150561]]}, "4": {"path": [[39.169435, -78.151418], [39.169668, -78.149507]], "green": [[39.169775, -78.149484], [39.169776, -78.149456], [39.169774, -78.149436], [39.169766, -78.149413], [39.169756, -78.149379], [39.169743, -78.149347], [39.169728, -78.149322], [39.169713, -78.1493], [39.169669, -78.149286], [39.169651, -78.149293], [39.169639, -78.149303], [39.16963, -78.149319], [39.169626, -78.149343], [39.169627, -78.149364], [39.169631, -78.149388], [39.169631, -78.149405], [39.169627, -78.149431], [39.169618, -78.149458], [39.16961, -78.149479], [39.169601, -78.149501], [39.169592, -78.149513], [39.16958, -78.149529], [39.169573, -78.149547], [39.16957, -78.149569], [39.16957, -78.149591], [39.169581, -78.149642], [39.169587, -78.14966], [39.169601, -78.149685], [39.169617, -78.149704], [39.169628, -78.149711], [39.169648, -78.149717], [39.169663, -78.149716], [39.169677, -78.149711], [39.169688, -78.149689], [39.169696, -78.149673], [39.169708, -78.149641], [39.169716, -78.149604], [39.169729, -78.149576], [39.169742, -78.149558], [39.169755, -78.149546], [39.169767, -78.149522], [39.169775, -78.149484]]}, "5": {"path": [[39.169449, -78.148426], [39.168807, -78.150889], [39.167467, -78.150952]], "green": [[39.16757, -78.150902], [39.167576, -78.15092], [39.167583, -78.150935], [39.167586, -78.15095], [39.167585, -78.150971], [39.16758, -78.150989], [39.167567, -78.151013], [39.167546, -78.151032], [39.167521, -78.151051], [39.167489, -78.151057], [39.167449, -78.151055], [39.167414, -78.151047], [39.167365, -78.151028], [39.167344, -78.15101], [39.167334, -78.150992], [39.167331, -78.150975], [39.167331, -78.150959], [39.167335, -78.150947], [39.167341, -78.150931], [39.167351, -78.150914], [39.167367, -78.150889], [39.167402, -78.150863], [39.167431, -78.150852], [39.167484, -78.150848], [39.167522, -78.15086], [39.167545, -78.150877], [39.167562, -78.150888], [39.16757, -78.150902]]}, "6": {"path": [[39.166489, -78.151643], [39.166434, -78.148794], [39.166522, -78.146478]], "green": [[39.166587, -78.146542], [39.166592, -78.146501], [39.166597, -78.146436], [39.166597, -78.146375], [39.166587, -78.146334], [39.166561, -78.146312], [39.166535, -78.146315], [39.166501, -78.146313], [39.16648, -78.146326], [39.166462, -78.146345], [39.166449, -78.146368], [39.166435, -78.146399], [39.166423, -78.146489], [39.166443, -78.146593], [39.16646, -78.146628], [39.166485, -78.14663], [39.166498, -78.146632], [39.166523, -78.146636], [39.166547, -78.146617], [39.166561, -78.146601], [39.166576, -78.146582], [39.166587, -78.146542]]}, "7": {"path": [[39.166194, -78.146016], [39.168078, -78.146284], [39.168787, -78.146976]], "green": [[39.16892, -78.147008], [39.168916, -78.14702], [39.168907, -78.147034], [39.168894, -78.147046], [39.16888, -78.147057], [39.16887, -78.147066], [39.168855, -78.147073], [39.168837, -78.14708], [39.16882, -78.147082], [39.168805, -78.147083], [39.168795, -78.14708], [39.168781, -78.147075], [39.168767, -78.147064], [39.168757, -78.147055], [39.168751, -78.147045], [39.168744, -78.147039], [39.16874, -78.147029], [39.168732, -78.14702], [39.168723, -78.147009], [39.168714, -78.147006], [39.168709, -78.146997], [39.1687, -78.146979], [39.168695, -78.146969], [39.168691, -78.146963], [39.168688, -78.146947], [39.168688, -78.146937], [39.168688, -78.146924], [39.168692, -78.146914], [39.1687, -78.146901], [39.168702, -78.146898], [39.168708, -78.146893], [39.168713, -78.146888], [39.168723, -78.146878], [39.168731, -78.146868], [39.168741, -78.146865], [39.168769, -78.14686], [39.168795, -78.146856], [39.168826, -78.146859], [39.168842, -78.146869], [39.168861, -78.146884], [39.168885, -78.146907], [39.168897, -78.146933], [39.168908, -78.146957], [39.168917, -78.146984], [39.16892, -78.147008]]}, "8": {"path": [[39.16785, -78.147515], [39.167141, -78.148757]], "green": [[39.16721, -78.148664], [39.167215, -78.14871], [39.167219, -78.14876], [39.167215, -78.14881], [39.167209, -78.148841], [39.167188, -78.14887], [39.167164, -78.148885], [39.167134, -78.148886], [39.167107, -78.148879], [39.167091, -78.148871], [39.167076, -78.148856], [39.167063, -78.148835], [39.167053, -78.148798], [39.167053, -78.148751], [39.16706, -78.148705], [39.167075, -78.148655], [39.167103, -78.148619], [39.167141, -78.148599], [39.167176, -78.148611], [39.167194, -78.148627], [39.16721, -78.148664]]}, "9": {"path": [[39.16759, -78.149217], [39.169186, -78.148032], [39.169806, -78.147122]],