{"holes": {"1": {"path": [[38.906385, -77.510249], [38.90788, -77.511189], [38.909115, -77.513186], [38.909488, -77.513977]], "green": [[38.909537, -77.513904], [38.909542, -77.513931], [38.909547, -77.513963], [38.909556, -77.513996], [38.909569, -77.514033], [38.909581, -77.514064], [38.909588, -77.514096], [38.909587, -77.51413], [38.909579, -77.51415], [38.909566, -77.514171], [38.909546, -77.51418], [38.909523, -77.514181], [38.9095, -77.514177], [38.909476, -77.514163], [38.909453, -77.514139], [38.909437, -77.514113], [38.909421, -77.514079], [38.909405, -77.514038], [38.909394, -77.514003], [38.909381, -77.513973], [38.909374, -77.513943], [38.909364, -77.513909], [38.909366, -77.513875], [38.909384, -77.513807], [38.909405, -77.513789], [38.909431, -77.513778], [38.909455, -77.513774], [38.909483, -77.513783], [38.909502, -77.513799], [38.909516, -77.513811], [38.909527, -77.513836], [38.909531, -77.513859], [38.909532, -77.513878], [38.909537, -77.513904]]}, "2": {"path": [[38.910712, -77.516754], [38.912081, -77.516781], [38.913704, -77.517181]], "green": [[38.913858, -77.517156], [38.913857, -77.517174], [38.913847, -77.517202], [38.913831, -77.517227], [38.913806, -77.517244], [38.913776, -77.517266], [38.91375, -77.517278], [38.913724, -77.517285], [38.913689, -77.517293], [38.913657, -77.517304], [38.913617, -77.51731], [38.913587, -77.517305], [38.91356, -77.51729], [38.913542, -77.517272], [38.913531, -77.517248], [38.913527, -77.517224], [38.913528, -77.517182], [38.913548, -77.517124], [38.913577, -77.5171], [38.913605, -77.517089], [38.913635, -77.517084], [38.913655, -77.517079], [38.913689, -77.517072], [38.91372, -77.517072], [38.913751, -77.517074], [38.913783, -77.517076], [38.913806, -77.517083], [38.913826, -77.517094], [38.913844, -77.51711], [38.913853, -77.517131], [38.913858, -77.517156]]}, "3": {"path": [[38.913958, -77.518492], [38.910329, -77.518048], [38.909764, -77.517337]], "green": [[38.909919, -77.517328], [38.90991, -77.517349], [38.909888, -77.51737], [38.90987, -77.517387], [38.909844, -77.517403], [38.909822, -77.517412], [38.909799, -77.517423], [38.909767, -77.517431], [38.909737, -77.517438], [38.909716, -77.517444], [38.909691, -77.517445], [38.909662, -77.517438], [38.909643, -77.517428], [38.909628, -77.517417], [38.909618, -77.5174], [38.909612, -77.51738], [38.909612, -77.517359], [38.909615, -77.517332], [38.909625, -77.51731], [38.909649, -77.517287], [38.909664, -77.517273], [38.909684, -77.517261], [38.909707, -77.517258], [38.909732, -77.517254], [38.909754, -77.51725], [38.909782, -77.517244], [38.90981, -77.517247], [38.909836, -77.517245], [38.90985, -77.517244], [38.909875, -77.517251], [38.909893, -77.517261], [38.909909, -77.517274], [38.909922, -77.517293], [38.909919, -77.517328]]}, "4": {"path": [[38.909018, -77.517378], [38.907786, -77.519081], [38.906574, -77.519997]], "green": [[38.906658, -77.519883], [38.906658, -77.519896], [38.906665, -77.519907], [38.906681, -77.519927], [38.906692, -77.519952], [38.906702, -77.519968], [38.906698, -77.519996], [38.906694, -77.520035], [38.906689, -77.520057], [38.906678, -77.520079], [38.906661, -77.5201], [38.906645, -77.520112], [38.906632, -77.520121], [38.906615, -77.520122], [38.906595, -77.520121], [38.90657, -77.520115], [38.906548, -77.52011], [38.906518, -77.520106], [38.906497, -77.520103], [38.906479, -77.520096], [38.906465, -77.520084], [38.906443, -77.520058], [38.906431, -77.520042], [38.90642, -77.520015], [38.906417, -77.519989], [38.90642, -77.519971], [38.906441, -77.519922], [38.906464, -77.519906], [38.906481, -77.519898], [38.906504, -77.519893], [38.90653, -77.519887], [38.906565, -77.519887], [38.90659, -77.519882], [38.906621, -77.519883], [38.906644, -77.519883], [38.906658, -77.519883]]}, "5": {"path": [[38.906201, -77.520371], [38.905485, -77.518201]], "green": [[38.90558, -77.5183], [38.905581, -77.518313], [38.90558, -77.518343], [38.905564, -77.518367], [38.905547, -77.518373], [38.905535, -77.518369], [38.905524, -77.518377], [38.90551, -77.518394], [38.905496, -77.518393], [38.905479, -77.518395], [38.905469, -77.518386], [38.905452, -77.518364], [38.905438, -77.518346], [38.905427, -77.518335], [38.905413, -77.518321], [38.905403, -77.518307], [38.905391, -77.518288], [38.905365, -77.518252], [38.905362, -77.51824], [38.905361, -77.518225], [38.90536, -77.518207], [38.905361, -77.518187], [38.905364, -77.518173], [38.905368, -77.518157], [38.905371, -77.518142], [38.905377, -77.518123], [38.905385, -77.518106], [38.905393, -77.518091], [38.905402, -77.518074], [38.905413, -77.518057], [38.905425, -77.518051], [38.905439, -77.518042], [38.905455, -77.518032], [38.90547, -77.518026], [38.905484, -77.518019], [38.9055, -77.518016], [38.905514, -77.518015], [38.905537, -77.51802], [38.905549, -77.518026], [38.905559, -77.518034], [38.905568, -77.518051], [38.905575, -77.518068], [38.905583, -77.518091], [38.905585, -77.518112], [38.905583, -77.518135], [38.905578, -77.518161], [38.905575, -77.518183], [38.905571, -77.518202], [38.905569, -77.518229], [38.905569, -77.518251], [38.905572, -77.518274], [38.905576, -77.518288], [38.90558, -77.5183]]}, "6": {"path": [[38.904982, -77.517117], [38.906657, -77.516933], [38.90818, -77.516229]], "green": [[38.908349, -77.516198], [38.908342, -77.516228], [38.908331, -77.516259], [38.908317, -77.516281], [38.908301, -77.516296], [38.90828, -77.516313], [38.908252, -77.516323], [38.908233, -77.516336], [38.908205, -77.516345], [38.908182, -77.516354], [38.908162, -77.516365], [38.908142, -77.516369], [38.908119, -77.516369], [38.908098, -77.516367], [38.908078, -77.516361], [38.908059, -77.516362], [38.908058, -77.516346], [38.908056, -77.516334], [38.90805, -77.516313], [38.908042, -77.516304], [38.908036, -77.516291], [38.908031, -77.516278], [38.908027, -77.516262], [38.908034, -77.516249], [38.908043, -77.51623], [38.908053, -77.51621], [38.908062, -77.516194], [38.90807, -77.516174], [38.908083, -77.516154], [38.908095, -77.516144], [38.90811, -77.516133], [38.908128, -77.516121], [38.908145, -77.516112], [38.908164, -77.516111], [38.908184, -77.516114], [38.908205, -77.516112], [38.908224, -77.516111], [38.908242, -77.516109], [38.908261, -77.516108], [38.908276, -77.516106], [38.908292, -77.516107], [38.908308, -77.51611], [38.908325, -77.51612], [38.908339, -77.516139], [38.908348, -77.516158], [38.908352, -77.516177], [38.908349, -77.516198]]}, "7": {"path": [[38.909269, -77.516916], [38.910226, -77.515175]], "green": [[38.910328, -77.515193], [38.910322, -77.51523], [38.910317, -77.515251], [38.91031, -77.515277], [38.910305, -77.515302], [38.910299, -77.515322], [38.910292, -77.515333], [38.910282, -77.515344], [38.910259, -77.515357], [38.910245, -77.515359], [38.910234, -77.515359], [38.910213, -77.515353], [38.910201, -77.515341], [38.91019, -77.515334], [38.910181, -77.515312], [38.91017, -77.515291], [38.910162, -77.515275], [38.910151, -77.515247], [38.910143, -77.515223], [38.910138, -77.515206], [38.910134, -77.515188], [38.910131, -77.515175], [38.910129, -77.515155], [38.910128, -77.515143], [38.910128, -77.515118], [38.91013, -77.515101], [38.910137, -77.515082], [38.910142, -77.51506], [38.910153, -77.515046], [38.910164, -77.515033], [38.910179, -77.515023], [38.910192, -77.515017], [38.910208, -77.515013], [38.910223, -77.515013], [38.91024, -77.515012], [38.910252, -77.515015], [38.910268, -77.515027], [38.910284, -77.515034], [38.910295, -77.515043], [38.910302, -77.515053], [38.910311, -77.515068], [38.91032, -77.515088], [38.910325, -77.515108], [38.910329, -77.51514], [38.910328, -77.515193]]}, "8": {"path": [[38.910312, -77.514282], [38.909498, -77.512188], [38.908817, -77.511317]],