{"holes": {"1": {"path": [[36.921537, -76.287386], [36.921117, -76.283812]], "green": [[36.921158, -76.28382], [36.921154, -76.283838], [36.921153, -76.283867], [36.921153, -76.283891], [36.921152, -76.283918], [36.92115, -76.283928], [36.921141, -76.283955], [36.921127, -76.283969], [36.921112, -76.283974], [36.9211, -76.283974], [36.92109, -76.283969], [36.921079, -76.28396], [36.921072, -76.283955], [36.921057, -76.283929], [36.921049, -76.28391], [36.921042, -76.283897], [36.921036, -76.283882], [36.921033, -76.28387], [36.921028, -76.283849], [36.921025, -76.283825], [36.921026, -76.283808], [36.921033, -76.283788], [36.921052, -76.283755], [36.921069, -76.28373], [36.921085, -76.283709], [36.921113, -76.283668], [36.921125, -76.283659], [36.921136, -76.283656], [36.921144, -76.283656], [36.921154, -76.28366], [36.921163, -76.283666], [36.921173, -76.283676], [36.921185, -76.28369], [36.92119, -76.283697], [36.921194, -76.283706], [36.921195, -76.283716], [36.921197, -76.283727], [36.921194, -76.283744], [36.921173, -76.283782], [36.921158, -76.28382]]}, "2": {"path": [[36.921191, -76.283337], [36.923112, -76.283478], [36.923526, -76.283159]], "green": [[36.923628, -76.283136], [36.923623, -76.283152], [36.923614, -76.283165], [36.923595, -76.283183], [36.923571, -76.283203], [36.923551, -76.283226], [36.923536, -76.283249], [36.923512, -76.283288], [36.923504, -76.283298], [36.923494, -76.283309], [36.923483, -76.283315], [36.923473, -76.283318], [36.92346, -76.283317], [36.923444, -76.283308], [36.923434, -76.283294], [36.92343, -76.28328], [36.923428, -76.28326], [36.923431, -76.28325], [36.923457, -76.283194], [36.923467, -76.283164], [36.923474, -76.283133], [36.923482, -76.28309], [36.923488, -76.283069], [36.923491, -76.283054], [36.923499, -76.283042], [36.923506, -76.283034], [36.923515, -76.283027], [36.923521, -76.283023], [36.923528, -76.283021], [36.923539, -76.283022], [36.923549, -76.283025], [36.923563, -76.283032], [36.923595, -76.283056], [36.923606, -76.283069], [36.923615, -76.283082], [36.923623, -76.283098], [36.923627, -76.283119], [36.923628, -76.283136]]}, "3": {"path": [[36.923834, -76.28325], [36.924866, -76.285726], [36.92549, -76.286269]], "green": [[36.925519, -76.286385], [36.925511, -76.28639], [36.925498, -76.286396], [36.925486, -76.286397], [36.925478, -76.286392], [36.92547, -76.286385], [36.92545, -76.286363], [36.925426, -76.286327], [36.925411, -76.286313], [36.925403, -76.286304], [36.925395, -76.286298], [36.925378, -76.286293], [36.925372, -76.286285], [36.925366, -76.286262], [36.925366, -76.286243], [36.925371, -76.286222], [36.925384, -76.286205], [36.9254, -76.286194], [36.925416, -76.286184], [36.925441, -76.286174], [36.925453, -76.286173], [36.925469, -76.286175], [36.925486, -76.286184], [36.925501, -76.286191], [36.925518, -76.2862], [36.92553, -76.286201], [36.925599, -76.286195], [36.925612, -76.286202], [36.925618, -76.286208], [36.925623, -76.286215], [36.925626, -76.286224], [36.925628, -76.286234], [36.925628, -76.286244], [36.925624, -76.286256], [36.925593, -76.28629], [36.925546, -76.286355], [36.925519, -76.286385]]}, "4": {"path": [[36.926096, -76.286513], [36.926137, -76.288209]], "green": [[36.926082, -76.288113], [36.926103, -76.288084], [36.926123, -76.288065], [36.926138, -76.288054], [36.926164, -76.288055], [36.926178, -76.288061], [36.926185, -76.288073], [36.926186, -76.288084], [36.926185, -76.288099], [36.926185, -76.288111], [36.926173, -76.288145], [36.926174, -76.288162], [36.926176, -76.288179], [36.926179, -76.288196], [36.926185, -76.288212], [36.926193, -76.288225], [36.926209, -76.288238], [36.926251, -76.288267], [36.926256, -76.288276], [36.926258, -76.288292], [36.926257, -76.288305], [36.926251, -76.288321], [36.926242, -76.288328], [36.926234, -76.288336], [36.92622, -76.288338], [36.926209, -76.288338], [36.926197, -76.288331], [36.926143, -76.288291], [36.926133, -76.288284], [36.926124, -76.288282], [36.926115, -76.288282], [36.926026, -76.288283], [36.92601, -76.288278], [36.925999, -76.28827], [36.925984, -76.288259], [36.925976, -76.288245], [36.92597, -76.28822], [36.925974, -76.288202], [36.925985, -76.288184], [36.925996, -76.288168], [36.926056, -76.288137], [36.926082, -76.288113]]}, "5": {"path": [[36.9267, -76.287953], [36.92537, -76.290239], [36.924886, -76.291333]], "green": [[36.924926, -76.291213], [36.924928, -76.29122], [36.924929, -76.291232], [36.924927, -76.291245], [36.924921, -76.291262], [36.924914, -76.291285], [36.92491, -76.291306], [36.924908, -76.291315], [36.924908, -76.291331], [36.924908, -76.291342], [36.924912, -76.291355], [36.924922, -76.291385], [36.924933, -76.291403], [36.924941, -76.29142], [36.924946, -76.291431], [36.924948, -76.291446], [36.924948, -76.291456], [36.924945, -76.291468], [36.924937, -76.291484], [36.924931, -76.291493], [36.924923, -76.291499], [36.924913, -76.291499], [36.924907, -76.291498], [36.924897, -76.291495], [36.92489, -76.291488], [36.924805, -76.291388], [36.924802, -76.291378], [36.9248, -76.291368], [36.924799, -76.291355], [36.924799, -76.291338], [36.924798, -76.291322], [36.924798, -76.291308], [36.924803, -76.291293], [36.924806, -76.291282], [36.924812, -76.29127], [36.924819, -76.291256], [36.924829, -76.291237], [36.924843, -76.291224], [36.92486, -76.291209], [36.924887, -76.291194], [36.924894, -76.291191], [36.924905, -76.291194], [36.924911, -76.291194], [36.924918, -76.291202], [36.924926, -76.291213]]}, "6": {"path": [[36.924558, -76.291668], [36.922134, -76.292804], [36.920242, -76.293167]], "green": [[36.920326, -76.293168], [36.920311, -76.293194], [36.920297, -76.293211], [36.920283, -76.293232], [36.920267, -76.293248], [36.92025, -76.293255], [36.920236, -76.293257], [36.920212, -76.293261], [36.920196, -76.293268], [36.920178, -76.293277], [36.920155, -76.293277], [36.920144, -76.293275], [36.920136, -76.293267], [36.920131, -76.293255], [36.920127, -76.293236], [36.920125, -76.293211], [36.920129, -76.293188], [36.920141, -76.293168], [36.920152, -76.293156], [36.920166, -76.293151], [36.920188, -76.293145], [36.920205, -76.293133], [36.920227, -76.293109], [36.920246, -76.293085], [36.920271, -76.293054], [36.920286, -76.293041], [36.920308, -76.293029], [36.920325, -76.293027], [36.920344, -76.293035], [36.920357, -76.293046], [36.920365, -76.293062], [36.920368, -76.293082], [36.920357, -76.293119], [36.920343, -76.293148], [36.920326, -76.293168]]}, "7": {"path": [[36.920091, -76.292083], [36.920579, -76.290512]], "green": [[36.920688, -76.290485], [36.920684, -76.290498], [36.92068, -76.290511], [36.920672, -76.290516], [36.920662, -76.290523], [36.920649, -76.290531], [36.920635, -76.290542], [36.920626, -76.290552], [36.920612, -76.290567], [36.9206, -76.29058], [36.920588, -76.290599], [36.92058, -76.290608], [36.920566, -76.290622], [36.920556, -76.290626], [36.920542, -76.290629], [36.920525, -76.290628], [36.920511, -76.290623], [36.920502, -76.290618], [36.920489, -76.290606], [36.920483, -76.290597], [36.920476, -76.29058], [36.920472, -76.290566], [36.920472, -76.29055], [36.920471, -76.290508], [36.920474, -76.290463], [36.920477, -76.29045], [36.920482, -76.290439], [36.920488, -76.290428], [36.920494, -76.29042], [36.920504, -76.290415], [36.920516, -76.290414], [36.92053, -76.290418], [36.920559, -76.290429], [36.920575, -76.290436], [36.9206, -76.290442], [36.920622, -76.290438], [36.92065, -76.290437], [36.920659, -76.29044], [36.920669, -76.290446], [36.920676, -76.290453], [36.920681, -76.29046], [36.920685, -76.290469], [36.920688, -76.290478], [36.920688, -76.290485]]}, "8": {"path": [[36.921806, -76.289022], [36.920836, -76.291578], [36.920433, -76.292291]],