{"holes": {"1": {"path": [[39.571398, -104.866127], [39.573385, -104.86535], [39.574441, -104.865724]], "green": [[39.574511, -104.865803], [39.574495, -104.86583], [39.574473, -104.865848], [39.574449, -104.865863], [39.574418, -104.865867], [39.574391, -104.86586], [39.574371, -104.865846], [39.574354, -104.865824], [39.574339, -104.865787], [39.574333, -104.865744], [39.574334, -104.865706], [39.574346, -104.865673], [39.574359, -104.865645], [39.574378, -104.865617], [39.574404, -104.865598], [39.574437, -104.865582], [39.574454, -104.865583], [39.574462, -104.865584], [39.574478, -104.865596], [39.574491, -104.865613], [39.574508, -104.865642], [39.57452, -104.865668], [39.574529, -104.865697], [39.57453, -104.865732], [39.574526, -104.865761], [39.574519, -104.865783], [39.574511, -104.865803]]}, "2": {"path": [[39.574699, -104.865839], [39.574866, -104.86875], [39.574457, -104.87044], [39.574423, -104.871659]], "green": [[39.574337, -104.87148], [39.574348, -104.871469], [39.574366, -104.871462], [39.574383, -104.871463], [39.574407, -104.871473], [39.574426, -104.871489], [39.574438, -104.871505], [39.574456, -104.871535], [39.574473, -104.871567], [39.574492, -104.871602], [39.574509, -104.871638], [39.574527, -104.871672], [39.574536, -104.87169], [39.574542, -104.871715], [39.574544, -104.871735], [39.574543, -104.871759], [39.574538, -104.87178], [39.574529, -104.871799], [39.574519, -104.871818], [39.574507, -104.871831], [39.574489, -104.871848], [39.574471, -104.871856], [39.574457, -104.871857], [39.574437, -104.871853], [39.574425, -104.871846], [39.574412, -104.871833], [39.574393, -104.871797], [39.574385, -104.871777], [39.574376, -104.871752], [39.57437, -104.871722], [39.57436, -104.871697], [39.574348, -104.871667], [39.574336, -104.871639], [39.574324, -104.871594], [39.57432, -104.871584], [39.574315, -104.871556], [39.574314, -104.871533], [39.574318, -104.871512], [39.574326, -104.871493], [39.574337, -104.87148]]}, "3": {"path": [[39.591628, -104.853784], [39.590077, -104.853221]], "green": [[39.590049, -104.85331], [39.590069, -104.853325], [39.590085, -104.853336], [39.590111, -104.853353], [39.59013, -104.853364], [39.590148, -104.853368], [39.590162, -104.853367], [39.590178, -104.853363], [39.590191, -104.853348], [39.590199, -104.853333], [39.590204, -104.853315], [39.590207, -104.853292], [39.590205, -104.853273], [39.590195, -104.853239], [39.590184, -104.853211], [39.590181, -104.853202], [39.590171, -104.853179], [39.590163, -104.853153], [39.590152, -104.853131], [39.590141, -104.853118], [39.590123, -104.853106], [39.590089, -104.85309], [39.59006, -104.853077], [39.590038, -104.853068], [39.590012, -104.853063], [39.589994, -104.853063], [39.589974, -104.853068], [39.589958, -104.853075], [39.589945, -104.853088], [39.589935, -104.85311], [39.58993, -104.853137], [39.589934, -104.853166], [39.589946, -104.8532], [39.589959, -104.853227], [39.589969, -104.853251], [39.589987, -104.853277], [39.589998, -104.85329], [39.590019, -104.853304], [39.590034, -104.853307], [39.590049, -104.85331]]}, "4": {"path": [[39.575359, -104.869199], [39.577509, -104.868786], [39.578632, -104.868202]], "green": [[39.578576, -104.868324], [39.578545, -104.868299], [39.578521, -104.868274], [39.578502, -104.868251], [39.578498, -104.868218], [39.578499, -104.868181], [39.578511, -104.868137], [39.578537, -104.868086], [39.578565, -104.868064], [39.578599, -104.868033], [39.578639, -104.868036], [39.578669, -104.868045], [39.578683, -104.868054], [39.57871, -104.868063], [39.578724, -104.868084], [39.578739, -104.868115], [39.57875, -104.868156], [39.578751, -104.868207], [39.578746, -104.868262], [39.578741, -104.868291], [39.578724, -104.868328], [39.578699, -104.868353], [39.578677, -104.868359], [39.578637, -104.868363], [39.578606, -104.868355], [39.578576, -104.868324]]}, "6": {"path": [[39.575523, -104.867843], [39.57487, -104.865005], [39.574053, -104.864402]], "green": [[39.57414, -104.864502], [39.574117, -104.864509], [39.574089, -104.86451], [39.574063, -104.8645], [39.574033, -104.864485], [39.574, -104.864472], [39.573964, -104.864453], [39.573931, -104.864433], [39.573918, -104.864418], [39.573906, -104.864389], [39.573901, -104.864355], [39.573918, -104.864319], [39.573935, -104.864298], [39.573963, -104.864289], [39.574003, -104.864288], [39.574037, -104.864293], [39.574058, -104.864298], [39.574087, -104.864308], [39.57411, -104.864319], [39.574136, -104.864342], [39.574157, -104.864369], [39.574165, -104.864387], [39.574171, -104.864413], [39.574171, -104.864436], [39.574163, -104.864473], [39.574156, -104.864487], [39.57414, -104.864502]]}, "7": {"path": [[39.573466, -104.864658], [39.574156, -104.861718], [39.574652, -104.860178]], "green": [[39.574556, -104.860165], [39.574549, -104.860129], [39.574558, -104.860087], [39.574573, -104.860056], [39.574604, -104.86003], [39.574644, -104.860019], [39.57468, -104.860019], [39.574717, -104.860039], [39.574746, -104.860083], [39.574756, -104.860109], [39.574767, -104.860173], [39.57477, -104.860231], [39.574756, -104.860265], [39.574748, -104.860281], [39.574719, -104.860314], [39.574699, -104.860319], [39.574672, -104.86031], [39.57464, -104.8603], [39.574617, -104.86028], [39.574603, -104.860259], [39.574587, -104.860237], [39.574573, -104.860212], [39.574556, -104.860182], [39.574556, -104.860165]]}, "8": {"path": [[39.574095, -104.860298], [39.573207, -104.861801]], "green": [[39.573274, -104.861872], [39.573263, -104.861894], [39.573242, -104.861922], [39.573212, -104.861942], [39.573176, -104.861962], [39.57314, -104.861965], [39.573113, -104.86196], [39.573094, -104.861939], [39.573075, -104.8619], [39.573073, -104.861849], [39.573081, -104.861798], [39.573093, -104.861761], [39.573112, -104.861723], [39.573139, -104.861697], [39.573166, -104.861681], [39.573193, -104.861672], [39.573207, -104.861672], [39.573233, -104.86166], [39.573257, -104.861659], [39.573279, -104.861666], [39.573299, -104.861686], [39.573306, -104.861709], [39.57331, -104.861742], [39.573312, -104.861771], [39.573298, -104.861798], [39.573291, -104.861818], [39.573281, -104.861851], [39.573274, -104.861872]]}, "9": {"path": [[39.573003, -104.862423], [39.571164, -104.864123], [39.570655, -104.865291]], "green": [[39.570757, -104.865342], [39.570752, -104.865368], [39.570738, -104.865394], [39.570721, -104.865425], [39.570698, -104.865445], [39.570666, -104.86546], [39.570617, -104.865458], [39.570585, -104.865443], [39.570549, -104.865412], [39.570536, -104.865372], [39.570522, -104.865331], [39.570519, -104.865284], [39.570534, -104.865244], [39.570544, -104.865223], [39.570559, -104.865202], [39.57058, -104.86519], [39.5706, -104.86518], [39.570622, -104.865177], [39.570645, -104.865174], [39.570663, -104.865174], [39.570672, -104.865177], [39.570701, -104.86518], [39.570718, -104.865195], [39.570732, -104.865207], [39.570742, -104.865223], [39.570751, -104.865247], [39.570754, -104.865267], [39.570759, -104.865308], [39.570757, -104.865342]]}, "10": {"path": [[39.570347, -104.865895], [39.568583, -104.866684], [39.567289, -104.866239]], "green": [[39.567345, -104.866156], [39.567321, -104.866144], [39.567298, -104.866144], [39.567268, -104.866145], [39.567244, -104.866142], [39.567216, -104.866139], [39.567193, -104.866144], [39.567174, -104.866152], [39.56716, -104.866169], [39.567142, -104.866201], [39.567138, -104.866227], [39.567138, -104.866252], [39.567146, -104.866278], [39.567162, -104.866297], [39.567185, -104.866316], [39.567218, -104.866331], [39.56727, -104.866343], [39.567306, -104.866348], [39.567331, -104.866346], [39.567352, -104.866345], [39.567368, -104.866342], [39.567384, -104.866334], [39.567395, -104.866321], [39.567404, -104.86631], [39.567411, -104.866291], [39.567413, -104.866261], [39.567408, -104.866233], [39.567402, -104.86622], [39.567386, -104.866201], [39.567374, -104.866184], [39.56736, -104.866168], [39.567345, -104.866156]]},