{"holes": {"1": {"path": [[38.31538, -104.581556], [38.317681, -104.581643], [38.318511, -104.581908]], "green": [[38.318406, -104.581861], [38.318401, -104.581824], [38.318417, -104.581794], [38.318446, -104.581768], [38.31848, -104.581766], [38.318519, -104.581784], [38.318583, -104.581828], [38.318621, -104.581876], [38.318639, -104.581907], [38.318641, -104.581946], [38.318638, -104.581984], [38.31861, -104.582026], [38.318577, -104.582046], [38.31854, -104.582056], [38.318505, -104.582041], [38.318478, -104.582012], [38.318465, -104.581973], [38.318438, -104.581916], [38.318414, -104.581881], [38.318406, -104.581861]]}, "2": {"path": [[38.318002, -104.580721], [38.317645, -104.578637], [38.317732, -104.576248]], "green": [[38.317759, -104.576354], [38.317735, -104.576388], [38.317714, -104.576407], [38.317684, -104.576408], [38.317653, -104.576379], [38.31764, -104.576328], [38.317635, -104.576249], [38.317647, -104.576174], [38.317676, -104.576117], [38.317721, -104.576074], [38.317757, -104.576067], [38.317798, -104.576083], [38.317823, -104.576116], [38.317832, -104.57617], [38.31782, -104.576248], [38.317791, -104.576305], [38.317759, -104.576354]]}, "3": {"path": [[38.318259, -104.575623], [38.318285, -104.577678], [38.318581, -104.58038]], "green": [[38.318548, -104.580237], [38.318575, -104.580207], [38.31861, -104.580205], [38.318652, -104.580242], [38.318666, -104.580287], [38.318665, -104.580375], [38.318655, -104.580478], [38.318642, -104.580527], [38.318614, -104.580567], [38.318581, -104.58059], [38.318545, -104.580577], [38.318507, -104.580517], [38.318494, -104.580446], [38.318504, -104.580367], [38.31853, -104.580318], [38.318539, -104.580281], [38.318548, -104.580237]]}, "4": {"path": [[38.318785, -104.582654], [38.318603, -104.585068], [38.31777, -104.586579], [38.316746, -104.586999]], "green": [[38.316834, -104.587028], [38.316772, -104.58711], [38.316731, -104.587126], [38.316696, -104.587116], [38.316663, -104.587078], [38.316626, -104.587003], [38.316613, -104.586944], [38.316629, -104.586904], [38.316663, -104.586882], [38.31683, -104.586893], [38.316854, -104.586918], [38.316854, -104.586963], [38.316847, -104.586995], [38.316834, -104.587028]]}, "5": {"path": [[38.318338, -104.587835], [38.319162, -104.58587], [38.319248, -104.582754]], "green": [[38.319327, -104.582858], [38.319326, -104.582779], [38.319299, -104.582625], [38.319273, -104.582579], [38.319231, -104.582549], [38.319197, -104.58255], [38.319174, -104.582568], [38.319164, -104.582604], [38.319167, -104.582665], [38.319192, -104.582737], [38.319206, -104.582836], [38.319212, -104.58289], [38.319232, -104.582931], [38.319268, -104.582946], [38.319303, -104.582931], [38.31932, -104.582907], [38.319327, -104.582858]]}, "6": {"path": [[38.319484, -104.582226], [38.319043, -104.580587], [38.319094, -104.580219]], "green": [[38.31912, -104.580402], [38.319147, -104.580343], [38.319156, -104.580293], [38.319188, -104.580228], [38.3192, -104.580173], [38.319192, -104.580105], [38.319161, -104.580042], [38.319132, -104.580003], [38.319093, -104.579994], [38.319055, -104.580009], [38.319025, -104.580044], [38.319014, -104.580091], [38.319019, -104.580146], [38.319034, -104.580196], [38.319035, -104.580247], [38.319026, -104.580297], [38.319028, -104.580349], [38.31905, -104.580395], [38.319081, -104.580419], [38.319104, -104.580414], [38.31912, -104.580402]]}, "7": {"path": [[38.31918, -104.579643], [38.318886, -104.577319], [38.31924, -104.574912]], "green": [[38.319342, -104.574965], [38.319334, -104.57501], [38.319313, -104.575047], [38.319287, -104.575074], [38.319245, -104.57507], [38.319202, -104.575033], [38.319173, -104.574984], [38.319156, -104.574934], [38.31914, -104.574873], [38.319128, -104.574817], [38.319135, -104.574759], [38.319167, -104.574722], [38.319209, -104.574726], [38.31927, -104.574783], [38.31931, -104.574831], [38.319334, -104.574904], [38.319342, -104.574965]]}, "8": {"path": [[38.318494, -104.574774], [38.316963, -104.575805]], "green": [[38.317093, -104.575837], [38.317067, -104.575898], [38.317032, -104.575941], [38.316983, -104.575945], [38.316914, -104.575921], [38.316855, -104.575884], [38.316822, -104.575841], [38.316804, -104.575798], [38.316821, -104.575756], [38.316844, -104.575724], [38.316879, -104.575707], [38.316918, -104.575712], [38.316961, -104.57571], [38.317009, -104.575703], [38.317056, -104.575722], [38.317087, -104.575757], [38.317092, -104.57579], [38.317093, -104.575837]]}, "9": {"path": [[38.316847, -104.576479], [38.316772, -104.57884], [38.316946, -104.580222]], "green": [[38.317033, -104.580159], [38.316981, -104.580144], [38.316932, -104.580128], [38.316891, -104.580125], [38.316852, -104.580134], [38.31683, -104.580155], [38.316829, -104.58019], [38.31684, -104.580231], [38.316869, -104.580278], [38.316896, -104.580334], [38.316924, -104.580366], [38.316963, -104.580373], [38.316992, -104.580346], [38.317027, -104.580265], [38.317041, -104.580237], [38.317051, -104.580198], [38.317047, -104.580173], [38.317033, -104.580159]]}, "10": {"path": [[38.315155, -104.582072], [38.314418, -104.584288], [38.31368, -104.585388], [38.313409, -104.58607]], "green": [[38.313503, -104.586001], [38.313481, -104.585963], [38.313451, -104.585936], [38.313406, -104.585927], [38.313363, -104.585929], [38.31333, -104.585945], [38.313307, -104.585982], [38.313292, -104.586046], [38.313297, -104.58612], [38.313323, -104.58621], [38.313358, -104.586252], [38.313409, -104.586264], [38.313449, -104.586247], [38.313472, -104.586187], [38.313498, -104.586112], [38.313509, -104.586062], [38.313503, -104.586001]]}, "11": {"path": [[38.314009, -104.585882], [38.315184, -104.584648], [38.316153, -104.584014], [38.317449, -104.583756]], "green": [[38.317444, -104.58387], [38.317403, -104.583894], [38.317375, -104.583895], [38.317345, -104.583887], [38.31732, -104.583859], [38.317313, -104.583813], [38.31733, -104.583761], [38.317359, -104.583697], [38.317399, -104.583633], [38.31743, -104.583602], [38.317477, -104.583595], [38.317524, -104.583601], [38.31757, -104.583626], [38.317587, -104.583658], [38.317593, -104.583701], [38.31758, -104.583747], [38.317551, -104.583806], [38.317489, -104.58384], [38.317444, -104.58387]]}, "12": {"path": [[38.318295, -104.583645], [38.317337, -104.585102]], "green": [[38.317439, -104.585005], [38.317415, -104.584973], [38.317374, -104.58496], [38.317322, -104.584967], [38.317289, -104.584982], [38.31725, -104.585001], [38.317227, -104.58504], [38.317212, -104.585111], [38.317208, -104.585172], [38.317225, -104.585241], [38.31726, -104.585274], [38.317302, -104.58527], [38.31734, -104.585243], [38.317372, -104.585217], [38.317405, -104.585194], [38.317428, -104.585157], [38.31745, -104.585083], [38.317452, -104.585043], [38.317439, -104.585005]]}, "13": {"path": [[38.317045, -104.584656], [38.315375, -104.585929], [38.313762, -104.587631]], "green": [[38.313779, -104.587763], [38.313752, -104.587801], [38.31372, -104.58783], [38.313683, -104.587826], [38.313645, -104.587782], [38.313635, -104.587718], [38.313663, -104.587629], [38.313691, -104.587576], [38.313729, -104.58749], [38.313763, -104.587443], [38.313799, -104.587423], [38.313839, -104.587432], [38.31386, -104.587469], [38.313862, -104.587515], [38.31385, -104.587573], [38.313825, -104.587608], [38.313809, -104.587639], [38.313791, -104.587716], [38.313779, -104.587763]]}, "14": {"path": [[38.313626, -104.588024], [38.311936, -104.587777], [38.309996, -104.587886]], "green": [[38.310138, -104.587821], [38.310098, -104.587769], [38.310053, -104.587749], [38.309995, -104.587747], [38.309952, -104.587788], [38.309912, -104.587841], [38.309879, -104.587883], [38.309857, -104.587925], [38.309859, -104.58799], [38.309891, -104.588041], [38.309939, -104.588042], [38.309974, -104.588008], [38.310026, -104.587962], [38.310086, -104.587922], [38.310134, -104.58787], [38.310138, -104.587821]]},