{"holes": {"1": {"path": [[39.715749, -104.84097], [39.714965, -104.838824], [39.713829, -104.838302]], "green": [[39.71394, -104.838281], [39.713924, -104.838246], [39.713905, -104.838222], [39.713884, -104.838203], [39.713856, -104.838187], [39.713829, -104.838176], [39.7138, -104.838174], [39.713771, -104.838182], [39.713746, -104.838193], [39.713723, -104.838214], [39.713709, -104.838246], [39.713705, -104.838276], [39.713707, -104.838308], [39.713715, -104.838348], [39.713726, -104.838378], [39.713742, -104.838404], [39.713767, -104.838423], [39.713794, -104.838431], [39.713839, -104.838431], [39.713878, -104.838423], [39.713903, -104.83841], [39.713924, -104.838394], [39.713938, -104.838367], [39.713944, -104.838335], [39.713946, -104.838311], [39.71394, -104.838281]]}, "2": {"path": [[39.713162, -104.837493], [39.713401, -104.84009], [39.713261, -104.842859]], "green": [[39.713158, -104.842913], [39.713166, -104.842951], [39.713181, -104.84298], [39.713199, -104.843007], [39.713222, -104.843023], [39.713245, -104.843031], [39.713267, -104.843031], [39.713288, -104.84302], [39.713305, -104.843004], [39.713321, -104.84298], [39.71335, -104.842916], [39.713362, -104.842881], [39.713371, -104.842843], [39.713373, -104.842803], [39.713369, -104.84276], [39.713358, -104.842728], [39.71334, -104.842701], [39.713321, -104.842688], [39.713296, -104.84268], [39.713272, -104.842682], [39.713251, -104.842693], [39.713214, -104.842725], [39.713187, -104.84276], [39.713172, -104.842787], [39.713158, -104.842827], [39.713154, -104.84287], [39.713158, -104.842913]]}, "3": {"path": [[39.713484, -104.843239], [39.714514, -104.841884]], "green": [[39.71445, -104.841999], [39.714472, -104.842028], [39.714493, -104.842039], [39.714522, -104.842039], [39.714549, -104.842033], [39.714569, -104.842017], [39.714592, -104.841982], [39.714609, -104.841926], [39.714615, -104.841878], [39.714613, -104.84183], [39.714602, -104.841787], [39.714584, -104.841749], [39.714561, -104.841725], [39.714536, -104.841717], [39.714509, -104.84172], [39.714481, -104.841736], [39.714458, -104.841763], [39.714441, -104.841795], [39.714433, -104.84183], [39.714429, -104.84187], [39.714429, -104.841918], [39.714435, -104.841961], [39.71445, -104.841999]]}, "4": {"path": [[39.714883, -104.842005], [39.714057, -104.843851], [39.712068, -104.84367]], "green": [[39.711953, -104.84371], [39.711961, -104.843739], [39.711974, -104.843758], [39.711986, -104.843774], [39.712007, -104.84379], [39.712032, -104.843801], [39.71206, -104.843806], [39.712085, -104.843806], [39.71211, -104.843801], [39.712133, -104.84379], [39.712159, -104.843766], [39.712201, -104.843712], [39.712215, -104.843683], [39.712221, -104.843654], [39.712221, -104.843624], [39.712215, -104.843594], [39.712201, -104.843573], [39.712174, -104.843554], [39.712131, -104.843533], [39.712095, -104.843527], [39.712067, -104.843525], [39.712036, -104.84353], [39.712009, -104.843543], [39.711982, -104.843565], [39.711959, -104.843594], [39.711949, -104.843621], [39.711947, -104.843654], [39.711947, -104.84368], [39.711953, -104.84371]]}, "5": {"path": [[39.711816, -104.84422], [39.713496, -104.844596], [39.714851, -104.845316]], "green": [[39.714928, -104.845443], [39.714951, -104.845416], [39.714963, -104.845386], [39.714965, -104.845349], [39.714961, -104.845308], [39.714949, -104.84526], [39.714928, -104.84522], [39.714904, -104.84519], [39.714875, -104.845172], [39.71484, -104.845163], [39.714813, -104.845163], [39.714788, -104.845169], [39.714761, -104.845185], [39.714745, -104.845207], [39.714734, -104.845233], [39.71473, -104.845268], [39.714737, -104.845306], [39.714751, -104.845349], [39.714776, -104.845405], [39.714796, -104.845434], [39.714821, -104.845456], [39.71485, -104.845461], [39.714877, -104.845461], [39.714906, -104.845456], [39.714928, -104.845443]]}, "6": {"path": [[39.71525, -104.845883], [39.711994, -104.844923]], "green": [[39.711873, -104.844941], [39.711877, -104.844974], [39.711885, -104.845003], [39.711895, -104.845027], [39.711914, -104.845045], [39.711934, -104.845059], [39.711957, -104.845064], [39.71198, -104.845064], [39.712011, -104.845059], [39.712046, -104.845045], [39.712089, -104.845019], [39.712118, -104.844989], [39.712137, -104.844954], [39.712145, -104.844922], [39.712149, -104.844871], [39.712143, -104.844831], [39.712131, -104.844807], [39.712102, -104.84478], [39.712069, -104.844767], [39.712025, -104.844761], [39.711984, -104.844772], [39.711937, -104.844793], [39.71191, -104.844815], [39.711891, -104.844839], [39.711881, -104.844869], [39.711875, -104.844901], [39.711873, -104.844941]]}, "7": {"path": [[39.711433, -104.844177], [39.711619, -104.846158]], "green": [[39.711664, -104.846293], [39.71172, -104.846177], [39.711734, -104.846137], [39.711741, -104.846102], [39.711739, -104.846067], [39.711724, -104.846035], [39.711691, -104.845998], [39.711662, -104.845976], [39.711639, -104.845968], [39.711617, -104.845966], [39.711596, -104.845976], [39.71158, -104.845992], [39.711563, -104.846022], [39.711547, -104.846078], [39.711516, -104.846193], [39.711512, -104.846228], [39.711512, -104.846261], [39.711518, -104.846293], [39.711532, -104.846325], [39.711555, -104.846352], [39.711582, -104.84636], [39.711608, -104.846357], [39.711629, -104.846341], [39.711664, -104.846293]]}, "8": {"path": [[39.711416, -104.846779], [39.713294, -104.846323], [39.715347, -104.846689]], "green": [[39.715223, -104.846725], [39.715244, -104.846768], [39.715277, -104.846808], [39.715308, -104.846832], [39.715335, -104.846843], [39.71536, -104.846845], [39.715386, -104.846837], [39.715434, -104.846805], [39.715461, -104.846778], [39.715473, -104.846749], [39.715479, -104.846711], [39.715479, -104.846676], [39.715473, -104.846637], [39.715459, -104.846607], [39.715434, -104.846574], [39.715411, -104.846558], [39.715393, -104.84655], [39.715366, -104.846545], [39.715341, -104.84655], [39.715298, -104.846572], [39.715265, -104.846596], [39.715242, -104.84662], [39.71523, -104.846641], [39.715221, -104.846668], [39.715219, -104.846695], [39.715223, -104.846725]]}, "9": {"path": [[39.715555, -104.846162], [39.715217, -104.843657], [39.715296, -104.842125]], "green": [[39.715366, -104.84224], [39.715389, -104.842173], [39.715399, -104.842111], [39.715399, -104.842066], [39.715393, -104.842025], [39.715378, -104.84199], [39.715356, -104.841961], [39.715331, -104.841948], [39.715302, -104.841945], [39.715275, -104.841953], [39.715246, -104.841969], [39.715221, -104.841993], [39.715205, -104.842033], [39.715193, -104.842084], [39.71519, -104.84213], [39.715197, -104.842184], [39.715209, -104.84224], [39.715221, -104.842272], [39.715242, -104.842291], [39.715265, -104.842299], [39.715291, -104.842296], [39.71532, -104.842286], [39.715345, -104.842269], [39.715366, -104.84224]]}, "10": {"path": [[39.716248, -104.84149], [39.717849, -104.84076], [39.71787, -104.838185], [39.717664, -104.837067]], "green": [[39.717753, -104.837149], [39.717784, -104.837077], [39.717792, -104.837045], [39.717794, -104.837018], [39.71779, -104.836991], [39.717782, -104.836967], [39.717765, -104.836943], [39.717745, -104.836927], [39.717724, -104.836916], [39.717699, -104.83691], [39.717672, -104.836908], [39.71765, -104.836913], [39.717621, -104.836927], [39.71758, -104.836959], [39.717559, -104.836983], [39.717547, -104.83701], [39.717536, -104.837036], [39.717534, -104.837074], [39.717538, -104.837109], [39.717545, -104.837144], [39.717557, -104.837181], [39.717577, -104.837211], [39.717598, -104.83723], [39.717623, -104.83724], [39.717652, -104.837243], [39.717677, -104.83724], [39.717697, -104.83723], [39.717716, -104.837211], [39.717753, -104.837149]]}, "11": {"path": [[39.717589, -104.836243], [39.717982, -104.834549]],