{"holes": {"3": {"path": [[39.66572, -104.879687], [39.665078, -104.87794]], "green": [[39.665175, -104.877927], [39.665168, -104.877963], [39.665165, -104.877996], [39.665166, -104.87803], [39.665168, -104.878054], [39.665164, -104.878075], [39.665156, -104.878092], [39.665146, -104.878102], [39.665134, -104.878109], [39.665117, -104.878109], [39.665093, -104.878105], [39.665068, -104.878093], [39.665042, -104.87807], [39.665024, -104.878051], [39.665006, -104.87802], [39.664994, -104.877982], [39.664985, -104.877955], [39.664968, -104.877928], [39.66495, -104.877905], [39.664938, -104.877886], [39.664933, -104.877871], [39.664933, -104.877857], [39.664938, -104.877841], [39.664948, -104.877826], [39.66496, -104.877815], [39.664979, -104.87781], [39.665031, -104.877813], [39.665074, -104.877813], [39.665111, -104.877811], [39.665135, -104.877811], [39.665155, -104.877818], [39.665167, -104.877827], [39.665174, -104.877843], [39.665178, -104.877858], [39.66518, -104.877878], [39.66518, -104.877897], [39.665175, -104.877927]]}, "5": {"path": [[39.669184, -104.877238], [39.667548, -104.877858], [39.666145, -104.878158], [39.665681, -104.877947]], "green": [[39.665752, -104.878081], [39.665708, -104.878066], [39.665692, -104.878063], [39.665674, -104.878062], [39.665653, -104.878062], [39.665639, -104.878062], [39.665626, -104.878058], [39.665613, -104.878051], [39.665602, -104.878039], [39.665594, -104.878023], [39.665588, -104.878007], [39.665582, -104.877977], [39.665571, -104.877927], [39.665565, -104.877902], [39.665556, -104.877877], [39.665547, -104.877853], [39.665545, -104.877837], [39.665544, -104.877818], [39.665548, -104.877792], [39.665555, -104.877776], [39.665567, -104.877764], [39.665584, -104.877756], [39.6656, -104.877756], [39.665623, -104.87776], [39.665641, -104.87777], [39.665661, -104.87779], [39.665681, -104.877814], [39.665703, -104.877851], [39.665721, -104.87788], [39.665738, -104.877896], [39.665767, -104.877917], [39.665794, -104.877935], [39.665812, -104.877948], [39.665824, -104.877963], [39.665832, -104.877979], [39.665837, -104.878], [39.665835, -104.878022], [39.66583, -104.878043], [39.665823, -104.878062], [39.665814, -104.878074], [39.665802, -104.878083], [39.665787, -104.878087], [39.665774, -104.878086], [39.665752, -104.878081]]}, "6": {"path": [[39.665637, -104.878743], [39.668814, -104.877917]], "green": [[39.668944, -104.878045], [39.668936, -104.878057], [39.668924, -104.878063], [39.668912, -104.878066], [39.668898, -104.878066], [39.668882, -104.878061], [39.668871, -104.878052], [39.668838, -104.878031], [39.668817, -104.878019], [39.668783, -104.878008], [39.668735, -104.877989], [39.668715, -104.877979], [39.668699, -104.877964], [39.668687, -104.877944], [39.668677, -104.877924], [39.668672, -104.877906], [39.668666, -104.877884], [39.668665, -104.877863], [39.668667, -104.877843], [39.668672, -104.877825], [39.668683, -104.877809], [39.668696, -104.877796], [39.668713, -104.87779], [39.668731, -104.87779], [39.668756, -104.877792], [39.668775, -104.877802], [39.668792, -104.877809], [39.668811, -104.877807], [39.668843, -104.877799], [39.668861, -104.877796], [39.66888, -104.877798], [39.668898, -104.877807], [39.668909, -104.877819], [39.668917, -104.877841], [39.668922, -104.877871], [39.668926, -104.877909], [39.668944, -104.877983], [39.668948, -104.878003], [39.668948, -104.878023], [39.668944, -104.878045]]}, "7": {"path": [[39.669292, -104.87953], [39.668814, -104.877917]], "green": [[39.668944, -104.878045], [39.668936, -104.878057], [39.668924, -104.878063], [39.668912, -104.878066], [39.668898, -104.878066], [39.668882, -104.878061], [39.668871, -104.878052], [39.668838, -104.878031], [39.668817, -104.878019], [39.668783, -104.878008], [39.668735, -104.877989], [39.668715, -104.877979], [39.668699, -104.877964], [39.668687, -104.877944], [39.668677, -104.877924], [39.668672, -104.877906], [39.668666, -104.877884], [39.668665, -104.877863], [39.668667, -104.877843], [39.668672, -104.877825], [39.668683, -104.877809], [39.668696, -104.877796], [39.668713, -104.87779], [39.668731, -104.87779], [39.668756, -104.877792], [39.668775, -104.877802], [39.668792, -104.877809], [39.668811, -104.877807], [39.668843, -104.877799], [39.668861, -104.877796], [39.66888, -104.877798], [39.668898, -104.877807], [39.668909, -104.877819], [39.668917, -104.877841], [39.668922, -104.877871], [39.668926, -104.877909], [39.668944, -104.877983], [39.668948, -104.878003], [39.668948, -104.878023], [39.668944, -104.878045]]}, "13": {"path": [[39.671233, -104.877294], [39.669281, -104.876908]], "green": [[39.669306, -104.876797], [39.669323, -104.876836], [39.669342, -104.876871], [39.669367, -104.876902], [39.669386, -104.876923], [39.669402, -104.876947], [39.669412, -104.876966], [39.669414, -104.876984], [39.669414, -104.877004], [39.669409, -104.877029], [39.669398, -104.877052], [39.669383, -104.877078], [39.669366, -104.877092], [39.669349, -104.877102], [39.669325, -104.877107], [39.669292, -104.877108], [39.669267, -104.877104], [39.669246, -104.877098], [39.669225, -104.877084], [39.669209, -104.877067], [39.669197, -104.877043], [39.669186, -104.877004], [39.669175, -104.876918], [39.669168, -104.876848], [39.669162, -104.876785], [39.669163, -104.876756], [39.669164, -104.876737], [39.669171, -104.876719], [39.669182, -104.876706], [39.669198, -104.876699], [39.669211, -104.876697], [39.669226, -104.876697], [39.669238, -104.8767], [39.669256, -104.87671], [39.669271, -104.876732], [39.669306, -104.876797]]}, "17": {"path": [[39.667392, -104.884107], [39.668712, -104.885502]], "green": [[39.668771, -104.885549], [39.668782, -104.885594], [39.668787, -104.885627], [39.668787, -104.885653], [39.668785, -104.885671], [39.668778, -104.885688], [39.668768, -104.885698], [39.668751, -104.885705], [39.668735, -104.885708], [39.668717, -104.885706], [39.668704, -104.885701], [39.668693, -104.885693], [39.668682, -104.885677], [39.668676, -104.885653], [39.668659, -104.885586], [39.668648, -104.885544], [39.668636, -104.885516], [39.668629, -104.885485], [39.668623, -104.885446], [39.668621, -104.885378], [39.668627, -104.885331], [39.668634, -104.885312], [39.668644, -104.885297], [39.668655, -104.885289], [39.668669, -104.885288], [39.668684, -104.885292], [39.668701, -104.885299], [39.668717, -104.885313], [39.668733, -104.885337], [39.668746, -104.885362], [39.668752, -104.885378], [39.668756, -104.885398], [39.668755, -104.885419], [39.668753, -104.88545], [39.668753, -104.885477], [39.668757, -104.885504], [39.668771, -104.885549]]}, "18": {"path": [[39.668759, -104.886006], [39.671107, -104.88585], [39.672251, -104.886075]], "green": [[39.672364, -104.886029], [39.672331, -104.886062], [39.672305, -104.886098], [39.672283, -104.886138], [39.672258, -104.886197], [39.672236, -104.886237], [39.672218, -104.886259], [39.6722, -104.886272], [39.672182, -104.886276], [39.672163, -104.886278], [39.672138, -104.886268], [39.672115, -104.88625], [39.6721, -104.886228], [39.672087, -104.886202], [39.672084, -104.886176], [39.672087, -104.886146], [39.672095, -104.886122], [39.672109, -104.886102], [39.672141, -104.886075], [39.672174, -104.886045], [39.672204, -104.886007], [39.672305, -104.88587], [39.672326, -104.885854], [39.672344, -104.88585], [39.672361, -104.885853], [39.672378, -104.885863], [39.672391, -104.885885], [39.672397, -104.885909], [39.672399, -104.885934], [39.672394, -104.885968], [39.672388, -104.885992], [39.672378, -104.886011], [39.672364, -104.886029]]}}}