{"holes": {"1": {"path": [[39.584669, -107.519657], [39.58623, -107.51754], [39.588497, -107.518681]], "green": [[39.588591, -107.518736], [39.588583, -107.518771], [39.588564, -107.518807], [39.588546, -107.518821], [39.588528, -107.518827], [39.588503, -107.518823], [39.588465, -107.518802], [39.588439, -107.518785], [39.58842, -107.518763], [39.588408, -107.518737], [39.588399, -107.518703], [39.588394, -107.518673], [39.588395, -107.518653], [39.5884, -107.518618], [39.588406, -107.518594], [39.588416, -107.518572], [39.588429, -107.518556], [39.588455, -107.518544], [39.588492, -107.518544], [39.588528, -107.518559], [39.588547, -107.518571], [39.588565, -107.518591], [39.58858, -107.518611], [39.58859, -107.518634], [39.588596, -107.518661], [39.588595, -107.518699], [39.588591, -107.518736]]}, "2": {"path": [[39.587744, -107.519046], [39.589807, -107.519493], [39.590678, -107.520152]], "green": [[39.590762, -107.520082], [39.590784, -107.5201], [39.590797, -107.520121], [39.590807, -107.520158], [39.590809, -107.520194], [39.5908, -107.520227], [39.590784, -107.520256], [39.590754, -107.520285], [39.590711, -107.520297], [39.590678, -107.520302], [39.590652, -107.520294], [39.590625, -107.520278], [39.590594, -107.520241], [39.590574, -107.52021], [39.590557, -107.520176], [39.590549, -107.520145], [39.590542, -107.520121], [39.590547, -107.520088], [39.590561, -107.520062], [39.590586, -107.520056], [39.59061, -107.520056], [39.590622, -107.520056], [39.590657, -107.520051], [39.590694, -107.520045], [39.590732, -107.52006], [39.590748, -107.520068], [39.590762, -107.520082]]}, "3": {"path": [[39.59088, -107.51936], [39.591339, -107.520937]], "green": [[39.591477, -107.520897], [39.591487, -107.520933], [39.591492, -107.520963], [39.591484, -107.520995], [39.591469, -107.521027], [39.591453, -107.521055], [39.591444, -107.521089], [39.591432, -107.521117], [39.591399, -107.521147], [39.591345, -107.521151], [39.591303, -107.52115], [39.591275, -107.521139], [39.591248, -107.521111], [39.591238, -107.521087], [39.591224, -107.521063], [39.591194, -107.521052], [39.591168, -107.521037], [39.59114, -107.521015], [39.591125, -107.520985], [39.591117, -107.52096], [39.591125, -107.52092], [39.59114, -107.520901], [39.591168, -107.520879], [39.591215, -107.520886], [39.591257, -107.520902], [39.591291, -107.520914], [39.591327, -107.520896], [39.591345, -107.52086], [39.591364, -107.520787], [39.591378, -107.520754], [39.591396, -107.520718], [39.591414, -107.520702], [39.591431, -107.520696], [39.591455, -107.520704], [39.591476, -107.520726], [39.591487, -107.520767], [39.591484, -107.520812], [39.591472, -107.520864], [39.591477, -107.520897]]}, "4": {"path": [[39.591095, -107.521504], [39.593057, -107.521686], [39.594748, -107.521349], [39.595237, -107.521876]], "green": [[39.595322, -107.521831], [39.595335, -107.521853], [39.595345, -107.521886], [39.59535, -107.521917], [39.595346, -107.521953], [39.595331, -107.521974], [39.5953, -107.521997], [39.595278, -107.522008], [39.595246, -107.522011], [39.595219, -107.522011], [39.595177, -107.522], [39.595143, -107.521964], [39.595128, -107.521933], [39.595122, -107.521901], [39.59512, -107.521868], [39.595123, -107.521835], [39.595132, -107.521807], [39.59514, -107.521795], [39.595164, -107.521766], [39.595191, -107.521755], [39.595219, -107.521753], [39.595248, -107.521757], [39.595274, -107.52177], [39.595291, -107.521784], [39.595307, -107.521803], [39.595322, -107.521831]]}, "5": {"path": [[39.596126, -107.52276], [39.593784, -107.523874], [39.59222, -107.524095], [39.591426, -107.523761]], "green": [[39.591432, -107.523652], [39.59146, -107.523684], [39.591476, -107.523705], [39.591487, -107.523718], [39.59152, -107.523744], [39.591541, -107.523762], [39.591565, -107.523783], [39.591578, -107.523829], [39.591573, -107.523853], [39.59155, -107.523884], [39.591526, -107.523896], [39.5915, -107.523895], [39.591472, -107.52389], [39.591443, -107.523882], [39.591414, -107.523868], [39.591389, -107.523857], [39.591356, -107.523838], [39.591333, -107.52382], [39.591313, -107.523793], [39.591301, -107.52377], [39.591291, -107.523728], [39.591291, -107.5237], [39.591301, -107.523668], [39.591313, -107.52365], [39.591336, -107.523639], [39.591358, -107.523633], [39.591383, -107.523631], [39.591411, -107.523638], [39.591432, -107.523652]]}, "6": {"path": [[39.590831, -107.523626], [39.589186, -107.521765], [39.588179, -107.521483]], "green": [[39.588287, -107.521487], [39.588271, -107.521496], [39.588252, -107.521507], [39.588222, -107.521522], [39.588196, -107.521542], [39.58817, -107.521565], [39.588137, -107.521601], [39.588108, -107.521633], [39.588093, -107.521643], [39.588057, -107.521648], [39.588026, -107.521618], [39.588018, -107.521573], [39.588017, -107.521526], [39.588037, -107.52146], [39.588062, -107.521411], [39.588092, -107.521377], [39.588134, -107.521345], [39.588176, -107.521333], [39.588221, -107.521336], [39.58826, -107.521351], [39.588284, -107.521371], [39.588301, -107.521393], [39.588313, -107.521421], [39.588313, -107.521444], [39.58831, -107.521464], [39.588287, -107.521487]]}, "7": {"path": [[39.587301, -107.521711], [39.588973, -107.522591]], "green": [[39.589055, -107.522658], [39.589035, -107.522694], [39.588992, -107.522718], [39.588961, -107.522723], [39.588932, -107.522712], [39.588909, -107.522695], [39.588888, -107.522666], [39.588872, -107.522611], [39.588877, -107.522551], [39.588893, -107.52251], [39.588914, -107.522481], [39.588951, -107.522469], [39.588977, -107.522469], [39.588991, -107.522469], [39.589021, -107.522483], [39.589042, -107.522508], [39.58906, -107.52255], [39.589066, -107.522603], [39.589055, -107.522658]]}, "8": {"path": [[39.589124, -107.523244], [39.58732, -107.522576], [39.586487, -107.521842]], "green": [[39.586534, -107.521942], [39.586559, -107.52193], [39.586577, -107.521921], [39.586596, -107.521908], [39.586616, -107.521876], [39.586624, -107.521851], [39.586618, -107.521825], [39.586597, -107.521785], [39.58657, -107.521764], [39.586542, -107.52175], [39.586519, -107.521747], [39.586499, -107.521747], [39.58648, -107.521741], [39.586461, -107.521732], [39.586442, -107.521727], [39.586405, -107.52173], [39.586384, -107.521742], [39.586372, -107.521756], [39.586367, -107.52178], [39.586368, -107.521807], [39.586378, -107.521833], [39.586393, -107.521857], [39.586409, -107.521885], [39.586421, -107.521917], [39.586434, -107.521942], [39.58645, -107.521955], [39.586463, -107.521966], [39.586498, -107.521962], [39.586514, -107.521952], [39.586534, -107.521942]]}, "9": {"path": [[39.586608, -107.521024], [39.584925, -107.521253]], "green": [[39.584966, -107.521317], [39.58499, -107.521293], [39.585027, -107.521284], [39.585064, -107.521276], [39.585088, -107.521261], [39.585096, -107.521236], [39.585094, -107.521206], [39.58508, -107.521182], [39.585055, -107.521165], [39.58502, -107.521156], [39.584989, -107.521145], [39.584964, -107.521135], [39.58494, -107.521114], [39.584913, -107.521108], [39.584856, -107.521123], [39.584832, -107.521133], [39.584808, -107.521159], [39.584792, -107.521197], [39.58478, -107.52124], [39.584775, -107.521275], [39.584774, -107.521302], [39.584779, -107.521336], [39.584792, -107.521356], [39.584817, -107.521364], [39.584848, -107.521361], [39.584876, -107.521361], [39.584896, -107.521368], [39.584913, -107.521364], [39.584931, -107.521356], [39.584946, -107.52134], [39.584966, -107.521317]]}, "10": {"path": [[39.584452, -107.519529], [39.5856, -107.517229], [39.585788, -107.515674]],