{"holes": {"1": {"path": [[41.671962, -71.633654], [41.671013, -71.630396]], "green": [[41.671065, -71.630402], [41.671049, -71.630354], [41.671042, -71.630328], [41.671034, -71.630284], [41.671032, -71.630256], [41.671024, -71.630231], [41.671011, -71.630214], [41.670997, -71.630202], [41.67098, -71.630199], [41.670966, -71.630205], [41.670954, -71.630215], [41.670942, -71.630233], [41.670934, -71.630258], [41.670929, -71.630281], [41.670931, -71.630311], [41.670938, -71.630344], [41.670956, -71.630417], [41.670966, -71.630462], [41.670976, -71.630488], [41.670981, -71.630497], [41.670989, -71.630514], [41.671, -71.630527], [41.671008, -71.630538], [41.671021, -71.630547], [41.671031, -71.630553], [41.671045, -71.630552], [41.671056, -71.630552], [41.671064, -71.630547], [41.671074, -71.630535], [41.671079, -71.630522], [41.671082, -71.630504], [41.671083, -71.630483], [41.671081, -71.63046], [41.671074, -71.630433], [41.671065, -71.630402]]}, "2": {"path": [[41.670882, -71.630065], [41.669625, -71.627431]], "green": [[41.6697, -71.627464], [41.669698, -71.627485], [41.669693, -71.6275], [41.669685, -71.627524], [41.669672, -71.627539], [41.669655, -71.627549], [41.66964, -71.627551], [41.669624, -71.627544], [41.669613, -71.627538], [41.669604, -71.627529], [41.669587, -71.627508], [41.669551, -71.627449], [41.669537, -71.627421], [41.669533, -71.627401], [41.669535, -71.62738], [41.669539, -71.627363], [41.669551, -71.627342], [41.669568, -71.627323], [41.669585, -71.627308], [41.669606, -71.627297], [41.669623, -71.627298], [41.669641, -71.627311], [41.669656, -71.627331], [41.669676, -71.627369], [41.669693, -71.62741], [41.669698, -71.627433], [41.6697, -71.627464]]}, "3": {"path": [[41.669319, -71.626449], [41.66872, -71.628057]], "green": [[41.668808, -71.628044], [41.668805, -71.628074], [41.668797, -71.628103], [41.668785, -71.628127], [41.668771, -71.628146], [41.668764, -71.62815], [41.668751, -71.628156], [41.668737, -71.628161], [41.668717, -71.628162], [41.668689, -71.628161], [41.668671, -71.628158], [41.668647, -71.628146], [41.668636, -71.62813], [41.668629, -71.62811], [41.668627, -71.628089], [41.66863, -71.628063], [41.668636, -71.628035], [41.668645, -71.628011], [41.668654, -71.627987], [41.668664, -71.627969], [41.668677, -71.627958], [41.668692, -71.627945], [41.668714, -71.627939], [41.668733, -71.627939], [41.668751, -71.627944], [41.668772, -71.627961], [41.668785, -71.627976], [41.668798, -71.627993], [41.668804, -71.628017], [41.668808, -71.628044]]}, "4": {"path": [[41.668808, -71.626955], [41.669985, -71.62918], [41.670836, -71.632019]], "green": [[41.670909, -71.632065], [41.670909, -71.632087], [41.670906, -71.632105], [41.670898, -71.632122], [41.670884, -71.632135], [41.670875, -71.63214], [41.670859, -71.632146], [41.670844, -71.632147], [41.670825, -71.632141], [41.67081, -71.63213], [41.67079, -71.632111], [41.670775, -71.632078], [41.670763, -71.632044], [41.670758, -71.632017], [41.670756, -71.631988], [41.670758, -71.631971], [41.670762, -71.631954], [41.670771, -71.631935], [41.670783, -71.631918], [41.670797, -71.631903], [41.670813, -71.631897], [41.670834, -71.631892], [41.670849, -71.631897], [41.670865, -71.631903], [41.670878, -71.631911], [41.670884, -71.631922], [41.670892, -71.631941], [41.670902, -71.631997], [41.670909, -71.632065]]}, "5": {"path": [[41.670271, -71.632048], [41.669506, -71.629717], [41.668763, -71.628682]], "green": [[41.668861, -71.628722], [41.668858, -71.628744], [41.668849, -71.628762], [41.668839, -71.62878], [41.668827, -71.628793], [41.668812, -71.6288], [41.668795, -71.628802], [41.668776, -71.628795], [41.66876, -71.628784], [41.66874, -71.62877], [41.668724, -71.628753], [41.668708, -71.628729], [41.668695, -71.628708], [41.668687, -71.628685], [41.668682, -71.628667], [41.668679, -71.628652], [41.668677, -71.628632], [41.668678, -71.62861], [41.668685, -71.628591], [41.668696, -71.628572], [41.668704, -71.628563], [41.668712, -71.62856], [41.668731, -71.628561], [41.668752, -71.628562], [41.668773, -71.628571], [41.668797, -71.62859], [41.668826, -71.628625], [41.668846, -71.628659], [41.668858, -71.628701], [41.668861, -71.628722]]}, "6": {"path": [[41.66841, -71.629104], [41.668057, -71.632487], [41.667627, -71.634456]], "green": [[41.667711, -71.634448], [41.667712, -71.634465], [41.667707, -71.634488], [41.667698, -71.634517], [41.667684, -71.63454], [41.66767, -71.634554], [41.667651, -71.634563], [41.667636, -71.634563], [41.667621, -71.634557], [41.667606, -71.634549], [41.667591, -71.634539], [41.667579, -71.634525], [41.667567, -71.634508], [41.667558, -71.634492], [41.66755, -71.634477], [41.667546, -71.634461], [41.667544, -71.634445], [41.667546, -71.634421], [41.667553, -71.634402], [41.667564, -71.634385], [41.667574, -71.634368], [41.667589, -71.634357], [41.667608, -71.634346], [41.667628, -71.634343], [41.667649, -71.63435], [41.667669, -71.634362], [41.667684, -71.63438], [41.667695, -71.634399], [41.667706, -71.634422], [41.667711, -71.634448]]}, "7": {"path": [[41.668374, -71.633572], [41.668838, -71.630047]], "green": [[41.668904, -71.630128], [41.668892, -71.630141], [41.66887, -71.630152], [41.668853, -71.630156], [41.668834, -71.630156], [41.668818, -71.630156], [41.668799, -71.630151], [41.668787, -71.630143], [41.668774, -71.630125], [41.668768, -71.630105], [41.668763, -71.63008], [41.668762, -71.630051], [41.668762, -71.630028], [41.668767, -71.630004], [41.668777, -71.629978], [41.668787, -71.62995], [41.668805, -71.629923], [41.668822, -71.629904], [41.668843, -71.629898], [41.66886, -71.629902], [41.668875, -71.629916], [41.668888, -71.629933], [41.6689, -71.629959], [41.668909, -71.630003], [41.668914, -71.630048], [41.668917, -71.630078], [41.668914, -71.630107], [41.668904, -71.630128]]}, "8": {"path": [[41.669144, -71.63012], [41.669631, -71.632046]], "green": [[41.669649, -71.631945], [41.669666, -71.63195], [41.669679, -71.631962], [41.669688, -71.631976], [41.669697, -71.631999], [41.669702, -71.632017], [41.669706, -71.63204], [41.669707, -71.632071], [41.669705, -71.632097], [41.669697, -71.632124], [41.669686, -71.632143], [41.669669, -71.63216], [41.669649, -71.632167], [41.669628, -71.632165], [41.66961, -71.63216], [41.669596, -71.63215], [41.669585, -71.632136], [41.669574, -71.632119], [41.669561, -71.632097], [41.669554, -71.632075], [41.669548, -71.632038], [41.669551, -71.632023], [41.669559, -71.631999], [41.669569, -71.631979], [41.66958, -71.631962], [41.669595, -71.63195], [41.669609, -71.631942], [41.66963, -71.631941], [41.669649, -71.631945]]}, "9": {"path": [[41.668919, -71.632367], [41.670652, -71.633118], [41.671265, -71.633523]], "green": [[41.671337, -71.633543], [41.671335, -71.633564], [41.671329, -71.633584], [41.671322, -71.633602], [41.671312, -71.633618], [41.671301, -71.633629], [41.671286, -71.633635], [41.671273, -71.633636], [41.671261, -71.633632], [41.671251, -71.633628], [41.671237, -71.633617], [41.671212, -71.63358], [41.671191, -71.633532], [41.671188, -71.633513], [41.671187, -71.633489], [41.67119, -71.633466], [41.671194, -71.633448], [41.671201, -71.633433], [41.671213, -71.633422], [41.671228, -71.63341], [41.671243, -71.633404], [41.671259, -71.633405], [41.671275, -71.633412], [41.671292, -71.633429], [41.671311, -71.633458], [41.671327, -71.633488], [41.671335, -71.633514], [41.671337, -71.633543]]}}}