{"holes": {"1": {"path": [[41.49736, -71.635961], [41.49582, -71.633795], [41.494565, -71.632645]], "green": [[41.494657, -71.632703], [41.494653, -71.632725], [41.494648, -71.632745], [41.494644, -71.632761], [41.494637, -71.632774], [41.494629, -71.632785], [41.49462, -71.632791], [41.494608, -71.632796], [41.494597, -71.6328], [41.494587, -71.632801], [41.494579, -71.632798], [41.494569, -71.632791], [41.494559, -71.632782], [41.494553, -71.63277], [41.494546, -71.632756], [41.49454, -71.632741], [41.494534, -71.632728], [41.494529, -71.632715], [41.494523, -71.632701], [41.494517, -71.632692], [41.49451, -71.632683], [41.494502, -71.632673], [41.494493, -71.632662], [41.494486, -71.632654], [41.494479, -71.632644], [41.494475, -71.632634], [41.494473, -71.632623], [41.494473, -71.632607], [41.494473, -71.632594], [41.494473, -71.632582], [41.494475, -71.632565], [41.494478, -71.632551], [41.494482, -71.632536], [41.494487, -71.632526], [41.494494, -71.632518], [41.494505, -71.63251], [41.494514, -71.632507], [41.494522, -71.632507], [41.494535, -71.632511], [41.494543, -71.632514], [41.494552, -71.632521], [41.494557, -71.632528], [41.494562, -71.632533], [41.494567, -71.63254], [41.494578, -71.632549], [41.494588, -71.632555], [41.494603, -71.632563], [41.494616, -71.63257], [41.49463, -71.632576], [41.49464, -71.632584], [41.494647, -71.632593], [41.494652, -71.632601], [41.494655, -71.632611], [41.494658, -71.632629], [41.49466, -71.632647], [41.49466, -71.632663], [41.494659, -71.632685], [41.494657, -71.632703]]}, "2": {"path": [[41.494294, -71.632793], [41.493404, -71.635218], [41.492938, -71.635507]], "green": [[41.492832, -71.635575], [41.492827, -71.635563], [41.492823, -71.635546], [41.49282, -71.635528], [41.492823, -71.635513], [41.492829, -71.635494], [41.492836, -71.635483], [41.492856, -71.635465], [41.492882, -71.635447], [41.492907, -71.635434], [41.492936, -71.63542], [41.492966, -71.635407], [41.492986, -71.6354], [41.493007, -71.635398], [41.493025, -71.6354], [41.493035, -71.635405], [41.493044, -71.635415], [41.493049, -71.635426], [41.493054, -71.635442], [41.493055, -71.635462], [41.493052, -71.635481], [41.493045, -71.635503], [41.493038, -71.635517], [41.49303, -71.635531], [41.493019, -71.635548], [41.493008, -71.63556], [41.492994, -71.635573], [41.492979, -71.635581], [41.49295, -71.635591], [41.492919, -71.635597], [41.492894, -71.635597], [41.492869, -71.635596], [41.492858, -71.635594], [41.492848, -71.635591], [41.492839, -71.635584], [41.492832, -71.635575]]}, "3": {"path": [[41.493313, -71.636304], [41.493878, -71.637518]], "green": [[41.493935, -71.637655], [41.493946, -71.637637], [41.493959, -71.63762], [41.49397, -71.637605], [41.49398, -71.637591], [41.493983, -71.637584], [41.493985, -71.637574], [41.493987, -71.637564], [41.493987, -71.637554], [41.493987, -71.637544], [41.493986, -71.637533], [41.493984, -71.637524], [41.493982, -71.637514], [41.493977, -71.637504], [41.493965, -71.637492], [41.493952, -71.637479], [41.493937, -71.637464], [41.493923, -71.637448], [41.493913, -71.637432], [41.493899, -71.637407], [41.49389, -71.637389], [41.49388, -71.637373], [41.493868, -71.63736], [41.493859, -71.637352], [41.493852, -71.637349], [41.493846, -71.637347], [41.493838, -71.637345], [41.493829, -71.637345], [41.49382, -71.637347], [41.493811, -71.637351], [41.493805, -71.637356], [41.493799, -71.637362], [41.493793, -71.63737], [41.493789, -71.637378], [41.493786, -71.637386], [41.493783, -71.637396], [41.493782, -71.637407], [41.493781, -71.637417], [41.493782, -71.637427], [41.493783, -71.637437], [41.493785, -71.637447], [41.493791, -71.637461], [41.493801, -71.63748], [41.49381, -71.6375], [41.49382, -71.637518], [41.493827, -71.637543], [41.493832, -71.63756], [41.493836, -71.637577], [41.493841, -71.637605], [41.493845, -71.637635], [41.493846, -71.637654], [41.493847, -71.637668], [41.493849, -71.63768], [41.493852, -71.637689], [41.493857, -71.637696], [41.493864, -71.637704], [41.493875, -71.637708], [41.493884, -71.63771], [41.493893, -71.637709], [41.493904, -71.637705], [41.493914, -71.637694], [41.49392, -71.637683], [41.493924, -71.637673], [41.493935, -71.637655]]}, "5": {"path": [[41.491632, -71.638863], [41.492944, -71.640279], [41.493708, -71.640443]], "green": [[41.493802, -71.640511], [41.493815, -71.640478], [41.493822, -71.640466], [41.49383, -71.640454], [41.493837, -71.640444], [41.493843, -71.640432], [41.493846, -71.640418], [41.493846, -71.640406], [41.493843, -71.64039], [41.493837, -71.640374], [41.493827, -71.640363], [41.493806, -71.640356], [41.493792, -71.640355], [41.493766, -71.640346], [41.493738, -71.640336], [41.493713, -71.640329], [41.493667, -71.640314], [41.493639, -71.640301], [41.493618, -71.640297], [41.493604, -71.6403], [41.493588, -71.64031], [41.493576, -71.640325], [41.493567, -71.640342], [41.493561, -71.640359], [41.493554, -71.640385], [41.493553, -71.640401], [41.493557, -71.640444], [41.493559, -71.64046], [41.493567, -71.640479], [41.49358, -71.640497], [41.493594, -71.640511], [41.493612, -71.640519], [41.493618, -71.640523], [41.493655, -71.640537], [41.493674, -71.640544], [41.493682, -71.640549], [41.493696, -71.640558], [41.493705, -71.640564], [41.493724, -71.640569], [41.493745, -71.64057], [41.49376, -71.640569], [41.493772, -71.640564], [41.49378, -71.640556], [41.493789, -71.640541], [41.493794, -71.640528], [41.493802, -71.640511]]}, "6": {"path": [[41.49256, -71.639546], [41.494586, -71.639945], [41.495275, -71.640851], [41.495508, -71.641729]], "green": [[41.495559, -71.641861], [41.49554, -71.641871], [41.495533, -71.641873], [41.495517, -71.641876], [41.495502, -71.641874], [41.495486, -71.641864], [41.495474, -71.641852], [41.495467, -71.641839], [41.495461, -71.641819], [41.495458, -71.641801], [41.495457, -71.641774], [41.495453, -71.641752], [41.495451, -71.64174], [41.49545, -71.641719], [41.495445, -71.641688], [41.495442, -71.641667], [41.495437, -71.641642], [41.495435, -71.641626], [41.495435, -71.641602], [41.495438, -71.641589], [41.495447, -71.641574], [41.495454, -71.64157], [41.495467, -71.641564], [41.495474, -71.641566], [41.495488, -71.641576], [41.495505, -71.641593], [41.495524, -71.64161], [41.495548, -71.64163], [41.49558, -71.641658], [41.495589, -71.641671], [41.495596, -71.641692], [41.495599, -71.641717], [41.495601, -71.641748], [41.4956, -71.641773], [41.495597, -71.641797], [41.495592, -71.641817], [41.495584, -71.641837], [41.495573, -71.64185], [41.495559, -71.641861]]}, "7": {"path": [[41.495421, -71.642218], [41.494484, -71.640641]], "green": [[41.494545, -71.640748], [41.494524, -71.640762], [41.494492, -71.64077], [41.494463, -71.640763], [41.494432, -71.640751], [41.494404, -71.640726], [41.494386, -71.640702], [41.494377, -71.640661], [41.494382, -71.640619], [41.494394, -71.640574], [41.494413, -71.640539], [41.494436, -71.64051], [41.49446, -71.640492], [41.494483, -71.640492], [41.4945, -71.640502], [41.494513, -71.640523], [41.494522, -71.640554], [41.494534, -71.640585], [41.494548, -71.640614], [41.49456, -71.640643], [41.494568, -71.640676], [41.494567, -71.640704], [41.494561, -71.640731], [41.494545, -71.640748]]}, "8": {"path": [[41.494025, -71.640832], [41.495458, -71.642809], [41.496683, -71.643158]],