{"holes": {"1": {"path": [[29.906818, -89.951914], [29.906125, -89.949465], [29.905437, -89.948665]], "green": [[29.905531, -89.948632], [29.905499, -89.948621], [29.905423, -89.948613], [29.905391, -89.948605], [29.905365, -89.948602], [29.905341, -89.948605], [29.905325, -89.948614], [29.905318, -89.948627], [29.905316, -89.94864], [29.905318, -89.948658], [29.905328, -89.948673], [29.905344, -89.948685], [29.905363, -89.948694], [29.905392, -89.948699], [29.90545, -89.948711], [29.90547, -89.948719], [29.905501, -89.948738], [29.905521, -89.94874], [29.905538, -89.948734], [29.905555, -89.948716], [29.905561, -89.948687], [29.90556, -89.948666], [29.905551, -89.948646], [29.905531, -89.948632]]}, "2": {"path": [[29.90628, -89.948621], [29.904269, -89.946357], [29.903662, -89.944869]], "green": [[29.903742, -89.944738], [29.903658, -89.94473], [29.903634, -89.944735], [29.903616, -89.944747], [29.903605, -89.944767], [29.903601, -89.944791], [29.903601, -89.944815], [29.903601, -89.944849], [29.903599, -89.944872], [29.90359, -89.944913], [29.903586, -89.94494], [29.903585, -89.94497], [29.903592, -89.94499], [29.903603, -89.945005], [29.903618, -89.945016], [29.903635, -89.945018], [29.90365, -89.945013], [29.903661, -89.945], [29.903671, -89.944975], [29.903674, -89.94494], [29.903675, -89.944907], [29.903686, -89.94488], [29.9037, -89.944866], [29.903716, -89.944852], [29.903741, -89.944839], [29.903763, -89.944823], [29.903775, -89.944803], [29.903775, -89.944777], [29.903764, -89.944753], [29.903742, -89.944738]]}, "3": {"path": [[29.903793, -89.944432], [29.905334, -89.944726]], "green": [[29.905429, -89.94463], [29.905417, -89.944624], [29.905395, -89.944617], [29.905375, -89.94462], [29.905355, -89.944633], [29.905335, -89.944652], [29.905319, -89.944664], [29.905306, -89.944673], [29.905282, -89.944682], [29.905248, -89.944699], [29.905234, -89.944712], [29.905218, -89.944751], [29.905214, -89.944789], [29.905222, -89.94483], [29.905235, -89.944852], [29.905253, -89.944862], [29.905271, -89.944864], [29.905286, -89.94486], [29.905301, -89.944852], [29.905314, -89.944831], [29.905328, -89.9448], [29.905345, -89.944772], [29.905367, -89.94475], [29.905385, -89.944735], [29.905413, -89.944713], [29.905427, -89.944697], [29.905439, -89.944678], [29.905443, -89.944657], [29.905438, -89.944638], [29.905429, -89.94463]]}, "4": {"path": [[29.905861, -89.944251], [29.903158, -89.943396]], "green": [[29.903237, -89.943468], [29.903232, -89.943403], [29.903218, -89.943352], [29.903191, -89.94331], [29.903155, -89.943277], [29.903127, -89.943261], [29.903099, -89.943258], [29.90307, -89.943268], [29.903057, -89.94328], [29.903047, -89.943303], [29.903048, -89.943324], [29.903056, -89.943343], [29.903124, -89.9434], [29.903143, -89.943415], [29.903158, -89.943439], [29.903171, -89.943476], [29.90318, -89.9435], [29.903189, -89.943514], [29.903206, -89.943522], [29.903219, -89.94352], [29.903231, -89.94351], [29.903237, -89.943494], [29.903237, -89.943468]]}, "5": {"path": [[29.902849, -89.943771], [29.90124, -89.940052]], "green": [[29.901338, -89.940093], [29.901327, -89.940056], [29.901312, -89.940022], [29.901286, -89.939984], [29.901258, -89.939962], [29.901228, -89.939944], [29.901208, -89.939936], [29.901188, -89.939931], [29.901166, -89.939937], [29.901147, -89.939946], [29.901138, -89.93996], [29.901128, -89.939989], [29.901129, -89.940009], [29.901136, -89.940026], [29.901145, -89.94004], [29.901163, -89.940054], [29.901181, -89.940064], [29.901208, -89.940074], [29.901223, -89.940082], [29.90124, -89.940099], [29.901252, -89.940113], [29.901262, -89.940129], [29.901275, -89.940144], [29.901287, -89.940154], [29.901296, -89.940159], [29.901325, -89.940156], [29.901335, -89.940147], [29.901342, -89.940131], [29.901343, -89.940113], [29.901338, -89.940093]]}, "6": {"path": [[29.900783, -89.939905], [29.901397, -89.942429], [29.902381, -89.944699]], "green": [[29.902505, -89.944709], [29.902488, -89.944696], [29.90246, -89.944684], [29.90243, -89.944679], [29.902395, -89.944666], [29.90237, -89.944651], [29.90235, -89.944632], [29.902323, -89.944611], [29.902301, -89.9446], [29.902279, -89.9446], [29.902262, -89.944609], [29.902234, -89.944645], [29.90223, -89.944676], [29.902237, -89.944706], [29.90225, -89.944723], [29.902267, -89.944732], [29.902303, -89.944733], [29.902341, -89.944724], [29.902369, -89.944722], [29.90239, -89.94473], [29.902417, -89.944742], [29.902462, -89.944772], [29.902477, -89.944779], [29.902494, -89.944778], [29.902507, -89.944772], [29.902515, -89.944754], [29.902515, -89.944729], [29.902505, -89.944709]]}, "7": {"path": [[29.902842, -89.944322], [29.90363, -89.946778], [29.90458, -89.947882]], "green": [[29.904623, -89.947947], [29.904584, -89.947936], [29.904562, -89.947934], [29.904521, -89.947934], [29.904487, -89.947927], [29.904469, -89.947915], [29.904455, -89.947898], [29.904451, -89.947874], [29.904459, -89.947851], [29.904477, -89.947828], [29.904496, -89.947817], [29.904511, -89.947812], [29.904531, -89.947809], [29.904563, -89.94781], [29.904591, -89.947816], [29.904618, -89.947824], [29.904635, -89.947832], [29.90465, -89.947841], [29.904661, -89.947855], [29.904671, -89.947869], [29.904675, -89.947883], [29.904676, -89.947905], [29.904675, -89.94792], [29.904671, -89.947933], [29.904664, -89.947941], [29.904648, -89.947948], [29.904623, -89.947947]]}, "8": {"path": [[29.90506, -89.948325], [29.90378, -89.948791]], "green": [[29.903897, -89.9488], [29.903885, -89.948782], [29.903865, -89.948762], [29.903842, -89.948748], [29.903804, -89.948729], [29.903776, -89.948711], [29.903745, -89.948693], [29.903727, -89.94869], [29.903702, -89.948694], [29.903685, -89.948705], [29.903668, -89.948721], [29.903658, -89.948736], [29.903654, -89.948751], [29.903658, -89.948768], [29.903665, -89.948779], [29.903686, -89.948794], [29.90371, -89.948809], [29.903736, -89.948831], [29.903752, -89.948844], [29.903764, -89.948858], [29.90378, -89.948874], [29.903808, -89.948888], [29.903828, -89.94889], [29.903855, -89.948885], [29.903876, -89.948873], [29.903894, -89.94886], [29.903903, -89.948839], [29.903904, -89.948817], [29.903897, -89.9488]]}, "9": {"path": [[29.903948, -89.949431], [29.904531, -89.951686], [29.904592, -89.952757]], "green": [[29.904679, -89.952794], [29.904648, -89.952767], [29.904608, -89.952729], [29.904586, -89.952702], [29.904565, -89.952677], [29.904546, -89.952659], [29.904533, -89.952655], [29.904521, -89.952657], [29.904508, -89.952663], [29.904501, -89.952675], [29.9045, -89.952691], [29.904502, -89.952705], [29.904508, -89.952719], [29.904529, -89.952742], [29.904557, -89.952769], [29.904575, -89.952791], [29.904591, -89.95281], [29.904605, -89.95283], [29.904623, -89.952847], [29.904636, -89.952854], [29.904652, -89.952855], [29.904674, -89.952846], [29.904684, -89.952836], [29.90469, -89.952822], [29.904687, -89.952805], [29.904679, -89.952794]]}, "10": {"path": [[29.904085, -89.953554], [29.904671, -89.95578], [29.904839, -89.957373]], "green": [[29.904876, -89.957436], [29.904903, -89.957389], [29.904915, -89.95736], [29.904921, -89.957316], [29.904918, -89.957282], [29.90491, -89.957265], [29.904894, -89.957253], [29.904879, -89.957249], [29.904861, -89.957251], [29.904845, -89.957261], [29.904818, -89.957298], [29.904801, -89.957318], [29.904782, -89.957338], [29.904768, -89.957357], [29.90476, -89.957386], [29.904758, -89.95742], [29.904761, -89.957447], [29.904772, -89.95747], [29.904788, -89.957486], [29.90481, -89.957494], [29.904827, -89.95749], [29.904842, -89.957482], [29.904856, -89.957469], [29.904876, -89.957436]]}, "11": {"path": [[29.905566, -89.957752], [29.908021, -89.958375], [29.909297, -89.959871]],