{"holes": {"1": {"path": [[38.828481, -76.051882], [38.826007, -76.05424]], "green": [[38.826132, -76.054155], [38.826133, -76.054274], [38.826085, -76.054388], [38.825994, -76.054418], [38.825882, -76.054389], [38.825847, -76.054315], [38.82586, -76.054218], [38.825925, -76.054147], [38.82601, -76.054097], [38.826073, -76.054084], [38.826132, -76.054155]]}, "2": {"path": [[38.825453, -76.054189], [38.824589, -76.056089], [38.823401, -76.056626]], "green": [[38.82361, -76.056676], [38.823582, -76.05666], [38.823559, -76.05665], [38.823526, -76.05666], [38.823499, -76.056681], [38.823455, -76.056714], [38.823373, -76.056756], [38.823313, -76.056772], [38.823279, -76.056775], [38.823248, -76.056762], [38.823229, -76.056732], [38.823223, -76.056708], [38.823212, -76.056663], [38.823206, -76.056606], [38.823217, -76.056566], [38.823242, -76.056539], [38.823281, -76.056507], [38.823319, -76.056499], [38.823359, -76.056504], [38.823409, -76.05652], [38.82347, -76.05655], [38.823501, -76.05655], [38.823535, -76.056538], [38.823574, -76.056519], [38.823589, -76.056499], [38.82361, -76.056676]]}, "3": {"path": [[38.823544, -76.057125], [38.824622, -76.058234]], "green": [[38.824803, -76.058369], [38.824731, -76.058441], [38.824605, -76.058449], [38.824543, -76.058403], [38.82452, -76.058342], [38.824538, -76.05822], [38.824517, -76.058161], [38.824481, -76.058102], [38.824499, -76.058055], [38.824536, -76.058039], [38.824581, -76.058045], [38.824609, -76.058104], [38.824643, -76.058102], [38.824755, -76.058244], [38.824785, -76.058298], [38.824803, -76.058369]]}, "4": {"path": [[38.824185, -76.05939], [38.822262, -76.059037], [38.820804, -76.05922], [38.820119, -76.059432]], "green": [[38.820247, -76.059436], [38.820228, -76.05938], [38.820206, -76.059369], [38.820188, -76.059353], [38.82017, -76.059334], [38.820148, -76.059319], [38.820116, -76.059307], [38.820088, -76.059307], [38.820061, -76.059314], [38.820034, -76.059333], [38.82001, -76.059361], [38.819994, -76.059392], [38.819983, -76.059428], [38.819982, -76.059461], [38.819993, -76.059509], [38.820021, -76.059545], [38.820054, -76.059575], [38.820098, -76.059589], [38.820138, -76.059584], [38.820173, -76.059562], [38.820209, -76.059524], [38.820226, -76.059492], [38.820242, -76.059468], [38.820247, -76.059436]]}, "5": {"path": [[38.819871, -76.059027], [38.821775, -76.057747], [38.822122, -76.05649]], "green": [[38.822072, -76.056726], [38.822084, -76.056653], [38.822099, -76.056624], [38.82212, -76.05661], [38.822153, -76.056613], [38.822193, -76.056608], [38.822224, -76.056589], [38.822249, -76.056554], [38.822264, -76.056519], [38.822274, -76.05646], [38.822262, -76.056412], [38.822231, -76.056355], [38.822207, -76.056331], [38.822164, -76.056297], [38.822136, -76.056283], [38.822099, -76.05628], [38.822063, -76.056291], [38.822036, -76.05631], [38.822019, -76.056348], [38.822017, -76.056393], [38.82203, -76.056455], [38.822043, -76.05651], [38.822042, -76.056558], [38.822026, -76.056601], [38.821996, -76.056642], [38.822072, -76.056726]]}, "6": {"path": [[38.822591, -76.05593], [38.823254, -76.058219], [38.824456, -76.05899]], "green": [[38.824246, -76.058903], [38.824326, -76.058971], [38.824346, -76.059026], [38.824365, -76.059084], [38.824398, -76.059141], [38.82442, -76.05916], [38.824456, -76.059172], [38.824493, -76.059172], [38.824548, -76.059145], [38.824603, -76.059102], [38.824621, -76.059074], [38.824632, -76.059029], [38.82463, -76.058983], [38.824617, -76.058953], [38.824587, -76.058911], [38.824544, -76.058871], [38.824492, -76.058835], [38.824443, -76.058835], [38.824388, -76.058855], [38.82436, -76.05885], [38.824275, -76.058803], [38.824246, -76.058903]]}, "7": {"path": [[38.824402, -76.059515], [38.825845, -76.059078]], "green": [[38.825961, -76.059107], [38.825933, -76.058987], [38.825876, -76.058928], [38.825793, -76.058928], [38.825717, -76.059], [38.825706, -76.05913], [38.825758, -76.059182], [38.82583, -76.059214], [38.825917, -76.059196], [38.825961, -76.059107]]}, "8": {"path": [[38.825233, -76.059747], [38.82893, -76.059325]], "green": [[38.828719, -76.059428], [38.828739, -76.059412], [38.828775, -76.059393], [38.828815, -76.059382], [38.828832, -76.05938], [38.82886, -76.05938], [38.828887, -76.059402], [38.828927, -76.059429], [38.828985, -76.059449], [38.829019, -76.059457], [38.829052, -76.059457], [38.829074, -76.059451], [38.829097, -76.059425], [38.829115, -76.059384], [38.829127, -76.059342], [38.829127, -76.059295], [38.829121, -76.059251], [38.829107, -76.059207], [38.829083, -76.059176], [38.829039, -76.059149], [38.828992, -76.059135], [38.828962, -76.059137], [38.828935, -76.059153], [38.828894, -76.059195], [38.828871, -76.059235], [38.828851, -76.059282], [38.828841, -76.059296], [38.828802, -76.059313], [38.828756, -76.059322], [38.828715, -76.059326], [38.828719, -76.059428]]}, "9": {"path": [[38.829255, -76.058915], [38.830129, -76.05345]], "green": [[38.830237, -76.053482], [38.830132, -76.053595], [38.830099, -76.05362], [38.830049, -76.053607], [38.829989, -76.053502], [38.829989, -76.053425], [38.830026, -76.05335], [38.830095, -76.053302], [38.830171, -76.053296], [38.830249, -76.053348], [38.830279, -76.053391], [38.830237, -76.053482]]}, "10": {"path": [[38.829938, -76.052587], [38.832063, -76.049944]], "green": [[38.831933, -76.050084], [38.831984, -76.050117], [38.831994, -76.050097], [38.832011, -76.050076], [38.832031, -76.050065], [38.83206, -76.05006], [38.832122, -76.050044], [38.83218, -76.05002], [38.832201, -76.050006], [38.832218, -76.049991], [38.832223, -76.049979], [38.832225, -76.049959], [38.83222, -76.049938], [38.832207, -76.049908], [38.832192, -76.049881], [38.832167, -76.049849], [38.832133, -76.049815], [38.8321, -76.049788], [38.832067, -76.049772], [38.832015, -76.04977], [38.831989, -76.049776], [38.831966, -76.049788], [38.831955, -76.049803], [38.831948, -76.049841], [38.831951, -76.049879], [38.831959, -76.04991], [38.83197, -76.049973], [38.83197, -76.05001], [38.831956, -76.05005], [38.831933, -76.050084]]}, "11": {"path": [[38.832466, -76.049414], [38.831297, -76.047969], [38.830283, -76.047402]], "green": [[38.830415, -76.047445], [38.830379, -76.047525], [38.830207, -76.047559], [38.830151, -76.047499], [38.830131, -76.047375], [38.830164, -76.047286], [38.830238, -76.04726], [38.830286, -76.047256], [38.830343, -76.047377], [38.830385, -76.047393], [38.830415, -76.047445]]}, "12": {"path": [[38.830565, -76.046707], [38.828989, -76.044795], [38.827525, -76.043668]], "green": [[38.827668, -76.043732], [38.827629, -76.043798], [38.827438, -76.043805], [38.827381, -76.043766], [38.827365, -76.043654], [38.827423, -76.043554], [38.827497, -76.043509], [38.827559, -76.043509], [38.827618, -76.043626], [38.827668, -76.043732]]}, "13": {"path": [[38.82678, -76.042631], [38.825075, -76.043192]], "green": [[38.825203, -76.043198], [38.825127, -76.043271], [38.825056, -76.043366], [38.824989, -76.043355], [38.824929, -76.043264], [38.824946, -76.043148], [38.824989, -76.043055], [38.825044, -76.043039], [38.82515, -76.043107], [38.825194, -76.043116], [38.825203, -76.043198]]}, "14": {"path": [[38.825137, -76.043902], [38.826333, -76.046183], [38.827413, -76.047639], [38.828122, -76.04883]],