{"holes": {"1": {"path": [[39.576656, -77.642619], [39.575403, -77.641374], [39.574682, -77.639713]], "green": [[39.575146, -77.639147], [39.575129, -77.639157], [39.575111, -77.639157], [39.575095, -77.639158], [39.575072, -77.639139], [39.575054, -77.63912], [39.575046, -77.639102], [39.575019, -77.63909], [39.575002, -77.639082], [39.574979, -77.639052], [39.574983, -77.638996], [39.574994, -77.638941], [39.575012, -77.638898], [39.575046, -77.638881], [39.575074, -77.63888], [39.575102, -77.638888], [39.575125, -77.638904], [39.575146, -77.638936], [39.575161, -77.638975], [39.575169, -77.63903], [39.575169, -77.639081], [39.575161, -77.639114], [39.575146, -77.639147]]}, "2": {"path": [[39.575116, -77.638454], [39.576603, -77.637124], [39.577899, -77.634846]], "green": [[39.57799, -77.634853], [39.577981, -77.634888], [39.577961, -77.63492], [39.577944, -77.634936], [39.577912, -77.634948], [39.577876, -77.634943], [39.577864, -77.634941], [39.577849, -77.634939], [39.577823, -77.63493], [39.577802, -77.634904], [39.577791, -77.634872], [39.577791, -77.634833], [39.57781, -77.634787], [39.577833, -77.634747], [39.577867, -77.634722], [39.577907, -77.63471], [39.577943, -77.634717], [39.577969, -77.634738], [39.577984, -77.634768], [39.577995, -77.634808], [39.57799, -77.634853]]}, "4": {"path": [[39.575906, -77.639219], [39.578549, -77.638057]], "green": [[39.578641, -77.638062], [39.578632, -77.638091], [39.578615, -77.63813], [39.578592, -77.638152], [39.578567, -77.638164], [39.578531, -77.638162], [39.578504, -77.638158], [39.578478, -77.638148], [39.578469, -77.638133], [39.578463, -77.638124], [39.578459, -77.638114], [39.578457, -77.638089], [39.578463, -77.638048], [39.578471, -77.638021], [39.578479, -77.637997], [39.578497, -77.637961], [39.578523, -77.637938], [39.578556, -77.637924], [39.57859, -77.637932], [39.578615, -77.637942], [39.578635, -77.637977], [39.578646, -77.638012], [39.578645, -77.638038], [39.578641, -77.638062]]}, "6": {"path": [[39.57227, -77.6436], [39.57394, -77.642405], [39.575253, -77.642117]], "green": [[39.580813, -77.642961], [39.580791, -77.642979], [39.580758, -77.642985], [39.580736, -77.64299], [39.580707, -77.642986], [39.580673, -77.642979], [39.580639, -77.64296], [39.580607, -77.642935], [39.580586, -77.642913], [39.580572, -77.642877], [39.580572, -77.642853], [39.580576, -77.642824], [39.580592, -77.642798], [39.58062, -77.642792], [39.580635, -77.642793], [39.580664, -77.642808], [39.58069, -77.642817], [39.580716, -77.642827], [39.580748, -77.642824], [39.580766, -77.642818], [39.580787, -77.642815], [39.580809, -77.64283], [39.580822, -77.642855], [39.580829, -77.642886], [39.580829, -77.642924], [39.580813, -77.642961]]}, "9": {"path": [[39.573855, -77.645277], [39.575035, -77.644301], [39.576129, -77.64358], [39.577483, -77.642437]], "green": [[39.577607, -77.642496], [39.577589, -77.642534], [39.577562, -77.64256], [39.57753, -77.642581], [39.577488, -77.642581], [39.57744, -77.642561], [39.577393, -77.642541], [39.577348, -77.642497], [39.57733, -77.642442], [39.577331, -77.642386], [39.577347, -77.642331], [39.577385, -77.642285], [39.577439, -77.642273], [39.577487, -77.642283], [39.577535, -77.642307], [39.577566, -77.642338], [39.577586, -77.642383], [39.577602, -77.642435], [39.577607, -77.642496]]}, "10": {"path": [[39.577155, -77.642562], [39.574682, -77.639713]], "green": [[39.574768, -77.639741], [39.574752, -77.639787], [39.574733, -77.639814], [39.574707, -77.639837], [39.574689, -77.639838], [39.574674, -77.63984], [39.574638, -77.639828], [39.574599, -77.639798], [39.574577, -77.639743], [39.574576, -77.63967], [39.574591, -77.639617], [39.574618, -77.639559], [39.574656, -77.639541], [39.574683, -77.639557], [39.574707, -77.639621], [39.574717, -77.639646], [39.574741, -77.639669], [39.574761, -77.639704], [39.574768, -77.639741]]}, "11": {"path": [[39.574573, -77.638921], [39.571597, -77.641236], [39.570977, -77.641366]], "green": [[39.571083, -77.641343], [39.571078, -77.641354], [39.57107, -77.64137], [39.571052, -77.641385], [39.571033, -77.641393], [39.571015, -77.641393], [39.57099, -77.641399], [39.570969, -77.641428], [39.570957, -77.641456], [39.570937, -77.641478], [39.570907, -77.641476], [39.570881, -77.641467], [39.570865, -77.641453], [39.570857, -77.641405], [39.570863, -77.641372], [39.57087, -77.641352], [39.570886, -77.641326], [39.570906, -77.641301], [39.570947, -77.641282], [39.570974, -77.641272], [39.571013, -77.641262], [39.571043, -77.641265], [39.571065, -77.641273], [39.571081, -77.641306], [39.571083, -77.641343]]}, "13": {"path": [[39.571621, -77.642963], [39.572718, -77.641445], [39.573854, -77.640565]], "green": [[39.573914, -77.640627], [39.573901, -77.640644], [39.573889, -77.640669], [39.573856, -77.640695], [39.573824, -77.640703], [39.573788, -77.640691], [39.573764, -77.640675], [39.57375, -77.640657], [39.573744, -77.640628], [39.573745, -77.640574], [39.573761, -77.640519], [39.573771, -77.640505], [39.573783, -77.64049], [39.573809, -77.640464], [39.573834, -77.640447], [39.573861, -77.640429], [39.5739, -77.640426], [39.573928, -77.640434], [39.573946, -77.640456], [39.573957, -77.6405], [39.573959, -77.640535], [39.573956, -77.640565], [39.573939, -77.640599], [39.573914, -77.640627]]}, "14": {"path": [[39.570447, -77.641569], [39.571949, -77.643253]], "green": [[39.571997, -77.643195], [39.57202, -77.643208], [39.572043, -77.643224], [39.572051, -77.643255], [39.57204, -77.643307], [39.572007, -77.643355], [39.571971, -77.643386], [39.571935, -77.643396], [39.571899, -77.643383], [39.571876, -77.643353], [39.57186, -77.643319], [39.571852, -77.643279], [39.571857, -77.643225], [39.571873, -77.643172], [39.571894, -77.643138], [39.57193, -77.643129], [39.571951, -77.643133], [39.571976, -77.643157], [39.571997, -77.643195]]}, "18": {"path": [[39.581043, -77.643278], [39.579659, -77.643683], [39.578774, -77.642333]], "green": [[39.578854, -77.642338], [39.578846, -77.642363], [39.578826, -77.642379], [39.578803, -77.642397], [39.578789, -77.642417], [39.578774, -77.64243], [39.578752, -77.642443], [39.578719, -77.642444], [39.57869, -77.642432], [39.578668, -77.642388], [39.578666, -77.642362], [39.578675, -77.642299], [39.578688, -77.642254], [39.578724, -77.642209], [39.578775, -77.642197], [39.578812, -77.642204], [39.57884, -77.642224], [39.578855, -77.642253], [39.578861, -77.642298], [39.578854, -77.642338]]}}}