{"holes": {"1": {"path": [[39.062111, -77.342679], [39.061255, -77.339735], [39.061184, -77.337837]], "green": [[39.056117, -77.346163], [39.05617, -77.346149], [39.056241, -77.346181], [39.056278, -77.346166], [39.056307, -77.34615], [39.056337, -77.346131], [39.056355, -77.346101], [39.056363, -77.34607], [39.056366, -77.346026], [39.056371, -77.345962], [39.056368, -77.345932], [39.056357, -77.345905], [39.056331, -77.345893], [39.056301, -77.34589], [39.056236, -77.34589], [39.056195, -77.345888], [39.056155, -77.345895], [39.056119, -77.34592], [39.056086, -77.345955], [39.056067, -77.345979], [39.056085, -77.346052], [39.056091, -77.346099], [39.056117, -77.346163]]}, "2": {"path": [[39.057374, -77.346134], [39.059186, -77.347769], [39.060859, -77.348309], [39.061523, -77.348028]], "green": [[39.061645, -77.348084], [39.061647, -77.348041], [39.061642, -77.347999], [39.061623, -77.34795], [39.061606, -77.347913], [39.061586, -77.347877], [39.061578, -77.347864], [39.061552, -77.34787], [39.061523, -77.347882], [39.06149, -77.347894], [39.061444, -77.347915], [39.061403, -77.347937], [39.061364, -77.347972], [39.061355, -77.347988], [39.061349, -77.348038], [39.061358, -77.34808], [39.061385, -77.348172], [39.061412, -77.348214], [39.061491, -77.348193], [39.061534, -77.348182], [39.061568, -77.348171], [39.061602, -77.348154], [39.061631, -77.348124], [39.061639, -77.348105], [39.061645, -77.348084]]}, "3": {"path": [[39.061417, -77.349266], [39.06162, -77.351716]], "green": [[39.061556, -77.351644], [39.061579, -77.351592], [39.061619, -77.351551], [39.061662, -77.351537], [39.061695, -77.351554], [39.06172, -77.351595], [39.061719, -77.351671], [39.061741, -77.351777], [39.061736, -77.351809], [39.061656, -77.351892], [39.061628, -77.351908], [39.061525, -77.35191], [39.061497, -77.351874], [39.061482, -77.351822], [39.061556, -77.351678], [39.061556, -77.351644]]}, "5": {"path": [[39.061776, -77.359357], [39.058011, -77.35886]], "green": [[39.057892, -77.358852], [39.057912, -77.358807], [39.057949, -77.358774], [39.057986, -77.35875], [39.058037, -77.358742], [39.0581, -77.358757], [39.058168, -77.358813], [39.058179, -77.358883], [39.058149, -77.358958], [39.058093, -77.358994], [39.058012, -77.358989], [39.057898, -77.358949], [39.057883, -77.358923], [39.057892, -77.358852]]}, "8": {"path": [[39.06101, -77.352105], [39.061266, -77.355007], [39.060986, -77.357779]], "green": [[39.060888, -77.357786], [39.060893, -77.357761], [39.060899, -77.357738], [39.060907, -77.357706], [39.060917, -77.357678], [39.06093, -77.357653], [39.060944, -77.357628], [39.060959, -77.357609], [39.06097, -77.357594], [39.060986, -77.357588], [39.061003, -77.357586], [39.061018, -77.357589], [39.061033, -77.357596], [39.061049, -77.357616], [39.061057, -77.357633], [39.061065, -77.357654], [39.061072, -77.357688], [39.061077, -77.357735], [39.061083, -77.35777], [39.061086, -77.357799], [39.06109, -77.357837], [39.061086, -77.357862], [39.061081, -77.357885], [39.061073, -77.357902], [39.061054, -77.357929], [39.061043, -77.357949], [39.061025, -77.357964], [39.060998, -77.357973], [39.060975, -77.357976], [39.060953, -77.357973], [39.060935, -77.357959], [39.060914, -77.357945], [39.060898, -77.357919], [39.060887, -77.357896], [39.06088, -77.357856], [39.06088, -77.357817], [39.060888, -77.357786]]}, "10": {"path": [[39.062235, -77.349097], [39.062067, -77.344224]], "green": [[39.062155, -77.344421], [39.062104, -77.344419], [39.06209, -77.344412], [39.062081, -77.344405], [39.062064, -77.344394], [39.062038, -77.344295], [39.062011, -77.344223], [39.061998, -77.344185], [39.061984, -77.344147], [39.061982, -77.344114], [39.061987, -77.344089], [39.062012, -77.344059], [39.06203, -77.344051], [39.062062, -77.344052], [39.062095, -77.344056], [39.062134, -77.344078], [39.062137, -77.344132], [39.062153, -77.344297], [39.062155, -77.344421]]}, "11": {"path": [[39.052837, -77.347344], [39.055269, -77.346711], [39.05618, -77.347257]], "green": [[39.056168, -77.347342], [39.056144, -77.347331], [39.056127, -77.347322], [39.05611, -77.347311], [39.056093, -77.347302], [39.05608, -77.347284], [39.056067, -77.347259], [39.056067, -77.347237], [39.056071, -77.347209], [39.056078, -77.347182], [39.056093, -77.347163], [39.056108, -77.347151], [39.056126, -77.347143], [39.056149, -77.347138], [39.056185, -77.347143], [39.056224, -77.347154], [39.056254, -77.347174], [39.056276, -77.347201], [39.056287, -77.347225], [39.056292, -77.347245], [39.056294, -77.347272], [39.056294, -77.347292], [39.056286, -77.347316], [39.056274, -77.347335], [39.056259, -77.347342], [39.056242, -77.34735], [39.056219, -77.347352], [39.056196, -77.34735], [39.056168, -77.347342]]}, "12": {"path": [[39.060955, -77.337052], [39.060121, -77.339901], [39.059103, -77.341428], [39.058421, -77.342039]], "green": [[39.058568, -77.342041], [39.058566, -77.342025], [39.058559, -77.342014], [39.058542, -77.341999], [39.058525, -77.341988], [39.0585, -77.341973], [39.058473, -77.341966], [39.058448, -77.341956], [39.058423, -77.341931], [39.058403, -77.341887], [39.05837, -77.341853], [39.058329, -77.34184], [39.058312, -77.341847], [39.058298, -77.341869], [39.058267, -77.341948], [39.058261, -77.342076], [39.05825, -77.342136], [39.058259, -77.342217], [39.05827, -77.342237], [39.058324, -77.342273], [39.058372, -77.342255], [39.058427, -77.3422], [39.058473, -77.342162], [39.058495, -77.342151], [39.058533, -77.342102], [39.058552, -77.34207], [39.058568, -77.342041]]}, "16": {"path": [[39.057678, -77.359727], [39.059774, -77.359894], [39.061456, -77.360288], [39.062097, -77.361225]], "green": [[39.062176, -77.361101], [39.06219, -77.361148], [39.062185, -77.361216], [39.06215, -77.361351], [39.062124, -77.361383], [39.062109, -77.361389], [39.062086, -77.361391], [39.062058, -77.361376], [39.06203, -77.361322], [39.062014, -77.361271], [39.062003, -77.36119], [39.061985, -77.361159], [39.061996, -77.361088], [39.062112, -77.361052], [39.062153, -77.361064], [39.062176, -77.361101]]}, "18": {"path": [[39.05739, -77.344185], [39.053688, -77.346347]], "green": [[39.053858, -77.346317], [39.053868, -77.346271], [39.053852, -77.346237], [39.053812, -77.34619], [39.053793, -77.346176], [39.05374, -77.346184], [39.053694, -77.346197], [39.053629, -77.346265], [39.053584, -77.346328], [39.053522, -77.346375], [39.053483, -77.346439], [39.053494, -77.3465], [39.053528, -77.346531], [39.053579, -77.346552], [39.053627, -77.346534], [39.053695, -77.346439], [39.053771, -77.346392], [39.053858, -77.346317]]}}}