{"holes": {"1": {"path": [[33.51514, -112.021049], [33.516965, -112.021687], [33.517307, -112.02269]], "green": [[33.517205, -112.022637], [33.517226, -112.022608], [33.517251, -112.022584], [33.517288, -112.022574], [33.517331, -112.022565], [33.517379, -112.022567], [33.517406, -112.02259], [33.517419, -112.022616], [33.517421, -112.022643], [33.517409, -112.022677], [33.517394, -112.022718], [33.517383, -112.022761], [33.51737, -112.022807], [33.517345, -112.022828], [33.517313, -112.022838], [33.51727, -112.022837], [33.517231, -112.022817], [33.517208, -112.022775], [33.517197, -112.022726], [33.517195, -112.022682], [33.517205, -112.022637]]}, "2": {"path": [[33.517365, -112.023034], [33.513263, -112.022647]], "green": [[33.513169, -112.022635], [33.51318, -112.022598], [33.513202, -112.022563], [33.51323, -112.022533], [33.513261, -112.022519], [33.513294, -112.022512], [33.513318, -112.022525], [33.513336, -112.022552], [33.513354, -112.022582], [33.513363, -112.02263], [33.513368, -112.022682], [33.51336, -112.022729], [33.513343, -112.022757], [33.513318, -112.022772], [33.513285, -112.022766], [33.51325, -112.022749], [33.513214, -112.022737], [33.513184, -112.022726], [33.513167, -112.022705], [33.513164, -112.022673], [33.513169, -112.022635]]}, "3": {"path": [[33.516719, -112.020124], [33.51547, -112.019961]], "green": [[33.51537, -112.019971], [33.515375, -112.019927], [33.51539, -112.019891], [33.515414, -112.019856], [33.515458, -112.01983], [33.515503, -112.019828], [33.515545, -112.019838], [33.515581, -112.019877], [33.515597, -112.019925], [33.515595, -112.019973], [33.51558, -112.020023], [33.515545, -112.020069], [33.515504, -112.020108], [33.515454, -112.020104], [33.515412, -112.020075], [33.515386, -112.020033], [33.515375, -112.020002], [33.51537, -112.019971]]}, "4": {"path": [[33.517828, -112.022659], [33.520839, -112.022704]], "green": [[33.52071, -112.022733], [33.52072, -112.022684], [33.520747, -112.022641], [33.520787, -112.022606], [33.520828, -112.022592], [33.520868, -112.022594], [33.52091, -112.022606], [33.520943, -112.022625], [33.520958, -112.022645], [33.520965, -112.022664], [33.520964, -112.022691], [33.520951, -112.022718], [33.520929, -112.022744], [33.520895, -112.022772], [33.52085, -112.022809], [33.520817, -112.022824], [33.520774, -112.022826], [33.520735, -112.022806], [33.52072, -112.022777], [33.52071, -112.022733]]}, "7": {"path": [[33.513638, -112.023832], [33.516598, -112.023684]], "green": [[33.516514, -112.023641], [33.516535, -112.023616], [33.516563, -112.023587], [33.516591, -112.023575], [33.516627, -112.023577], [33.516661, -112.023593], [33.516689, -112.02363], [33.516706, -112.023695], [33.516703, -112.023745], [33.516687, -112.023792], [33.516651, -112.023815], [33.51662, -112.023815], [33.516574, -112.023783], [33.516522, -112.02374], [33.516506, -112.023711], [33.516505, -112.023674], [33.516514, -112.023641]]}, "8": {"path": [[33.517583, -112.027134], [33.51856, -112.02776]], "green": [[33.518629, -112.027788], [33.518566, -112.027867], [33.518542, -112.027885], [33.51852, -112.027885], [33.518491, -112.027874], [33.518483, -112.027851], [33.518485, -112.02783], [33.518485, -112.027799], [33.518495, -112.027767], [33.518496, -112.027747], [33.518506, -112.027716], [33.518519, -112.027709], [33.518543, -112.027699], [33.518561, -112.027684], [33.518578, -112.027665], [33.518592, -112.027659], [33.51862, -112.027661], [33.518634, -112.027668], [33.518652, -112.027706], [33.518653, -112.027723], [33.518649, -112.027746], [33.518629, -112.027788]]}, "10": {"path": [[33.522255, -112.01837], [33.523794, -112.018784], [33.526129, -112.019117], [33.526622, -112.019544]], "green": [[33.526545, -112.019633], [33.526529, -112.019574], [33.526525, -112.019512], [33.526545, -112.019461], [33.526578, -112.019437], [33.526632, -112.019437], [33.526679, -112.019445], [33.526728, -112.019477], [33.526748, -112.019514], [33.526737, -112.019565], [33.526688, -112.019619], [33.526638, -112.019651], [33.526594, -112.019659], [33.526545, -112.019633]]}, "11": {"path": [[33.525881, -112.01998], [33.526218, -112.021577]], "green": [[33.526257, -112.021418], [33.5263, -112.021503], [33.526328, -112.021569], [33.526332, -112.021619], [33.526305, -112.021685], [33.526286, -112.021725], [33.526262, -112.021746], [33.526234, -112.021756], [33.526208, -112.021756], [33.526175, -112.021737], [33.526152, -112.021697], [33.52615, -112.021644], [33.526159, -112.021613], [33.526159, -112.021555], [33.526144, -112.021509], [33.526139, -112.02148], [33.526151, -112.021452], [33.526167, -112.021418], [33.526183, -112.021408], [33.526234, -112.021402], [33.526257, -112.021418]]}, "12": {"path": [[33.526317, -112.022257], [33.52646, -112.024121], [33.5263, -112.025461]], "green": [[33.52638, -112.025361], [33.526335, -112.025346], [33.526276, -112.025341], [33.526207, -112.025352], [33.526176, -112.025392], [33.526147, -112.025437], [33.526127, -112.025533], [33.526147, -112.025583], [33.52621, -112.025605], [33.52632, -112.025624], [33.526363, -112.025606], [33.526391, -112.025559], [33.526413, -112.025493], [33.526417, -112.025449], [33.526409, -112.025408], [33.526403, -112.025387], [33.52638, -112.025361]]}, "13": {"path": [[33.526453, -112.027674], [33.529548, -112.025615]], "green": [[33.529587, -112.025619], [33.529561, -112.025678], [33.529514, -112.025771], [33.52948, -112.0258], [33.529446, -112.025806], [33.529415, -112.025796], [33.529405, -112.025774], [33.529402, -112.025725], [33.529419, -112.025665], [33.529483, -112.025568], [33.529522, -112.025493], [33.529563, -112.025439], [33.529598, -112.025425], [33.529646, -112.025429], [33.529687, -112.025457], [33.529699, -112.025496], [33.529692, -112.025544], [33.529646, -112.025588], [33.529609, -112.025598], [33.529587, -112.025619]]}, "14": {"path": [[33.528565, -112.025662], [33.530055, -112.024003], [33.529742, -112.023172]], "green": [[33.52968, -112.023155], [33.529648, -112.023215], [33.529633, -112.023268], [33.529641, -112.023316], [33.529669, -112.023349], [33.529735, -112.023346], [33.529773, -112.023331], [33.529809, -112.023285], [33.529839, -112.023178], [33.529858, -112.023101], [33.529845, -112.023049], [33.529817, -112.023028], [33.529787, -112.023023], [33.529763, -112.023025], [33.52973, -112.023044], [33.52971, -112.023062], [33.52968, -112.023155]]}, "15": {"path": [[33.529116, -112.022876], [33.529459, -112.021129]], "green": [[33.529358, -112.021123], [33.52937, -112.021163], [33.529415, -112.021234], [33.529488, -112.021285], [33.529538, -112.021276], [33.529562, -112.021246], [33.529575, -112.021205], [33.529564, -112.021121], [33.529538, -112.021046], [33.529516, -112.021021], [33.529483, -112.021013], [33.529439, -112.021019], [33.529409, -112.021037], [33.529377, -112.021056], [33.529359, -112.021092], [33.529358, -112.021123]]}, "16": {"path": [[33.529173, -112.019709], [33.528928, -112.01763], [33.529491, -112.016385]], "green": [[33.529438, -112.016354], [33.529461, -112.01631], [33.529482, -112.016271], [33.529523, -112.016199], [33.529555, -112.016192], [33.529587, -112.016206], [33.529612, -112.016238], [33.529632, -112.016274], [33.529628, -112.016325], [33.529604, -112.016384], [33.529536, -112.016486], [33.529494, -112.016523], [33.529465, -112.016545], [33.529454, -112.016547], [33.529427, -112.016539], [33.529408, -112.016529], [33.529387, -112.016503], [33.529381, -112.016475], [33.529385, -112.016434], [33.529408, -112.016399], [33.529438, -112.016354]]}, "17": {"path": [[33.529857, -112.015458], [33.526956, -112.017959]],