{"holes": {"2": {"path": [[32.056719, -110.696342], [32.055059, -110.69396], [32.055103, -110.691872]], "green": [[32.055051, -110.692101], [32.055038, -110.692084], [32.055028, -110.692055], [32.055022, -110.692027], [32.055017, -110.692002], [32.055011, -110.691979], [32.055002, -110.691958], [32.054991, -110.691939], [32.054974, -110.691918], [32.05496, -110.691898], [32.054949, -110.691881], [32.054943, -110.691846], [32.05495, -110.691805], [32.054961, -110.691774], [32.054973, -110.691743], [32.054989, -110.691709], [32.055006, -110.69168], [32.055022, -110.691654], [32.055037, -110.691632], [32.055055, -110.691612], [32.055073, -110.691595], [32.055093, -110.691581], [32.055119, -110.691569], [32.055141, -110.691561], [32.055161, -110.691556], [32.055177, -110.691558], [32.055191, -110.691567], [32.055199, -110.691581], [32.055202, -110.691598], [32.055199, -110.691623], [32.055192, -110.691647], [32.055181, -110.691669], [32.055165, -110.691688], [32.055143, -110.691706], [32.055123, -110.691721], [32.055107, -110.691736], [32.055092, -110.691756], [32.055083, -110.691778], [32.055076, -110.691808], [32.055068, -110.691846], [32.055066, -110.691872], [32.055069, -110.691896], [32.055079, -110.691916], [32.055094, -110.69193], [32.055111, -110.691937], [32.055129, -110.691938], [32.055147, -110.691938], [32.055169, -110.69194], [32.055187, -110.691944], [32.055206, -110.691955], [32.055219, -110.691974], [32.05523, -110.691995], [32.055236, -110.692015], [32.055239, -110.69204], [32.05524, -110.692065], [32.055236, -110.692093], [32.055226, -110.692123], [32.055214, -110.692143], [32.055196, -110.69216], [32.055176, -110.692167], [32.055157, -110.692167], [32.055134, -110.692163], [32.055115, -110.692154], [32.055093, -110.692142], [32.055078, -110.692131], [32.055064, -110.692116], [32.055051, -110.692101]]}, "4": {"path": [[32.059317, -110.692087], [32.059582, -110.693972]], "green": [[32.059548, -110.694139], [32.059537, -110.694126], [32.059526, -110.694106], [32.059518, -110.694086], [32.059512, -110.694067], [32.059507, -110.694048], [32.059503, -110.694019], [32.059502, -110.693986], [32.0595, -110.69396], [32.059498, -110.693938], [32.059493, -110.693915], [32.059489, -110.693885], [32.059489, -110.693858], [32.059492, -110.693835], [32.0595, -110.693819], [32.059511, -110.693805], [32.059526, -110.693796], [32.059542, -110.693794], [32.05956, -110.693796], [32.059575, -110.693804], [32.059589, -110.693814], [32.059604, -110.693821], [32.059624, -110.69383], [32.059639, -110.693841], [32.059652, -110.693854], [32.059664, -110.693871], [32.059676, -110.693892], [32.059682, -110.69391], [32.059683, -110.693926], [32.059683, -110.693949], [32.059679, -110.693976], [32.059676, -110.694002], [32.059672, -110.694032], [32.059668, -110.694061], [32.059664, -110.69409], [32.059657, -110.694113], [32.059648, -110.694134], [32.059635, -110.694149], [32.059619, -110.694154], [32.059599, -110.694157], [32.059582, -110.694156], [32.059563, -110.694151], [32.059548, -110.694139]]}, "6": {"path": [[32.060744, -110.701418], [32.061123, -110.704518], [32.060679, -110.705349]], "green": [[32.063268, -110.697369], [32.063253, -110.697357], [32.063242, -110.697343], [32.063223, -110.697317], [32.063201, -110.697284], [32.063181, -110.697252], [32.063167, -110.697218], [32.063162, -110.69718], [32.063161, -110.697141], [32.063166, -110.697112], [32.06318, -110.697084], [32.063194, -110.697063], [32.063211, -110.697043], [32.063224, -110.697036], [32.063245, -110.697033], [32.063266, -110.697034], [32.063288, -110.697041], [32.063304, -110.697052], [32.063317, -110.697066], [32.06333, -110.697087], [32.063344, -110.697103], [32.063366, -110.697121], [32.06338, -110.697134], [32.063391, -110.69715], [32.063396, -110.697167], [32.063397, -110.697187], [32.063392, -110.697204], [32.063385, -110.697227], [32.063373, -110.697248], [32.063363, -110.69726], [32.063347, -110.697276], [32.063342, -110.697285], [32.063327, -110.697309], [32.063319, -110.697333], [32.063315, -110.697349], [32.063312, -110.697361], [32.063305, -110.697374], [32.063295, -110.697382], [32.063282, -110.697384], [32.063268, -110.697369]]}, "11": {"path": [[32.053117, -110.698525], [32.052135, -110.701031], [32.051279, -110.70119]], "green": [[32.051334, -110.701348], [32.051317, -110.701342], [32.051303, -110.701332], [32.051288, -110.701311], [32.051274, -110.701297], [32.05126, -110.701278], [32.051241, -110.701262], [32.051217, -110.701248], [32.051192, -110.701234], [32.051166, -110.701223], [32.051142, -110.701208], [32.051121, -110.70119], [32.051105, -110.70117], [32.051095, -110.701137], [32.051095, -110.70111], [32.051103, -110.701083], [32.05112, -110.701058], [32.051137, -110.701046], [32.051158, -110.701039], [32.05118, -110.701043], [32.051195, -110.701052], [32.051205, -110.701061], [32.051219, -110.70108], [32.051229, -110.701093], [32.051242, -110.701109], [32.051257, -110.701117], [32.051275, -110.701119], [32.0513, -110.70111], [32.051323, -110.7011], [32.051342, -110.701096], [32.051361, -110.701094], [32.051384, -110.701096], [32.051396, -110.701103], [32.051404, -110.701113], [32.051408, -110.701128], [32.051408, -110.701149], [32.051405, -110.70118], [32.051403, -110.701215], [32.051402, -110.701241], [32.051402, -110.701271], [32.051402, -110.701289], [32.0514, -110.701307], [32.051395, -110.701322], [32.051384, -110.701336], [32.051376, -110.701342], [32.051364, -110.701347], [32.051351, -110.70135], [32.051334, -110.701348]]}, "15": {"path": [[32.058755, -110.705991], [32.057228, -110.703645], [32.05685, -110.702285]], "green": [[32.0568, -110.70244], [32.056787, -110.702432], [32.056768, -110.702415], [32.056754, -110.702397], [32.056743, -110.702373], [32.056742, -110.702342], [32.056752, -110.702312], [32.056771, -110.702286], [32.056787, -110.702263], [32.056793, -110.702238], [32.056796, -110.702215], [32.056797, -110.702184], [32.056795, -110.702157], [32.056797, -110.702129], [32.056807, -110.702108], [32.056824, -110.702094], [32.056844, -110.70209], [32.056866, -110.702094], [32.056883, -110.702105], [32.0569, -110.702119], [32.056917, -110.702139], [32.056931, -110.702162], [32.056943, -110.702184], [32.056951, -110.702205], [32.056955, -110.702228], [32.056953, -110.702251], [32.056943, -110.702268], [32.056933, -110.702282], [32.056918, -110.702302], [32.056911, -110.702322], [32.056905, -110.70234], [32.0569, -110.702359], [32.056897, -110.702379], [32.056892, -110.702405], [32.056885, -110.702421], [32.056872, -110.702435], [32.056858, -110.702442], [32.056843, -110.702443], [32.056826, -110.702443], [32.056812, -110.702442], [32.0568, -110.70244]]}}}