{"holes": {"1": {"path": [[32.389004, -110.972438], [32.391973, -110.974558]], "green": [[32.392078, -110.974688], [32.392088, -110.97466], [32.39209, -110.974625], [32.392084, -110.974582], [32.392073, -110.974544], [32.392058, -110.974516], [32.392035, -110.974495], [32.392004, -110.974477], [32.391961, -110.974467], [32.391925, -110.97445], [32.391895, -110.974436], [32.391869, -110.974436], [32.391853, -110.974441], [32.391843, -110.974453], [32.391838, -110.974468], [32.391845, -110.974487], [32.391861, -110.974513], [32.391888, -110.974549], [32.391921, -110.974586], [32.391952, -110.974626], [32.391974, -110.974662], [32.392008, -110.97469], [32.392035, -110.974706], [32.39206, -110.974706], [32.392078, -110.974688]]}, "2": {"path": [[32.392646, -110.975004], [32.39443, -110.974127], [32.395419, -110.97259], [32.395446, -110.971328]], "green": [[32.395425, -110.971406], [32.395435, -110.971441], [32.395452, -110.971469], [32.395477, -110.971477], [32.395504, -110.971462], [32.395518, -110.971427], [32.395518, -110.971382], [32.395519, -110.971335], [32.395519, -110.971289], [32.395509, -110.971238], [32.395496, -110.971205], [32.395473, -110.971187], [32.395444, -110.971184], [32.395405, -110.971196], [32.395367, -110.971217], [32.395352, -110.971238], [32.395352, -110.97127], [32.395371, -110.971315], [32.395397, -110.971358], [32.395414, -110.971382], [32.395425, -110.971406]]}, "3": {"path": [[32.395053, -110.97143], [32.395105, -110.968603], [32.395635, -110.967333]], "green": [[32.395553, -110.967323], [32.395554, -110.967294], [32.395561, -110.967268], [32.395571, -110.967247], [32.395581, -110.967232], [32.395596, -110.96722], [32.395626, -110.967206], [32.395656, -110.967201], [32.395674, -110.967204], [32.395693, -110.967212], [32.395709, -110.967223], [32.395727, -110.967245], [32.395737, -110.967268], [32.395739, -110.967296], [32.395733, -110.967318], [32.395723, -110.967337], [32.395711, -110.967355], [32.395699, -110.967366], [32.395682, -110.967378], [32.395667, -110.967388], [32.395654, -110.967401], [32.395642, -110.967416], [32.395634, -110.96743], [32.395627, -110.967444], [32.395618, -110.967454], [32.395604, -110.967459], [32.39559, -110.967456], [32.395579, -110.967449], [32.395571, -110.967433], [32.395564, -110.967409], [32.395558, -110.967375], [32.395555, -110.96735], [32.395553, -110.967323]]}, "4": {"path": [[32.395352, -110.966802], [32.394795, -110.965182]], "green": [[32.394847, -110.965303], [32.394857, -110.96529], [32.39487, -110.965248], [32.394879, -110.965202], [32.394881, -110.965153], [32.394876, -110.965116], [32.394863, -110.965096], [32.394841, -110.965075], [32.394814, -110.965062], [32.394786, -110.965058], [32.394757, -110.965058], [32.39473, -110.965065], [32.394711, -110.965078], [32.394699, -110.965099], [32.394695, -110.965123], [32.3947, -110.965154], [32.394717, -110.965189], [32.394739, -110.96522], [32.394761, -110.965254], [32.394775, -110.965286], [32.394792, -110.96531], [32.394813, -110.965318], [32.394831, -110.965315], [32.394847, -110.965303]]}, "5": {"path": [[32.394351, -110.964435], [32.394455, -110.966817], [32.393777, -110.96754]], "green": [[32.393859, -110.967601], [32.393864, -110.967586], [32.393864, -110.967558], [32.393863, -110.967515], [32.393862, -110.96749], [32.393854, -110.967467], [32.393844, -110.967454], [32.39383, -110.967448], [32.393808, -110.967444], [32.393786, -110.967444], [32.393765, -110.96745], [32.393746, -110.96746], [32.393726, -110.967467], [32.393702, -110.96747], [32.393682, -110.967481], [32.393667, -110.967495], [32.393656, -110.967522], [32.393658, -110.967551], [32.393668, -110.967574], [32.393683, -110.96759], [32.393704, -110.967607], [32.393725, -110.96762], [32.393749, -110.96763], [32.393778, -110.967636], [32.393804, -110.967637], [32.393827, -110.967635], [32.393845, -110.967624], [32.393854, -110.967615], [32.393859, -110.967601]]}, "6": {"path": [[32.393089, -110.967175], [32.393392, -110.969664], [32.393021, -110.97122], [32.392687, -110.971903]], "green": [[32.392781, -110.971907], [32.392771, -110.97193], [32.392761, -110.97195], [32.392746, -110.971966], [32.392735, -110.971978], [32.392719, -110.971986], [32.392698, -110.971991], [32.392682, -110.97199], [32.392668, -110.971981], [32.392652, -110.971975], [32.392642, -110.971971], [32.392627, -110.971962], [32.39262, -110.971954], [32.39261, -110.971944], [32.392599, -110.971922], [32.392595, -110.971912], [32.392595, -110.971892], [32.392599, -110.971869], [32.392607, -110.971855], [32.392615, -110.971845], [32.392627, -110.971833], [32.392643, -110.971829], [32.392659, -110.971828], [32.392672, -110.971828], [32.392696, -110.971833], [32.392711, -110.971833], [32.392728, -110.971833], [32.392743, -110.971842], [32.392754, -110.971848], [32.392766, -110.971858], [32.392775, -110.971871], [32.392785, -110.971887], [32.392781, -110.971907]]}, "7": {"path": [[32.391996, -110.972147], [32.393948, -110.972737], [32.394716, -110.972449]], "green": [[32.394617, -110.972488], [32.394644, -110.972498], [32.394678, -110.972495], [32.394695, -110.972498], [32.394718, -110.972508], [32.39475, -110.972527], [32.394782, -110.972542], [32.394813, -110.972543], [32.394834, -110.972532], [32.394848, -110.97251], [32.394855, -110.972489], [32.394854, -110.972473], [32.394844, -110.972448], [32.394824, -110.972421], [32.394798, -110.972397], [32.394774, -110.972376], [32.394745, -110.972362], [32.394723, -110.972358], [32.394703, -110.972363], [32.394685, -110.972373], [32.394669, -110.972383], [32.394652, -110.972387], [32.394636, -110.972389], [32.394616, -110.972399], [32.394601, -110.972413], [32.394593, -110.972439], [32.394595, -110.972457], [32.394603, -110.972476], [32.394617, -110.972488]]}, "8": {"path": [[32.394757, -110.973057], [32.393095, -110.973857]], "green": [[32.393157, -110.973925], [32.393173, -110.973899], [32.393188, -110.973882], [32.393197, -110.973866], [32.393205, -110.973846], [32.393208, -110.973822], [32.393203, -110.973801], [32.393196, -110.973785], [32.393183, -110.973769], [32.393167, -110.973759], [32.393149, -110.973754], [32.393128, -110.973752], [32.393102, -110.973756], [32.393068, -110.973762], [32.393048, -110.973771], [32.393033, -110.973784], [32.393011, -110.973809], [32.392996, -110.973829], [32.39298, -110.973846], [32.392968, -110.973865], [32.392962, -110.973891], [32.392964, -110.973913], [32.39298, -110.97393], [32.393001, -110.973935], [32.393029, -110.973941], [32.393057, -110.973947], [32.393082, -110.973956], [32.393103, -110.973961], [32.393118, -110.973956], [32.393139, -110.973945], [32.393157, -110.973925]]}, "9": {"path": [[32.392615, -110.974467], [32.390803, -110.972825], [32.389486, -110.972233]], "green": [[32.389587, -110.972268], [32.389606, -110.972248], [32.389615, -110.972216], [32.38961, -110.972179], [32.38959, -110.97215], [32.389561, -110.972136], [32.389533, -110.972133], [32.389503, -110.97214], [32.389479, -110.972155], [32.38945, -110.972178], [32.389424, -110.972191], [32.389393, -110.972198], [32.389362, -110.972212], [32.389346, -110.972236], [32.389344, -110.97227], [32.389357, -110.972297], [32.38938, -110.972315], [32.389411, -110.972321], [32.389443, -110.972317], [32.389473, -110.972305], [32.389505, -110.972292], [32.389536, -110.97229], [32.389564, -110.972284], [32.389587, -110.972268]]}, "10": {"path": [[32.388338, -110.974185], [32.389552, -110.976304], [32.389282, -110.977995]],