{"holes": {"1": {"path": [[33.555128, -111.92648], [33.55348, -111.929027], [33.554157, -111.930561]], "green": [[33.554239, -111.930556], [33.554214, -111.930605], [33.554144, -111.93069], [33.55412, -111.930705], [33.554089, -111.930708], [33.554063, -111.930676], [33.554053, -111.930615], [33.554063, -111.930569], [33.554092, -111.930517], [33.554125, -111.930482], [33.554166, -111.930448], [33.554191, -111.930434], [33.554223, -111.930438], [33.55424, -111.930472], [33.554247, -111.930511], [33.554239, -111.930556]]}, "6": {"path": [[33.554518, -111.932823], [33.557096, -111.932449], [33.558054, -111.931963]], "green": [[33.553504, -111.929733], [33.553485, -111.929802], [33.553446, -111.92987], [33.553413, -111.929924], [33.553388, -111.929957], [33.553361, -111.929958], [33.553327, -111.929935], [33.553308, -111.929895], [33.5533, -111.929863], [33.553306, -111.929821], [33.553318, -111.929783], [33.553337, -111.929746], [33.553365, -111.929717], [33.553387, -111.929693], [33.553414, -111.929669], [33.553429, -111.929653], [33.553451, -111.929645], [33.553475, -111.929651], [33.553493, -111.92967], [33.553504, -111.929701], [33.553504, -111.929733]]}, "8": {"path": [[33.556681, -111.928787], [33.557713, -111.930393], [33.557873, -111.930967]], "green": [[33.55797, -111.93097], [33.55795, -111.931013], [33.557916, -111.931054], [33.55787, -111.931073], [33.557834, -111.931067], [33.557796, -111.931039], [33.557764, -111.931013], [33.557756, -111.930982], [33.557767, -111.930936], [33.557804, -111.930888], [33.557834, -111.930873], [33.557882, -111.930868], [33.557928, -111.930882], [33.557961, -111.930909], [33.557969, -111.930936], [33.55797, -111.93097]]}, "10": {"path": [[33.561437, -111.938281], [33.560361, -111.936145], [33.559975, -111.934386]], "green": [[33.559868, -111.934432], [33.559882, -111.934398], [33.559918, -111.93433], [33.559949, -111.934284], [33.55998, -111.934254], [33.560017, -111.934238], [33.560055, -111.934238], [33.560086, -111.934254], [33.560105, -111.934281], [33.56011, -111.934312], [33.560099, -111.934361], [33.560068, -111.934415], [33.560034, -111.934454], [33.559999, -111.934482], [33.559974, -111.934498], [33.559937, -111.934509], [33.559904, -111.934512], [33.55988, -111.934496], [33.559869, -111.934476], [33.559864, -111.934451], [33.559868, -111.934432]]}, "18": {"path": [[33.559035, -111.932497], [33.556471, -111.933551], [33.555386, -111.934357]], "green": [[33.555518, -111.934348], [33.55552, -111.934367], [33.555515, -111.934393], [33.555494, -111.934425], [33.555467, -111.934434], [33.555437, -111.934438], [33.55539, -111.934432], [33.55534, -111.934428], [33.555308, -111.934426], [33.555272, -111.934426], [33.555247, -111.934418], [33.555237, -111.934398], [33.555234, -111.934371], [33.55524, -111.934345], [33.55526, -111.934323], [33.555286, -111.934303], [33.555314, -111.934281], [33.555357, -111.934259], [33.555382, -111.934253], [33.555404, -111.934259], [33.555433, -111.934282], [33.55547, -111.934312], [33.555495, -111.934321], [33.555513, -111.934336], [33.555518, -111.934348]]}}}