{"holes": {"1": {"path": [[40.801605, -73.600652], [40.79879, -73.599257]], "green": [[40.798882, -73.599366], [40.798866, -73.599379], [40.798816, -73.599383], [40.798753, -73.599371], [40.798732, -73.599365], [40.798696, -73.599337], [40.798681, -73.599309], [40.798675, -73.599283], [40.798674, -73.599221], [40.798679, -73.59917], [40.798694, -73.599129], [40.79872, -73.599099], [40.79875, -73.599086], [40.79878, -73.599092], [40.798806, -73.59911], [40.798841, -73.599166], [40.79887, -73.599226], [40.798887, -73.599251], [40.798897, -73.59929], [40.7989, -73.599317], [40.798896, -73.599342], [40.798882, -73.599366]]}, "2": {"path": [[40.799678, -73.598708], [40.797463, -73.598639], [40.796403, -73.598065], [40.7955, -73.598384]], "green": [[40.795531, -73.598511], [40.79558, -73.598438], [40.795594, -73.598406], [40.795607, -73.598375], [40.795605, -73.598322], [40.795586, -73.5983], [40.795574, -73.598292], [40.795519, -73.598253], [40.795484, -73.59822], [40.795439, -73.59823], [40.79541, -73.598265], [40.795393, -73.598311], [40.795392, -73.598374], [40.795406, -73.598438], [40.795423, -73.598477], [40.795445, -73.598509], [40.795472, -73.598534], [40.79551, -73.598531], [40.795531, -73.598511]]}, "3": {"path": [[40.795922, -73.597646], [40.794466, -73.597152]], "green": [[40.794436, -73.597265], [40.794502, -73.597249], [40.794517, -73.597244], [40.794553, -73.597233], [40.794574, -73.597202], [40.79458, -73.597166], [40.794574, -73.597133], [40.794567, -73.597094], [40.794541, -73.597049], [40.794494, -73.597021], [40.794454, -73.597001], [40.794408, -73.597015], [40.794381, -73.597048], [40.794358, -73.597084], [40.794349, -73.597131], [40.794351, -73.59719], [40.794376, -73.597241], [40.794402, -73.597265], [40.794436, -73.597265]]}, "4": {"path": [[40.795137, -73.598089], [40.793458, -73.596939], [40.79231, -73.59757]], "green": [[40.792333, -73.597713], [40.792298, -73.597706], [40.792263, -73.597686], [40.792233, -73.597648], [40.792214, -73.597593], [40.792216, -73.597525], [40.792231, -73.597455], [40.792263, -73.597414], [40.792303, -73.5974], [40.792343, -73.597407], [40.792378, -73.597457], [40.792392, -73.597516], [40.792396, -73.597572], [40.792393, -73.597627], [40.792374, -73.597683], [40.792333, -73.597713]]}, "5": {"path": [[40.791993, -73.597749], [40.794226, -73.600895], [40.795211, -73.601371]], "green": [[40.795283, -73.601476], [40.795311, -73.601423], [40.795319, -73.601351], [40.795307, -73.601288], [40.795277, -73.601245], [40.795242, -73.60123], [40.795193, -73.601237], [40.795161, -73.601267], [40.795125, -73.601301], [40.795099, -73.601324], [40.795073, -73.601336], [40.795079, -73.601441], [40.79515, -73.601457], [40.795198, -73.601477], [40.795234, -73.60149], [40.795261, -73.601486], [40.795283, -73.601476]]}, "6": {"path": [[40.795904, -73.601442], [40.793836, -73.599316], [40.792838, -73.597966]], "green": [[40.792934, -73.598073], [40.792911, -73.59809], [40.79287, -73.598094], [40.792849, -73.598086], [40.792835, -73.598081], [40.792784, -73.598067], [40.792743, -73.598043], [40.792713, -73.597992], [40.792704, -73.597922], [40.792716, -73.597852], [40.792745, -73.597798], [40.792782, -73.597772], [40.792829, -73.597778], [40.792865, -73.597822], [40.792894, -73.597865], [40.792925, -73.597932], [40.792943, -73.597983], [40.792947, -73.598022], [40.792934, -73.598073]]}, "7": {"path": [[40.793069, -73.59764], [40.794575, -73.598242]], "green": [[40.79459, -73.598372], [40.794634, -73.598351], [40.79467, -73.598315], [40.794693, -73.598271], [40.794706, -73.598226], [40.794704, -73.598188], [40.794677, -73.598161], [40.794632, -73.598144], [40.794557, -73.598116], [40.794517, -73.598115], [40.794479, -73.598121], [40.794458, -73.598149], [40.794447, -73.598199], [40.794459, -73.598248], [40.794482, -73.598302], [40.794514, -73.598345], [40.794545, -73.598368], [40.79459, -73.598372]]}, "8": {"path": [[40.794536, -73.59892], [40.796881, -73.599185], [40.797965, -73.599614]], "green": [[40.797981, -73.599749], [40.798051, -73.599713], [40.798101, -73.599654], [40.798108, -73.599557], [40.798084, -73.599473], [40.798054, -73.599445], [40.798003, -73.599427], [40.797953, -73.599466], [40.797908, -73.599527], [40.797889, -73.599558], [40.797873, -73.599587], [40.797855, -73.599641], [40.797861, -73.599685], [40.797883, -73.599722], [40.797903, -73.599737], [40.797923, -73.599752], [40.797981, -73.599749]]}, "9": {"path": [[40.798229, -73.599376], [40.800077, -73.600607], [40.801438, -73.601082]], "green": [[40.801318, -73.601083], [40.801314, -73.601046], [40.801324, -73.601003], [40.801341, -73.600971], [40.801373, -73.600951], [40.801411, -73.600945], [40.801453, -73.600946], [40.801503, -73.600963], [40.801537, -73.600984], [40.801558, -73.601005], [40.801571, -73.601039], [40.80157, -73.601093], [40.80156, -73.601142], [40.801541, -73.601188], [40.801519, -73.601215], [40.801485, -73.601238], [40.801448, -73.601243], [40.801414, -73.601224], [40.801383, -73.601176], [40.801352, -73.601143], [40.801338, -73.601124], [40.801318, -73.601083]]}, "10": {"path": [[40.791778, -73.585623], [40.792415, -73.58315], [40.792316, -73.581454]], "green": [[40.792394, -73.581614], [40.792397, -73.581597], [40.792401, -73.581574], [40.792395, -73.58155], [40.792391, -73.581519], [40.792383, -73.581489], [40.792396, -73.581455], [40.792394, -73.581399], [40.792394, -73.581359], [40.792388, -73.581327], [40.792374, -73.581293], [40.79236, -73.581274], [40.792332, -73.581259], [40.792301, -73.581248], [40.792269, -73.581243], [40.792234, -73.581246], [40.792212, -73.581264], [40.792199, -73.581294], [40.792185, -73.581332], [40.792184, -73.581369], [40.792191, -73.581431], [40.792209, -73.581491], [40.792229, -73.581551], [40.792244, -73.581586], [40.792268, -73.581637], [40.792294, -73.581658], [40.792329, -73.581664], [40.792364, -73.581651], [40.79238, -73.581632], [40.792394, -73.581614]]}, "11": {"path": [[40.791724, -73.581122], [40.791167, -73.578453], [40.792324, -73.576459]], "green": [[40.792257, -73.576317], [40.792247, -73.57633], [40.79224, -73.576341], [40.792237, -73.576356], [40.792237, -73.576372], [40.79224, -73.576395], [40.792243, -73.57641], [40.792248, -73.576427], [40.792253, -73.576438], [40.792261, -73.576456], [40.792267, -73.576471], [40.792273, -73.576489], [40.79228, -73.576516], [40.792286, -73.576538], [40.79229, -73.576567], [40.792295, -73.576598], [40.792299, -73.576637], [40.792312, -73.57666], [40.792327, -73.576676], [40.792353, -73.576686], [40.792382, -73.576679], [40.792406, -73.576651], [40.792421, -73.576637], [40.792429, -73.576609], [40.792437, -73.576568], [40.792439, -73.576543], [40.792432, -73.576508], [40.792427, -73.576491], [40.792417, -73.576467], [40.792404, -73.576442], [40.79239, -73.576413], [40.792381, -73.576382], [40.792379, -73.576362], [40.792369, -73.576343], [40.79236, -73.576329], [40.792344, -73.576318], [40.792328, -73.576314], [40.792313, -73.576309], [40.792295, -73.576306], [40.792276, -73.576306], [40.792265, -73.576308], [40.792257, -73.576317]]}, "17": {"path": [[40.790924, -73.582217], [40.788654, -73.586174]], "green": [[40.788776, -73.586195], [40.788772, -73.586179], [40.788763, -73.586164], [40.788745, -73.586146], [40.788725, -73.586128], [40.788709, -73.58612], [40.788698, -73.586104], [40.788689, -73.586087], [40.788676, -73.586067], [40.78866, -73.586046], [40.788633, -73.586026], [40.788614, -73.586025], [40.788577, -73.586029], [40.788552, -73.58604], [40.788533, -73.586057], [40.788518, -73.58608], [40.78851, -73.5861], [40.788504, -73.586136], [40.788517, -73.586175], [40.788535, -73.586219], [40.788568, -73.586279], [40.788583, -73.586303], [40.788605, -73.586325], [40.788636, -73.586336], [40.788649, -73.586342], [40.788662, -73.586335], [40.7887, -73.586313], [40.788736, -73.586282], [40.788755, -73.586269], [40.788768, -73.586246], [40.788775, -73.586227], [40.788776, -73.586195]]},