{"holes": {"1": {"path": [[42.457488, -76.467047], [42.456925, -76.464352], [42.456136, -76.463094]], "green": [[42.456238, -76.463238], [42.456213, -76.463264], [42.456179, -76.463273], [42.45614, -76.463246], [42.456106, -76.463194], [42.456067, -76.463118], [42.456043, -76.463069], [42.456025, -76.46303], [42.456018, -76.46298], [42.456024, -76.462944], [42.456043, -76.462924], [42.456063, -76.462917], [42.456087, -76.462929], [42.456105, -76.462953], [42.456128, -76.463], [42.45616, -76.46305], [42.456186, -76.463078], [42.456212, -76.463111], [42.456228, -76.46314], [42.456244, -76.463174], [42.45625, -76.463208], [42.456238, -76.463238]]}, "3": {"path": [[42.458034, -76.460929], [42.456164, -76.459511], [42.455126, -76.458535]], "green": [[42.455243, -76.458559], [42.45523, -76.458598], [42.455202, -76.458614], [42.455171, -76.458627], [42.455134, -76.45863], [42.455108, -76.458628], [42.455064, -76.458624], [42.454993, -76.458598], [42.454951, -76.458538], [42.454957, -76.458464], [42.454994, -76.458427], [42.455067, -76.458404], [42.455123, -76.458392], [42.455177, -76.458419], [42.455233, -76.458491], [42.455245, -76.458525], [42.455243, -76.458559]]}, "4": {"path": [[42.455659, -76.458309], [42.457397, -76.458986], [42.459012, -76.458662]], "green": [[42.459119, -76.458763], [42.459084, -76.458787], [42.459047, -76.458799], [42.459012, -76.458795], [42.458974, -76.458764], [42.458951, -76.458732], [42.458922, -76.458692], [42.458888, -76.458685], [42.458873, -76.458687], [42.458856, -76.458601], [42.458867, -76.458587], [42.458894, -76.458557], [42.458942, -76.458515], [42.458979, -76.458506], [42.459047, -76.458506], [42.459095, -76.458538], [42.459119, -76.458579], [42.459145, -76.458635], [42.459167, -76.458681], [42.459153, -76.458724], [42.459119, -76.458763]]}, "6": {"path": [[42.458307, -76.461081], [42.457481, -76.463607], [42.457664, -76.465424], [42.458034, -76.466491]], "green": [[42.458003, -76.466312], [42.458037, -76.466367], [42.458067, -76.466404], [42.458093, -76.46645], [42.458113, -76.466496], [42.458136, -76.466549], [42.458153, -76.466589], [42.458145, -76.466628], [42.458116, -76.466647], [42.458093, -76.466666], [42.458069, -76.466674], [42.458034, -76.466643], [42.458013, -76.466611], [42.457974, -76.466534], [42.45796, -76.466504], [42.457941, -76.466465], [42.457936, -76.466449], [42.457917, -76.466375], [42.457933, -76.466323], [42.457972, -76.466307], [42.458003, -76.466312]]}, "7": {"path": [[42.458711, -76.467303], [42.458074, -76.46414], [42.458373, -76.462571]], "green": [[42.458232, -76.462478], [42.458252, -76.462428], [42.458279, -76.462401], [42.458332, -76.462368], [42.458376, -76.462368], [42.458424, -76.462392], [42.458463, -76.462439], [42.458489, -76.46248], [42.458498, -76.462526], [42.458497, -76.462559], [42.458501, -76.462613], [42.458493, -76.462641], [42.458479, -76.462696], [42.458447, -76.462724], [42.458393, -76.462756], [42.458352, -76.462763], [42.458323, -76.462771], [42.458301, -76.462752], [42.458245, -76.462723], [42.458229, -76.462631], [42.458232, -76.462478]]}, "8": {"path": [[42.458473, -76.46356], [42.46039, -76.464767], [42.461951, -76.46558], [42.46262, -76.466083]], "green": [[42.462542, -76.465952], [42.462616, -76.465989], [42.462695, -76.466011], [42.462751, -76.466043], [42.462772, -76.466106], [42.462761, -76.466175], [42.462731, -76.466203], [42.462679, -76.466208], [42.462624, -76.466202], [42.462526, -76.466165], [42.462485, -76.466128], [42.462469, -76.46604], [42.462491, -76.46599], [42.462542, -76.465952]]}, "9": {"path": [[42.46242, -76.46657], [42.460618, -76.465862], [42.4595, -76.466027]], "green": [[42.45962, -76.466098], [42.459583, -76.466119], [42.459536, -76.466119], [42.459479, -76.466125], [42.45943, -76.466155], [42.459376, -76.466139], [42.459331, -76.46609], [42.459313, -76.466007], [42.459339, -76.465938], [42.459407, -76.465894], [42.459473, -76.465911], [42.459547, -76.465921], [42.459581, -76.465926], [42.459599, -76.465925], [42.459625, -76.465971], [42.459634, -76.46603], [42.45962, -76.466098]]}, "10": {"path": [[42.457179, -76.469382], [42.455493, -76.468868], [42.454519, -76.468789]], "green": [[42.454678, -76.468766], [42.454649, -76.468793], [42.454637, -76.468817], [42.454611, -76.468847], [42.454573, -76.468869], [42.454538, -76.468872], [42.4545, -76.46889], [42.454475, -76.468913], [42.454426, -76.468932], [42.454399, -76.468929], [42.454367, -76.468845], [42.454356, -76.46882], [42.454339, -76.468752], [42.454338, -76.468719], [42.454363, -76.468713], [42.454394, -76.468717], [42.454433, -76.468727], [42.454497, -76.468728], [42.454544, -76.468733], [42.45459, -76.468711], [42.454622, -76.468707], [42.454643, -76.468711], [42.45465, -76.468717], [42.454664, -76.468741], [42.454678, -76.468766]]}, "11": {"path": [[42.454197, -76.469107], [42.456461, -76.469918], [42.457408, -76.470591]], "green": [[42.457314, -76.470416], [42.457331, -76.470415], [42.457384, -76.470479], [42.45745, -76.470545], [42.457512, -76.470562], [42.457565, -76.470602], [42.457609, -76.470678], [42.457598, -76.470751], [42.457569, -76.470803], [42.457517, -76.470805], [42.457469, -76.470753], [42.457432, -76.4707], [42.457398, -76.4707], [42.457363, -76.470697], [42.45733, -76.470646], [42.457312, -76.470578], [42.45728, -76.470524], [42.457257, -76.470502], [42.457267, -76.470429], [42.457307, -76.470415], [42.457314, -76.470416]]}, "12": {"path": [[42.458332, -76.471221], [42.457499, -76.469859]], "green": [[42.457586, -76.469831], [42.457563, -76.469926], [42.457562, -76.469929], [42.457527, -76.470009], [42.457488, -76.470014], [42.457451, -76.469975], [42.457421, -76.469962], [42.457388, -76.469867], [42.457406, -76.469743], [42.457439, -76.469721], [42.457476, -76.469718], [42.457527, -76.469736], [42.457569, -76.469767], [42.457586, -76.469831]]}, "13": {"path": [[42.458023, -76.46961], [42.459062, -76.471785], [42.459792, -76.474161]], "green": [[42.459752, -76.473942], [42.459801, -76.473978], [42.459828, -76.474014], [42.459849, -76.474091], [42.459867, -76.474171], [42.459901, -76.474223], [42.45993, -76.474254], [42.459941, -76.474276], [42.459944, -76.474315], [42.459925, -76.474383], [42.459904, -76.474405], [42.459866, -76.474425], [42.459822, -76.474415], [42.459794, -76.474375], [42.459761, -76.474299], [42.459738, -76.47423], [42.459725, -76.474186], [42.459687, -76.474124], [42.459652, -76.474077], [42.459645, -76.474041], [42.459646, -76.474006], [42.459662, -76.47397], [42.459684, -76.473946], [42.459712, -76.473932], [42.459752, -76.473942]]}, "14": {"path": [[42.45978, -76.474508], [42.45831, -76.473226], [42.457053, -76.473568]], "green": [[42.457141, -76.473569], [42.457113, -76.473578], [42.457088, -76.47358], [42.457071, -76.473595], [42.457055, -76.473627], [42.457049, -76.473668], [42.457031, -76.473702], [42.457009, -76.473719], [42.456967, -76.473707], [42.456936, -76.473684], [42.456916, -76.473644], [42.456907, -76.473602], [42.456914, -76.473551], [42.456938, -76.473509], [42.456978, -76.473487], [42.457026, -76.473477], [42.457067, -76.473471], [42.457098, -76.47346], [42.457122, -76.473463], [42.457142, -76.473473], [42.457151, -76.473487], [42.457158, -76.473503], [42.457161, -76.473531], [42.457158, -76.473547], [42.457141, -76.473569]]}, "15": {"path": [[42.456992, -76.473963], [42.458777, -76.474387], [42.459796, -76.474916]],