{"holes": {"1": {"path": [[40.621505, -73.756676], [40.621208, -73.758902], [40.621426, -73.760255]], "green": [[40.621418, -73.760377], [40.621476, -73.760374], [40.621505, -73.760346], [40.621521, -73.7603], [40.621516, -73.760216], [40.621504, -73.760162], [40.621487, -73.760134], [40.621457, -73.760111], [40.621422, -73.760116], [40.621399, -73.76014], [40.621379, -73.760174], [40.621357, -73.760218], [40.62135, -73.760243], [40.621346, -73.760277], [40.621351, -73.76031], [40.621367, -73.760342], [40.621389, -73.760365], [40.621418, -73.760377]]}, "2": {"path": [[40.621662, -73.76065], [40.619844, -73.760977], [40.619228, -73.762017]], "green": [[40.619151, -73.762105], [40.619178, -73.762123], [40.619205, -73.76213], [40.619235, -73.762125], [40.619268, -73.762109], [40.619296, -73.762084], [40.619318, -73.76205], [40.619326, -73.762019], [40.619333, -73.761977], [40.619324, -73.761944], [40.619302, -73.761904], [40.619277, -73.761883], [40.61924, -73.761882], [40.619207, -73.761903], [40.619183, -73.761934], [40.619163, -73.761961], [40.619142, -73.761997], [40.619134, -73.762032], [40.619135, -73.762066], [40.619151, -73.762105]]}, "3": {"path": [[40.61896, -73.761511], [40.620627, -73.758684], [40.621024, -73.756927]], "green": [[40.621079, -73.757081], [40.621112, -73.757046], [40.621134, -73.757], [40.621145, -73.756945], [40.621146, -73.756897], [40.62113, -73.756857], [40.621107, -73.75682], [40.621081, -73.756786], [40.621041, -73.756763], [40.620995, -73.756762], [40.620957, -73.756777], [40.620925, -73.756804], [40.620906, -73.756855], [40.620894, -73.75691], [40.620894, -73.756952], [40.620911, -73.756999], [40.620941, -73.757046], [40.620973, -73.757074], [40.621025, -73.75709], [40.621079, -73.757081]]}, "4": {"path": [[40.620729, -73.756211], [40.619705, -73.759368], [40.618663, -73.761187]], "green": [[40.618609, -73.761304], [40.618626, -73.761315], [40.618652, -73.761317], [40.618674, -73.76131], [40.618701, -73.76128], [40.618722, -73.761253], [40.618736, -73.761214], [40.618754, -73.761176], [40.618768, -73.761127], [40.618764, -73.761091], [40.618753, -73.761067], [40.618729, -73.761042], [40.618705, -73.761036], [40.618679, -73.761051], [40.618648, -73.761079], [40.618615, -73.761093], [40.618591, -73.761119], [40.61858, -73.761145], [40.618578, -73.761182], [40.618579, -73.761226], [40.618584, -73.761266], [40.618591, -73.761293], [40.618609, -73.761304]]}, "5": {"path": [[40.617973, -73.760864], [40.619443, -73.758842], [40.620027, -73.756273]], "green": [[40.62007, -73.756405], [40.620093, -73.756377], [40.620108, -73.756341], [40.620121, -73.756295], [40.620126, -73.756242], [40.620119, -73.756196], [40.620104, -73.756162], [40.620081, -73.756135], [40.620055, -73.75612], [40.620024, -73.756117], [40.619987, -73.756129], [40.619967, -73.756154], [40.619951, -73.756183], [40.619941, -73.756214], [40.61994, -73.756247], [40.619943, -73.756284], [40.619949, -73.756318], [40.61996, -73.75635], [40.619973, -73.756381], [40.61999, -73.756399], [40.620012, -73.756411], [40.620041, -73.756417], [40.62007, -73.756405]]}, "6": {"path": [[40.619956, -73.755475], [40.619385, -73.757362]], "green": [[40.619329, -73.757383], [40.619341, -73.757431], [40.619358, -73.757456], [40.619391, -73.757472], [40.619423, -73.757468], [40.619449, -73.75744], [40.61946, -73.75741], [40.619462, -73.757359], [40.619447, -73.757308], [40.619424, -73.757276], [40.619393, -73.757253], [40.619363, -73.757254], [40.619341, -73.757262], [40.619325, -73.757294], [40.619324, -73.757339], [40.619329, -73.757383]]}, "7": {"path": [[40.619172, -73.757422], [40.619025, -73.755234]], "green": [[40.619027, -73.755335], [40.619047, -73.755318], [40.619065, -73.755283], [40.61909, -73.755247], [40.619106, -73.755206], [40.619103, -73.755175], [40.619091, -73.75515], [40.61906, -73.755131], [40.619029, -73.755131], [40.618997, -73.755141], [40.61897, -73.755172], [40.618958, -73.755203], [40.618952, -73.755239], [40.618954, -73.755277], [40.618963, -73.755308], [40.61899, -73.755335], [40.619027, -73.755335]]}, "8": {"path": [[40.619086, -73.754361], [40.619347, -73.752258], [40.619939, -73.750263]], "green": [[40.619903, -73.750395], [40.619942, -73.750399], [40.619971, -73.750377], [40.62001, -73.750334], [40.620044, -73.750276], [40.620058, -73.750222], [40.620055, -73.750175], [40.620038, -73.750129], [40.620008, -73.750108], [40.619975, -73.750112], [40.619942, -73.750135], [40.619895, -73.750171], [40.619868, -73.750204], [40.619849, -73.750238], [40.619838, -73.750279], [40.619835, -73.750317], [40.619844, -73.750353], [40.619868, -73.750382], [40.619903, -73.750395]]}, "9": {"path": [[40.620296, -73.750247], [40.619495, -73.754592]], "green": [[40.619457, -73.754711], [40.619477, -73.754725], [40.619503, -73.754728], [40.619532, -73.754724], [40.619559, -73.754712], [40.61958, -73.754682], [40.619588, -73.754635], [40.619584, -73.754589], [40.619577, -73.754535], [40.61957, -73.75449], [40.619551, -73.754456], [40.619524, -73.754439], [40.619488, -73.754435], [40.619464, -73.754443], [40.619445, -73.75447], [40.619422, -73.754515], [40.619407, -73.754545], [40.619396, -73.754577], [40.619389, -73.754631], [40.619415, -73.754685], [40.619457, -73.754711]]}, "10": {"path": [[40.619996, -73.755786], [40.62014, -73.754687]], "green": [[40.620182, -73.754822], [40.620202, -73.7548], [40.620214, -73.754765], [40.620223, -73.754708], [40.620231, -73.754642], [40.620227, -73.754596], [40.620209, -73.754565], [40.620176, -73.754539], [40.620141, -73.75453], [40.620108, -73.754544], [40.62008, -73.754567], [40.620066, -73.754594], [40.620061, -73.754628], [40.620069, -73.754667], [40.620073, -73.754688], [40.620075, -73.754726], [40.620077, -73.754763], [40.62009, -73.754799], [40.620111, -73.754821], [40.62015, -73.754834], [40.620182, -73.754822]]}, "11": {"path": [[40.620412, -73.755415], [40.620458, -73.752943], [40.620957, -73.750942]], "green": [[40.620966, -73.75106], [40.620994, -73.75105], [40.621019, -73.751021], [40.621033, -73.750971], [40.621043, -73.750925], [40.621039, -73.750878], [40.621026, -73.750839], [40.621001, -73.750816], [40.620972, -73.750802], [40.620938, -73.750798], [40.62091, -73.750814], [40.620891, -73.750846], [40.620872, -73.750912], [40.620869, -73.750954], [40.620883, -73.750998], [40.620902, -73.751035], [40.62092, -73.751056], [40.620946, -73.751064], [40.620966, -73.75106]]}, "12": {"path": [[40.620725, -73.750293], [40.622753, -73.751454], [40.624109, -73.752455]], "green": [[40.624189, -73.752564], [40.624169, -73.752576], [40.624133, -73.752571], [40.624104, -73.752552], [40.624083, -73.752528], [40.624065, -73.752501], [40.624043, -73.752487], [40.624016, -73.752466], [40.623994, -73.752444], [40.623982, -73.752405], [40.623984, -73.752357], [40.624005, -73.752322], [40.624036, -73.752301], [40.624079, -73.752302], [40.624124, -73.752335], [40.624159, -73.752367], [40.624184, -73.752399], [40.624212, -73.75244], [40.62422, -73.752482], [40.624217, -73.752515], [40.624209, -73.752538], [40.624189, -73.752564]]}, "13": {"path": [[40.62421, -73.75221], [40.625367, -73.753787], [40.626248, -73.754537]], "green": [[40.626291, -73.754608], [40.626265, -73.754619], [40.626213, -73.754611], [40.626172, -73.754586], [40.62615, -73.75455], [40.626153, -73.754491], [40.626182, -73.754443], [40.626242, -73.754425], [40.626287, -73.754442], [40.626318, -73.754482], [40.626332, -73.754533], [40.626322, -73.754578], [40.626291, -73.754608]]}, "14": {"path": [[40.626511, -73.754522], [40.62581, -73.755927]],