{"holes": {"1": {"path": [[43.018944, -73.951979], [43.017205, -73.951944], [43.016806, -73.952352]], "green": [[43.01687, -73.952283], [43.016881, -73.952329], [43.016887, -73.952368], [43.016888, -73.952408], [43.016883, -73.952444], [43.016871, -73.95247], [43.016854, -73.952487], [43.01683, -73.952498], [43.016799, -73.9525], [43.016773, -73.952491], [43.01675, -73.952475], [43.016722, -73.952444], [43.016708, -73.952404], [43.016703, -73.952348], [43.016707, -73.95229], [43.016723, -73.952247], [43.016741, -73.952223], [43.016762, -73.952212], [43.016795, -73.952207], [43.016825, -73.952211], [43.016847, -73.952228], [43.01686, -73.952254], [43.01687, -73.952283]]}, "2": {"path": [[43.016498, -73.953774], [43.014446, -73.953237], [43.013881, -73.952824], [43.013823, -73.951663]], "green": [[43.013914, -73.951698], [43.013907, -73.951724], [43.013889, -73.951759], [43.01387, -73.951782], [43.013851, -73.951796], [43.013826, -73.951801], [43.013786, -73.951799], [43.013769, -73.951791], [43.01376, -73.951787], [43.013747, -73.951772], [43.013736, -73.951739], [43.013731, -73.951685], [43.013729, -73.951622], [43.013739, -73.951572], [43.013749, -73.951545], [43.013765, -73.951526], [43.013783, -73.951514], [43.013804, -73.951514], [43.013826, -73.951517], [43.013848, -73.951525], [43.01388, -73.951549], [43.013902, -73.951579], [43.013918, -73.951615], [43.01392, -73.95166], [43.013914, -73.951698]]}, "3": {"path": [[43.013608, -73.951061], [43.015735, -73.952961]], "green": [[43.015837, -73.95289], [43.015832, -73.952944], [43.015823, -73.952993], [43.015811, -73.953026], [43.015792, -73.953055], [43.015764, -73.953085], [43.015738, -73.953109], [43.01572, -73.953115], [43.015698, -73.953117], [43.015674, -73.953111], [43.015653, -73.953102], [43.015637, -73.953082], [43.01563, -73.953057], [43.015629, -73.953024], [43.015635, -73.953005], [43.01564, -73.952988], [43.01566, -73.952947], [43.01568, -73.952913], [43.015701, -73.95286], [43.01572, -73.952804], [43.015737, -73.952785], [43.015761, -73.952781], [43.015787, -73.952788], [43.015807, -73.952803], [43.015822, -73.952825], [43.01583, -73.952846], [43.015837, -73.95289]]}, "4": {"path": [[43.015705, -73.95251], [43.014985, -73.951351]], "green": [[43.015056, -73.951335], [43.015061, -73.951386], [43.015061, -73.95142], [43.015056, -73.951445], [43.015045, -73.951463], [43.015033, -73.951472], [43.015018, -73.951474], [43.015007, -73.951471], [43.014995, -73.951467], [43.014959, -73.951453], [43.014923, -73.951436], [43.014904, -73.951414], [43.014897, -73.951386], [43.014895, -73.951353], [43.014898, -73.951311], [43.014903, -73.951283], [43.014926, -73.951213], [43.014941, -73.951198], [43.014958, -73.951194], [43.014978, -73.951197], [43.015003, -73.951209], [43.015026, -73.951233], [43.015044, -73.951279], [43.015056, -73.951335]]}, "5": {"path": [[43.013377, -73.951024], [43.013048, -73.953881], [43.013174, -73.955872]], "green": [[43.013241, -73.955974], [43.013208, -73.955988], [43.013182, -73.955989], [43.013159, -73.955988], [43.013128, -73.955977], [43.013097, -73.955954], [43.01307, -73.95593], [43.013056, -73.955911], [43.013041, -73.955884], [43.013032, -73.955854], [43.01303, -73.95582], [43.013033, -73.95579], [43.013046, -73.955759], [43.013066, -73.955741], [43.013097, -73.955727], [43.013129, -73.955723], [43.013155, -73.955734], [43.013171, -73.95575], [43.0132, -73.955785], [43.013231, -73.955812], [43.013259, -73.955827], [43.013287, -73.955843], [43.013299, -73.955859], [43.013306, -73.955882], [43.013307, -73.955898], [43.013304, -73.955921], [43.013297, -73.955943], [43.013286, -73.955957], [43.01327, -73.955967], [43.013241, -73.955974]]}, "6": {"path": [[43.013066, -73.956594], [43.013891, -73.956985]], "green": [[43.013971, -73.957002], [43.013973, -73.957069], [43.013971, -73.957115], [43.013961, -73.957148], [43.01395, -73.957162], [43.013934, -73.957169], [43.013911, -73.957171], [43.013878, -73.957166], [43.013851, -73.957148], [43.013827, -73.957119], [43.013814, -73.957093], [43.013808, -73.957069], [43.013806, -73.95703], [43.013808, -73.956987], [43.013811, -73.956941], [43.013814, -73.956906], [43.013817, -73.956868], [43.013826, -73.956837], [43.013836, -73.956823], [43.013854, -73.956809], [43.013877, -73.956801], [43.013902, -73.956803], [43.013929, -73.956813], [43.013948, -73.956825], [43.01396, -73.956856], [43.013968, -73.956896], [43.013971, -73.956946], [43.013971, -73.957002]]}, "7": {"path": [[43.013927, -73.956502], [43.013399, -73.954771], [43.013893, -73.95394]], "green": [[43.013981, -73.953981], [43.01396, -73.954016], [43.013936, -73.954036], [43.013913, -73.954046], [43.013876, -73.954048], [43.013838, -73.954044], [43.013809, -73.954031], [43.013793, -73.954011], [43.013785, -73.953995], [43.01378, -73.953967], [43.013784, -73.953934], [43.013793, -73.953908], [43.013809, -73.953878], [43.01383, -73.953854], [43.013857, -73.953837], [43.013883, -73.953829], [43.013912, -73.953825], [43.013937, -73.953831], [43.013955, -73.953845], [43.013971, -73.953867], [43.013982, -73.953893], [43.013989, -73.953919], [43.013991, -73.953949], [43.013987, -73.953966], [43.013981, -73.953981]]}, "8": {"path": [[43.014179, -73.954269], [43.015942, -73.95424], [43.016552, -73.9544]], "green": [[43.016627, -73.954443], [43.016613, -73.954467], [43.016592, -73.954487], [43.01657, -73.954496], [43.016537, -73.954497], [43.016497, -73.954491], [43.016478, -73.954481], [43.016464, -73.954465], [43.016453, -73.954443], [43.016448, -73.954415], [43.016449, -73.954385], [43.016455, -73.95436], [43.016468, -73.954338], [43.016488, -73.954322], [43.016525, -73.95431], [43.016548, -73.954305], [43.016577, -73.954307], [43.016598, -73.954312], [43.016613, -73.954324], [43.016626, -73.954339], [43.016634, -73.954357], [43.016637, -73.954383], [43.016635, -73.954412], [43.016631, -73.954429], [43.016627, -73.954443]]}, "9": {"path": [[43.017289, -73.952643], [43.01859, -73.952681]], "green": [[43.018614, -73.952574], [43.018634, -73.952624], [43.018651, -73.952676], [43.018667, -73.952725], [43.01868, -73.952768], [43.018683, -73.952788], [43.01868, -73.95281], [43.018672, -73.952834], [43.018661, -73.952855], [43.018634, -73.952875], [43.018611, -73.952868], [43.018593, -73.952868], [43.018578, -73.952863], [43.018565, -73.952854], [43.018558, -73.95283], [43.018554, -73.952789], [43.018551, -73.952744], [43.01854, -73.952692], [43.018528, -73.952645], [43.018515, -73.952597], [43.018509, -73.952555], [43.01851, -73.952525], [43.018516, -73.952504], [43.018528, -73.95249], [43.018541, -73.952487], [43.018557, -73.952488], [43.018576, -73.952502], [43.018585, -73.952512], [43.018594, -73.952524], [43.018614, -73.952574]]}, "10": {"path": [[43.019029, -73.952901], [43.017798, -73.95543]], "green": [[43.017864, -73.955365], [43.017871, -73.955393], [43.017872, -73.955419], [43.017869, -73.955455], [43.017857, -73.955499], [43.017845, -73.955523], [43.017823, -73.955547], [43.017803, -73.955556], [43.017778, -73.955559], [43.017754, -73.955553], [43.017734, -73.955542], [43.01772, -73.955521], [43.017712, -73.955496], [43.01771, -73.955455], [43.017715, -73.955413], [43.017728, -73.955372], [43.017745, -73.955348], [43.017763, -73.955326], [43.01778, -73.955313], [43.017806, -73.955309], [43.017828, -73.955315], [43.017845, -73.955326], [43.017857, -73.955344], [43.017864, -73.955365]]}, "12": {"path": [[43.014261, -73.954438], [43.01423, -73.956776], [43.015193, -73.956955]],