{"holes": {"1": {"path": [[43.107234, -77.523887], [43.108201, -77.526259], [43.109014, -77.527877]], "green": [[43.108915, -77.527792], [43.108915, -77.527863], [43.108919, -77.52793], [43.108944, -77.527982], [43.108974, -77.528022], [43.109015, -77.528051], [43.109065, -77.528051], [43.109104, -77.528028], [43.109131, -77.527971], [43.109136, -77.527916], [43.109122, -77.527867], [43.109089, -77.527812], [43.109064, -77.527774], [43.109037, -77.52775], [43.109017, -77.527742], [43.108968, -77.527713], [43.10893, -77.527728], [43.108915, -77.527792]]}, "2": {"path": [[43.109449, -77.528065], [43.109202, -77.526324]], "green": [[43.109276, -77.526409], [43.109249, -77.526454], [43.109199, -77.526486], [43.109141, -77.52648], [43.109107, -77.526436], [43.109092, -77.52634], [43.10909, -77.526225], [43.10912, -77.526159], [43.109175, -77.526139], [43.10923, -77.526152], [43.109281, -77.526213], [43.109296, -77.526281], [43.109295, -77.526351], [43.109276, -77.526409]]}, "3": {"path": [[43.109225, -77.525872], [43.10921, -77.523629], [43.1095, -77.521608], [43.10985, -77.520346]], "green": [[43.109882, -77.520476], [43.109844, -77.520479], [43.109805, -77.520468], [43.109778, -77.520455], [43.109755, -77.520415], [43.109747, -77.520366], [43.109743, -77.52031], [43.109756, -77.520253], [43.10978, -77.520212], [43.109816, -77.520186], [43.109854, -77.520185], [43.109894, -77.520199], [43.109927, -77.520228], [43.109947, -77.520277], [43.109954, -77.52033], [43.109947, -77.520381], [43.109933, -77.520425], [43.109906, -77.520453], [43.109882, -77.520476]]}, "4": {"path": [[43.109784, -77.520031], [43.108348, -77.520312]], "green": [[43.108407, -77.520403], [43.108423, -77.520376], [43.108433, -77.520333], [43.108437, -77.520272], [43.108427, -77.520213], [43.108402, -77.520177], [43.108381, -77.520166], [43.108349, -77.520157], [43.108319, -77.520161], [43.108294, -77.520176], [43.108277, -77.520204], [43.108263, -77.520251], [43.108261, -77.520301], [43.108262, -77.520353], [43.108273, -77.520401], [43.108293, -77.520429], [43.108314, -77.52045], [43.10834, -77.520453], [43.108363, -77.520447], [43.108388, -77.520424], [43.108407, -77.520403]]}, "5": {"path": [[43.10849, -77.520737], [43.108759, -77.524718]], "green": [[43.108835, -77.524651], [43.108826, -77.524636], [43.10881, -77.524595], [43.108784, -77.524561], [43.108738, -77.524544], [43.108702, -77.524544], [43.108675, -77.524566], [43.108651, -77.524608], [43.108649, -77.524665], [43.10866, -77.524741], [43.108672, -77.524819], [43.108689, -77.524888], [43.108715, -77.524916], [43.10874, -77.524923], [43.108782, -77.524907], [43.108811, -77.524883], [43.108831, -77.524829], [43.108844, -77.524767], [43.108845, -77.524704], [43.108842, -77.524676], [43.108835, -77.524651]]}, "6": {"path": [[43.108822, -77.525049], [43.108802, -77.526399]], "green": [[43.108852, -77.526253], [43.108828, -77.526243], [43.108794, -77.526245], [43.108772, -77.526257], [43.108758, -77.526271], [43.108752, -77.52629], [43.108749, -77.526375], [43.108743, -77.526442], [43.108732, -77.526487], [43.108733, -77.526524], [43.108745, -77.526569], [43.108758, -77.526591], [43.108789, -77.526594], [43.108819, -77.526586], [43.108843, -77.526566], [43.108862, -77.526517], [43.108868, -77.526436], [43.108866, -77.526335], [43.108868, -77.526278], [43.108863, -77.526262], [43.108852, -77.526253]]}, "7": {"path": [[43.115485, -77.527671], [43.117561, -77.527089], [43.119277, -77.526958]], "green": [[43.119347, -77.5269], [43.119354, -77.526943], [43.119357, -77.526985], [43.119365, -77.527034], [43.119375, -77.527065], [43.119384, -77.527087], [43.119377, -77.527105], [43.119358, -77.527109], [43.119321, -77.52711], [43.119302, -77.527113], [43.119279, -77.527105], [43.11926, -77.527097], [43.119232, -77.527098], [43.11921, -77.527096], [43.119202, -77.527081], [43.119198, -77.527051], [43.119195, -77.527032], [43.119187, -77.526983], [43.119177, -77.526921], [43.11917, -77.526868], [43.119171, -77.526845], [43.119175, -77.526825], [43.119187, -77.526819], [43.119202, -77.52682], [43.119231, -77.526823], [43.119264, -77.526825], [43.119282, -77.526825], [43.119301, -77.526817], [43.119321, -77.526816], [43.119331, -77.526818], [43.119339, -77.526835], [43.119341, -77.526868], [43.119347, -77.5269]]}, "8": {"path": [[43.119349, -77.527498], [43.117187, -77.528352], [43.11593, -77.528669]], "green": [[43.115808, -77.528809], [43.115808, -77.528783], [43.115818, -77.528755], [43.115829, -77.528727], [43.115844, -77.528699], [43.115854, -77.528684], [43.115857, -77.528662], [43.115851, -77.528631], [43.115842, -77.528605], [43.115839, -77.528581], [43.115842, -77.528559], [43.115857, -77.528547], [43.115886, -77.528543], [43.115919, -77.528545], [43.115949, -77.528538], [43.115977, -77.528523], [43.116003, -77.528504], [43.116021, -77.52849], [43.116035, -77.528493], [43.116044, -77.528502], [43.116052, -77.528529], [43.116059, -77.528575], [43.116062, -77.528615], [43.116065, -77.528651], [43.116067, -77.528685], [43.116067, -77.52871], [43.116062, -77.528731], [43.116052, -77.528746], [43.11603, -77.528748], [43.115999, -77.528747], [43.115967, -77.528747], [43.115939, -77.528756], [43.115914, -77.528768], [43.115891, -77.528792], [43.11587, -77.528811], [43.115851, -77.528824], [43.115833, -77.52883], [43.115816, -77.528827], [43.115808, -77.528809]]}, "9": {"path": [[43.106944, -77.516906], [43.107229, -77.522402]], "green": [[43.107239, -77.522256], [43.107192, -77.52227], [43.107145, -77.522316], [43.107124, -77.52239], [43.107124, -77.522461], [43.107133, -77.522517], [43.107157, -77.522557], [43.107195, -77.52257], [43.107241, -77.522561], [43.107282, -77.522533], [43.10731, -77.522496], [43.107329, -77.522438], [43.107325, -77.522375], [43.107312, -77.52231], [43.107286, -77.522273], [43.107261, -77.522257], [43.107239, -77.522256]]}, "10": {"path": [[43.112931, -77.532134], [43.113349, -77.52863], [43.113614, -77.527395]], "green": [[43.11366, -77.527293], [43.113685, -77.527316], [43.113712, -77.527338], [43.113724, -77.52736], [43.113725, -77.52738], [43.113715, -77.527404], [43.113704, -77.527444], [43.113701, -77.527489], [43.113689, -77.527536], [43.113674, -77.527552], [43.113662, -77.527563], [43.113645, -77.527571], [43.113622, -77.527571], [43.113599, -77.527561], [43.113581, -77.527546], [43.113558, -77.527539], [43.113543, -77.52753], [43.113526, -77.527516], [43.113517, -77.527497], [43.113518, -77.527475], [43.11352, -77.527443], [43.113516, -77.527404], [43.113517, -77.52736], [43.113518, -77.527309], [43.113524, -77.527259], [43.113532, -77.527238], [43.113564, -77.527224], [43.113596, -77.527215], [43.113612, -77.527213], [43.113624, -77.527214], [43.113631, -77.527234], [43.113637, -77.527258], [43.113649, -77.527275], [43.11366, -77.527293]]}, "12": {"path": [[43.109114, -77.53201], [43.108451, -77.529452], [43.107987, -77.529022]], "green": [[43.108091, -77.529093], [43.108116, -77.529047], [43.108127, -77.528993], [43.108119, -77.528921], [43.108092, -77.528894], [43.108044, -77.528871], [43.107994, -77.528857], [43.107953, -77.528856], [43.107912, -77.528866], [43.10788, -77.52889], [43.107866, -77.528914], [43.107856, -77.528948], [43.107856, -77.528994], [43.10786, -77.529048], [43.107878, -77.529092], [43.107901, -77.529129], [43.107927, -77.529151], [43.107956, -77.529166], [43.107985, -77.529169], [43.108014, -77.529158], [43.10804, -77.529145], [43.108062, -77.529128], [43.108079, -77.529111], [43.108091, -77.529093]]}, "13": {"path": [[43.107614, -77.542216], [43.106547, -77.539681], [43.105778, -77.538503]],