{"holes": {"1": {"path": [[41.916359, -74.039947], [41.918744, -74.03941], [41.919687, -74.039692]], "green": [[41.919781, -74.039687], [41.91978, -74.039665], [41.919768, -74.039639], [41.919744, -74.039613], [41.919716, -74.039603], [41.919692, -74.039602], [41.919653, -74.039611], [41.919625, -74.039634], [41.919611, -74.039646], [41.919592, -74.039669], [41.919582, -74.039684], [41.91958, -74.03971], [41.919585, -74.039739], [41.919604, -74.039764], [41.919639, -74.039786], [41.919679, -74.039787], [41.919717, -74.039785], [41.919748, -74.03976], [41.919765, -74.039739], [41.919776, -74.039715], [41.919781, -74.039687]]}, "2": {"path": [[41.919815, -74.039396], [41.918052, -74.038592], [41.915923, -74.039521]], "green": [[41.916071, -74.039519], [41.916067, -74.039504], [41.916064, -74.039488], [41.916055, -74.039469], [41.916046, -74.039462], [41.916029, -74.039444], [41.91601, -74.039441], [41.915982, -74.039435], [41.91596, -74.039433], [41.915935, -74.039437], [41.915902, -74.039431], [41.915884, -74.039428], [41.915867, -74.039424], [41.915841, -74.039431], [41.915816, -74.03944], [41.915801, -74.039449], [41.915786, -74.039461], [41.915773, -74.039478], [41.915765, -74.039502], [41.915761, -74.03953], [41.915762, -74.039551], [41.915766, -74.039569], [41.915777, -74.03959], [41.915794, -74.039608], [41.915816, -74.039619], [41.915842, -74.039626], [41.915864, -74.039633], [41.915896, -74.039634], [41.915924, -74.039631], [41.915973, -74.039615], [41.915992, -74.039608], [41.916018, -74.039599], [41.916041, -74.039592], [41.916058, -74.039568], [41.916068, -74.039553], [41.916071, -74.039542], [41.916071, -74.039519]]}, "3": {"path": [[41.915574, -74.039125], [41.918465, -74.037202]], "green": [[41.91855, -74.037195], [41.918546, -74.03717], [41.918541, -74.03715], [41.918533, -74.037129], [41.918526, -74.037117], [41.918519, -74.037104], [41.918509, -74.037094], [41.9185, -74.037082], [41.918486, -74.037074], [41.918479, -74.037072], [41.918469, -74.037069], [41.918454, -74.037071], [41.918434, -74.037077], [41.918417, -74.037087], [41.918401, -74.037099], [41.91839, -74.03711], [41.91838, -74.03713], [41.918373, -74.037145], [41.918361, -74.037179], [41.91836, -74.037209], [41.918361, -74.037232], [41.918364, -74.03726], [41.918373, -74.037293], [41.918381, -74.037318], [41.918397, -74.03734], [41.91842, -74.037358], [41.918444, -74.037367], [41.91847, -74.03737], [41.918489, -74.037362], [41.918507, -74.037347], [41.91852, -74.037331], [41.918529, -74.037313], [41.918537, -74.03729], [41.918543, -74.03727], [41.918548, -74.037245], [41.91855, -74.037218], [41.91855, -74.037195]]}, "4": {"path": [[41.9186, -74.036893], [41.916989, -74.036859], [41.915433, -74.036181]], "green": [[41.915518, -74.036199], [41.915517, -74.036184], [41.915514, -74.036163], [41.91551, -74.036143], [41.915504, -74.036119], [41.915496, -74.036099], [41.915483, -74.036083], [41.915465, -74.036068], [41.915446, -74.036053], [41.915432, -74.036049], [41.915409, -74.036048], [41.915388, -74.036052], [41.915371, -74.036063], [41.915356, -74.036077], [41.915348, -74.036091], [41.91534, -74.036107], [41.915333, -74.03613], [41.915328, -74.036148], [41.915324, -74.036179], [41.915326, -74.036208], [41.915331, -74.03624], [41.915341, -74.036271], [41.915363, -74.036305], [41.915389, -74.036323], [41.915422, -74.036333], [41.915452, -74.036329], [41.915472, -74.036321], [41.915487, -74.036306], [41.915498, -74.03629], [41.915508, -74.036271], [41.915514, -74.036256], [41.915516, -74.036241], [41.915518, -74.036221], [41.915518, -74.036199]]}, "5": {"path": [[41.915611, -74.036873], [41.917109, -74.037474]], "green": [[41.917204, -74.037495], [41.917204, -74.037469], [41.917198, -74.037443], [41.917189, -74.037414], [41.917175, -74.037387], [41.917159, -74.037366], [41.91714, -74.037344], [41.917119, -74.037333], [41.917093, -74.037327], [41.917066, -74.037338], [41.917053, -74.037351], [41.917037, -74.037377], [41.917028, -74.037401], [41.917021, -74.037422], [41.917013, -74.037442], [41.917008, -74.037453], [41.917008, -74.037473], [41.917018, -74.037506], [41.917025, -74.037533], [41.917035, -74.03756], [41.917051, -74.037581], [41.917067, -74.0376], [41.91709, -74.037608], [41.917116, -74.037608], [41.917134, -74.037601], [41.917156, -74.037587], [41.917175, -74.037576], [41.917186, -74.03756], [41.917196, -74.037539], [41.9172, -74.03752], [41.917204, -74.037495]]}, "6": {"path": [[41.916644, -74.037941], [41.915144, -74.037719], [41.913975, -74.038661]], "green": [[41.914084, -74.038664], [41.914085, -74.038638], [41.914082, -74.038599], [41.914063, -74.038557], [41.914047, -74.038538], [41.914037, -74.03853], [41.914021, -74.038522], [41.913998, -74.038518], [41.913969, -74.038526], [41.913956, -74.038532], [41.913939, -74.038545], [41.913921, -74.038563], [41.913902, -74.038586], [41.913889, -74.038605], [41.913881, -74.038626], [41.913875, -74.038644], [41.913869, -74.038675], [41.913867, -74.038702], [41.913869, -74.038727], [41.913876, -74.038752], [41.913888, -74.038771], [41.913904, -74.038791], [41.913927, -74.038812], [41.913952, -74.038825], [41.913981, -74.038822], [41.914007, -74.038805], [41.914036, -74.03878], [41.91406, -74.038757], [41.914077, -74.038725], [41.914083, -74.038691], [41.914084, -74.038664]]}, "7": {"path": [[41.913799, -74.039102], [41.909351, -74.041148]], "green": [[41.909472, -74.041188], [41.909473, -74.041172], [41.909469, -74.041149], [41.909464, -74.041129], [41.909457, -74.041107], [41.909444, -74.041085], [41.909431, -74.041066], [41.909419, -74.041048], [41.909401, -74.041029], [41.909382, -74.041012], [41.909362, -74.041], [41.909335, -74.040996], [41.909312, -74.040999], [41.909295, -74.041007], [41.909279, -74.04102], [41.909266, -74.041032], [41.909253, -74.041051], [41.909242, -74.041071], [41.909234, -74.041094], [41.909225, -74.041121], [41.909221, -74.041148], [41.909218, -74.041177], [41.909217, -74.041218], [41.909226, -74.041252], [41.909247, -74.041284], [41.909264, -74.041302], [41.909291, -74.041318], [41.909331, -74.041326], [41.909373, -74.041317], [41.909395, -74.041306], [41.90942, -74.041286], [41.909445, -74.041257], [41.909464, -74.041227], [41.909471, -74.041208], [41.909472, -74.041188]]}, "8": {"path": [[41.909867, -74.041384], [41.911328, -74.040993]], "green": [[41.911417, -74.040964], [41.911414, -74.040949], [41.911408, -74.040937], [41.9114, -74.04092], [41.911387, -74.040911], [41.91137, -74.0409], [41.911345, -74.040894], [41.91132, -74.040896], [41.911299, -74.040904], [41.911279, -74.040912], [41.911258, -74.040931], [41.911238, -74.040952], [41.911223, -74.040977], [41.911213, -74.041006], [41.911211, -74.041032], [41.911215, -74.04106], [41.91123, -74.041079], [41.91125, -74.04109], [41.911277, -74.041096], [41.911307, -74.041096], [41.911335, -74.04109], [41.911358, -74.041081], [41.911377, -74.041072], [41.911393, -74.041054], [41.911405, -74.041037], [41.911414, -74.041016], [41.911418, -74.040991], [41.911417, -74.040964]]}, "9": {"path": [[41.912019, -74.040543], [41.91377, -74.04081], [41.915352, -74.039442]],