{"holes": {"1": {"path": [[42.753533, -78.746877], [42.756639, -78.745908]], "green": [[42.756725, -78.745906], [42.756727, -78.745875], [42.756728, -78.745845], [42.756728, -78.745826], [42.756727, -78.745804], [42.756726, -78.74579], [42.756722, -78.745777], [42.756716, -78.745763], [42.756709, -78.745753], [42.756702, -78.745745], [42.756694, -78.745738], [42.756687, -78.745735], [42.75668, -78.745733], [42.756672, -78.745732], [42.756664, -78.745732], [42.756654, -78.745733], [42.756642, -78.745735], [42.756633, -78.745736], [42.756624, -78.745739], [42.756616, -78.745744], [42.756608, -78.74575], [42.7566, -78.745758], [42.756592, -78.745768], [42.756586, -78.745777], [42.75658, -78.745787], [42.756575, -78.745799], [42.756569, -78.745812], [42.756564, -78.745828], [42.75656, -78.745841], [42.756557, -78.745853], [42.756553, -78.745869], [42.756551, -78.745881], [42.756549, -78.745893], [42.756548, -78.745905], [42.756547, -78.745916], [42.756547, -78.745928], [42.756548, -78.745939], [42.756548, -78.74595], [42.756551, -78.745962], [42.756553, -78.745974], [42.756555, -78.745985], [42.756559, -78.745999], [42.756562, -78.746009], [42.756568, -78.74602], [42.756573, -78.746026], [42.75658, -78.746035], [42.756587, -78.74604], [42.756593, -78.746042], [42.7566, -78.746044], [42.756606, -78.746046], [42.756612, -78.746047], [42.756618, -78.746048], [42.756625, -78.746048], [42.756631, -78.746048], [42.756636, -78.746047], [42.756642, -78.746046], [42.756648, -78.746044], [42.756655, -78.746042], [42.75666, -78.746039], [42.756665, -78.746035], [42.756673, -78.74603], [42.756679, -78.746025], [42.756684, -78.746019], [42.756689, -78.746013], [42.756694, -78.746007], [42.756698, -78.746], [42.756702, -78.745994], [42.756706, -78.745986], [42.75671, -78.74598], [42.756713, -78.745974], [42.756716, -78.745968], [42.75672, -78.74596], [42.756721, -78.745954], [42.756723, -78.745947], [42.756724, -78.745939], [42.756724, -78.745923], [42.756725, -78.745906]]}, "2": {"path": [[42.756752, -78.745126], [42.755847, -78.743687]], "green": [[42.755924, -78.743703], [42.755924, -78.743723], [42.755924, -78.743746], [42.755919, -78.743766], [42.755913, -78.743785], [42.755903, -78.743797], [42.755893, -78.743807], [42.755881, -78.74381], [42.755871, -78.743806], [42.755859, -78.743804], [42.755848, -78.743801], [42.755836, -78.743792], [42.755825, -78.743785], [42.755816, -78.743775], [42.755806, -78.743766], [42.755795, -78.743752], [42.755786, -78.743736], [42.75577, -78.743709], [42.755757, -78.743687], [42.75575, -78.743667], [42.755749, -78.743646], [42.755752, -78.743631], [42.755756, -78.743618], [42.755764, -78.743606], [42.755777, -78.743593], [42.755794, -78.743579], [42.75581, -78.743569], [42.755828, -78.743562], [42.75584, -78.743561], [42.755854, -78.743565], [42.75587, -78.743571], [42.755879, -78.743577], [42.755889, -78.743587], [42.755898, -78.743601], [42.755907, -78.743616], [42.755915, -78.743637], [42.755922, -78.74366], [42.755923, -78.74368], [42.755924, -78.743703]]}, "3": {"path": [[42.75551, -78.743549], [42.754598, -78.739896]], "green": [[42.754683, -78.739878], [42.754684, -78.739897], [42.754685, -78.739915], [42.754684, -78.739933], [42.754682, -78.739951], [42.754676, -78.739979], [42.754667, -78.740002], [42.754651, -78.740021], [42.754632, -78.740033], [42.754616, -78.740042], [42.754602, -78.740047], [42.754584, -78.740044], [42.754572, -78.74004], [42.75456, -78.740032], [42.75455, -78.740021], [42.754541, -78.740002], [42.754532, -78.739981], [42.754523, -78.739953], [42.754514, -78.739925], [42.75451, -78.739896], [42.754511, -78.739875], [42.754514, -78.739853], [42.754518, -78.739832], [42.754522, -78.739815], [42.754527, -78.739797], [42.754535, -78.739781], [42.754544, -78.739767], [42.754557, -78.739753], [42.754573, -78.739742], [42.754593, -78.739738], [42.75461, -78.739744], [42.754629, -78.739753], [42.754644, -78.739769], [42.754658, -78.739789], [42.754669, -78.739813], [42.754677, -78.739843], [42.754683, -78.739878]]}, "4": {"path": [[42.754739, -78.73955], [42.753591, -78.739751], [42.752417, -78.739759]], "green": [[42.752526, -78.73976], [42.752528, -78.739746], [42.752529, -78.739731], [42.75253, -78.739714], [42.75253, -78.739696], [42.752531, -78.739678], [42.752529, -78.739668], [42.752527, -78.739655], [42.752524, -78.739647], [42.75252, -78.739639], [42.752515, -78.739632], [42.75251, -78.739627], [42.752505, -78.739624], [42.752499, -78.73962], [42.752492, -78.739619], [42.752482, -78.739619], [42.752424, -78.73962], [42.75239, -78.739622], [42.752371, -78.739624], [42.752356, -78.739627], [42.752346, -78.739632], [42.752339, -78.739637], [42.752332, -78.739644], [42.752327, -78.739651], [42.752323, -78.739661], [42.752319, -78.73967], [42.752315, -78.739681], [42.752311, -78.739694], [42.752306, -78.73971], [42.752303, -78.739723], [42.752301, -78.739737], [42.752299, -78.739751], [42.752298, -78.739766], [42.752298, -78.739782], [42.752298, -78.739797], [42.7523, -78.739814], [42.752303, -78.73983], [42.752308, -78.739847], [42.752312, -78.739863], [42.75232, -78.739878], [42.752328, -78.73989], [42.752337, -78.739901], [42.752347, -78.739908], [42.752359, -78.739914], [42.752369, -78.739919], [42.752377, -78.739919], [42.752386, -78.739917], [42.752395, -78.739915], [42.752404, -78.739911], [42.752419, -78.739905], [42.752437, -78.739894], [42.752451, -78.739886], [42.752471, -78.739872], [42.752485, -78.73986], [42.752492, -78.739852], [42.752498, -78.739844], [42.752504, -78.739834], [42.752508, -78.739824], [42.752513, -78.739814], [42.752518, -78.739801], [42.752522, -78.739787], [42.752524, -78.739773], [42.752526, -78.73976]]}, "5": {"path": [[42.751866, -78.73946], [42.753176, -78.737527], [42.753086, -78.734524]], "green": [[42.753175, -78.734459], [42.75317, -78.734444], [42.753165, -78.734435], [42.753159, -78.734425], [42.753154, -78.734419], [42.753146, -78.734413], [42.753138, -78.734408], [42.753131, -78.734404], [42.753121, -78.734402], [42.753113, -78.7344], [42.753106, -78.7344], [42.753098, -78.734401], [42.75309, -78.734402], [42.753082, -78.734404], [42.753074, -78.73441], [42.753066, -78.734417], [42.75306, -78.734424], [42.753053, -78.734433], [42.753047, -78.734441], [42.753041, -78.73445], [42.753032, -78.734459], [42.753025, -78.734468], [42.753018, -78.734475], [42.753009, -78.734484], [42.753001, -78.734493], [42.752994, -78.734504], [42.752987, -78.734516], [42.752983, -78.73453], [42.75298, -78.734544], [42.75298, -78.734556], [42.75298, -78.734568], [42.752983, -78.734581], [42.752988, -78.734594], [42.752997, -78.734611], [42.753006, -78.734626], [42.753023, -78.734649], [42.753034, -78.73466], [42.753046, -78.734671], [42.753057, -78.734675], [42.753066, -78.734678], [42.753078, -78.734678], [42.753088, -78.734675], [42.7531, -78.73467], [42.753108, -78.734663], [42.753117, -78.734653], [42.753124, -78.734644], [42.753129, -78.734638], [42.753135, -78.734627], [42.753141, -78.734614], [42.753146, -78.734598], [42.753149, -78.734584], [42.753155, -78.73457], [42.753161, -78.734555], [42.753168, -78.734539], [42.753171, -78.734525], [42.753176, -78.73451], [42.753178, -78.734497], [42.753178, -78.73448], [42.753175, -78.734459]]}, "7": {"path": [[42.751023, -78.731639], [42.75126, -78.734374], [42.751324, -78.736468]],