{"holes": {"1": {"path": [[43.223921, -77.763657], [43.226172, -77.763768], [43.227343, -77.764069]], "green": [[43.227415, -77.764127], [43.227425, -77.764096], [43.227429, -77.764061], [43.227424, -77.764026], [43.227408, -77.763993], [43.227385, -77.763978], [43.227349, -77.763976], [43.227303, -77.763978], [43.227275, -77.763991], [43.227255, -77.764023], [43.227246, -77.764046], [43.227247, -77.764092], [43.22726, -77.764121], [43.227277, -77.764145], [43.227313, -77.764157], [43.227357, -77.764159], [43.227389, -77.764151], [43.227415, -77.764127]]}, "2": {"path": [[43.227689, -77.765122], [43.229656, -77.765931], [43.230476, -77.766037]], "green": [[43.230532, -77.766168], [43.230561, -77.766139], [43.230577, -77.766104], [43.230587, -77.766067], [43.230587, -77.766029], [43.230577, -77.765979], [43.230558, -77.765929], [43.230532, -77.765895], [43.230509, -77.765876], [43.230467, -77.765864], [43.230426, -77.765872], [43.230394, -77.7659], [43.230372, -77.765939], [43.230359, -77.765982], [43.230355, -77.766033], [43.230359, -77.766083], [43.230373, -77.766123], [43.230394, -77.766146], [43.23043, -77.766165], [43.230479, -77.766176], [43.230507, -77.766177], [43.230532, -77.766168]]}, "3": {"path": [[43.23102, -77.766262], [43.231111, -77.768145]], "green": [[43.231219, -77.768217], [43.231236, -77.768144], [43.231209, -77.76808], [43.231171, -77.768026], [43.231143, -77.767988], [43.231108, -77.767973], [43.231063, -77.767989], [43.23103, -77.768025], [43.231002, -77.768083], [43.230989, -77.768128], [43.230985, -77.768176], [43.230999, -77.768221], [43.231029, -77.768256], [43.231091, -77.768278], [43.231134, -77.768283], [43.231171, -77.76827], [43.231196, -77.768253], [43.231219, -77.768217]]}, "4": {"path": [[43.231411, -77.766408], [43.23358, -77.766091], [43.235665, -77.766656]], "green": [[43.235739, -77.766734], [43.235766, -77.766718], [43.235781, -77.766693], [43.235785, -77.766647], [43.235778, -77.766589], [43.23576, -77.766546], [43.235722, -77.766525], [43.235678, -77.766524], [43.23561, -77.766529], [43.235573, -77.766557], [43.235544, -77.766594], [43.235534, -77.76663], [43.235537, -77.766678], [43.23555, -77.766718], [43.235576, -77.766751], [43.23561, -77.766768], [43.235653, -77.766772], [43.235697, -77.766757], [43.235739, -77.766734]]}, "5": {"path": [[43.236341, -77.766661], [43.238542, -77.763129]], "green": [[43.238607, -77.763272], [43.238641, -77.763216], [43.238661, -77.763141], [43.23867, -77.763074], [43.238656, -77.76302], [43.238626, -77.76297], [43.238586, -77.762951], [43.238532, -77.762953], [43.238486, -77.762968], [43.238449, -77.763003], [43.238434, -77.763036], [43.238423, -77.763077], [43.238423, -77.763135], [43.238442, -77.763208], [43.238469, -77.763262], [43.238496, -77.763291], [43.238524, -77.763304], [43.238563, -77.763301], [43.238607, -77.763272]]}, "6": {"path": [[43.237632, -77.7638], [43.236242, -77.765571], [43.234892, -77.76551]], "green": [[43.234956, -77.76563], [43.235001, -77.765614], [43.235031, -77.76559], [43.235046, -77.765557], [43.23505, -77.765516], [43.235046, -77.765466], [43.235026, -77.765423], [43.234998, -77.765395], [43.234961, -77.765382], [43.234812, -77.765367], [43.234772, -77.765386], [43.234744, -77.765412], [43.234727, -77.765445], [43.234722, -77.765487], [43.234728, -77.765552], [43.234751, -77.7656], [43.234785, -77.765618], [43.234837, -77.765627], [43.234956, -77.76563]]}, "7": {"path": [[43.234676, -77.76505], [43.2315, -77.76527], [43.230635, -77.765115]], "green": [[43.230729, -77.765214], [43.230755, -77.765164], [43.230766, -77.765107], [43.230761, -77.765044], [43.230741, -77.765001], [43.230718, -77.764971], [43.230671, -77.764948], [43.230626, -77.764953], [43.230578, -77.764962], [43.230542, -77.76499], [43.230518, -77.76503], [43.230499, -77.765087], [43.230499, -77.765143], [43.230511, -77.765188], [43.230535, -77.76523], [43.23058, -77.765263], [43.230616, -77.76527], [43.230647, -77.765267], [43.230686, -77.765247], [43.230729, -77.765214]]}, "8": {"path": [[43.229892, -77.76515], [43.22843, -77.764854]], "green": [[43.228511, -77.764949], [43.228536, -77.764921], [43.228551, -77.764879], [43.228558, -77.764839], [43.228552, -77.764788], [43.228527, -77.764737], [43.22847, -77.764701], [43.228413, -77.764692], [43.228362, -77.7647], [43.22833, -77.764725], [43.22831, -77.764763], [43.228303, -77.764801], [43.228302, -77.76487], [43.228312, -77.764914], [43.22833, -77.764952], [43.228362, -77.764974], [43.228419, -77.764983], [43.228452, -77.764976], [43.228484, -77.764966], [43.228511, -77.764949]]}, "9": {"path": [[43.226765, -77.764786], [43.223458, -77.764549]], "green": [[43.223563, -77.764636], [43.223579, -77.764585], [43.223582, -77.764527], [43.223569, -77.764481], [43.223546, -77.764443], [43.223496, -77.764408], [43.223442, -77.764389], [43.223414, -77.764394], [43.223387, -77.764414], [43.223368, -77.764437], [43.223351, -77.764469], [43.223341, -77.76451], [43.223336, -77.764554], [43.223342, -77.764595], [43.223358, -77.764623], [43.223389, -77.764648], [43.22342, -77.764667], [43.223464, -77.764672], [43.2235, -77.764672], [43.223527, -77.764666], [43.223543, -77.764656], [43.223563, -77.764636]]}, "10": {"path": [[43.222922, -77.76226], [43.22629, -77.762151]], "green": [[43.226356, -77.762198], [43.226375, -77.762177], [43.226385, -77.76215], [43.226385, -77.762121], [43.226377, -77.762091], [43.226354, -77.762075], [43.226314, -77.762069], [43.226231, -77.762074], [43.226211, -77.762085], [43.226193, -77.762104], [43.226185, -77.762132], [43.226187, -77.762172], [43.226196, -77.762201], [43.226215, -77.762217], [43.226252, -77.762224], [43.226299, -77.762215], [43.226343, -77.762206], [43.226356, -77.762198]]}, "11": {"path": [[43.226222, -77.761043], [43.226588, -77.759108]], "green": [[43.22663, -77.759188], [43.226622, -77.759138], [43.226622, -77.759096], [43.22663, -77.759059], [43.226644, -77.759011], [43.226647, -77.758974], [43.226629, -77.758953], [43.226602, -77.758953], [43.226548, -77.758991], [43.226523, -77.759028], [43.226517, -77.759068], [43.226526, -77.759107], [43.226526, -77.75914], [43.226523, -77.759188], [43.22654, -77.759239], [43.226577, -77.759258], [43.226607, -77.759249], [43.226621, -77.759228], [43.22663, -77.759188]]}, "12": {"path": [[43.226963, -77.758988], [43.226671, -77.761385], [43.226689, -77.762524]], "green": [[43.226715, -77.762638], [43.226747, -77.762639], [43.226771, -77.762625], [43.226784, -77.762583], [43.226783, -77.762545], [43.22677, -77.762523], [43.226743, -77.762501], [43.226711, -77.762489], [43.226687, -77.762446], [43.226675, -77.762407], [43.226664, -77.762389], [43.226641, -77.762391], [43.226618, -77.7624], [43.226608, -77.762436], [43.226604, -77.762518], [43.226603, -77.762564], [43.226615, -77.762598], [43.226641, -77.76263], [43.226715, -77.762638]]}, "13": {"path": [[43.227014, -77.762831], [43.227486, -77.759886], [43.227772, -77.758985]], "green": [[43.227796, -77.759158], [43.227834, -77.759124], [43.227854, -77.759075], [43.227865, -77.758983], [43.227872, -77.75889], [43.227855, -77.758828], [43.227823, -77.758802], [43.227791, -77.758786], [43.227766, -77.75879], [43.227753, -77.758808], [43.22775, -77.758854], [43.227748, -77.758906], [43.227737, -77.758951], [43.227721, -77.758979], [43.227704, -77.759015], [43.227691, -77.759049], [43.227687, -77.759081], [43.227695, -77.759122], [43.227711, -77.75915], [43.227761, -77.759168], [43.227796, -77.759158]]}, "14": {"path": [[43.228281, -77.759106], [43.227826, -77.761886], [43.227812, -77.762984]], "green": [[43.227876, -77.763092], [43.227899, -77.76306], [43.227911, -77.76301], [43.227899, -77.762918], [43.22787, -77.762853], [43.22784, -77.762828], [43.227799, -77.762828], [43.227765, -77.762854], [43.227738, -77.762906], [43.227715, -77.762947], [43.22771, -77.762988], [43.227715, -77.76305], [43.22775, -77.763087], [43.227795, -77.763109], [43.227836, -77.763114], [43.227876, -77.763092]]},