{"holes": {"1": {"path": [[42.891318, -76.75337], [42.891549, -76.756429]], "green": [[42.891514, -76.756526], [42.89154, -76.756542], [42.891565, -76.756545], [42.891596, -76.756533], [42.891612, -76.756507], [42.891624, -76.756472], [42.891625, -76.756419], [42.891618, -76.756367], [42.891608, -76.756323], [42.891582, -76.756297], [42.891548, -76.756293], [42.891514, -76.756299], [42.891494, -76.756325], [42.891478, -76.756372], [42.891476, -76.756426], [42.891485, -76.756463], [42.891492, -76.756496], [42.891514, -76.756526]]}, "2": {"path": [[42.890744, -76.756985], [42.894113, -76.756917]], "green": [[42.894177, -76.756969], [42.894194, -76.756955], [42.894203, -76.756935], [42.894206, -76.75691], [42.894206, -76.756877], [42.894197, -76.756851], [42.894186, -76.756836], [42.894168, -76.756827], [42.894149, -76.756827], [42.894118, -76.756833], [42.89409, -76.75685], [42.894062, -76.756853], [42.894041, -76.756861], [42.894018, -76.756869], [42.893999, -76.756901], [42.893997, -76.756938], [42.894005, -76.756965], [42.894021, -76.756985], [42.894041, -76.756994], [42.894069, -76.757], [42.894087, -76.756999], [42.89412, -76.756983], [42.894143, -76.756975], [42.89416, -76.756972], [42.894177, -76.756969]]}, "3": {"path": [[42.894415, -76.757083], [42.893265, -76.758182]], "green": [[42.89324, -76.758263], [42.893267, -76.758256], [42.893295, -76.758238], [42.893316, -76.758226], [42.893334, -76.7582], [42.893343, -76.758159], [42.893337, -76.758116], [42.893313, -76.758084], [42.893279, -76.758084], [42.893252, -76.758094], [42.893218, -76.758114], [42.893197, -76.758151], [42.893192, -76.758185], [42.893197, -76.758222], [42.893213, -76.758252], [42.89324, -76.758263]]}, "4": {"path": [[42.893998, -76.759334], [42.892229, -76.758096], [42.890631, -76.757337]], "green": [[42.890667, -76.757435], [42.890637, -76.757442], [42.890614, -76.757444], [42.890589, -76.757444], [42.890572, -76.757444], [42.890553, -76.757431], [42.890541, -76.757414], [42.890528, -76.757384], [42.890523, -76.757345], [42.890531, -76.757306], [42.890548, -76.75727], [42.890571, -76.757244], [42.890601, -76.757214], [42.890631, -76.757196], [42.890663, -76.757191], [42.890689, -76.757203], [42.890703, -76.757224], [42.890721, -76.757263], [42.89073, -76.757294], [42.890732, -76.75732], [42.890728, -76.757355], [42.890716, -76.757384], [42.890697, -76.757412], [42.890667, -76.757435]]}, "5": {"path": [[42.890328, -76.757613], [42.890354, -76.760182], [42.890474, -76.761481]], "green": [[42.890508, -76.761688], [42.890537, -76.761674], [42.890555, -76.76165], [42.890565, -76.761621], [42.890569, -76.761572], [42.890562, -76.761513], [42.890555, -76.761436], [42.89055, -76.761351], [42.890544, -76.761284], [42.890522, -76.761247], [42.890493, -76.761231], [42.890461, -76.761237], [42.890426, -76.761249], [42.890406, -76.76128], [42.890386, -76.761316], [42.890376, -76.761363], [42.890379, -76.761414], [42.890391, -76.76145], [42.89041, -76.761483], [42.890422, -76.761513], [42.890425, -76.761542], [42.890428, -76.76158], [42.890434, -76.761615], [42.890446, -76.761641], [42.890461, -76.761668], [42.89048, -76.761686], [42.890508, -76.761688]]}, "6": {"path": [[42.889908, -76.761966], [42.889475, -76.756074]], "green": [[42.889478, -76.756203], [42.889447, -76.756197], [42.889408, -76.756178], [42.889373, -76.756152], [42.889355, -76.756119], [42.889343, -76.756077], [42.889346, -76.756035], [42.889358, -76.756007], [42.889379, -76.755982], [42.889413, -76.755961], [42.889454, -76.755963], [42.889498, -76.755963], [42.889524, -76.755956], [42.889551, -76.755958], [42.889581, -76.755977], [42.889596, -76.756012], [42.889604, -76.756054], [42.889598, -76.756105], [42.889586, -76.756147], [42.889558, -76.756182], [42.889524, -76.756201], [42.889478, -76.756203]]}, "7": {"path": [[42.889599, -76.755542], [42.889392, -76.753263]], "green": [[42.889357, -76.753388], [42.889387, -76.753386], [42.889412, -76.75337], [42.889433, -76.753341], [42.889451, -76.753307], [42.889469, -76.753272], [42.889481, -76.753234], [42.889484, -76.753199], [42.889476, -76.753164], [42.889461, -76.753146], [42.889436, -76.75313], [42.889405, -76.753124], [42.88937, -76.75313], [42.889344, -76.75315], [42.889321, -76.753189], [42.889309, -76.753238], [42.889309, -76.753286], [42.889312, -76.753333], [42.88932, -76.75336], [42.889335, -76.753378], [42.889357, -76.753388]]}, "8": {"path": [[42.890103, -76.753015], [42.890085, -76.75596], [42.89018, -76.757101]], "green": [[42.890168, -76.757268], [42.890204, -76.75726], [42.890237, -76.757235], [42.890269, -76.757203], [42.89029, -76.757162], [42.890301, -76.757116], [42.890299, -76.757067], [42.890295, -76.75703], [42.890274, -76.756998], [42.890244, -76.756975], [42.890223, -76.756957], [42.890195, -76.756945], [42.890162, -76.756931], [42.890123, -76.756929], [42.890089, -76.756943], [42.890064, -76.756973], [42.89005, -76.757036], [42.890056, -76.757111], [42.890076, -76.757175], [42.890096, -76.757217], [42.890117, -76.75725], [42.890144, -76.757266], [42.890168, -76.757268]]}, "9": {"path": [[42.890512, -76.756945], [42.890673, -76.751414]], "green": [[42.890658, -76.751543], [42.890689, -76.751543], [42.890723, -76.751525], [42.890746, -76.751494], [42.890755, -76.751435], [42.890759, -76.751358], [42.890737, -76.751281], [42.890703, -76.751241], [42.890662, -76.751244], [42.890628, -76.751269], [42.890608, -76.751315], [42.890599, -76.751383], [42.890606, -76.751441], [42.890613, -76.751487], [42.890628, -76.751521], [42.890658, -76.751543]]}, "10": {"path": [[42.891697, -76.751556], [42.892542, -76.753617], [42.893207, -76.754699]], "green": [[42.893178, -76.754843], [42.893201, -76.754851], [42.893228, -76.754853], [42.893258, -76.754841], [42.893283, -76.754809], [42.893301, -76.754774], [42.893309, -76.754711], [42.893304, -76.754654], [42.893291, -76.754603], [42.893273, -76.754557], [42.893246, -76.754526], [42.893209, -76.75451], [42.893166, -76.754518], [42.893136, -76.75455], [42.893119, -76.754599], [42.893117, -76.754637], [42.893115, -76.754668], [42.893131, -76.754729], [42.893145, -76.754784], [42.893157, -76.754817], [42.893178, -76.754843]]}, "11": {"path": [[42.892882, -76.755305], [42.894517, -76.755548], [42.895074, -76.754026]], "green": [[42.895035, -76.754151], [42.895068, -76.754153], [42.895096, -76.75413], [42.895126, -76.754098], [42.89515, -76.75408], [42.895168, -76.754051], [42.895174, -76.754006], [42.895165, -76.753951], [42.895141, -76.753909], [42.895108, -76.753895], [42.895078, -76.753889], [42.89505, -76.753886], [42.895031, -76.753909], [42.895023, -76.753941], [42.895014, -76.75398], [42.895001, -76.754029], [42.894998, -76.754065], [42.894998, -76.754108], [42.895011, -76.754134], [42.895035, -76.754151]]}, "12": {"path": [[42.895215, -76.754441], [42.894866, -76.755624]], "green": [[42.894834, -76.755738], [42.894853, -76.755742], [42.894878, -76.755734], [42.894893, -76.755709], [42.894911, -76.755665], [42.89493, -76.75563], [42.894942, -76.755589], [42.894945, -76.755557], [42.894939, -76.755522], [42.894916, -76.755498], [42.894885, -76.75549], [42.894862, -76.755506], [42.894848, -76.755537], [42.894832, -76.755561], [42.894808, -76.755587], [42.894799, -76.75562], [42.894799, -76.755652], [42.894801, -76.755685], [42.894811, -76.75572], [42.894834, -76.755738]]}, "13": {"path": [[42.895261, -76.755889], [42.895338, -76.759121], [42.895465, -76.760552]], "green": [[42.895439, -76.760705], [42.895414, -76.760688], [42.895385, -76.760656], [42.89537, -76.760609], [42.895366, -76.76054], [42.895373, -76.760491], [42.895386, -76.760456], [42.895394, -76.760434], [42.895417, -76.760385], [42.895454, -76.760361], [42.895491, -76.760353], [42.895524, -76.760361], [42.895557, -76.760404], [42.895579, -76.760473], [42.895583, -76.760542], [42.895573, -76.760617], [42.895548, -76.760672], [42.895519, -76.7607], [42.895489, -76.760717], [42.895464, -76.760717], [42.895439, -76.760705]]},