{"holes": {"1": {"path": [[43.835845, -73.461375], [43.835792, -73.464167], [43.836233, -73.465128]], "green": [[43.836163, -73.465287], [43.836193, -73.465288], [43.836216, -73.465277], [43.836231, -73.465265], [43.836247, -73.465244], [43.836268, -73.46523], [43.836292, -73.465213], [43.836314, -73.465202], [43.83634, -73.465178], [43.836353, -73.465165], [43.836369, -73.465137], [43.836375, -73.46511], [43.836374, -73.465084], [43.836369, -73.465051], [43.836356, -73.465018], [43.836339, -73.464986], [43.836326, -73.464978], [43.836308, -73.464977], [43.836289, -73.464977], [43.836267, -73.464977], [43.836242, -73.464977], [43.836199, -73.464987], [43.836173, -73.464994], [43.836152, -73.465002], [43.836133, -73.465029], [43.83612, -73.465053], [43.836114, -73.465074], [43.836112, -73.465101], [43.83611, -73.465147], [43.836114, -73.465176], [43.836121, -73.465209], [43.83613, -73.465241], [43.836139, -73.46527], [43.83615, -73.46528], [43.836163, -73.465287]]}, "2": {"path": [[43.836696, -73.464939], [43.836612, -73.462265], [43.837022, -73.461329]], "green": [[43.837026, -73.461403], [43.837056, -73.4614], [43.837086, -73.461391], [43.837111, -73.461366], [43.837131, -73.461348], [43.837139, -73.461328], [43.837144, -73.461306], [43.837145, -73.461274], [43.837142, -73.461258], [43.837133, -73.461235], [43.837117, -73.461204], [43.837097, -73.461193], [43.837068, -73.461197], [43.837033, -73.461221], [43.837009, -73.46123], [43.83697, -73.461258], [43.83695, -73.46127], [43.83693, -73.461282], [43.83691, -73.4613], [43.836892, -73.461336], [43.836885, -73.461367], [43.836889, -73.461414], [43.836912, -73.461433], [43.836929, -73.46144], [43.836948, -73.461441], [43.836973, -73.461428], [43.836986, -73.461406], [43.837007, -73.461396], [43.837026, -73.461403]]}, "3": {"path": [[43.837834, -73.460723], [43.837282, -73.463618], [43.837627, -73.46571]], "green": [[43.837672, -73.465859], [43.837692, -73.465854], [43.837703, -73.465842], [43.837712, -73.465825], [43.837717, -73.46579], [43.837715, -73.465753], [43.837705, -73.465718], [43.837697, -73.465698], [43.837692, -73.465654], [43.837703, -73.465624], [43.837706, -73.465609], [43.837706, -73.46558], [43.837696, -73.465557], [43.837681, -73.465537], [43.83766, -73.465528], [43.837625, -73.465531], [43.837592, -73.465548], [43.837561, -73.46556], [43.837526, -73.465577], [43.837502, -73.465602], [43.837492, -73.465636], [43.837487, -73.465674], [43.837495, -73.465718], [43.837512, -73.465753], [43.837531, -73.465772], [43.837556, -73.465795], [43.837578, -73.465816], [43.837599, -73.465839], [43.83761, -73.465859], [43.837625, -73.465875], [43.837649, -73.465869], [43.837672, -73.465859]]}, "4": {"path": [[43.838029, -73.466675], [43.83838, -73.468176]], "green": [[43.838451, -73.468424], [43.838475, -73.468405], [43.838494, -73.468369], [43.838504, -73.468345], [43.838517, -73.468313], [43.838523, -73.468288], [43.83853, -73.468264], [43.838534, -73.468244], [43.838534, -73.468219], [43.838528, -73.468193], [43.83852, -73.468158], [43.838501, -73.468111], [43.838495, -73.468091], [43.83847, -73.468057], [43.838447, -73.468035], [43.83843, -73.468019], [43.838403, -73.467985], [43.838379, -73.467955], [43.838356, -73.467924], [43.838336, -73.467914], [43.838315, -73.46791], [43.838294, -73.467909], [43.838279, -73.467927], [43.838265, -73.467948], [43.838263, -73.46797], [43.838274, -73.468007], [43.838289, -73.468046], [43.838306, -73.468061], [43.838316, -73.468088], [43.838316, -73.468125], [43.838302, -73.468142], [43.838289, -73.468162], [43.838283, -73.468188], [43.838276, -73.4682], [43.838268, -73.468229], [43.838262, -73.468265], [43.838262, -73.468298], [43.838268, -73.468325], [43.838286, -73.468358], [43.838307, -73.468376], [43.83833, -73.468394], [43.838355, -73.468412], [43.83838, -73.46842], [43.838416, -73.468429], [43.838451, -73.468424]]}, "5": {"path": [[43.838452, -73.467503], [43.839317, -73.47044], [43.83992, -73.471697]], "green": [[43.839932, -73.471867], [43.839956, -73.471862], [43.839976, -73.471849], [43.839997, -73.471825], [43.84001, -73.4718], [43.840024, -73.471767], [43.840029, -73.47173], [43.840031, -73.471693], [43.840026, -73.47165], [43.840021, -73.471613], [43.840009, -73.471576], [43.839993, -73.471555], [43.839969, -73.471538], [43.839942, -73.471525], [43.839919, -73.471523], [43.839894, -73.471527], [43.839874, -73.471536], [43.839857, -73.471557], [43.839845, -73.47158], [43.839839, -73.471594], [43.839827, -73.471626], [43.839823, -73.47166], [43.839821, -73.471686], [43.839822, -73.471721], [43.839826, -73.47175], [43.839832, -73.471783], [43.839844, -73.471811], [43.83986, -73.471828], [43.839872, -73.471837], [43.839907, -73.471857], [43.839932, -73.471867]]}, "6": {"path": [[43.839807, -73.472238], [43.838582, -73.470755]], "green": [[43.838621, -73.470873], [43.838654, -73.470846], [43.838676, -73.470821], [43.83869, -73.470793], [43.838696, -73.470766], [43.838694, -73.47072], [43.838681, -73.470682], [43.838669, -73.470648], [43.838655, -73.470629], [43.838633, -73.470621], [43.838612, -73.470613], [43.838577, -73.47061], [43.838549, -73.470616], [43.838535, -73.470635], [43.838522, -73.470662], [43.838503, -73.470668], [43.838491, -73.470692], [43.83849, -73.470727], [43.838491, -73.470758], [43.838484, -73.470818], [43.838481, -73.470836], [43.838494, -73.470873], [43.838513, -73.470895], [43.838532, -73.470913], [43.838561, -73.470907], [43.83859, -73.470902], [43.838621, -73.470873]]}, "7": {"path": [[43.83832, -73.470471], [43.837499, -73.46763], [43.836759, -73.465744]], "green": [[43.836726, -73.46585], [43.836746, -73.465849], [43.836766, -73.46584], [43.836779, -73.465824], [43.836782, -73.465812], [43.836788, -73.465791], [43.836808, -73.465786], [43.836824, -73.465786], [43.836844, -73.465784], [43.836863, -73.465776], [43.83688, -73.465767], [43.836888, -73.465745], [43.836891, -73.465724], [43.836891, -73.465703], [43.836887, -73.46568], [43.836872, -73.465651], [43.836844, -73.465636], [43.836828, -73.46563], [43.836813, -73.465629], [43.836797, -73.465629], [43.836779, -73.465629], [43.836764, -73.465635], [43.836749, -73.465648], [43.836733, -73.465671], [43.836712, -73.465686], [43.836695, -73.465689], [43.836687, -73.465692], [43.836664, -73.465699], [43.836654, -73.465705], [43.836647, -73.465717], [43.83664, -73.465737], [43.836639, -73.465758], [43.836638, -73.465787], [43.836644, -73.465814], [43.836653, -73.465836], [43.836666, -73.465857], [43.83668, -73.465865], [43.836705, -73.465863], [43.836726, -73.46585]]}, "8": {"path": [[43.836314, -73.465642], [43.836677, -73.468079]], "green": [[43.836706, -73.468198], [43.836734, -73.468208], [43.836755, -73.468211], [43.836773, -73.468211], [43.836792, -73.468196], [43.836804, -73.468178], [43.836816, -73.468145], [43.836821, -73.46812], [43.836824, -73.468087], [43.836819, -73.46806], [43.83682, -73.468026], [43.836815, -73.468002], [43.836799, -73.467979], [43.836787, -73.467968], [43.836757, -73.467954], [43.836737, -73.467948], [43.836717, -73.467948], [43.836699, -73.467941], [43.83668, -73.467931], [43.83666, -73.467919], [43.836632, -73.467921], [43.836613, -73.467928], [43.836596, -73.467938], [43.836583, -73.467952], [43.836572, -73.467972], [43.836563, -73.468], [43.836556, -73.468031], [43.83655, -73.468045], [43.83654, -73.468063], [43.836536, -73.468088], [43.836536, -73.468122], [43.836536, -73.468145], [43.836549, -73.468173], [43.836567, -73.468195], [43.836584, -73.468205], [43.836601, -73.468212], [43.836617, -73.468213], [43.836641, -73.468209], [43.836668, -73.468195], [43.836682, -73.468191], [43.836706, -73.468198]]}, "9": {"path": [[43.83629, -73.468068], [43.835417, -73.464609], [43.835169, -73.462634]],