{"holes": {"1": {"path": [[43.582428, -73.666655], [43.581954, -73.6621]], "green": [[43.581996, -73.662259], [43.582014, -73.662237], [43.582033, -73.662213], [43.582052, -73.66218], [43.582063, -73.662143], [43.582068, -73.662118], [43.582068, -73.662098], [43.582065, -73.662058], [43.582057, -73.662025], [43.582048, -73.662008], [43.582037, -73.661985], [43.582022, -73.661965], [43.582001, -73.661949], [43.581987, -73.661942], [43.581966, -73.661936], [43.581946, -73.661937], [43.581931, -73.661944], [43.581913, -73.661951], [43.5819, -73.66196], [43.581889, -73.661977], [43.581875, -73.662002], [43.581862, -73.662029], [43.581854, -73.662054], [43.581848, -73.662084], [43.581844, -73.662117], [43.581848, -73.662147], [43.581852, -73.662173], [43.581861, -73.6622], [43.58187, -73.662225], [43.58188, -73.662244], [43.581899, -73.662259], [43.581923, -73.662276], [43.581952, -73.662279], [43.581977, -73.662276], [43.581996, -73.662259]]}, "2": {"path": [[43.582277, -73.662213], [43.583078, -73.663667], [43.584638, -73.664307]], "green": [[43.58473, -73.664372], [43.584743, -73.664344], [43.584752, -73.664308], [43.584751, -73.664275], [43.584747, -73.664253], [43.584741, -73.664224], [43.58473, -73.664206], [43.584711, -73.664188], [43.584694, -73.66418], [43.584674, -73.66418], [43.584643, -73.664181], [43.584611, -73.66419], [43.584589, -73.664201], [43.584571, -73.664212], [43.584552, -73.664232], [43.584539, -73.66425], [43.584528, -73.66428], [43.584525, -73.664304], [43.584525, -73.664326], [43.584531, -73.664352], [43.584539, -73.664373], [43.584547, -73.664389], [43.58456, -73.664405], [43.584575, -73.664419], [43.5846, -73.664426], [43.584623, -73.664428], [43.584645, -73.664428], [43.584671, -73.664421], [43.584688, -73.664417], [43.584712, -73.664395], [43.58473, -73.664372]]}, "3": {"path": [[43.584423, -73.66379], [43.583184, -73.662475]], "green": [[43.583289, -73.662541], [43.583275, -73.66257], [43.583249, -73.6626], [43.583224, -73.662611], [43.583201, -73.662618], [43.583171, -73.662618], [43.583141, -73.662613], [43.583108, -73.662589], [43.583084, -73.662564], [43.583069, -73.662536], [43.583061, -73.662508], [43.583056, -73.662483], [43.583059, -73.662449], [43.583066, -73.662416], [43.583092, -73.662373], [43.58311, -73.662352], [43.583125, -73.662343], [43.583149, -73.662334], [43.583169, -73.662333], [43.583191, -73.662336], [43.583212, -73.662345], [43.583236, -73.662368], [43.583255, -73.662393], [43.583273, -73.662419], [43.583288, -73.66245], [43.583296, -73.662466], [43.583299, -73.66249], [43.583295, -73.662518], [43.583289, -73.662541]]}, "4": {"path": [[43.582909, -73.661914], [43.585143, -73.662246], [43.58647, -73.662259]], "green": [[43.586594, -73.662326], [43.586595, -73.662297], [43.586589, -73.662262], [43.586569, -73.662198], [43.586543, -73.662147], [43.586519, -73.662118], [43.586494, -73.662102], [43.586467, -73.662094], [43.586442, -73.662097], [43.586418, -73.662109], [43.586396, -73.662124], [43.586381, -73.662138], [43.586371, -73.662157], [43.586359, -73.662192], [43.58635, -73.662217], [43.586348, -73.662244], [43.58635, -73.662271], [43.586357, -73.662301], [43.586363, -73.662321], [43.586376, -73.662339], [43.586394, -73.662358], [43.586488, -73.662407], [43.586504, -73.662411], [43.586521, -73.662412], [43.586541, -73.662407], [43.586558, -73.662396], [43.586575, -73.662379], [43.586585, -73.662362], [43.586594, -73.662326]]}, "5": {"path": [[43.586387, -73.661714], [43.587672, -73.662143], [43.588996, -73.662882], [43.589267, -73.662951]], "green": [[43.589351, -73.662968], [43.589357, -73.662898], [43.589352, -73.662879], [43.589342, -73.662858], [43.589327, -73.662842], [43.58931, -73.66283], [43.58929, -73.662822], [43.589275, -73.662826], [43.589256, -73.662835], [43.589232, -73.662855], [43.589197, -73.6629], [43.589187, -73.662924], [43.589186, -73.662942], [43.589185, -73.662954], [43.589186, -73.662971], [43.58919, -73.662987], [43.589196, -73.663003], [43.589205, -73.663019], [43.589218, -73.663034], [43.589226, -73.66304], [43.589244, -73.66305], [43.58926, -73.663053], [43.589277, -73.663054], [43.589298, -73.663051], [43.589312, -73.663042], [43.589326, -73.663025], [43.589341, -73.663], [43.589351, -73.662968]]}, "7": {"path": [[43.585175, -73.66338], [43.586964, -73.663991], [43.588099, -73.665199]], "green": [[43.588144, -73.665099], [43.588093, -73.66511], [43.588054, -73.66511], [43.588032, -73.665109], [43.58801, -73.665116], [43.58799, -73.665133], [43.587978, -73.665155], [43.587969, -73.665182], [43.587972, -73.665214], [43.587979, -73.665244], [43.587994, -73.665268], [43.588015, -73.665293], [43.588049, -73.665317], [43.58809, -73.665323], [43.588123, -73.665321], [43.588151, -73.665311], [43.588174, -73.665298], [43.588193, -73.665278], [43.588205, -73.665258], [43.588217, -73.665224], [43.588221, -73.66519], [43.588214, -73.665155], [43.5882, -73.665133], [43.588188, -73.66512], [43.588165, -73.665108], [43.588144, -73.665099]]}, "8": {"path": [[43.588468, -73.665757], [43.587052, -73.665966]], "green": [[43.587146, -73.665888], [43.587024, -73.665806], [43.587006, -73.665804], [43.586991, -73.665806], [43.586976, -73.665817], [43.586958, -73.665836], [43.586951, -73.665851], [43.586945, -73.665875], [43.586943, -73.665901], [43.586943, -73.665942], [43.586945, -73.665967], [43.586952, -73.666], [43.586959, -73.666024], [43.586969, -73.666043], [43.586986, -73.666062], [43.587001, -73.666081], [43.58702, -73.666088], [43.587065, -73.6661], [43.587084, -73.6661], [43.587101, -73.666096], [43.58712, -73.666087], [43.587145, -73.666067], [43.587159, -73.666049], [43.58717, -73.66603], [43.587177, -73.666004], [43.587178, -73.665977], [43.587173, -73.665948], [43.587168, -73.665928], [43.587159, -73.665905], [43.587146, -73.665888]]}, "9": {"path": [[43.58674, -73.666186], [43.584609, -73.66667], [43.583625, -73.667049]], "green": [[43.583638, -73.666913], [43.583528, -73.666967], [43.583508, -73.666997], [43.583501, -73.667027], [43.583501, -73.667052], [43.583503, -73.66708], [43.58351, -73.667121], [43.583524, -73.667149], [43.583538, -73.667167], [43.583551, -73.667182], [43.583574, -73.667195], [43.583588, -73.6672], [43.583601, -73.667198], [43.58362, -73.667194], [43.583636, -73.667181], [43.583728, -73.667086], [43.583738, -73.667073], [43.583744, -73.66704], [43.583747, -73.667013], [43.583744, -73.666991], [43.583738, -73.666969], [43.583729, -73.666946], [43.583717, -73.666932], [43.583698, -73.666919], [43.583681, -73.666915], [43.583662, -73.66691], [43.583638, -73.666913]]}, "11": {"path": [[43.586899, -73.668303], [43.588107, -73.668894]], "green": [[43.588239, -73.66894], [43.588252, -73.668893], [43.588256, -73.668867], [43.588254, -73.668841], [43.588246, -73.668822], [43.588236, -73.668801], [43.588218, -73.668791], [43.588045, -73.668745], [43.588015, -73.668745], [43.587997, -73.668751], [43.587982, -73.668763], [43.58797, -73.668784], [43.587963, -73.6688], [43.587962, -73.668812], [43.587966, -73.668832], [43.587971, -73.668853], [43.587977, -73.668873], [43.587994, -73.668912], [43.588029, -73.668978], [43.58805, -73.66901], [43.588069, -73.669026], [43.588095, -73.66904], [43.588124, -73.669044], [43.58815, -73.66904], [43.588179, -73.669025], [43.588195, -73.669017], [43.588213, -73.668999], [43.588228, -73.668968], [43.588239, -73.66894]]}, "12": {"path": [[43.58818, -73.669348], [43.59002, -73.669422], [43.591216, -73.670013]],