{"holes": {"1": {"path": [[42.76534, -78.373714], [42.763499, -78.374143], [42.762339, -78.374223]], "green": [[42.762449, -78.374155], [42.762427, -78.374127], [42.762404, -78.374102], [42.762382, -78.374094], [42.762355, -78.374092], [42.762329, -78.374094], [42.762307, -78.374106], [42.76228, -78.374122], [42.762252, -78.374142], [42.762229, -78.374159], [42.76221, -78.374188], [42.762199, -78.374209], [42.762194, -78.374232], [42.762195, -78.37426], [42.762203, -78.374291], [42.762219, -78.374316], [42.762239, -78.374339], [42.762265, -78.374354], [42.762292, -78.374359], [42.762322, -78.374355], [42.762349, -78.374348], [42.762377, -78.374336], [42.762406, -78.374321], [42.762428, -78.374301], [42.762445, -78.374281], [42.762454, -78.374263], [42.762464, -78.374236], [42.762463, -78.374213], [42.762461, -78.374189], [42.762455, -78.374169], [42.762449, -78.374155]]}, "2": {"path": [[42.76191, -78.374346], [42.762193, -78.371774], [42.761992, -78.369224]], "green": [[42.762064, -78.369213], [42.762055, -78.369118], [42.762035, -78.369062], [42.76201, -78.369038], [42.761982, -78.369024], [42.761952, -78.369035], [42.761931, -78.369075], [42.761922, -78.369122], [42.761915, -78.369194], [42.761914, -78.369257], [42.761913, -78.369316], [42.76193, -78.369366], [42.761955, -78.369391], [42.76198, -78.369396], [42.762001, -78.369393], [42.762034, -78.369372], [42.762053, -78.36934], [42.762062, -78.369304], [42.762068, -78.369256], [42.762064, -78.369213]]}, "3": {"path": [[42.762641, -78.369203], [42.762773, -78.371772], [42.762741, -78.373418]], "green": [[42.762811, -78.37334], [42.762795, -78.373319], [42.762777, -78.373304], [42.76276, -78.3733], [42.762748, -78.373298], [42.762725, -78.373297], [42.762697, -78.373302], [42.762671, -78.373324], [42.762646, -78.373359], [42.762637, -78.373391], [42.762636, -78.373442], [42.762649, -78.373499], [42.762661, -78.373538], [42.76268, -78.373567], [42.762706, -78.373582], [42.762727, -78.373588], [42.762753, -78.373574], [42.762787, -78.373537], [42.762807, -78.373501], [42.762823, -78.373462], [42.76283, -78.373423], [42.76283, -78.373388], [42.762823, -78.373361], [42.762811, -78.37334]]}, "4": {"path": [[42.763095, -78.373595], [42.764144, -78.372288]], "green": [[42.764228, -78.37216], [42.764206, -78.372139], [42.764182, -78.372132], [42.764153, -78.372134], [42.764117, -78.37215], [42.764094, -78.372174], [42.764068, -78.372206], [42.764048, -78.372244], [42.764037, -78.372278], [42.76403, -78.372316], [42.764034, -78.372355], [42.764036, -78.372383], [42.76404, -78.372395], [42.764052, -78.372415], [42.764065, -78.372434], [42.764082, -78.372448], [42.764104, -78.372452], [42.764131, -78.372442], [42.764168, -78.372425], [42.764197, -78.372401], [42.764223, -78.372373], [42.764247, -78.372328], [42.764254, -78.37229], [42.764256, -78.372253], [42.764255, -78.372219], [42.764246, -78.37219], [42.764237, -78.372171], [42.764228, -78.37216]]}, "5": {"path": [[42.763612, -78.372081], [42.764472, -78.369892], [42.765699, -78.369335]], "green": [[42.765588, -78.369335], [42.765589, -78.369369], [42.765602, -78.369407], [42.765633, -78.369443], [42.765689, -78.369472], [42.76572, -78.36947], [42.765752, -78.369468], [42.765783, -78.369452], [42.765806, -78.369426], [42.765816, -78.36939], [42.765818, -78.369353], [42.765815, -78.369318], [42.765801, -78.369283], [42.765778, -78.369254], [42.765759, -78.369242], [42.765735, -78.369231], [42.765709, -78.369225], [42.765683, -78.369226], [42.765659, -78.369235], [42.765634, -78.369251], [42.765616, -78.369269], [42.765603, -78.369287], [42.765591, -78.369308], [42.765588, -78.369335]]}, "6": {"path": [[42.766156, -78.3702], [42.76823, -78.37133], [42.768834, -78.370582]], "green": [[42.768802, -78.370725], [42.768847, -78.370743], [42.768877, -78.370737], [42.768913, -78.370705], [42.768937, -78.370654], [42.768942, -78.370593], [42.768941, -78.370532], [42.768927, -78.370486], [42.768901, -78.370451], [42.768875, -78.370428], [42.768851, -78.370426], [42.768823, -78.370425], [42.768796, -78.370435], [42.76877, -78.370458], [42.768758, -78.370493], [42.768752, -78.370536], [42.768751, -78.370582], [42.768756, -78.370627], [42.768762, -78.370649], [42.768773, -78.370685], [42.768786, -78.370709], [42.768802, -78.370725]]}, "7": {"path": [[42.769017, -78.370015], [42.770055, -78.371278], [42.770123, -78.375073]], "green": [[42.770204, -78.375154], [42.770219, -78.375088], [42.770209, -78.375012], [42.770189, -78.374963], [42.770168, -78.374929], [42.770143, -78.374905], [42.770125, -78.374903], [42.770089, -78.37493], [42.770059, -78.374962], [42.770035, -78.374992], [42.770016, -78.37504], [42.77002, -78.375101], [42.770033, -78.37516], [42.770054, -78.375204], [42.77009, -78.375226], [42.770127, -78.375234], [42.770161, -78.375227], [42.770191, -78.375201], [42.770204, -78.375154]]}, "8": {"path": [[42.769281, -78.374556], [42.768755, -78.372684]], "green": [[42.768851, -78.372698], [42.768837, -78.372628], [42.768817, -78.372575], [42.768794, -78.372555], [42.768756, -78.372546], [42.768721, -78.372549], [42.768684, -78.37258], [42.768661, -78.372607], [42.768651, -78.372643], [42.768645, -78.372686], [42.76865, -78.372728], [42.768669, -78.372772], [42.768695, -78.372798], [42.768723, -78.372814], [42.768762, -78.372806], [42.768806, -78.372784], [42.768835, -78.372762], [42.768846, -78.372733], [42.768849, -78.372714], [42.768851, -78.372698]]}, "9": {"path": [[42.768422, -78.373052], [42.766888, -78.371194], [42.766063, -78.370936]], "green": [[42.766178, -78.370914], [42.766141, -78.370866], [42.766091, -78.370828], [42.766047, -78.370814], [42.76601, -78.370814], [42.765968, -78.370823], [42.765945, -78.370857], [42.765931, -78.370896], [42.765933, -78.37095], [42.76595, -78.371004], [42.765981, -78.371044], [42.766019, -78.371051], [42.766061, -78.371038], [42.766107, -78.371029], [42.766136, -78.371016], [42.766161, -78.370995], [42.766174, -78.370981], [42.766185, -78.370943], [42.766178, -78.370914]]}, "10": {"path": [[42.765929, -78.371553], [42.767224, -78.372959], [42.768245, -78.374326]], "green": [[42.768146, -78.374363], [42.768155, -78.374395], [42.768165, -78.374421], [42.768204, -78.374447], [42.768268, -78.374449], [42.768316, -78.37444], [42.768358, -78.374415], [42.768381, -78.374379], [42.76839, -78.374317], [42.768374, -78.374269], [42.768345, -78.374226], [42.768297, -78.374203], [42.768251, -78.374199], [42.768218, -78.374207], [42.768189, -78.374231], [42.768164, -78.374262], [42.768152, -78.374288], [42.768143, -78.374325], [42.768146, -78.374363]]}, "11": {"path": [[42.768813, -78.375059], [42.769573, -78.37699], [42.769987, -78.378824]], "green": [[42.77009, -78.37881], [42.770064, -78.378742], [42.770026, -78.378695], [42.769985, -78.378669], [42.76996, -78.378665], [42.769917, -78.378679], [42.769887, -78.378713], [42.76987, -78.37875], [42.769865, -78.37879], [42.769872, -78.378851], [42.769894, -78.37891], [42.769928, -78.378955], [42.769966, -78.378977], [42.770011, -78.378984], [42.770052, -78.378971], [42.77008, -78.378944], [42.770095, -78.378899], [42.770099, -78.378848], [42.77009, -78.37881]]}, "12": {"path": [[42.769256, -78.378765], [42.768484, -78.376702]], "green": [[42.76858, -78.376806], [42.768588, -78.376728], [42.76858, -78.376679], [42.768566, -78.376608], [42.768538, -78.376548], [42.768506, -78.376508], [42.768471, -78.376497], [42.768437, -78.376504], [42.768418, -78.376525], [42.768401, -78.376568], [42.76839, -78.376607], [42.768381, -78.376654], [42.768385, -78.376713], [42.768396, -78.376731], [42.768422, -78.376753], [42.76844, -78.376773], [42.768458, -78.376818], [42.76847, -78.376847], [42.76849, -78.376875], [42.768519, -78.376879], [42.768544, -78.376874], [42.768568, -78.376844], [42.76858, -78.376806]]}, "13": {"path": [[42.768191, -78.376637], [42.767872, -78.378987], [42.766819, -78.379082]],