{"holes": {"1": {"path": [[42.942359, -76.537887], [42.939137, -76.537296]], "green": [[42.939199, -76.537368], [42.939221, -76.537359], [42.939239, -76.53734], [42.939247, -76.537319], [42.939249, -76.537299], [42.939244, -76.537273], [42.939233, -76.537255], [42.939217, -76.537239], [42.939197, -76.53723], [42.939179, -76.53723], [42.939157, -76.537233], [42.939142, -76.53723], [42.939123, -76.537217], [42.939108, -76.537203], [42.939089, -76.53719], [42.939072, -76.537189], [42.93905, -76.537197], [42.939039, -76.537213], [42.939025, -76.537244], [42.939015, -76.537278], [42.939013, -76.537309], [42.93902, -76.537343], [42.939037, -76.537373], [42.939071, -76.537397], [42.939095, -76.537405], [42.939124, -76.537408], [42.939148, -76.537407], [42.939177, -76.537392], [42.939192, -76.537376], [42.939199, -76.537368]]}, "2": {"path": [[42.938774, -76.537517], [42.938854, -76.536061], [42.93873, -76.535025], [42.938024, -76.532814]], "green": [[42.937989, -76.532927], [42.93802, -76.532944], [42.938057, -76.532951], [42.938096, -76.532937], [42.938125, -76.532901], [42.938138, -76.532845], [42.938133, -76.532794], [42.938118, -76.532733], [42.938096, -76.532701], [42.938063, -76.532676], [42.938009, -76.53267], [42.93798, -76.532674], [42.93794, -76.532703], [42.937922, -76.532736], [42.937919, -76.532777], [42.937928, -76.532803], [42.937955, -76.532869], [42.937972, -76.532905], [42.937989, -76.532927]]}, "3": {"path": [[42.937841, -76.532284], [42.938833, -76.532574], [42.94018, -76.532631], [42.940738, -76.532474]], "green": [[42.940719, -76.532596], [42.940691, -76.532566], [42.940667, -76.532514], [42.940661, -76.532462], [42.940661, -76.532392], [42.940675, -76.532342], [42.940708, -76.532305], [42.940752, -76.532301], [42.940781, -76.532329], [42.940804, -76.532393], [42.940818, -76.532472], [42.94082, -76.532529], [42.940807, -76.532575], [42.940782, -76.532604], [42.940749, -76.532608], [42.940719, -76.532596]]}, "4": {"path": [[42.941271, -76.532671], [42.939914, -76.533497], [42.938999, -76.533263]], "green": [[42.939059, -76.533338], [42.939097, -76.533332], [42.939113, -76.533311], [42.939117, -76.533283], [42.939108, -76.533257], [42.939093, -76.533227], [42.93907, -76.53322], [42.939041, -76.533211], [42.939021, -76.533196], [42.939006, -76.533178], [42.938982, -76.53316], [42.938953, -76.533152], [42.938924, -76.533157], [42.938904, -76.533168], [42.938889, -76.533194], [42.938876, -76.533226], [42.938877, -76.533271], [42.938889, -76.533317], [42.938911, -76.533344], [42.938948, -76.53336], [42.938976, -76.533344], [42.938992, -76.533327], [42.939022, -76.533324], [42.939045, -76.533332], [42.939059, -76.533338]]}, "5": {"path": [[42.938564, -76.533173], [42.939629, -76.535474], [42.94001, -76.536019], [42.940667, -76.536664]], "green": [[42.940562, -76.536663], [42.940554, -76.53663], [42.940559, -76.536571], [42.940578, -76.536543], [42.940612, -76.53653], [42.940644, -76.536541], [42.940692, -76.536579], [42.940757, -76.536653], [42.940779, -76.536693], [42.940786, -76.536742], [42.940776, -76.536772], [42.940751, -76.536797], [42.94072, -76.536798], [42.940678, -76.536783], [42.940562, -76.536663]]}, "6": {"path": [[42.941112, -76.536971], [42.940603, -76.535483]], "green": [[42.940582, -76.535614], [42.94061, -76.535622], [42.940638, -76.535617], [42.940663, -76.535598], [42.940681, -76.53557], [42.940696, -76.535519], [42.940703, -76.535462], [42.940701, -76.535412], [42.940686, -76.535374], [42.940659, -76.535352], [42.940624, -76.535337], [42.94059, -76.53534], [42.940568, -76.535346], [42.940548, -76.535364], [42.940527, -76.535394], [42.940519, -76.535429], [42.940516, -76.535462], [42.940522, -76.535506], [42.940532, -76.535538], [42.940552, -76.535568], [42.940568, -76.535587], [42.940582, -76.535614]]}, "7": {"path": [[42.940086, -76.535454], [42.941065, -76.534316], [42.942163, -76.532552]], "green": [[42.942169, -76.532684], [42.942141, -76.532701], [42.94211, -76.532699], [42.942082, -76.532682], [42.942069, -76.532648], [42.942062, -76.532606], [42.942069, -76.532556], [42.942086, -76.532512], [42.942113, -76.532458], [42.94214, -76.532422], [42.942175, -76.532403], [42.942214, -76.532403], [42.942239, -76.532409], [42.942259, -76.532432], [42.942271, -76.532462], [42.942276, -76.532518], [42.942263, -76.53256], [42.942196, -76.532657], [42.942169, -76.532684]]}, "8": {"path": [[42.942844, -76.531902], [42.942062, -76.533912], [42.941663, -76.535816], [42.941526, -76.53715]], "green": [[42.941615, -76.537078], [42.941592, -76.537045], [42.941556, -76.537023], [42.941508, -76.537022], [42.941485, -76.537038], [42.941456, -76.537068], [42.941421, -76.537125], [42.941409, -76.537172], [42.941414, -76.537221], [42.941441, -76.537257], [42.941479, -76.537282], [42.941533, -76.537296], [42.941567, -76.537285], [42.941597, -76.537247], [42.941623, -76.537187], [42.941626, -76.537133], [42.941615, -76.537078]]}, "9": {"path": [[42.942118, -76.536533], [42.943028, -76.537829]], "green": [[42.94293, -76.537796], [42.942917, -76.537771], [42.942917, -76.537734], [42.94293, -76.5377], [42.942962, -76.537685], [42.942991, -76.537682], [42.943012, -76.537695], [42.943039, -76.537739], [42.943071, -76.537779], [42.943099, -76.537811], [42.943131, -76.53785], [42.943161, -76.537888], [42.943168, -76.537924], [42.943158, -76.537965], [42.943123, -76.537984], [42.943069, -76.537981], [42.943024, -76.537965], [42.943001, -76.537927], [42.94299, -76.53789], [42.942968, -76.537837], [42.94293, -76.537796]]}, "10": {"path": [[42.943837, -76.53652], [42.944825, -76.532244]], "green": [[42.944744, -76.53236], [42.944773, -76.53237], [42.944814, -76.532364], [42.944835, -76.532347], [42.944857, -76.53232], [42.944879, -76.532293], [42.944909, -76.532281], [42.944931, -76.532269], [42.944945, -76.532241], [42.944949, -76.532204], [42.944933, -76.532166], [42.944898, -76.532115], [42.944876, -76.532096], [42.944848, -76.53209], [42.944826, -76.532099], [42.944805, -76.532112], [42.944791, -76.532143], [42.944775, -76.532192], [42.944756, -76.53223], [42.944736, -76.53226], [42.944728, -76.532284], [42.944726, -76.532317], [42.944731, -76.53234], [42.944744, -76.53236]]}, "11": {"path": [[42.944643, -76.531728], [42.943588, -76.531328], [42.943272, -76.531059]], "green": [[42.943318, -76.531172], [42.943345, -76.531161], [42.943377, -76.531134], [42.943396, -76.531098], [42.943403, -76.531061], [42.943397, -76.531027], [42.943377, -76.530998], [42.943353, -76.530975], [42.943332, -76.530957], [42.943311, -76.530926], [42.94329, -76.530901], [42.943273, -76.530886], [42.943249, -76.530873], [42.94323, -76.530886], [42.94322, -76.530906], [42.943212, -76.530944], [42.943204, -76.530984], [42.943187, -76.531017], [42.943174, -76.531035], [42.943161, -76.531066], [42.943157, -76.531095], [42.943168, -76.531151], [42.943187, -76.531192], [42.943205, -76.531237], [42.943227, -76.531243], [42.943255, -76.531237], [42.943275, -76.531206], [42.943297, -76.531178], [42.943318, -76.531172]]}, "12": {"path": [[42.94243, -76.531164], [42.943744, -76.529623], [42.944524, -76.529358], [42.94544, -76.529449]], "green": [[42.945323, -76.529446], [42.945302, -76.529399], [42.9453, -76.529358], [42.945321, -76.529324], [42.94536, -76.529303], [42.945394, -76.529318], [42.94543, -76.52933], [42.945465, -76.529342], [42.945492, -76.529342], [42.945525, -76.529356], [42.945549, -76.529381], [42.945563, -76.529421], [42.945559, -76.529454], [42.94554, -76.52949], [42.945528, -76.529533], [42.945526, -76.529574], [42.945516, -76.529608], [42.945494, -76.529623], [42.945471, -76.52962], [42.945434, -76.529588], [42.94541, -76.529547], [42.945383, -76.529505], [42.945349, -76.52948], [42.945323, -76.529446]]}, "13": {"path": [[42.945612, -76.528636], [42.944513, -76.528513]],