{"holes": {"1": {"path": [[26.851205, -80.121228], [26.851168, -80.123326], [26.850304, -80.1245]], "green": [[26.850424, -80.124561], [26.850426, -80.12458], [26.850418, -80.124599], [26.850405, -80.124614], [26.850393, -80.124622], [26.850264, -80.124632], [26.850208, -80.124608], [26.850192, -80.124584], [26.850189, -80.124545], [26.850206, -80.124449], [26.850204, -80.124419], [26.850215, -80.124387], [26.850234, -80.12437], [26.850287, -80.124354], [26.850309, -80.124358], [26.850324, -80.124367], [26.850342, -80.124389], [26.850424, -80.124561]]}, "2": {"path": [[26.849875, -80.124585], [26.848383, -80.125373]], "green": [[26.84854, -80.125342], [26.848541, -80.125389], [26.848506, -80.125522], [26.848499, -80.12553], [26.848481, -80.125544], [26.848446, -80.125558], [26.848428, -80.125558], [26.848411, -80.125555], [26.848398, -80.12555], [26.848373, -80.125532], [26.84832, -80.125465], [26.848307, -80.125453], [26.848259, -80.125424], [26.848251, -80.125416], [26.848243, -80.125404], [26.848239, -80.125388], [26.848238, -80.12537], [26.848242, -80.125354], [26.848251, -80.125337], [26.848284, -80.125298], [26.848346, -80.125187], [26.848358, -80.125177], [26.848371, -80.125171], [26.848402, -80.125168], [26.848428, -80.125174], [26.848453, -80.125186], [26.848467, -80.125196], [26.848486, -80.125219], [26.84854, -80.125342]]}, "3": {"path": [[26.8477, -80.123807], [26.845607, -80.124954], [26.844375, -80.12484]], "green": [[26.844563, -80.124877], [26.844464, -80.124987], [26.844434, -80.125007], [26.84438, -80.125005], [26.844331, -80.124983], [26.844299, -80.124943], [26.844261, -80.124868], [26.84423, -80.124837], [26.844221, -80.12482], [26.844218, -80.124792], [26.844225, -80.124767], [26.844237, -80.124751], [26.844261, -80.124732], [26.844279, -80.124732], [26.844294, -80.12474], [26.844305, -80.124754], [26.844349, -80.124771], [26.844405, -80.124778], [26.844436, -80.124795], [26.844538, -80.124813], [26.844561, -80.124828], [26.844568, -80.124842], [26.844569, -80.124859], [26.844563, -80.124877]]}, "4": {"path": [[26.843833, -80.125462], [26.841421, -80.124778], [26.840047, -80.12249]], "green": [[26.840202, -80.12256], [26.84019, -80.122517], [26.840103, -80.122426], [26.840095, -80.122423], [26.840087, -80.122422], [26.840077, -80.122423], [26.840048, -80.122433], [26.840036, -80.122432], [26.840019, -80.122425], [26.84001, -80.122418], [26.839987, -80.122388], [26.839967, -80.122377], [26.839954, -80.122374], [26.83993, -80.122377], [26.83992, -80.122383], [26.839911, -80.122392], [26.839899, -80.122417], [26.839897, -80.122433], [26.8399, -80.122448], [26.839914, -80.122472], [26.839943, -80.122485], [26.83996, -80.122488], [26.839968, -80.122491], [26.840147, -80.122668], [26.840161, -80.122674], [26.840169, -80.122673], [26.840177, -80.122671], [26.84019, -80.122661], [26.840195, -80.122656], [26.840204, -80.122633], [26.840202, -80.12256]]}, "5": {"path": [[26.83964, -80.122451], [26.840295, -80.125359], [26.840898, -80.12566]], "green": [[26.841005, -80.125653], [26.841002, -80.125616], [26.841007, -80.125589], [26.841003, -80.125566], [26.840998, -80.125556], [26.840989, -80.125546], [26.84096, -80.125525], [26.840948, -80.125521], [26.840936, -80.12552], [26.840912, -80.125529], [26.840904, -80.125539], [26.840877, -80.125607], [26.840871, -80.125615], [26.840846, -80.125639], [26.840767, -80.125687], [26.840761, -80.125695], [26.840758, -80.125704], [26.840757, -80.125713], [26.840763, -80.125733], [26.840781, -80.125768], [26.840788, -80.125775], [26.840836, -80.125803], [26.840874, -80.125814], [26.840904, -80.125812], [26.840919, -80.125807], [26.840982, -80.125754], [26.840989, -80.125742], [26.841005, -80.125653]]}, "6": {"path": [[26.840874, -80.126353], [26.842167, -80.125898]], "green": [[26.842272, -80.125893], [26.842269, -80.125863], [26.842233, -80.12574], [26.84221, -80.125716], [26.842192, -80.125704], [26.842175, -80.125699], [26.842158, -80.125701], [26.842138, -80.125712], [26.842121, -80.125727], [26.842112, -80.12574], [26.842106, -80.125759], [26.842108, -80.125797], [26.842144, -80.125883], [26.842146, -80.125897], [26.84214, -80.125933], [26.842093, -80.126032], [26.84209, -80.12605], [26.842094, -80.126064], [26.842104, -80.126077], [26.842119, -80.126088], [26.842136, -80.126094], [26.842154, -80.126093], [26.842191, -80.126082], [26.842222, -80.126062], [26.842246, -80.12602], [26.842269, -80.125928], [26.842272, -80.125893]]}, "7": {"path": [[26.844227, -80.125751], [26.8465, -80.126421], [26.847329, -80.125697]], "green": [[26.847482, -80.12572], [26.847483, -80.12571], [26.84748, -80.125694], [26.84747, -80.125667], [26.847463, -80.125655], [26.847368, -80.12559], [26.847354, -80.125588], [26.847336, -80.125591], [26.847277, -80.125644], [26.847265, -80.125647], [26.847233, -80.125646], [26.847218, -80.125651], [26.84719, -80.125675], [26.847177, -80.125695], [26.847176, -80.125705], [26.84718, -80.125721], [26.847188, -80.125738], [26.847195, -80.125743], [26.847206, -80.125747], [26.847257, -80.125743], [26.847272, -80.125745], [26.847306, -80.12576], [26.847431, -80.125771], [26.847454, -80.125764], [26.847471, -80.125751], [26.847479, -80.125736], [26.847482, -80.12572]]}, "8": {"path": [[26.847134, -80.126651], [26.849298, -80.126048], [26.850113, -80.125394]], "green": [[26.850266, -80.125418], [26.850268, -80.125384], [26.850261, -80.12536], [26.850223, -80.125299], [26.850192, -80.125271], [26.850171, -80.125261], [26.850097, -80.125247], [26.850064, -80.125249], [26.850041, -80.125255], [26.850005, -80.125274], [26.84999, -80.12529], [26.849978, -80.12531], [26.849972, -80.125334], [26.849967, -80.125438], [26.849971, -80.125479], [26.849982, -80.125495], [26.849997, -80.125504], [26.85001, -80.125507], [26.850026, -80.125506], [26.85004, -80.125495], [26.850068, -80.125464], [26.850109, -80.125434], [26.850133, -80.125432], [26.850155, -80.125436], [26.850195, -80.125455], [26.850215, -80.125459], [26.850232, -80.125458], [26.850246, -80.125451], [26.85026, -80.125436], [26.850266, -80.125418]]}, "9": {"path": [[26.854721, -80.126689], [26.853161, -80.124283], [26.852038, -80.122523]], "green": [[26.85214, -80.122563], [26.852116, -80.122524], [26.852074, -80.122393], [26.852058, -80.122372], [26.85204, -80.122356], [26.85203, -80.122349], [26.852017, -80.122348], [26.852005, -80.122349], [26.851993, -80.122353], [26.851983, -80.122359], [26.851968, -80.122378], [26.851957, -80.1224], [26.85192, -80.122556], [26.85192, -80.122602], [26.851927, -80.122635], [26.851975, -80.12273], [26.851985, -80.122735], [26.851998, -80.122736], [26.852012, -80.122733], [26.852133, -80.122632], [26.852138, -80.122624], [26.852142, -80.122613], [26.852144, -80.122586], [26.852144, -80.122575], [26.85214, -80.122563]]}, "10": {"path": [[26.854404, -80.119215], [26.856564, -80.11755], [26.857416, -80.116645]], "green": [[26.85756, -80.116695], [26.857552, -80.116712], [26.857454, -80.116793], [26.857444, -80.116797], [26.857416, -80.116797], [26.857303, -80.116745], [26.85728, -80.116728], [26.857264, -80.116703], [26.857258, -80.116686], [26.857256, -80.116668], [26.857261, -80.116649], [26.857279, -80.116616], [26.857296, -80.116601], [26.857362, -80.116581], [26.857377, -80.116573], [26.85742, -80.116528], [26.857441, -80.116514], [26.85749, -80.116512], [26.85751, -80.116518], [26.857524, -80.11653], [26.857546, -80.116569], [26.857563, -80.116619], [26.857567, -80.116656], [26.85756, -80.116695]]}, "12": {"path": [[26.859942, -80.117859], [26.857053, -80.118536], [26.856233, -80.119088], [26.85523, -80.119631]],