{"holes": {"1": {"path": [[29.193906, -81.112252], [29.195642, -81.113502], [29.196426, -81.114492]], "green": [[29.196555, -81.11452], [29.19654, -81.114484], [29.196517, -81.114454], [29.196485, -81.114424], [29.196454, -81.114411], [29.196442, -81.114405], [29.196399, -81.114391], [29.196363, -81.114391], [29.196332, -81.1144], [29.196317, -81.114416], [29.196312, -81.114423], [29.196304, -81.114436], [29.196302, -81.114456], [29.196308, -81.114488], [29.196321, -81.114517], [29.196352, -81.11454], [29.196383, -81.114556], [29.196394, -81.114561], [29.196424, -81.114576], [29.196467, -81.114598], [29.196499, -81.114604], [29.196525, -81.114598], [29.196541, -81.114584], [29.196554, -81.114558], [29.196555, -81.11452]]}, "2": {"path": [[29.197739, -81.114862], [29.199739, -81.115982], [29.201055, -81.11684]], "green": [[29.200985, -81.116761], [29.201035, -81.116748], [29.201086, -81.116752], [29.201122, -81.116764], [29.201149, -81.116789], [29.201168, -81.116836], [29.201165, -81.116874], [29.201143, -81.116917], [29.201108, -81.116946], [29.201067, -81.116958], [29.201026, -81.116945], [29.200982, -81.116907], [29.200955, -81.116865], [29.200946, -81.116841], [29.200957, -81.116779], [29.200985, -81.116761]]}, "3": {"path": [[29.200605, -81.115704], [29.202201, -81.11546]], "green": [[29.202265, -81.115504], [29.202279, -81.115482], [29.202288, -81.115458], [29.202291, -81.115432], [29.202286, -81.115413], [29.202281, -81.115399], [29.202263, -81.11537], [29.202223, -81.115361], [29.202181, -81.115362], [29.202137, -81.115378], [29.202098, -81.115408], [29.202079, -81.115434], [29.202071, -81.115467], [29.202079, -81.115502], [29.202103, -81.115531], [29.202159, -81.115553], [29.202197, -81.115557], [29.202223, -81.11555], [29.202248, -81.115528], [29.202265, -81.115504]]}, "4": {"path": [[29.202047, -81.113247], [29.203911, -81.112742], [29.20496, -81.112964]], "green": [[29.204971, -81.113037], [29.204991, -81.113027], [29.205009, -81.113015], [29.20504, -81.112988], [29.205059, -81.112955], [29.205066, -81.112925], [29.205056, -81.112885], [29.205033, -81.112861], [29.204998, -81.112856], [29.204959, -81.112862], [29.204915, -81.112891], [29.204884, -81.112912], [29.204858, -81.112948], [29.204849, -81.112981], [29.204857, -81.113013], [29.204878, -81.113037], [29.204902, -81.113045], [29.204936, -81.113048], [29.204971, -81.113037]]}, "5": {"path": [[29.206599, -81.11235], [29.208452, -81.110912], [29.209383, -81.108715]], "green": [[29.209418, -81.108806], [29.209449, -81.108767], [29.209466, -81.108735], [29.209477, -81.108689], [29.209483, -81.10865], [29.20947, -81.108613], [29.209439, -81.108595], [29.209397, -81.108589], [29.209365, -81.108594], [29.209331, -81.108615], [29.209301, -81.108649], [29.209276, -81.108693], [29.209274, -81.108745], [29.209285, -81.108802], [29.209315, -81.108841], [29.209349, -81.108848], [29.20938, -81.108834], [29.209418, -81.108806]]}, "6": {"path": [[29.208185, -81.109076], [29.207402, -81.110281]], "green": [[29.207482, -81.110288], [29.207486, -81.110322], [29.207474, -81.110382], [29.207437, -81.110414], [29.2074, -81.110423], [29.207359, -81.110409], [29.207323, -81.110369], [29.20731, -81.1103], [29.207306, -81.110238], [29.20732, -81.11018], [29.207347, -81.110157], [29.207381, -81.110144], [29.207408, -81.110156], [29.207442, -81.110187], [29.207469, -81.110246], [29.207482, -81.110288]]}, "7": {"path": [[29.206659, -81.111172], [29.204441, -81.111175], [29.203071, -81.11079]], "green": [[29.2032, -81.110762], [29.203182, -81.110733], [29.20314, -81.1107], [29.203099, -81.110683], [29.203056, -81.110677], [29.203, -81.110688], [29.202949, -81.110708], [29.20292, -81.110741], [29.202908, -81.11078], [29.202908, -81.110814], [29.202945, -81.110875], [29.202999, -81.110901], [29.203065, -81.110916], [29.203126, -81.110917], [29.20317, -81.110895], [29.203206, -81.110859], [29.203214, -81.110811], [29.2032, -81.110762]]}, "8": {"path": [[29.201087, -81.111326], [29.198056, -81.110274]], "green": [[29.198063, -81.110156], [29.198097, -81.110165], [29.198128, -81.110187], [29.19815, -81.110219], [29.198162, -81.110257], [29.198163, -81.110298], [29.198152, -81.110337], [29.198131, -81.11037], [29.198102, -81.110393], [29.198068, -81.110403], [29.198032, -81.110401], [29.197999, -81.110386], [29.197972, -81.110359], [29.197955, -81.110323], [29.197948, -81.110283], [29.197953, -81.110242], [29.197969, -81.110206], [29.197995, -81.110178], [29.198027, -81.110161], [29.198063, -81.110156]]}, "9": {"path": [[29.198327, -81.111861], [29.196072, -81.111359], [29.193714, -81.111448]], "green": [[29.193772, -81.111524], [29.193731, -81.111537], [29.193687, -81.111544], [29.193649, -81.111531], [29.193602, -81.111505], [29.193583, -81.111464], [29.193582, -81.11141], [29.19361, -81.111355], [29.193652, -81.111324], [29.193711, -81.111322], [29.193761, -81.11134], [29.193797, -81.111373], [29.193817, -81.111408], [29.193823, -81.111441], [29.193806, -81.111491], [29.193787, -81.111517], [29.193772, -81.111524]]}, "10": {"path": [[29.193163, -81.110471], [29.194947, -81.110365], [29.19591, -81.110063]], "green": [[29.196004, -81.110136], [29.195974, -81.110184], [29.195918, -81.110196], [29.195856, -81.110176], [29.195812, -81.110128], [29.195791, -81.110052], [29.1958, -81.10998], [29.195831, -81.109944], [29.195874, -81.109935], [29.195915, -81.109934], [29.195954, -81.109968], [29.195991, -81.110021], [29.196013, -81.110086], [29.196004, -81.110136]]}, "11": {"path": [[29.196545, -81.109591], [29.198609, -81.109173], [29.199823, -81.109466]], "green": [[29.199845, -81.109393], [29.199886, -81.109418], [29.199918, -81.109462], [29.199929, -81.109497], [29.199924, -81.109533], [29.19991, -81.109559], [29.19988, -81.109576], [29.199844, -81.109573], [29.19981, -81.109543], [29.199767, -81.109503], [29.199723, -81.109473], [29.199706, -81.109451], [29.199701, -81.109404], [29.199726, -81.109385], [29.199766, -81.10937], [29.199805, -81.109382], [29.199845, -81.109393]]}, "12": {"path": [[29.201738, -81.107453], [29.205014, -81.107507]], "green": [[29.205115, -81.107538], [29.205119, -81.107519], [29.205113, -81.107487], [29.205099, -81.107456], [29.205077, -81.107429], [29.205047, -81.107412], [29.205016, -81.107405], [29.204986, -81.107407], [29.204959, -81.107416], [29.204932, -81.107433], [29.204908, -81.10745], [29.204889, -81.107481], [29.204889, -81.107502], [29.2049, -81.107552], [29.204919, -81.107579], [29.204953, -81.107601], [29.204981, -81.107602], [29.205021, -81.107605], [29.205067, -81.107598], [29.205091, -81.10758], [29.205107, -81.10756], [29.205115, -81.107538]]}, "13": {"path": [[29.205704, -81.107464], [29.203754, -81.106116], [29.202367, -81.105596], [29.201361, -81.10541]], "green": [[29.201424, -81.105501], [29.201446, -81.105462], [29.201461, -81.105436], [29.201477, -81.105399], [29.201479, -81.105374], [29.201469, -81.105343], [29.201446, -81.10531], [29.201397, -81.10529], [29.201372, -81.105286], [29.201314, -81.105287], [29.20127, -81.105302], [29.201243, -81.105334], [29.201229, -81.105374], [29.201232, -81.105409], [29.201246, -81.105446], [29.20127, -81.105483], [29.201298, -81.105508], [29.201335, -81.105523], [29.201365, -81.105523], [29.201394, -81.105517], [29.201424, -81.105501]]}, "14": {"path": [[29.200316, -81.104004], [29.198818, -81.103648]], "green": [[29.198917, -81.103679], [29.198918, -81.103648], [29.198902, -81.103607], [29.198867, -81.103562], [29.198825, -81.10353], [29.198782, -81.103518], [29.19875, -81.103528], [29.198726, -81.103546], [29.198707, -81.103575], [29.198694, -81.103615], [29.198701, -81.10367], [29.198733, -81.103709], [29.198769, -81.103737], [29.198811, -81.103763], [29.198842, -81.10376], [29.198881, -81.103747], [29.198897, -81.10373], [29.19891, -81.103704], [29.198917, -81.103679]]}, "15": {"path": [[29.198029, -81.103266], [29.195768, -81.102873], [29.194259, -81.102828]],