{"holes": {"1": {"path": [[30.593937, -81.447491], [30.59599, -81.447939], [30.597298, -81.447986]], "green": [[30.597195, -81.44809], [30.597237, -81.448105], [30.597288, -81.448106], [30.597338, -81.448087], [30.597373, -81.448065], [30.597395, -81.448026], [30.597404, -81.447999], [30.597411, -81.447944], [30.597406, -81.44788], [30.597379, -81.447845], [30.597352, -81.447834], [30.597317, -81.447835], [30.597288, -81.447854], [30.597172, -81.447963], [30.597154, -81.448], [30.597156, -81.448036], [30.597195, -81.44809]]}, "2": {"path": [[30.597277, -81.448639], [30.595878, -81.450209], [30.594879, -81.450007], [30.593488, -81.44898]], "green": [[30.593369, -81.449065], [30.593363, -81.44902], [30.593405, -81.448914], [30.593457, -81.448836], [30.593501, -81.448814], [30.593542, -81.448813], [30.593568, -81.448833], [30.593586, -81.448877], [30.593577, -81.448927], [30.59357, -81.448952], [30.593563, -81.448982], [30.593552, -81.449008], [30.593542, -81.449037], [30.593519, -81.449075], [30.5935, -81.44909], [30.593477, -81.4491], [30.59343, -81.449105], [30.593389, -81.449101], [30.593369, -81.449065]]}, "3": {"path": [[30.593013, -81.449578], [30.594708, -81.450699], [30.595536, -81.450958]], "green": [[30.595442, -81.450986], [30.595474, -81.45101], [30.59553, -81.451018], [30.595585, -81.451045], [30.595637, -81.451056], [30.595668, -81.45103], [30.595673, -81.45099], [30.59565, -81.450959], [30.595589, -81.45092], [30.595568, -81.450898], [30.59554, -81.45087], [30.595481, -81.450856], [30.595447, -81.450861], [30.595426, -81.450896], [30.595419, -81.450947], [30.595442, -81.450986]]}, "4": {"path": [[30.596005, -81.451078], [30.594879, -81.4527], [30.5944, -81.453925]], "green": [[30.594272, -81.453985], [30.59426, -81.453943], [30.594265, -81.453903], [30.594294, -81.453869], [30.594346, -81.453851], [30.594387, -81.453831], [30.594425, -81.453805], [30.594459, -81.453791], [30.594485, -81.453792], [30.594506, -81.453807], [30.594518, -81.453826], [30.594523, -81.453865], [30.594518, -81.453899], [30.594496, -81.453953], [30.594474, -81.454021], [30.594457, -81.454059], [30.594426, -81.454083], [30.594383, -81.454077], [30.594332, -81.454052], [30.594296, -81.454022], [30.594272, -81.453985]]}, "5": {"path": [[30.593902, -81.453851], [30.593756, -81.455286]], "green": [[30.593662, -81.455421], [30.593639, -81.455385], [30.593642, -81.455326], [30.59368, -81.455257], [30.593725, -81.455178], [30.593742, -81.455165], [30.593757, -81.455154], [30.593778, -81.455147], [30.5938, -81.455144], [30.593818, -81.455144], [30.593835, -81.455154], [30.593853, -81.455176], [30.59386, -81.455217], [30.593845, -81.455274], [30.593829, -81.455335], [30.593809, -81.45538], [30.593778, -81.455416], [30.593749, -81.455433], [30.593715, -81.455438], [30.593688, -81.455433], [30.593662, -81.455421]]}, "7": {"path": [[30.592359, -81.453041], [30.590516, -81.452794], [30.58932, -81.452201]], "green": [[30.589448, -81.452125], [30.589411, -81.452093], [30.589374, -81.452077], [30.58929, -81.452069], [30.589245, -81.452071], [30.589215, -81.45209], [30.589194, -81.452114], [30.589175, -81.45215], [30.589165, -81.452191], [30.589164, -81.452234], [30.589167, -81.452272], [30.589175, -81.452301], [30.589203, -81.452317], [30.589239, -81.452325], [30.589289, -81.452316], [30.589337, -81.452301], [30.589374, -81.452285], [30.589402, -81.452264], [30.589413, -81.45226], [30.589435, -81.45225], [30.589454, -81.452234], [30.589464, -81.452215], [30.589467, -81.452196], [30.589464, -81.452159], [30.589448, -81.452125]]}, "8": {"path": [[30.588537, -81.452069], [30.590258, -81.451294], [30.591643, -81.449618]], "green": [[30.591515, -81.449746], [30.591501, -81.449728], [30.591494, -81.449708], [30.591516, -81.449639], [30.591614, -81.449557], [30.591649, -81.449505], [30.591681, -81.449467], [30.591725, -81.449453], [30.591759, -81.44947], [30.591783, -81.449498], [30.591778, -81.449544], [30.591762, -81.449593], [30.591736, -81.449641], [30.5917, -81.449675], [30.591666, -81.449699], [30.591612, -81.449722], [30.591568, -81.449742], [30.591515, -81.449746]]}, "9": {"path": [[30.591807, -81.448066], [30.593024, -81.446731]], "green": [[30.592989, -81.44683], [30.593045, -81.446828], [30.593101, -81.446816], [30.593134, -81.446792], [30.59315, -81.44674], [30.593131, -81.446686], [30.59311, -81.446659], [30.593084, -81.446643], [30.593037, -81.446629], [30.592985, -81.446624], [30.592939, -81.446638], [30.592912, -81.446665], [30.592907, -81.446718], [30.592922, -81.446782], [30.592944, -81.44682], [30.592989, -81.44683]]}, "10": {"path": [[30.594585, -81.44626], [30.597841, -81.446656]], "green": [[30.597753, -81.446777], [30.59777, -81.446797], [30.59779, -81.44681], [30.597824, -81.44682], [30.597851, -81.446814], [30.597873, -81.446798], [30.597891, -81.446772], [30.597908, -81.446743], [30.597922, -81.446687], [30.597933, -81.446645], [30.59794, -81.446595], [30.597938, -81.446562], [30.597931, -81.446522], [30.597915, -81.446498], [30.597899, -81.446488], [30.597878, -81.446482], [30.59785, -81.446483], [30.597807, -81.446518], [30.597786, -81.446544], [30.597769, -81.446563], [30.597735, -81.446617], [30.597723, -81.446696], [30.597737, -81.446734], [30.597753, -81.446777]]}, "11": {"path": [[30.598723, -81.447587], [30.601043, -81.447548], [30.602269, -81.447285]], "green": [[30.602159, -81.447316], [30.6022, -81.447356], [30.602247, -81.447401], [30.602284, -81.447421], [30.602311, -81.447417], [30.602332, -81.447402], [30.602349, -81.447384], [30.602367, -81.447359], [30.60238, -81.447284], [30.602378, -81.447206], [30.602361, -81.447169], [30.602344, -81.447147], [30.602282, -81.44713], [30.602213, -81.447148], [30.602176, -81.447181], [30.60215, -81.447219], [30.602146, -81.447267], [30.602159, -81.447316]]}, "14": {"path": [[30.608355, -81.444606], [30.606678, -81.445078], [30.605505, -81.445089]], "green": [[30.605456, -81.445243], [30.605512, -81.445279], [30.60555, -81.445288], [30.605597, -81.445279], [30.605642, -81.445256], [30.605676, -81.445233], [30.60569, -81.44519], [30.605687, -81.44512], [30.605643, -81.445021], [30.605567, -81.444913], [30.605543, -81.444886], [30.605507, -81.444868], [30.605462, -81.444873], [30.605425, -81.444895], [30.605402, -81.44492], [30.605384, -81.444953], [30.60537, -81.445005], [30.605366, -81.445051], [30.605372, -81.4451], [30.605384, -81.44515], [30.60541, -81.4452], [30.605456, -81.445243]]}, "15": {"path": [[30.605657, -81.445572], [30.603393, -81.445766], [30.602019, -81.444802]], "green": [[30.601966, -81.444916], [30.60206, -81.444884], [30.602159, -81.44483], [30.602196, -81.444758], [30.602153, -81.444648], [30.602072, -81.444643], [30.601959, -81.444699], [30.601899, -81.444777], [30.601873, -81.444846], [30.601906, -81.4449], [30.601966, -81.444916]]}, "16": {"path": [[30.601717, -81.444403], [30.600722, -81.445768]], "green": [[30.600746, -81.445945], [30.600792, -81.445921], [30.600809, -81.445869], [30.600809, -81.445802], [30.600789, -81.445751], [30.600786, -81.445701], [30.600792, -81.445638], [30.60078, -81.445596], [30.600752, -81.445567], [30.600707, -81.445575], [30.600662, -81.445616], [30.600625, -81.445662], [30.600608, -81.445728], [30.600607, -81.445795], [30.600631, -81.445864], [30.60066, -81.445907], [30.600697, -81.445933], [30.600746, -81.445945]]}, "17": {"path": [[30.601823, -81.445345], [30.600482, -81.446858], [30.599296, -81.446777]], "green": [[30.599267, -81.446857], [30.599305, -81.4469], [30.59935, -81.446927], [30.599387, -81.446917], [30.599414, -81.446885], [30.599409, -81.446834], [30.59938, -81.446783], [30.599355, -81.446722], [30.59933, -81.446665], [30.599295, -81.446637], [30.599243, -81.446621], [30.599206, -81.446634], [30.599175, -81.446672], [30.599165, -81.446728], [30.599193, -81.446786], [30.599267, -81.446857]]}, "18": {"path": [[30.598577, -81.446188], [30.594997, -81.445709]],