{"holes": {"1": {"path": [[30.462629, -86.619094], [30.461577, -86.618257], [30.460248, -86.617688], [30.458673, -86.617851]], "green": [[30.458764, -86.617888], [30.458746, -86.617918], [30.458725, -86.617944], [30.458717, -86.617947], [30.458697, -86.617959], [30.458672, -86.617963], [30.458644, -86.61796], [30.458619, -86.617953], [30.458596, -86.617941], [30.458577, -86.61792], [30.458566, -86.6179], [30.458561, -86.617877], [30.458562, -86.617851], [30.458566, -86.617824], [30.458589, -86.617784], [30.458605, -86.617761], [30.458623, -86.617743], [30.458651, -86.617736], [30.45868, -86.617735], [30.458704, -86.617737], [30.458727, -86.617743], [30.458742, -86.617757], [30.458757, -86.617775], [30.458767, -86.617798], [30.458771, -86.617824], [30.45877, -86.617856], [30.458764, -86.617888]]}, "2": {"path": [[30.458468, -86.616664], [30.460286, -86.616072], [30.461314, -86.616723]], "green": [[30.461423, -86.616783], [30.461416, -86.616813], [30.461398, -86.616847], [30.461344, -86.616872], [30.461294, -86.616869], [30.461247, -86.616845], [30.461217, -86.616805], [30.461206, -86.616772], [30.461203, -86.616737], [30.461206, -86.616697], [30.461206, -86.616665], [30.461217, -86.616641], [30.46125, -86.616598], [30.461275, -86.616583], [30.461301, -86.616576], [30.461344, -86.616591], [30.461379, -86.616628], [30.461402, -86.616665], [30.461417, -86.616693], [30.461428, -86.616729], [30.461423, -86.616783]]}, "3": {"path": [[30.461872, -86.617016], [30.461584, -86.615509]], "green": [[30.461683, -86.61554], [30.461671, -86.615571], [30.461655, -86.615597], [30.46162, -86.615619], [30.461597, -86.615627], [30.461573, -86.61563], [30.46154, -86.615621], [30.461511, -86.615606], [30.461495, -86.615584], [30.461483, -86.61556], [30.461479, -86.615533], [30.461479, -86.615506], [30.461484, -86.615469], [30.461502, -86.615442], [30.461515, -86.615422], [30.461536, -86.615407], [30.461561, -86.615398], [30.461587, -86.615402], [30.461612, -86.615402], [30.461636, -86.615407], [30.461651, -86.615418], [30.461666, -86.615434], [30.461684, -86.615488], [30.461687, -86.615513], [30.461683, -86.61554]]}, "4": {"path": [[30.461771, -86.614668], [30.458555, -86.615139]], "green": [[30.458665, -86.615179], [30.458651, -86.615202], [30.458635, -86.615225], [30.458617, -86.615242], [30.458596, -86.615257], [30.458575, -86.615268], [30.458547, -86.615276], [30.458521, -86.615277], [30.458496, -86.61527], [30.45847, -86.615258], [30.458445, -86.615239], [30.458436, -86.615205], [30.458433, -86.615189], [30.458434, -86.615171], [30.458438, -86.615131], [30.458444, -86.615112], [30.458452, -86.615096], [30.458471, -86.615066], [30.45848, -86.615053], [30.458494, -86.615045], [30.458515, -86.615029], [30.458538, -86.615018], [30.458563, -86.615011], [30.458589, -86.61501], [30.458612, -86.615011], [30.458635, -86.615017], [30.458653, -86.615034], [30.458667, -86.615053], [30.458675, -86.615082], [30.458679, -86.615112], [30.458673, -86.615147], [30.458665, -86.615179]]}, "5": {"path": [[30.45784, -86.614688], [30.457622, -86.617979], [30.457115, -86.619252]], "green": [[30.457222, -86.619261], [30.457216, -86.619289], [30.457201, -86.619315], [30.457185, -86.619336], [30.457164, -86.619355], [30.45714, -86.619366], [30.457113, -86.619371], [30.457088, -86.619372], [30.457063, -86.619363], [30.457043, -86.619353], [30.457028, -86.619334], [30.457016, -86.619308], [30.457007, -86.619278], [30.457001, -86.619242], [30.457002, -86.61921], [30.457014, -86.619176], [30.457031, -86.619149], [30.457055, -86.619126], [30.457085, -86.619113], [30.457122, -86.619112], [30.457159, -86.619119], [30.457184, -86.619137], [30.4572, -86.619159], [30.457215, -86.619205], [30.457221, -86.619232], [30.457222, -86.619261]]}, "6": {"path": [[30.4567, -86.619372], [30.45686, -86.617645]], "green": [[30.456954, -86.617649], [30.45695, -86.617678], [30.456942, -86.617706], [30.456928, -86.617731], [30.456906, -86.617748], [30.456875, -86.617762], [30.456861, -86.617765], [30.456846, -86.617765], [30.456817, -86.617759], [30.456797, -86.617746], [30.456781, -86.617727], [30.456768, -86.617697], [30.456762, -86.617666], [30.45676, -86.617644], [30.456764, -86.61762], [30.456772, -86.617587], [30.456788, -86.617561], [30.456805, -86.617541], [30.456824, -86.617529], [30.45685, -86.617522], [30.456875, -86.617526], [30.456892, -86.617529], [30.45691, -86.617537], [30.456932, -86.617558], [30.456945, -86.617585], [30.456953, -86.617616], [30.456954, -86.617649]]}, "7": {"path": [[30.456846, -86.616928], [30.456948, -86.615342], [30.457265, -86.613559]], "green": [[30.457377, -86.613597], [30.457347, -86.613642], [30.457301, -86.613688], [30.457259, -86.613701], [30.457213, -86.613693], [30.457162, -86.613666], [30.457134, -86.613613], [30.457125, -86.613532], [30.457141, -86.613471], [30.457178, -86.613433], [30.457224, -86.61342], [30.457289, -86.61342], [30.457347, -86.613438], [30.457379, -86.613484], [30.457389, -86.613543], [30.457377, -86.613597]]}, "8": {"path": [[30.457835, -86.613546], [30.459858, -86.613859], [30.461199, -86.61373]], "green": [[30.461324, -86.613709], [30.461305, -86.61376], [30.461261, -86.613819], [30.461213, -86.613854], [30.461167, -86.613865], [30.461125, -86.613857], [30.461092, -86.613843], [30.461079, -86.613809], [30.461069, -86.613776], [30.461076, -86.613709], [30.461106, -86.613661], [30.461164, -86.613607], [30.461199, -86.61358], [30.461252, -86.61358], [30.461296, -86.613613], [30.461324, -86.613656], [30.461324, -86.613709]]}, "9": {"path": [[30.462077, -86.614207], [30.462419, -86.616174], [30.462638, -86.618223]], "green": [[30.46275, -86.618261], [30.462727, -86.61832], [30.462678, -86.618352], [30.462625, -86.618352], [30.462584, -86.618333], [30.462551, -86.618309], [30.462524, -86.618266], [30.462517, -86.618218], [30.462521, -86.618156], [30.462547, -86.618105], [30.462581, -86.618079], [30.462644, -86.618084], [30.462702, -86.618111], [30.462746, -86.618156], [30.462759, -86.61821], [30.46275, -86.618261]]}, "10": {"path": [[30.463048, -86.618191], [30.46303, -86.615536], [30.462677, -86.614392]], "green": [[30.46278, -86.614393], [30.462771, -86.614455], [30.462753, -86.614495], [30.462732, -86.614514], [30.462683, -86.614525], [30.462632, -86.614514], [30.462598, -86.614482], [30.46257, -86.614436], [30.462556, -86.614374], [30.462565, -86.614318], [30.462591, -86.614267], [30.462637, -86.614248], [30.462685, -86.614254], [30.462732, -86.614275], [30.462769, -86.614334], [30.46278, -86.614393]]}, "11": {"path": [[30.463146, -86.613414], [30.465256, -86.613763], [30.466107, -86.614174]], "green": [[30.466218, -86.614235], [30.466202, -86.614272], [30.466167, -86.61431], [30.466126, -86.614323], [30.466084, -86.614321], [30.466049, -86.614291], [30.466017, -86.614251], [30.465992, -86.614203], [30.465982, -86.614149], [30.465985, -86.61409], [30.46601, -86.614053], [30.466045, -86.614026], [30.466093, -86.61402], [30.46614, -86.614028], [30.466176, -86.614058], [30.466204, -86.614098], [30.46622, -86.614165], [30.466218, -86.614235]]}, "12": {"path": [[30.466275, -86.614836], [30.464886, -86.614427]], "green": [[30.464958, -86.614517], [30.464898, -86.614552], [30.464838, -86.61457], [30.464789, -86.614562], [30.46475, -86.61453], [30.464727, -86.614487], [30.464725, -86.614428], [30.464745, -86.614388], [30.464803, -86.614334], [30.464849, -86.614302], [30.464903, -86.614283], [30.464946, -86.614289], [30.464988, -86.614313], [30.465009, -86.614337], [30.465023, -86.614383], [30.465023, -86.614425], [30.465016, -86.614463], [30.464958, -86.614517]]}, "13": {"path": [[30.463171, -86.613685], [30.463749, -86.617266], [30.463412, -86.618472]],