{"holes": {"2": {"path": [[36.570348, -121.947112], [36.569533, -121.941949]], "green": [[36.569602, -121.942059], [36.569598, -121.942069], [36.569593, -121.942082], [36.569585, -121.942096], [36.569573, -121.942103], [36.569559, -121.942104], [36.569544, -121.942101], [36.569522, -121.942074], [36.569519, -121.942054], [36.569518, -121.942036], [36.569517, -121.942017], [36.569513, -121.941991], [36.569509, -121.941979], [36.569504, -121.941968], [36.569499, -121.941957], [36.569491, -121.941947], [36.569481, -121.941936], [36.569462, -121.941913], [36.569451, -121.941897], [36.569445, -121.94188], [36.569444, -121.941868], [36.569447, -121.941852], [36.569449, -121.941841], [36.569455, -121.941831], [36.569465, -121.941823], [36.569481, -121.941821], [36.5695, -121.941824], [36.569511, -121.941825], [36.569522, -121.941827], [36.56953, -121.941828], [36.569539, -121.941829], [36.569545, -121.94183], [36.56955, -121.941834], [36.569559, -121.941844], [36.56957, -121.941866], [36.569587, -121.941916], [36.569594, -121.941939], [36.569601, -121.94196], [36.569606, -121.941981], [36.569609, -121.942001], [36.569609, -121.942018], [36.569607, -121.942036], [36.569605, -121.94205], [36.569602, -121.942059]]}, "3": {"path": [[36.569184, -121.941252], [36.568356, -121.943758], [36.567486, -121.944526]], "green": [[36.567527, -121.9444], [36.567516, -121.944398], [36.567508, -121.9444], [36.567497, -121.944405], [36.567486, -121.944411], [36.567475, -121.944417], [36.567442, -121.944446], [36.567405, -121.944484], [36.567389, -121.944504], [36.567381, -121.944525], [36.567377, -121.944553], [36.56738, -121.944599], [36.567386, -121.944619], [36.567413, -121.944666], [36.567438, -121.944691], [36.567462, -121.944699], [36.567473, -121.944699], [36.567482, -121.944696], [36.567496, -121.944686], [36.567503, -121.944679], [36.567506, -121.944665], [36.567507, -121.944642], [36.567504, -121.944603], [36.567507, -121.944566], [36.567518, -121.944534], [36.567532, -121.944504], [36.56754, -121.944485], [36.567545, -121.944474], [36.567551, -121.94446], [36.567555, -121.944442], [36.567551, -121.944427], [36.567546, -121.944418], [36.567541, -121.944411], [36.567534, -121.944405], [36.567527, -121.9444]]}, "4": {"path": [[36.5674, -121.943992], [36.566187, -121.940864]], "green": [[36.566254, -121.94095], [36.566248, -121.940966], [36.566238, -121.940974], [36.566229, -121.940976], [36.566219, -121.940973], [36.566192, -121.940961], [36.566176, -121.940947], [36.566164, -121.940933], [36.566146, -121.940909], [36.566128, -121.940881], [36.566108, -121.940842], [36.566105, -121.940825], [36.566104, -121.940806], [36.56611, -121.940793], [36.56612, -121.940782], [36.566132, -121.940776], [36.566145, -121.940774], [36.566154, -121.940774], [36.566164, -121.940775], [36.566176, -121.940779], [36.566189, -121.940787], [36.566202, -121.940796], [36.566214, -121.940808], [36.566222, -121.940816], [36.56623, -121.940827], [36.56624, -121.940845], [36.566248, -121.940873], [36.566253, -121.940899], [36.566255, -121.940929], [36.566254, -121.94095]]}, "5": {"path": [[36.566303, -121.940609], [36.565047, -121.939345]], "green": [[36.565158, -121.9394], [36.565168, -121.939387], [36.565173, -121.93937], [36.56517, -121.939351], [36.56516, -121.939331], [36.565142, -121.939314], [36.565119, -121.939299], [36.565099, -121.93929], [36.565075, -121.939284], [36.56504, -121.939277], [36.565016, -121.939274], [36.564989, -121.939267], [36.564964, -121.939264], [36.564947, -121.939264], [36.564932, -121.939269], [36.564923, -121.939281], [36.56492, -121.939297], [36.564924, -121.939317], [36.564935, -121.939339], [36.564947, -121.939365], [36.564962, -121.939388], [36.564977, -121.939403], [36.564996, -121.939415], [36.565014, -121.939418], [36.565033, -121.939413], [36.565055, -121.939403], [36.565081, -121.939402], [36.565104, -121.939404], [36.565132, -121.939408], [36.565148, -121.939407], [36.565158, -121.9394]]}, "6": {"path": [[36.56607, -121.937879], [36.56216, -121.940025]], "green": [[36.562216, -121.939928], [36.562198, -121.939929], [36.562188, -121.93993], [36.562181, -121.939932], [36.562172, -121.93994], [36.562163, -121.939948], [36.562155, -121.939958], [36.562147, -121.939967], [36.562139, -121.939975], [36.562133, -121.93998], [36.562128, -121.939984], [36.562119, -121.93999], [36.562109, -121.939994], [36.5621, -121.939997], [36.56209, -121.940001], [36.562085, -121.940002], [36.562078, -121.940003], [36.562069, -121.940007], [36.562063, -121.940012], [36.562056, -121.94002], [36.562053, -121.94004], [36.562055, -121.940073], [36.562061, -121.940097], [36.562073, -121.940132], [36.562083, -121.940152], [36.562101, -121.940166], [36.562119, -121.940171], [36.562134, -121.94017], [36.562153, -121.940165], [36.56217, -121.940156], [36.562179, -121.940146], [36.562188, -121.940133], [36.562198, -121.940111], [36.562203, -121.9401], [36.562221, -121.940073], [36.562236, -121.940052], [36.562255, -121.940036], [36.562266, -121.940025], [36.562275, -121.940006], [36.562276, -121.939983], [36.562268, -121.939962], [36.562261, -121.939952], [36.562253, -121.939943], [36.562241, -121.939935], [36.562229, -121.939931], [36.562216, -121.939928]]}, "7": {"path": [[36.562227, -121.940502], [36.561345, -121.940382]], "green": [[36.561437, -121.9404], [36.56143, -121.940412], [36.561414, -121.94042], [36.5614, -121.940422], [36.561383, -121.940426], [36.561363, -121.940435], [36.561347, -121.940446], [36.561332, -121.940455], [36.561316, -121.940461], [36.561304, -121.940459], [36.561294, -121.940456], [36.561283, -121.940447], [36.561271, -121.940436], [36.561261, -121.94042], [36.561255, -121.940403], [36.561256, -121.940388], [36.561261, -121.940371], [36.561267, -121.940354], [36.561274, -121.940335], [36.561282, -121.940314], [36.561289, -121.9403], [36.5613, -121.940291], [36.561319, -121.940292], [36.561337, -121.940301], [36.561352, -121.940313], [36.561369, -121.940322], [36.561394, -121.940329], [36.561415, -121.940333], [36.561429, -121.940341], [36.561438, -121.940357], [36.561439, -121.940369], [36.56144, -121.940386], [36.561437, -121.9404]]}, "8": {"path": [[36.56129, -121.940178], [36.562474, -121.938461], [36.563057, -121.936539]], "green": [[36.563048, -121.936657], [36.563062, -121.936659], [36.563078, -121.936657], [36.563094, -121.936644], [36.563111, -121.936625], [36.563123, -121.936606], [36.563135, -121.93658], [36.563142, -121.936554], [36.563147, -121.93653], [36.563143, -121.936507], [36.563137, -121.93649], [36.563126, -121.936478], [36.563106, -121.936469], [36.563084, -121.936455], [36.563065, -121.936438], [36.563045, -121.936424], [36.563027, -121.936414], [36.563015, -121.936412], [36.562998, -121.936413], [36.562988, -121.936423], [36.562985, -121.936444], [36.562989, -121.936466], [36.562999, -121.936486], [36.563012, -121.936502], [36.563022, -121.93652], [36.563026, -121.93654], [36.563026, -121.936559], [36.563023, -121.93658], [36.56302, -121.936599], [36.563021, -121.936615], [36.563022, -121.936626], [36.563032, -121.936644], [36.563039, -121.936653], [36.563048, -121.936657]]}, "9": {"path": [[36.563524, -121.936817], [36.561858, -121.93425], [36.560516, -121.933036]],