{"holes": {"1": {"path": [[41.409496, -71.470568], [41.407973, -71.466552]], "green": [[41.408046, -71.466665], [41.408033, -71.466694], [41.408012, -71.466715], [41.407992, -71.466728], [41.407967, -71.466732], [41.407945, -71.466729], [41.40792, -71.466718], [41.407907, -71.4667], [41.407884, -71.46664], [41.40786, -71.466571], [41.407846, -71.466518], [41.407846, -71.466465], [41.407857, -71.46642], [41.407882, -71.466375], [41.40791, -71.466348], [41.407947, -71.466334], [41.407983, -71.466335], [41.408007, -71.466352], [41.40803, -71.466382], [41.408046, -71.466438], [41.408057, -71.466486], [41.408059, -71.466532], [41.408055, -71.466555], [41.40805, -71.466579], [41.408046, -71.466604], [41.408048, -71.466635], [41.408046, -71.466665]]}, "2": {"path": [[41.40799, -71.465983], [41.41009, -71.468908]], "green": [[41.410173, -71.468968], [41.41016, -71.468982], [41.410131, -71.469003], [41.410099, -71.469019], [41.410088, -71.469021], [41.410079, -71.469014], [41.410057, -71.468991], [41.410044, -71.468973], [41.410026, -71.468942], [41.410006, -71.468909], [41.409985, -71.468872], [41.40998, -71.468858], [41.409981, -71.468848], [41.409988, -71.468836], [41.410039, -71.4688], [41.41006, -71.468792], [41.410075, -71.46879], [41.410085, -71.468796], [41.410097, -71.468812], [41.410118, -71.468839], [41.410137, -71.468868], [41.410147, -71.468882], [41.410167, -71.468911], [41.410174, -71.468923], [41.410181, -71.468939], [41.41018, -71.468954], [41.410173, -71.468968]]}, "3": {"path": [[41.410454, -71.468419], [41.409015, -71.466274], [41.408449, -71.463478]], "green": [[41.408548, -71.463557], [41.408544, -71.463597], [41.408527, -71.463626], [41.408502, -71.463641], [41.408479, -71.463644], [41.408448, -71.463634], [41.408433, -71.463612], [41.408422, -71.463584], [41.408409, -71.463551], [41.408394, -71.463527], [41.40838, -71.463509], [41.408364, -71.463495], [41.408341, -71.463467], [41.408335, -71.463451], [41.408332, -71.46343], [41.408337, -71.463402], [41.408341, -71.463385], [41.40836, -71.463359], [41.408373, -71.463345], [41.408407, -71.463328], [41.408454, -71.463322], [41.40848, -71.463326], [41.4085, -71.463339], [41.408511, -71.463355], [41.408514, -71.463384], [41.408517, -71.463413], [41.408521, -71.463451], [41.408528, -71.463474], [41.408536, -71.463514], [41.408544, -71.463534], [41.408548, -71.463557]]}, "4": {"path": [[41.407844, -71.462508], [41.408169, -71.465354], [41.408507, -71.465958]], "green": [[41.408609, -71.465989], [41.408594, -71.465956], [41.408571, -71.465936], [41.40856, -71.465926], [41.408538, -71.465903], [41.408526, -71.465888], [41.408514, -71.465872], [41.408498, -71.465858], [41.408483, -71.465849], [41.408475, -71.465847], [41.408458, -71.465854], [41.40844, -71.465865], [41.408415, -71.465887], [41.408392, -71.465905], [41.408385, -71.465919], [41.408386, -71.465936], [41.408404, -71.465954], [41.408431, -71.465987], [41.408456, -71.466012], [41.408464, -71.466025], [41.408476, -71.466042], [41.40849, -71.466052], [41.408507, -71.466062], [41.408528, -71.466065], [41.408573, -71.466056], [41.408595, -71.466045], [41.408604, -71.466034], [41.408609, -71.46602], [41.408612, -71.466008], [41.408609, -71.465989]]}, "5": {"path": [[41.407781, -71.466085], [41.406748, -71.461758]], "green": [[41.406819, -71.461826], [41.406813, -71.461843], [41.406805, -71.461853], [41.406792, -71.461866], [41.406772, -71.461875], [41.406756, -71.461878], [41.406741, -71.461879], [41.40673, -71.461876], [41.406717, -71.46186], [41.406693, -71.461827], [41.406669, -71.461781], [41.406656, -71.461754], [41.406651, -71.461716], [41.406652, -71.46169], [41.40666, -71.461674], [41.406682, -71.461658], [41.406706, -71.461643], [41.406731, -71.461631], [41.40675, -71.461625], [41.406776, -71.461625], [41.406798, -71.46163], [41.406806, -71.461648], [41.406817, -71.461691], [41.40682, -71.46173], [41.406818, -71.461792], [41.406819, -71.461826]]}, "6": {"path": [[41.40631, -71.461354], [41.40675, -71.464412], [41.40697, -71.465083]], "green": [[41.407045, -71.465181], [41.407036, -71.465213], [41.407011, -71.465238], [41.406978, -71.465244], [41.406945, -71.465234], [41.406919, -71.465205], [41.406901, -71.465162], [41.406894, -71.465118], [41.406886, -71.465078], [41.406879, -71.465053], [41.406875, -71.465016], [41.406881, -71.46498], [41.406896, -71.464957], [41.406927, -71.464939], [41.406951, -71.464935], [41.406976, -71.464935], [41.407004, -71.464947], [41.407015, -71.464961], [41.407028, -71.465004], [41.407043, -71.465062], [41.407049, -71.46509], [41.407051, -71.465113], [41.40705, -71.46515], [41.407045, -71.465181]]}, "7": {"path": [[41.406569, -71.465979], [41.405777, -71.462873], [41.405957, -71.461814]], "green": [[41.406038, -71.461854], [41.40602, -71.46188], [41.405999, -71.461904], [41.405975, -71.461928], [41.405952, -71.461948], [41.405927, -71.461956], [41.405907, -71.46196], [41.405889, -71.461956], [41.405868, -71.461945], [41.405842, -71.461916], [41.405827, -71.46188], [41.405827, -71.461799], [41.405839, -71.461721], [41.405871, -71.461664], [41.405907, -71.46164], [41.40595, -71.46163], [41.405992, -71.461637], [41.40602, -71.461656], [41.406046, -71.461691], [41.406059, -71.461729], [41.406064, -71.461769], [41.406061, -71.461799], [41.406052, -71.461829], [41.406038, -71.461854]]}, "8": {"path": [[41.405402, -71.461753], [41.405559, -71.465287], [41.405786, -71.46629]], "green": [[41.40586, -71.466362], [41.405856, -71.466376], [41.40585, -71.466392], [41.405844, -71.466403], [41.405833, -71.466416], [41.405823, -71.466425], [41.405806, -71.466435], [41.405787, -71.466441], [41.405766, -71.466439], [41.405753, -71.466435], [41.40574, -71.466429], [41.405729, -71.466418], [41.405721, -71.466407], [41.405712, -71.46639], [41.405699, -71.466341], [41.405689, -71.466277], [41.405685, -71.466237], [41.405687, -71.466219], [41.405695, -71.466197], [41.405702, -71.466187], [41.405718, -71.466171], [41.405729, -71.466159], [41.405741, -71.466151], [41.405755, -71.466146], [41.405775, -71.466142], [41.40579, -71.466144], [41.405808, -71.466149], [41.405819, -71.466154], [41.405832, -71.466163], [41.405844, -71.46618], [41.405851, -71.466194], [41.405858, -71.466209], [41.405865, -71.466245], [41.405869, -71.466285], [41.405869, -71.466321], [41.405864, -71.466342], [41.40586, -71.466362]]}, "9": {"path": [[41.405668, -71.466817], [41.406705, -71.466396]], "green": [[41.406777, -71.466425], [41.406751, -71.466451], [41.406714, -71.466467], [41.406685, -71.466471], [41.406663, -71.466463], [41.406645, -71.46645], [41.406632, -71.466439], [41.406626, -71.466421], [41.406624, -71.466403], [41.406627, -71.466386], [41.406642, -71.466368], [41.406656, -71.466355], [41.40668, -71.466334], [41.406702, -71.466323], [41.40673, -71.46632], [41.406751, -71.466322], [41.406769, -71.466336], [41.406782, -71.466357], [41.406787, -71.466386], [41.406785, -71.466408], [41.406777, -71.466425]]}, "10": {"path": [[41.40681, -71.465629], [41.408227, -71.46909], [41.40859, -71.470189]], "green": [[41.408664, -71.470271], [41.40865, -71.470308], [41.40863, -71.470333], [41.408603, -71.47034], [41.408578, -71.470337], [41.408552, -71.470323], [41.40854, -71.470309], [41.408529, -71.470286], [41.40852, -71.470257], [41.40851, -71.470218], [41.4085, -71.470106], [41.408505, -71.470075], [41.408521, -71.470048], [41.408537, -71.470035], [41.408552, -71.470032], [41.408581, -71.470032], [41.408603, -71.470041], [41.408627, -71.470064], [41.408644, -71.470095], [41.408654, -71.470134], [41.408663, -71.470174], [41.40867, -71.470211], [41.40867, -71.470244], [41.408664, -71.470271]]}, "11": {"path": [[41.409371, -71.470623], [41.40773, -71.470866]],