{"holes": {"1": {"path": [[46.8008, -67.789087], [46.802547, -67.789326], [46.803872, -67.789203]], "green": [[46.803975, -67.789284], [46.803947, -67.789326], [46.80392, -67.789353], [46.803897, -67.789366], [46.803871, -67.789362], [46.803832, -67.789357], [46.803795, -67.789334], [46.803766, -67.78932], [46.803737, -67.789301], [46.803704, -67.789253], [46.803708, -67.789214], [46.803725, -67.789184], [46.80375, -67.789163], [46.803778, -67.789144], [46.803798, -67.789132], [46.803821, -67.789106], [46.803842, -67.789087], [46.803867, -67.789071], [46.803891, -67.789049], [46.803914, -67.789036], [46.803946, -67.789049], [46.803967, -67.789072], [46.803985, -67.789101], [46.803996, -67.789135], [46.804003, -67.789166], [46.804008, -67.789196], [46.803995, -67.789246], [46.803975, -67.789284]]}, "2": {"path": [[46.804283, -67.789486], [46.805891, -67.788806], [46.80683, -67.788096]], "green": [[46.806911, -67.788228], [46.806897, -67.788241], [46.806873, -67.788244], [46.806854, -67.788237], [46.806828, -67.78823], [46.806799, -67.78822], [46.806771, -67.788213], [46.806746, -67.788205], [46.806718, -67.788189], [46.806693, -67.788161], [46.80669, -67.788144], [46.80669, -67.788106], [46.806704, -67.788071], [46.806722, -67.78804], [46.806739, -67.788006], [46.806757, -67.787965], [46.806775, -67.787941], [46.806794, -67.787925], [46.806812, -67.787915], [46.806844, -67.787921], [46.806866, -67.787935], [46.806884, -67.787957], [46.806904, -67.787976], [46.806919, -67.788001], [46.806931, -67.788028], [46.806939, -67.788059], [46.806946, -67.788098], [46.806945, -67.78813], [46.806936, -67.788169], [46.806924, -67.788206], [46.806911, -67.788228]]}, "3": {"path": [[46.806424, -67.786642], [46.805723, -67.784124], [46.805794, -67.781054]], "green": [[46.805884, -67.781245], [46.805867, -67.781262], [46.805849, -67.781272], [46.805829, -67.781262], [46.805805, -67.781238], [46.805788, -67.781206], [46.805772, -67.781177], [46.805755, -67.781147], [46.805739, -67.781122], [46.805723, -67.781099], [46.80571, -67.78107], [46.805696, -67.781048], [46.805684, -67.781024], [46.805673, -67.780985], [46.805671, -67.780943], [46.805671, -67.780917], [46.805683, -67.780889], [46.805697, -67.78087], [46.805711, -67.780857], [46.805738, -67.780848], [46.80576, -67.780855], [46.805777, -67.780864], [46.805794, -67.780882], [46.80581, -67.780902], [46.805824, -67.780924], [46.80584, -67.780947], [46.805858, -67.780977], [46.805875, -67.781006], [46.805892, -67.781045], [46.805904, -67.781078], [46.805906, -67.781116], [46.805906, -67.781155], [46.805903, -67.781189], [46.805895, -67.781218], [46.805884, -67.781245]]}, "4": {"path": [[46.808398, -67.780851], [46.807278, -67.781717]], "green": [[46.805283, -67.779804], [46.805277, -67.779833], [46.805266, -67.779861], [46.805255, -67.779881], [46.805245, -67.779897], [46.805228, -67.779906], [46.805219, -67.779906], [46.805191, -67.779904], [46.80518, -67.779889], [46.805155, -67.779831], [46.805147, -67.779795], [46.805142, -67.779761], [46.805135, -67.779724], [46.805136, -67.779685], [46.805142, -67.779653], [46.805141, -67.779607], [46.805151, -67.779586], [46.805172, -67.779552], [46.805188, -67.779539], [46.805216, -67.779527], [46.805245, -67.779533], [46.805265, -67.779542], [46.805278, -67.779564], [46.805289, -67.779586], [46.805299, -67.779606], [46.805303, -67.779635], [46.805303, -67.779659], [46.8053, -67.779695], [46.805295, -67.779735], [46.805292, -67.779771], [46.805283, -67.779804]]}, "5": {"path": [[46.804986, -67.779229], [46.803491, -67.780623], [46.80283, -67.783515]], "green": [[46.802852, -67.783654], [46.802837, -67.783687], [46.802826, -67.783709], [46.802809, -67.783722], [46.802792, -67.783726], [46.802771, -67.78372], [46.802755, -67.783701], [46.80274, -67.783671], [46.802733, -67.783627], [46.802734, -67.783588], [46.802745, -67.783554], [46.802756, -67.783515], [46.802766, -67.783488], [46.802778, -67.783457], [46.802786, -67.783435], [46.802803, -67.783407], [46.802815, -67.783388], [46.802829, -67.783366], [46.802839, -67.78335], [46.802859, -67.783337], [46.80287, -67.783335], [46.802886, -67.78334], [46.8029, -67.783349], [46.802909, -67.78336], [46.802915, -67.783382], [46.802919, -67.783399], [46.802918, -67.783421], [46.802909, -67.783471], [46.802899, -67.783509], [46.802886, -67.783552], [46.802871, -67.783602], [46.802852, -67.783654]]}, "6": {"path": [[46.802935, -67.784379], [46.801334, -67.784991], [46.800322, -67.784786]], "green": [[46.800418, -67.784874], [46.800397, -67.784896], [46.800375, -67.784904], [46.800355, -67.784917], [46.800332, -67.784926], [46.800307, -67.784916], [46.800277, -67.784899], [46.800254, -67.784886], [46.800229, -67.784862], [46.800207, -67.784837], [46.800191, -67.784795], [46.80019, -67.78477], [46.800194, -67.784723], [46.800203, -67.784686], [46.800219, -67.784664], [46.800241, -67.784643], [46.800291, -67.784611], [46.800333, -67.784618], [46.800357, -67.784628], [46.800372, -67.784654], [46.800394, -67.784695], [46.800405, -67.78473], [46.800419, -67.784765], [46.800431, -67.784784], [46.800438, -67.784818], [46.800437, -67.784851], [46.800418, -67.784874]]}, "7": {"path": [[46.79971, -67.783726], [46.798478, -67.784909], [46.797646, -67.786164]], "green": [[46.797726, -67.786217], [46.797714, -67.786233], [46.797698, -67.786249], [46.797681, -67.786259], [46.797669, -67.786264], [46.797635, -67.786283], [46.797608, -67.786295], [46.797584, -67.786303], [46.797562, -67.786301], [46.797542, -67.786291], [46.79753, -67.786272], [46.797522, -67.786246], [46.797519, -67.786217], [46.79752, -67.78619], [46.797526, -67.786158], [46.797535, -67.786128], [46.797549, -67.786098], [46.79756, -67.786083], [46.797581, -67.78607], [46.797597, -67.786062], [46.79762, -67.786051], [46.797665, -67.786041], [46.79769, -67.786033], [46.797704, -67.786032], [46.797716, -67.786037], [46.797733, -67.786046], [46.797746, -67.786062], [46.797755, -67.786081], [46.797759, -67.786104], [46.797759, -67.786125], [46.797753, -67.786151], [46.797748, -67.786177], [46.797738, -67.786197], [46.797726, -67.786217]]}, "9": {"path": [[46.797604, -67.78948], [46.799053, -67.788849], [46.800674, -67.788518]],