{"holes": {"1": {"path": [[42.58478, -70.763871], [42.584585, -70.761108], [42.584322, -70.759047]], "green": [[42.584425, -70.758946], [42.584385, -70.758913], [42.584326, -70.758873], [42.584279, -70.758847], [42.584244, -70.758837], [42.584215, -70.758847], [42.584193, -70.758878], [42.584185, -70.758914], [42.58419, -70.758972], [42.584202, -70.759038], [42.584209, -70.759095], [42.584216, -70.759154], [42.584224, -70.759189], [42.584261, -70.759218], [42.58428, -70.759225], [42.584324, -70.759234], [42.584349, -70.759233], [42.58439, -70.759227], [42.584427, -70.75921], [42.584452, -70.759173], [42.584462, -70.759127], [42.584465, -70.759075], [42.584462, -70.759022], [42.584449, -70.758976], [42.584425, -70.758946]]}, "2": {"path": [[42.584116, -70.75842], [42.583871, -70.755568], [42.583553, -70.75487]], "green": [[42.583681, -70.754916], [42.583678, -70.754961], [42.583666, -70.754987], [42.58365, -70.755003], [42.583635, -70.755015], [42.583618, -70.75502], [42.583597, -70.755013], [42.583575, -70.755003], [42.583531, -70.754982], [42.583491, -70.754965], [42.583456, -70.754952], [42.583438, -70.754941], [42.58343, -70.754928], [42.583419, -70.754895], [42.583413, -70.754847], [42.583415, -70.754816], [42.583422, -70.754787], [42.58344, -70.754766], [42.58346, -70.754744], [42.583489, -70.754726], [42.583514, -70.75472], [42.583538, -70.754721], [42.583563, -70.754725], [42.583583, -70.754733], [42.583608, -70.754747], [42.583625, -70.754768], [42.583641, -70.754789], [42.583657, -70.754841], [42.583672, -70.754883], [42.583681, -70.754916]]}, "3": {"path": [[42.583227, -70.754952], [42.583512, -70.757773], [42.584196, -70.761738]], "green": [[42.584305, -70.761671], [42.584312, -70.761716], [42.584297, -70.761764], [42.584286, -70.761827], [42.584279, -70.761877], [42.584233, -70.761911], [42.584182, -70.761933], [42.58414, -70.761916], [42.584094, -70.761887], [42.584058, -70.761816], [42.584043, -70.761745], [42.584039, -70.761701], [42.584045, -70.761646], [42.58409, -70.761615], [42.584206, -70.76156], [42.584246, -70.761559], [42.584277, -70.761586], [42.584296, -70.76163], [42.584305, -70.761671]]}, "4": {"path": [[42.584046, -70.762012], [42.582944, -70.764065]], "green": [[42.583004, -70.763954], [42.583041, -70.764012], [42.583065, -70.764058], [42.583071, -70.764088], [42.583063, -70.764104], [42.582992, -70.764174], [42.582952, -70.764211], [42.582906, -70.764234], [42.582861, -70.764223], [42.582829, -70.764197], [42.582812, -70.76415], [42.582808, -70.764097], [42.582823, -70.764051], [42.582849, -70.764032], [42.582918, -70.763976], [42.582942, -70.763954], [42.582967, -70.76394], [42.582986, -70.763941], [42.582997, -70.763947], [42.583004, -70.763954]]}, "5": {"path": [[42.582704, -70.764009], [42.581422, -70.762699], [42.580487, -70.761196], [42.579945, -70.760565]], "green": [[42.580013, -70.760483], [42.580047, -70.760542], [42.580056, -70.760564], [42.580056, -70.760587], [42.580021, -70.760664], [42.579985, -70.760722], [42.579952, -70.760751], [42.579932, -70.760749], [42.579885, -70.76071], [42.579847, -70.760652], [42.579826, -70.7606], [42.579825, -70.760535], [42.579837, -70.760459], [42.579869, -70.760413], [42.579902, -70.760401], [42.579952, -70.760408], [42.579985, -70.760438], [42.580013, -70.760483]]}, "6": {"path": [[42.579591, -70.760194], [42.579932, -70.7624], [42.580617, -70.76363]], "green": [[42.580613, -70.763492], [42.580633, -70.763509], [42.580663, -70.763555], [42.58071, -70.763625], [42.580734, -70.76367], [42.580731, -70.763723], [42.580706, -70.76379], [42.580648, -70.76382], [42.580605, -70.763818], [42.580563, -70.76379], [42.58053, -70.763724], [42.580512, -70.763637], [42.580517, -70.763563], [42.58054, -70.763523], [42.580577, -70.763493], [42.580601, -70.763485], [42.580613, -70.763492]]}, "7": {"path": [[42.580861, -70.763627], [42.581986, -70.763922]], "green": [[42.582021, -70.763828], [42.582084, -70.763873], [42.582106, -70.763908], [42.582117, -70.763953], [42.582113, -70.763978], [42.58209, -70.764008], [42.582052, -70.764046], [42.582018, -70.764059], [42.581977, -70.764058], [42.581921, -70.764026], [42.581864, -70.763986], [42.581852, -70.763947], [42.581853, -70.763901], [42.58187, -70.763853], [42.581891, -70.763824], [42.581924, -70.763813], [42.581972, -70.763814], [42.581997, -70.763818], [42.582021, -70.763828]]}, "8": {"path": [[42.582401, -70.763974], [42.584045, -70.768157]], "green": [[42.584017, -70.768256], [42.584066, -70.768265], [42.584106, -70.768281], [42.584151, -70.768275], [42.584183, -70.768233], [42.584191, -70.768175], [42.584181, -70.768125], [42.584139, -70.768058], [42.584089, -70.768003], [42.584061, -70.76799], [42.584012, -70.768013], [42.583958, -70.768057], [42.58394, -70.768083], [42.583929, -70.768112], [42.583936, -70.768152], [42.583943, -70.768183], [42.583958, -70.768218], [42.583987, -70.768251], [42.584017, -70.768256]]}, "9": {"path": [[42.584701, -70.769057], [42.58394, -70.766014], [42.583831, -70.764143]], "green": [[42.583899, -70.764021], [42.58393, -70.764064], [42.583939, -70.764145], [42.583937, -70.764233], [42.583924, -70.764292], [42.583899, -70.764314], [42.583781, -70.764326], [42.583752, -70.764323], [42.583718, -70.764261], [42.5837, -70.764189], [42.583701, -70.76411], [42.583729, -70.764033], [42.583778, -70.763986], [42.58384, -70.763981], [42.583876, -70.763996], [42.583899, -70.764021]]}, "10": {"path": [[42.585565, -70.763954], [42.586652, -70.761742], [42.587459, -70.760905]], "green": [[42.587347, -70.760986], [42.587401, -70.761046], [42.587439, -70.761089], [42.58746, -70.761089], [42.587502, -70.761037], [42.587544, -70.760979], [42.587608, -70.760891], [42.587619, -70.760852], [42.587599, -70.760796], [42.587564, -70.760773], [42.58753, -70.760762], [42.58748, -70.760767], [42.587443, -70.760779], [42.587402, -70.760796], [42.587378, -70.760829], [42.587361, -70.760869], [42.587353, -70.760911], [42.587347, -70.760961], [42.587347, -70.760986]]}, "11": {"path": [[42.587456, -70.761485], [42.588368, -70.759973]], "green": [[42.588256, -70.760004], [42.588274, -70.760045], [42.588302, -70.760083], [42.588355, -70.760126], [42.588401, -70.760121], [42.588461, -70.760061], [42.58848, -70.760003], [42.588488, -70.759922], [42.58848, -70.759865], [42.588445, -70.759802], [42.588407, -70.759798], [42.588363, -70.759844], [42.588281, -70.759949], [42.588265, -70.759974], [42.588256, -70.760004]]}, "12": {"path": [[42.587611, -70.760193], [42.588934, -70.758301], [42.590274, -70.757631]], "green": [[42.590175, -70.757637], [42.59019, -70.757731], [42.590211, -70.757787], [42.590242, -70.757811], [42.590301, -70.757784], [42.590348, -70.757757], [42.590387, -70.757706], [42.590404, -70.757645], [42.590395, -70.757582], [42.590371, -70.757528], [42.590336, -70.757504], [42.590299, -70.757483], [42.590261, -70.757482], [42.590234, -70.757508], [42.590222, -70.757553], [42.590206, -70.757592], [42.590182, -70.757625], [42.590175, -70.757637]]}, "13": {"path": [[42.590261, -70.757172], [42.587492, -70.755348]], "green": [[42.587613, -70.755361], [42.587577, -70.755448], [42.587534, -70.755502], [42.587493, -70.755508], [42.587433, -70.75548], [42.587389, -70.755433], [42.587371, -70.755406], [42.587357, -70.755375], [42.587359, -70.755322], [42.587386, -70.755259], [42.587431, -70.755211], [42.587483, -70.755189], [42.587532, -70.755212], [42.587576, -70.755246], [42.587602, -70.755282], [42.587612, -70.755326], [42.587613, -70.755361]]}, "14": {"path": [[42.587112, -70.754586], [42.585776, -70.754992]],