{"holes": {"1": {"path": [[41.535001, -70.662398], [41.532631, -70.660929]], "green": [[41.532583, -70.661023], [41.532617, -70.661043], [41.532654, -70.661048], [41.532678, -70.661038], [41.532696, -70.661018], [41.53271, -70.660961], [41.532713, -70.660923], [41.532708, -70.660882], [41.532695, -70.660852], [41.532679, -70.660823], [41.53266, -70.660809], [41.532638, -70.660804], [41.532614, -70.660817], [41.532594, -70.660834], [41.532574, -70.660868], [41.532559, -70.660908], [41.532552, -70.660939], [41.532551, -70.660969], [41.532558, -70.660994], [41.532583, -70.661023]]}, "2": {"path": [[41.532381, -70.660551], [41.529885, -70.663556]], "green": [[41.529984, -70.663666], [41.529951, -70.663679], [41.529855, -70.663689], [41.5298, -70.663675], [41.529766, -70.663617], [41.529759, -70.66356], [41.529762, -70.663502], [41.529779, -70.663465], [41.529814, -70.66343], [41.529856, -70.6634], [41.529885, -70.663383], [41.529933, -70.663385], [41.530022, -70.663543], [41.530014, -70.6636], [41.530002, -70.663638], [41.529984, -70.663666]]}, "3": {"path": [[41.529734, -70.664075], [41.528463, -70.66456]], "green": [[41.528435, -70.664681], [41.528464, -70.664682], [41.528527, -70.664615], [41.528584, -70.664552], [41.528587, -70.664489], [41.528561, -70.664442], [41.528525, -70.664426], [41.52849, -70.66445], [41.528396, -70.664484], [41.528365, -70.664506], [41.528358, -70.664549], [41.528356, -70.664616], [41.528397, -70.664664], [41.528435, -70.664681]]}, "4": {"path": [[41.528601, -70.665008], [41.527332, -70.663351], [41.526498, -70.662635]], "green": [[41.52636, -70.662641], [41.526412, -70.662722], [41.526471, -70.662773], [41.526519, -70.662807], [41.526556, -70.662802], [41.526586, -70.662767], [41.526628, -70.662654], [41.526628, -70.662614], [41.526618, -70.662579], [41.526597, -70.662559], [41.526546, -70.662562], [41.526487, -70.662492], [41.526448, -70.662467], [41.526399, -70.662515], [41.526361, -70.662565], [41.52636, -70.662641]]}, "5": {"path": [[41.526573, -70.662242], [41.529135, -70.663923]], "green": [[41.529016, -70.663894], [41.529079, -70.663795], [41.529127, -70.663792], [41.529188, -70.663791], [41.52922, -70.66381], [41.52924, -70.663844], [41.52925, -70.663901], [41.529244, -70.663963], [41.529226, -70.664008], [41.529195, -70.66404], [41.529153, -70.664045], [41.529084, -70.664034], [41.529061, -70.664023], [41.529035, -70.663989], [41.529022, -70.663942], [41.529016, -70.663894]]}, "6": {"path": [[41.529817, -70.663915], [41.529098, -70.663142]], "green": [[41.529088, -70.663291], [41.529108, -70.663294], [41.52913, -70.663283], [41.529154, -70.663246], [41.52917, -70.663167], [41.529163, -70.663098], [41.529153, -70.663049], [41.529139, -70.663024], [41.529107, -70.662989], [41.529088, -70.662988], [41.529061, -70.663], [41.529032, -70.663045], [41.529019, -70.6631], [41.529022, -70.663164], [41.52905, -70.663245], [41.529088, -70.663291]]}, "7": {"path": [[41.529652, -70.663175], [41.526657, -70.661539]], "green": [[41.526559, -70.661528], [41.526581, -70.661596], [41.52665, -70.661678], [41.526709, -70.661696], [41.52675, -70.661672], [41.52677, -70.661608], [41.526769, -70.661531], [41.526755, -70.661501], [41.526703, -70.661456], [41.526645, -70.661415], [41.526614, -70.661417], [41.526581, -70.661437], [41.526558, -70.661477], [41.526559, -70.661528]]}, "8": {"path": [[41.526754, -70.66135], [41.528818, -70.66184], [41.530225, -70.661784], [41.530527, -70.661912]], "green": [[41.530387, -70.661919], [41.53043, -70.661764], [41.530455, -70.661759], [41.530489, -70.661762], [41.530589, -70.661802], [41.530628, -70.661847], [41.530645, -70.661909], [41.530649, -70.661955], [41.530636, -70.662003], [41.530614, -70.662037], [41.530587, -70.662047], [41.530551, -70.662023], [41.53051, -70.661977], [41.53046, -70.66194], [41.530409, -70.661936], [41.530387, -70.661919]]}, "9": {"path": [[41.531658, -70.662731], [41.533332, -70.662682], [41.534521, -70.66311]], "green": [[41.534597, -70.663236], [41.534619, -70.663219], [41.534626, -70.663183], [41.534629, -70.663128], [41.534599, -70.663079], [41.534577, -70.663047], [41.534555, -70.663012], [41.534509, -70.662992], [41.534469, -70.662993], [41.534426, -70.662986], [41.534404, -70.663006], [41.534385, -70.663049], [41.534382, -70.663091], [41.534396, -70.663124], [41.53452, -70.663235], [41.534565, -70.66325], [41.534597, -70.663236]]}, "10": {"path": [[41.534398, -70.664], [41.532198, -70.663411], [41.531594, -70.663078]], "green": [[41.531669, -70.663169], [41.531704, -70.663111], [41.531704, -70.663049], [41.531634, -70.662964], [41.53154, -70.662928], [41.531491, -70.662968], [41.53147, -70.663043], [41.53149, -70.663114], [41.53154, -70.663158], [41.531625, -70.663189], [41.531669, -70.663169]]}, "11": {"path": [[41.530869, -70.661612], [41.529235, -70.661015], [41.526516, -70.660984]], "green": [[41.52645, -70.661085], [41.526424, -70.661085], [41.526404, -70.661074], [41.526386, -70.661023], [41.526381, -70.660962], [41.526395, -70.660921], [41.52643, -70.660893], [41.526626, -70.660859], [41.526652, -70.660873], [41.526672, -70.660911], [41.526677, -70.660967], [41.52666, -70.661003], [41.526624, -70.661042], [41.52645, -70.661085]]}, "12": {"path": [[41.526007, -70.660398], [41.52838, -70.660329], [41.529437, -70.659996], [41.52971, -70.659615]], "green": [[41.529563, -70.65968], [41.529586, -70.659776], [41.529654, -70.659878], [41.5297, -70.65987], [41.529795, -70.659743], [41.529858, -70.659633], [41.529871, -70.659568], [41.529866, -70.659506], [41.52983, -70.659447], [41.529773, -70.659398], [41.529737, -70.659404], [41.529693, -70.659428], [41.529587, -70.65958], [41.529567, -70.65963], [41.529563, -70.65968]]}, "13": {"path": [[41.529397, -70.660456], [41.530805, -70.661327]], "green": [[41.530834, -70.661423], [41.530858, -70.661421], [41.530885, -70.661395], [41.5309, -70.661318], [41.530892, -70.661272], [41.530867, -70.661244], [41.530738, -70.661173], [41.530709, -70.661183], [41.530675, -70.661319], [41.530688, -70.661351], [41.530779, -70.661398], [41.530834, -70.661423]]}, "14": {"path": [[41.531342, -70.661399], [41.530426, -70.659664], [41.530415, -70.658568]], "green": [[41.53047, -70.65869], [41.530389, -70.65868], [41.530362, -70.65866], [41.530332, -70.658612], [41.530319, -70.658507], [41.530327, -70.658445], [41.530341, -70.658427], [41.530383, -70.658423], [41.530407, -70.658428], [41.530421, -70.658443], [41.530446, -70.658526], [41.530483, -70.65859], [41.530498, -70.65863], [41.530496, -70.658662], [41.53049, -70.658682], [41.53047, -70.65869]]}, "15": {"path": [[41.530837, -70.658135], [41.531335, -70.660221], [41.532539, -70.660079]], "green": [[41.532458, -70.660256], [41.532479, -70.660282], [41.532563, -70.660243], [41.532661, -70.660065], [41.532662, -70.659993], [41.532641, -70.659938], [41.532603, -70.659902], [41.532557, -70.659913], [41.532536, -70.659971], [41.532522, -70.660026], [41.532495, -70.660047], [41.532471, -70.660063], [41.532438, -70.660145], [41.532458, -70.660256]]}, "16": {"path": [[41.532919, -70.660228], [41.535017, -70.661549], [41.53607, -70.662438]], "green": [[41.536055, -70.662556], [41.535987, -70.662485], [41.535965, -70.662443], [41.535955, -70.662408], [41.535961, -70.662366], [41.535981, -70.662323], [41.536021, -70.662287], [41.53605, -70.662281], [41.536086, -70.662289], [41.536122, -70.662323], [41.536148, -70.662361], [41.536164, -70.662408], [41.536172, -70.662466], [41.536167, -70.662507], [41.536147, -70.662547], [41.53612, -70.662568], [41.536099, -70.662574], [41.536077, -70.662572], [41.536055, -70.662556]]}, "17": {"path": [[41.536344, -70.662109], [41.536781, -70.663392]],