{"holes": {"1": {"path": [[41.717464, -69.982768], [41.718612, -69.979823], [41.719148, -69.97927]], "green": [[41.719247, -69.979284], [41.719238, -69.979317], [41.719219, -69.97935], [41.719194, -69.979374], [41.719159, -69.979386], [41.719118, -69.979387], [41.719083, -69.979372], [41.719063, -69.979355], [41.719043, -69.979324], [41.719035, -69.979298], [41.719033, -69.979268], [41.719039, -69.979241], [41.719048, -69.97922], [41.719071, -69.979196], [41.719106, -69.979173], [41.719144, -69.979161], [41.71917, -69.979162], [41.719191, -69.979171], [41.719216, -69.979188], [41.719234, -69.979213], [41.719246, -69.979239], [41.719249, -69.979258], [41.719247, -69.979284]]}, "2": {"path": [[41.718313, -69.979113], [41.718765, -69.976548], [41.718416, -69.975408]], "green": [[41.718392, -69.975584], [41.718368, -69.975566], [41.718348, -69.975535], [41.718332, -69.975494], [41.718319, -69.975457], [41.71831, -69.975423], [41.718305, -69.97539], [41.718309, -69.975356], [41.718322, -69.975319], [41.718342, -69.975288], [41.718368, -69.975262], [41.718393, -69.975243], [41.718415, -69.97523], [41.718437, -69.975223], [41.718454, -69.975229], [41.718468, -69.975252], [41.718474, -69.975284], [41.718482, -69.97532], [41.718491, -69.975353], [41.718501, -69.975382], [41.718511, -69.975409], [41.718514, -69.975441], [41.718509, -69.975468], [41.718497, -69.975499], [41.718483, -69.975524], [41.718463, -69.975551], [41.718441, -69.975575], [41.718416, -69.975587], [41.718392, -69.975584]]}, "3": {"path": [[41.718814, -69.97532], [41.71867, -69.97177]], "green": [[41.718748, -69.97169], [41.718741, -69.971798], [41.718733, -69.971871], [41.718724, -69.971902], [41.718717, -69.971925], [41.718701, -69.971951], [41.718684, -69.971962], [41.718664, -69.971962], [41.718646, -69.971954], [41.718628, -69.971941], [41.718612, -69.971929], [41.718595, -69.97191], [41.718585, -69.97189], [41.71858, -69.971869], [41.718578, -69.971834], [41.718582, -69.97179], [41.718594, -69.971746], [41.718612, -69.971709], [41.718635, -69.971671], [41.71865, -69.971647], [41.718661, -69.971625], [41.718675, -69.971595], [41.718687, -69.97157], [41.718705, -69.971555], [41.718719, -69.971557], [41.718732, -69.971565], [41.718747, -69.971587], [41.718753, -69.971633], [41.718748, -69.97169]]}, "4": {"path": [[41.71881, -69.971446], [41.719704, -69.973015]], "green": [[41.719622, -69.972955], [41.719647, -69.972928], [41.719666, -69.972912], [41.719686, -69.9729], [41.719699, -69.972897], [41.719717, -69.972901], [41.719735, -69.972908], [41.71976, -69.972922], [41.719782, -69.972941], [41.719798, -69.972962], [41.71981, -69.972992], [41.719816, -69.973012], [41.719819, -69.973043], [41.719816, -69.973078], [41.719806, -69.9731], [41.719795, -69.973115], [41.719772, -69.973131], [41.71974, -69.973135], [41.719712, -69.973134], [41.719683, -69.973124], [41.71966, -69.973112], [41.719637, -69.973097], [41.71962, -69.973083], [41.719602, -69.973062], [41.719594, -69.973043], [41.719591, -69.973022], [41.719595, -69.973001], [41.719607, -69.972976], [41.719622, -69.972955]]}, "5": {"path": [[41.719251, -69.972944], [41.719599, -69.978626]], "green": [[41.719675, -69.97853], [41.719694, -69.978548], [41.719707, -69.978572], [41.719714, -69.9786], [41.719712, -69.978631], [41.719698, -69.978668], [41.719674, -69.978718], [41.719652, -69.978768], [41.719635, -69.978789], [41.719611, -69.978803], [41.719588, -69.978804], [41.719566, -69.978797], [41.719539, -69.978765], [41.719515, -69.978721], [41.719495, -69.978655], [41.719486, -69.97861], [41.719482, -69.978564], [41.719485, -69.978535], [41.719493, -69.978515], [41.719506, -69.978503], [41.719536, -69.9785], [41.719575, -69.978506], [41.719609, -69.978508], [41.71965, -69.978517], [41.719675, -69.97853]]}, "6": {"path": [[41.719797, -69.978622], [41.720247, -69.975571], [41.720239, -69.973691]], "green": [[41.720335, -69.973684], [41.720319, -69.973637], [41.720309, -69.973601], [41.720293, -69.973555], [41.720268, -69.973527], [41.720243, -69.973514], [41.720212, -69.973514], [41.720191, -69.973522], [41.720165, -69.97354], [41.720146, -69.973564], [41.720131, -69.973601], [41.720127, -69.973635], [41.720135, -69.973673], [41.720148, -69.973712], [41.720158, -69.973746], [41.720168, -69.973783], [41.720177, -69.973816], [41.720194, -69.973838], [41.720217, -69.973844], [41.72024, -69.973845], [41.720263, -69.973842], [41.720301, -69.973829], [41.720327, -69.973819], [41.720347, -69.973803], [41.720359, -69.973773], [41.720357, -69.973743], [41.720335, -69.973684]]}, "7": {"path": [[41.720565, -69.973764], [41.720686, -69.975665]], "green": [[41.720717, -69.975488], [41.720696, -69.975476], [41.720672, -69.975465], [41.720643, -69.975463], [41.720628, -69.975471], [41.72062, -69.975487], [41.720612, -69.975517], [41.720608, -69.975563], [41.720605, -69.975603], [41.720603, -69.97566], [41.720604, -69.975718], [41.720607, -69.975753], [41.720612, -69.975785], [41.720622, -69.975812], [41.720636, -69.97584], [41.720659, -69.975865], [41.720678, -69.975878], [41.720701, -69.975881], [41.720715, -69.975877], [41.720727, -69.975855], [41.720733, -69.975836], [41.720738, -69.975804], [41.720737, -69.975769], [41.720734, -69.975737], [41.720737, -69.975713], [41.720744, -69.975691], [41.720759, -69.975654], [41.720763, -69.975628], [41.720763, -69.975596], [41.720762, -69.97556], [41.720753, -69.97552], [41.720739, -69.975502], [41.720717, -69.975488]]}, "8": {"path": [[41.721109, -69.975817], [41.720351, -69.978102], [41.719945, -69.97902]], "green": [[41.72, -69.978877], [41.719981, -69.978869], [41.719966, -69.978864], [41.719949, -69.978862], [41.719941, -69.978864], [41.719931, -69.978874], [41.719925, -69.978892], [41.719919, -69.978923], [41.719911, -69.978953], [41.719901, -69.978978], [41.719894, -69.978996], [41.719884, -69.979015], [41.719873, -69.979035], [41.71986, -69.979054], [41.719849, -69.979071], [41.719843, -69.979085], [41.719838, -69.979099], [41.719836, -69.979114], [41.719837, -69.979127], [41.719844, -69.979148], [41.719855, -69.979161], [41.71987, -69.979174], [41.719885, -69.97918], [41.719901, -69.97918], [41.719913, -69.979178], [41.719927, -69.979174], [41.71995, -69.979163], [41.719977, -69.979147], [41.719995, -69.979131], [41.720011, -69.979107], [41.720024, -69.979078], [41.720038, -69.979047], [41.720048, -69.979018], [41.720058, -69.978989], [41.720063, -69.978957], [41.720063, -69.97894], [41.720057, -69.97892], [41.720049, -69.97891], [41.720037, -69.9789], [41.720022, -69.978889], [41.72, -69.978877]]}, "9": {"path": [[41.720092, -69.979388], [41.7179, -69.982549]], "green": [[41.717904, -69.982691], [41.717889, -69.98269], [41.717865, -69.982683], [41.717844, -69.98267], [41.717821, -69.982653], [41.717802, -69.982629], [41.717792, -69.982605], [41.71779, -69.982571], [41.717798, -69.98254], [41.717811, -69.982506], [41.717823, -69.982483], [41.717835, -69.982464], [41.717845, -69.982449], [41.717855, -69.982428], [41.717868, -69.98241], [41.717883, -69.9824], [41.717901, -69.982399], [41.717922, -69.982405], [41.717941, -69.982418], [41.717964, -69.98244], [41.717974, -69.982455], [41.717984, -69.982477], [41.717989, -69.982495], [41.717988, -69.982515], [41.717984, -69.982534], [41.717977, -69.982548], [41.717969, -69.982559], [41.717961, -69.982572], [41.717953, -69.982588], [41.717947, -69.982607], [41.717942, -69.982634], [41.717934, -69.982662], [41.717924, -69.982676], [41.717915, -69.982685], [41.717904, -69.982691]]}, "10": {"path": [[41.71714, -69.983426], [41.715521, -69.983216]],