{"holes": {"1": {"path": [[43.749826, -70.105447], [43.75175, -70.103959]], "green": [[43.751775, -70.104039], [43.751739, -70.104042], [43.751712, -70.104033], [43.751681, -70.104012], [43.751663, -70.103979], [43.751657, -70.103956], [43.751658, -70.103914], [43.751673, -70.10389], [43.751697, -70.10387], [43.75172, -70.103856], [43.751755, -70.103855], [43.751796, -70.103872], [43.751824, -70.103896], [43.75184, -70.103941], [43.75184, -70.103964], [43.75183, -70.103996], [43.751811, -70.104026], [43.751797, -70.104034], [43.751775, -70.104039]]}, "2": {"path": [[43.751666, -70.103316], [43.748946, -70.105487]], "green": [[43.749035, -70.105466], [43.749027, -70.10544], [43.749012, -70.10541], [43.748994, -70.105384], [43.748974, -70.105368], [43.748952, -70.105364], [43.748925, -70.105361], [43.74891, -70.105364], [43.748895, -70.10537], [43.748879, -70.105387], [43.748862, -70.10541], [43.748856, -70.105428], [43.748847, -70.105458], [43.748847, -70.105486], [43.748851, -70.10552], [43.748863, -70.105558], [43.748875, -70.10558], [43.748891, -70.105602], [43.748911, -70.105613], [43.74893, -70.105615], [43.748949, -70.105613], [43.748971, -70.105608], [43.748992, -70.105596], [43.749017, -70.105572], [43.749029, -70.105554], [43.749036, -70.105533], [43.749039, -70.105513], [43.74904, -70.10549], [43.749035, -70.105466]]}, "3": {"path": [[43.747914, -70.105853], [43.749995, -70.106078]], "green": [[43.750038, -70.106159], [43.750024, -70.10617], [43.750004, -70.106182], [43.74998, -70.106184], [43.749957, -70.106176], [43.749937, -70.106163], [43.749925, -70.106149], [43.749915, -70.106109], [43.749913, -70.106085], [43.749919, -70.106039], [43.749936, -70.106001], [43.749957, -70.105974], [43.749982, -70.105951], [43.750001, -70.105949], [43.750016, -70.105953], [43.750035, -70.105967], [43.750051, -70.106], [43.750065, -70.106034], [43.750069, -70.106073], [43.750066, -70.106101], [43.750056, -70.106129], [43.750038, -70.106159]]}, "4": {"path": [[43.750718, -70.105315], [43.75342, -70.103779]], "green": [[43.753506, -70.103831], [43.753487, -70.103862], [43.753465, -70.103886], [43.753436, -70.103899], [43.753411, -70.103904], [43.753386, -70.103896], [43.753359, -70.103884], [43.753339, -70.103858], [43.753324, -70.103828], [43.753319, -70.103787], [43.75332, -70.103752], [43.75333, -70.103716], [43.753349, -70.103681], [43.753368, -70.103661], [43.753395, -70.103648], [43.753421, -70.103646], [43.753443, -70.103656], [43.753471, -70.103677], [43.753492, -70.10371], [43.753508, -70.103738], [43.753515, -70.103762], [43.753516, -70.103794], [43.753506, -70.103831]]}, "5": {"path": [[43.753509, -70.104398], [43.750558, -70.105986]], "green": [[43.750546, -70.106086], [43.750575, -70.106074], [43.750593, -70.106063], [43.750619, -70.106036], [43.750632, -70.106015], [43.75064, -70.105993], [43.750637, -70.10596], [43.75062, -70.105922], [43.750593, -70.105888], [43.750583, -70.105881], [43.750569, -70.105877], [43.750561, -70.105879], [43.750549, -70.105886], [43.750525, -70.105918], [43.750495, -70.105957], [43.750487, -70.105974], [43.750482, -70.105995], [43.750486, -70.106009], [43.75049, -70.106027], [43.750524, -70.106084], [43.750533, -70.106088], [43.750546, -70.106086]]}, "6": {"path": [[43.750155, -70.106394], [43.75108, -70.106457]], "green": [[43.751146, -70.106474], [43.751144, -70.1065], [43.751136, -70.10652], [43.751129, -70.106531], [43.751116, -70.106547], [43.751102, -70.106555], [43.751088, -70.106558], [43.751066, -70.10656], [43.751046, -70.106553], [43.75103, -70.106535], [43.751016, -70.106516], [43.751009, -70.106497], [43.751007, -70.106472], [43.751008, -70.106442], [43.751014, -70.106414], [43.751023, -70.106391], [43.751035, -70.106373], [43.751039, -70.106371], [43.751047, -70.106366], [43.751068, -70.106361], [43.751086, -70.106361], [43.7511, -70.106366], [43.751114, -70.106379], [43.751122, -70.106395], [43.751128, -70.106406], [43.751139, -70.106435], [43.751142, -70.106448], [43.751146, -70.106474]]}, "7": {"path": [[43.750958, -70.107512], [43.750124, -70.107269]], "green": [[43.750186, -70.10729], [43.750181, -70.107312], [43.750167, -70.107329], [43.750135, -70.107351], [43.750116, -70.107354], [43.750089, -70.107347], [43.750071, -70.107327], [43.750062, -70.107306], [43.750056, -70.107274], [43.750057, -70.107251], [43.750063, -70.107232], [43.750068, -70.107223], [43.750094, -70.107203], [43.750118, -70.107191], [43.750137, -70.107192], [43.75015, -70.107196], [43.750169, -70.107211], [43.750184, -70.107231], [43.750189, -70.107263], [43.750186, -70.10729]]}, "8": {"path": [[43.749779, -70.107531], [43.74876, -70.106782]], "green": [[43.74879, -70.106879], [43.748807, -70.106871], [43.748822, -70.106856], [43.748835, -70.106832], [43.74884, -70.10681], [43.748843, -70.106776], [43.74884, -70.106751], [43.748828, -70.106724], [43.748811, -70.106695], [43.748789, -70.106684], [43.748772, -70.106677], [43.748758, -70.106672], [43.74873, -70.106673], [43.748707, -70.106683], [43.748692, -70.1067], [43.748679, -70.106722], [43.748675, -70.106745], [43.748675, -70.106768], [43.748682, -70.1068], [43.748692, -70.106823], [43.748706, -70.106842], [43.748722, -70.106856], [43.748739, -70.106868], [43.748758, -70.106876], [43.748775, -70.10688], [43.74879, -70.106879]]}, "9": {"path": [[43.748093, -70.106101], [43.750028, -70.106797]], "green": [[43.750113, -70.106792], [43.750109, -70.106758], [43.750097, -70.106727], [43.750075, -70.106698], [43.750046, -70.106685], [43.750013, -70.106688], [43.749979, -70.106697], [43.749961, -70.106713], [43.749939, -70.106742], [43.749932, -70.106764], [43.749929, -70.106801], [43.749936, -70.106841], [43.749947, -70.106859], [43.74997, -70.106884], [43.750004, -70.106897], [43.750029, -70.106899], [43.750046, -70.106894], [43.750073, -70.106885], [43.750086, -70.106869], [43.750103, -70.106841], [43.750109, -70.106818], [43.750113, -70.106792]]}}}