{"holes": {"1": {"path": [[44.120114, -69.085398], [44.121509, -69.083325], [44.122468, -69.082303]], "green": [[44.122407, -69.082249], [44.122427, -69.082207], [44.122458, -69.082188], [44.122491, -69.082191], [44.122524, -69.082217], [44.122542, -69.082251], [44.122548, -69.082298], [44.122551, -69.082344], [44.122529, -69.082385], [44.122499, -69.082409], [44.122472, -69.082416], [44.122441, -69.082413], [44.122413, -69.082401], [44.122386, -69.082354], [44.122391, -69.082277], [44.122407, -69.082249]]}, "2": {"path": [[44.122786, -69.080886], [44.119589, -69.081002]], "green": [[44.119683, -69.080909], [44.119702, -69.080956], [44.119704, -69.08097], [44.119704, -69.080983], [44.119704, -69.081003], [44.119704, -69.081019], [44.119701, -69.081039], [44.119697, -69.08105], [44.11969, -69.081066], [44.119666, -69.081102], [44.119658, -69.081113], [44.11965, -69.081122], [44.119642, -69.081131], [44.119632, -69.08114], [44.119623, -69.081144], [44.119614, -69.081149], [44.119605, -69.081153], [44.119596, -69.081155], [44.119586, -69.081158], [44.119573, -69.081157], [44.119562, -69.081157], [44.119553, -69.081156], [44.119543, -69.081152], [44.119535, -69.081144], [44.119527, -69.081136], [44.119518, -69.081131], [44.11951, -69.081124], [44.119484, -69.081076], [44.119464, -69.081026], [44.119464, -69.081006], [44.119464, -69.080991], [44.119468, -69.080977], [44.119473, -69.080964], [44.119476, -69.080951], [44.119484, -69.08094], [44.119493, -69.080929], [44.119501, -69.080919], [44.11951, -69.080909], [44.119521, -69.080896], [44.119532, -69.080886], [44.119541, -69.08088], [44.11955, -69.080875], [44.119559, -69.080871], [44.11957, -69.080867], [44.11958, -69.080865], [44.119591, -69.080865], [44.119604, -69.080865], [44.119614, -69.080866], [44.119624, -69.080866], [44.119634, -69.080866], [44.119644, -69.080866], [44.119656, -69.080872], [44.119664, -69.080879], [44.119674, -69.080884], [44.119683, -69.080909]]}, "3": {"path": [[44.120311, -69.080343], [44.118624, -69.079723]], "green": [[44.118815, -69.079642], [44.118827, -69.079605], [44.118826, -69.079523], [44.118796, -69.079454], [44.118751, -69.079404], [44.118689, -69.079388], [44.118639, -69.07939], [44.118592, -69.079405], [44.118558, -69.079439], [44.118524, -69.079493], [44.118517, -69.07956], [44.118522, -69.079627], [44.118501, -69.079705], [44.118472, -69.079804], [44.118452, -69.079847], [44.118441, -69.079905], [44.118451, -69.079977], [44.118473, -69.080035], [44.118528, -69.080115], [44.118558, -69.080131], [44.118577, -69.080128], [44.118615, -69.08008], [44.118625, -69.080045], [44.118616, -69.079913], [44.118616, -69.079805], [44.118629, -69.079724], [44.118663, -69.079677], [44.118693, -69.079643], [44.11877, -69.079645], [44.118791, -69.079658], [44.118815, -69.079642]]}, "4": {"path": [[44.11839, -69.079719], [44.117774, -69.081451], [44.116962, -69.082317], [44.11581, -69.082165]], "green": [[44.115976, -69.082201], [44.115973, -69.082216], [44.115971, -69.082229], [44.115967, -69.082241], [44.115961, -69.082253], [44.115953, -69.082262], [44.115945, -69.082267], [44.115935, -69.082272], [44.115923, -69.082272], [44.115914, -69.082273], [44.115905, -69.082272], [44.115894, -69.082272], [44.115886, -69.08227], [44.115876, -69.082265], [44.115865, -69.082264], [44.115855, -69.082264], [44.115843, -69.082263], [44.115833, -69.082262], [44.115824, -69.082262], [44.115815, -69.082261], [44.115805, -69.082261], [44.115795, -69.08226], [44.115786, -69.08226], [44.115775, -69.08226], [44.115764, -69.082264], [44.115749, -69.082268], [44.11573, -69.082274], [44.11572, -69.082271], [44.11571, -69.082266], [44.115702, -69.082258], [44.115694, -69.082253], [44.115684, -69.082247], [44.115676, -69.082242], [44.115668, -69.082235], [44.115661, -69.082227], [44.115657, -69.08221], [44.115657, -69.082191], [44.115657, -69.082178], [44.115655, -69.082164], [44.115654, -69.082151], [44.115654, -69.082135], [44.115656, -69.082122], [44.115659, -69.082111], [44.115666, -69.082103], [44.115674, -69.082097], [44.115684, -69.082091], [44.115694, -69.082087], [44.115703, -69.082084], [44.115713, -69.082083], [44.115722, -69.082083], [44.115734, -69.082081], [44.115746, -69.082075], [44.115754, -69.08207], [44.115763, -69.082064], [44.115773, -69.082058], [44.115782, -69.082051], [44.115792, -69.082046], [44.115802, -69.082042], [44.115814, -69.082035], [44.115822, -69.082027], [44.115834, -69.082023], [44.115844, -69.082023], [44.115854, -69.082022], [44.115865, -69.082022], [44.115875, -69.08203], [44.115884, -69.082038], [44.115891, -69.082045], [44.115902, -69.082051], [44.115911, -69.082057], [44.115919, -69.082066], [44.115925, -69.082075], [44.115932, -69.082084], [44.115939, -69.082093], [44.115951, -69.082108], [44.115968, -69.082143], [44.115976, -69.082166], [44.115976, -69.082201]]}, "5": {"path": [[44.115605, -69.082348], [44.116748, -69.083499]], "green": [[44.116653, -69.083572], [44.116644, -69.083571], [44.116634, -69.083567], [44.116627, -69.083564], [44.116621, -69.083553], [44.116616, -69.08354], [44.116614, -69.083529], [44.116614, -69.083518], [44.116619, -69.083507], [44.116625, -69.0835], [44.116632, -69.083493], [44.116641, -69.083488], [44.116647, -69.083484], [44.116654, -69.083481], [44.116663, -69.083477], [44.116671, -69.083474], [44.11668, -69.08347], [44.116689, -69.083465], [44.116696, -69.083459], [44.116703, -69.083452], [44.11671, -69.083444], [44.116719, -69.083436], [44.116726, -69.083429], [44.116733, -69.083423], [44.11674, -69.083418], [44.11675, -69.083413], [44.116759, -69.08341], [44.116768, -69.083407], [44.116787, -69.083405], [44.116795, -69.083405], [44.116803, -69.083408], [44.116811, -69.083412], [44.11682, -69.083414], [44.116827, -69.083418], [44.116834, -69.083422], [44.116841, -69.083429], [44.116851, -69.083441], [44.11686, -69.083451], [44.116864, -69.083463], [44.116867, -69.083473], [44.116869, -69.083489], [44.11687, -69.083501], [44.11687, -69.083513], [44.116869, -69.083528], [44.116862, -69.083536], [44.116855, -69.083545], [44.116849, -69.083552], [44.116842, -69.083557], [44.116834, -69.083561], [44.116823, -69.083565], [44.116814, -69.083566], [44.116806, -69.083569], [44.116797, -69.083572], [44.116788, -69.083572], [44.116779, -69.083572], [44.116771, -69.083572], [44.116762, -69.083572], [44.116752, -69.083572], [44.116745, -69.083569], [44.116731, -69.083569], [44.116722, -69.083569], [44.116679, -69.083572], [44.116653, -69.083572]]}, "6": {"path": [[44.117184, -69.083526], [44.118139, -69.081643], [44.118624, -69.079723]], "green": [[44.118815, -69.079642], [44.118827, -69.079605], [44.118826, -69.079523], [44.118796, -69.079454], [44.118751, -69.079404], [44.118689, -69.079388], [44.118639, -69.07939], [44.118592, -69.079405], [44.118558, -69.079439], [44.118524, -69.079493], [44.118517, -69.07956], [44.118522, -69.079627], [44.118501, -69.079705], [44.118472, -69.079804], [44.118452, -69.079847], [44.118441, -69.079905], [44.118451, -69.079977], [44.118473, -69.080035], [44.118528, -69.080115], [44.118558, -69.080131], [44.118577, -69.080128], [44.118615, -69.08008], [44.118625, -69.080045], [44.118616, -69.079913], [44.118616, -69.079805], [44.118629, -69.079724], [44.118663, -69.079677], [44.118693, -69.079643], [44.11877, -69.079645], [44.118791, -69.079658], [44.118815, -69.079642]]}, "7": {"path": [[44.118973, -69.080934], [44.118386, -69.082629]],