{"holes": {"2": {"path": [[41.458836, -71.350192], [41.456554, -71.349998], [41.455486, -71.349746]], "green": [[41.45543, -71.349868], [41.455392, -71.349848], [41.455379, -71.349827], [41.455359, -71.349776], [41.455355, -71.349739], [41.455359, -71.349702], [41.455382, -71.34965], [41.455401, -71.349627], [41.455442, -71.349602], [41.455466, -71.349594], [41.455498, -71.349597], [41.455526, -71.349616], [41.455615, -71.349709], [41.455626, -71.349731], [41.455633, -71.349752], [41.455635, -71.349776], [41.45563, -71.349806], [41.45561, -71.349836], [41.455566, -71.34986], [41.455475, -71.349876], [41.45543, -71.349868]]}, "4": {"path": [[41.460039, -71.34416], [41.461902, -71.34493], [41.462099, -71.347585]], "green": [[41.462115, -71.347741], [41.462088, -71.347742], [41.462066, -71.347735], [41.46204, -71.347719], [41.462019, -71.347698], [41.462001, -71.347657], [41.461992, -71.347619], [41.461992, -71.347579], [41.461998, -71.347544], [41.462011, -71.347504], [41.462029, -71.347473], [41.462061, -71.347444], [41.46209, -71.347428], [41.462116, -71.347424], [41.462146, -71.347431], [41.462175, -71.347448], [41.462198, -71.347476], [41.462213, -71.347512], [41.462222, -71.347556], [41.46222, -71.34759], [41.462196, -71.347673], [41.462167, -71.34771], [41.462115, -71.347741]]}, "5": {"path": [[41.4566, -71.352238], [41.453586, -71.350091]], "green": [[41.455155, -71.351904], [41.455156, -71.35187], [41.455167, -71.351837], [41.45518, -71.351811], [41.455204, -71.351788], [41.455235, -71.351769], [41.455295, -71.351754], [41.455314, -71.351755], [41.455329, -71.351764], [41.455358, -71.351803], [41.455385, -71.351886], [41.455395, -71.351952], [41.455388, -71.351984], [41.455379, -71.352008], [41.455367, -71.352024], [41.45533, -71.35204], [41.455276, -71.352038], [41.455227, -71.352013], [41.455187, -71.351977], [41.45516, -71.351931], [41.455155, -71.351904]]}, "8": {"path": [[41.458312, -71.352562], [41.458511, -71.350513]], "green": [[41.45843, -71.350531], [41.45844, -71.350477], [41.458507, -71.350353], [41.458526, -71.350338], [41.458541, -71.350337], [41.458557, -71.350344], [41.458569, -71.350362], [41.458576, -71.350383], [41.45859, -71.350492], [41.458584, -71.350542], [41.458561, -71.3506], [41.458523, -71.350654], [41.458504, -71.350667], [41.458486, -71.35067], [41.458471, -71.350667], [41.458455, -71.350656], [41.458442, -71.350637], [41.45843, -71.350531]]}, "17": {"path": [[41.453046, -71.348684], [41.452097, -71.35096]], "green": [[41.452156, -71.350825], [41.452193, -71.35087], [41.452205, -71.350908], [41.452201, -71.350946], [41.452183, -71.351003], [41.452173, -71.351067], [41.452153, -71.351102], [41.452103, -71.351141], [41.452076, -71.351143], [41.45203, -71.351121], [41.452009, -71.351098], [41.451993, -71.351067], [41.451987, -71.351029], [41.451988, -71.35099], [41.451997, -71.350948], [41.452043, -71.350844], [41.452066, -71.350817], [41.452087, -71.350805], [41.452106, -71.350803], [41.452123, -71.350806], [41.452156, -71.350825]]}}}