{"holes": {"1": {"path": [[48.960087, -122.779579], [48.961211, -122.776956], [48.962043, -122.776063], [48.962872, -122.775567]], "green": [[48.962759, -122.77554], [48.962762, -122.775524], [48.962767, -122.775508], [48.962769, -122.775485], [48.962767, -122.775459], [48.962775, -122.775428], [48.962791, -122.775408], [48.962814, -122.775401], [48.962836, -122.775403], [48.962858, -122.775416], [48.96287, -122.775442], [48.96288, -122.775465], [48.962893, -122.775488], [48.962905, -122.7755], [48.96292, -122.775506], [48.962951, -122.77552], [48.962974, -122.775523], [48.962993, -122.775526], [48.963012, -122.775532], [48.963018, -122.775538], [48.963024, -122.775551], [48.963028, -122.775572], [48.963027, -122.775596], [48.963023, -122.775609], [48.963013, -122.775617], [48.962986, -122.775629], [48.962957, -122.775639], [48.96294, -122.775646], [48.962928, -122.775659], [48.962914, -122.775675], [48.962899, -122.775686], [48.962873, -122.775694], [48.962851, -122.775695], [48.962837, -122.775689], [48.96283, -122.775681], [48.962822, -122.775675], [48.962813, -122.775671], [48.9628, -122.775666], [48.962784, -122.77566], [48.962774, -122.775652], [48.962766, -122.775633], [48.96276, -122.775618], [48.962756, -122.7756], [48.962756, -122.775564], [48.962759, -122.77554]]}, "2": {"path": [[48.963234, -122.774043], [48.961796, -122.771906], [48.960548, -122.771284]], "green": [[48.960648, -122.771387], [48.96064, -122.771396], [48.96063, -122.771401], [48.960615, -122.771403], [48.960595, -122.7714], [48.960555, -122.771382], [48.960529, -122.771376], [48.960503, -122.771374], [48.960482, -122.771377], [48.960457, -122.771375], [48.960433, -122.77137], [48.960416, -122.771362], [48.960397, -122.771347], [48.960382, -122.771314], [48.960373, -122.771271], [48.96038, -122.771218], [48.9604, -122.7712], [48.960423, -122.771184], [48.960446, -122.771177], [48.960474, -122.771172], [48.960504, -122.771164], [48.960532, -122.771148], [48.960554, -122.771129], [48.960575, -122.771123], [48.960587, -122.771127], [48.960597, -122.771139], [48.96061, -122.771171], [48.960617, -122.7712], [48.96062, -122.771229], [48.960622, -122.771242], [48.960624, -122.771257], [48.960628, -122.77127], [48.960633, -122.771283], [48.960643, -122.771308], [48.96065, -122.771328], [48.960655, -122.771348], [48.960655, -122.771367], [48.960652, -122.771377], [48.960648, -122.771387]]}, "3": {"path": [[48.960328, -122.771978], [48.958971, -122.77122]], "green": [[48.959075, -122.771314], [48.959069, -122.771338], [48.959057, -122.771359], [48.959043, -122.771371], [48.959027, -122.771375], [48.959007, -122.771368], [48.958987, -122.771355], [48.958952, -122.771322], [48.95893, -122.771302], [48.958897, -122.771287], [48.958872, -122.771275], [48.958846, -122.771266], [48.958825, -122.771243], [48.958812, -122.771208], [48.958808, -122.771181], [48.958812, -122.771148], [48.958819, -122.771134], [48.958828, -122.771126], [48.958867, -122.77112], [48.958902, -122.771111], [48.958937, -122.771094], [48.958988, -122.771064], [48.959003, -122.77106], [48.959017, -122.771062], [48.959029, -122.771077], [48.959036, -122.771097], [48.959043, -122.771134], [48.959049, -122.77117], [48.959053, -122.771193], [48.959056, -122.771212], [48.95906, -122.771227], [48.959063, -122.771241], [48.959067, -122.771259], [48.959072, -122.77128], [48.959075, -122.771314]]}, "4": {"path": [[48.958433, -122.771342], [48.956256, -122.771477], [48.95515, -122.772143]], "green": [[48.955187, -122.77221], [48.955239, -122.772181], [48.955263, -122.77215], [48.955276, -122.772113], [48.955278, -122.772083], [48.955281, -122.772051], [48.955278, -122.772027], [48.955271, -122.772], [48.955262, -122.771978], [48.955252, -122.771966], [48.95524, -122.771963], [48.955233, -122.771962], [48.955218, -122.771973], [48.955197, -122.771996], [48.955177, -122.772024], [48.955168, -122.772036], [48.955159, -122.772045], [48.955147, -122.772051], [48.955127, -122.77206], [48.955097, -122.772075], [48.955078, -122.772083], [48.955063, -122.77209], [48.955052, -122.772099], [48.955039, -122.772116], [48.95503, -122.772146], [48.955023, -122.772192], [48.955021, -122.772234], [48.955022, -122.772277], [48.955029, -122.772304], [48.955038, -122.772328], [48.95505, -122.772343], [48.955067, -122.772352], [48.955087, -122.772361], [48.955108, -122.77236], [48.955125, -122.772342], [48.955137, -122.772317], [48.955156, -122.77225], [48.95517, -122.772226], [48.955187, -122.77221]]}, "5": {"path": [[48.954526, -122.772646], [48.953142, -122.77492], [48.953354, -122.776657]], "green": [[48.95326, -122.77652], [48.953264, -122.776495], [48.953271, -122.776477], [48.953286, -122.776468], [48.9533, -122.776468], [48.953312, -122.776479], [48.953321, -122.776494], [48.953338, -122.776529], [48.953361, -122.776575], [48.953384, -122.776607], [48.953397, -122.776624], [48.95341, -122.776634], [48.953431, -122.776638], [48.95345, -122.776658], [48.953464, -122.776689], [48.95347, -122.776712], [48.95347, -122.776744], [48.953457, -122.776779], [48.95344, -122.776804], [48.953414, -122.77683], [48.953387, -122.776852], [48.953367, -122.776857], [48.953345, -122.776856], [48.953314, -122.776841], [48.953297, -122.776819], [48.95329, -122.776784], [48.953292, -122.776718], [48.953294, -122.776651], [48.953276, -122.776595], [48.95326, -122.77652]]}, "6": {"path": [[48.95403, -122.776173], [48.95322, -122.778212]], "green": [[48.953305, -122.778097], [48.953288, -122.77809], [48.953271, -122.778095], [48.953254, -122.778103], [48.953239, -122.778108], [48.95323, -122.778117], [48.95322, -122.778122], [48.953215, -122.778123], [48.953209, -122.778124], [48.953201, -122.778125], [48.953193, -122.778123], [48.953181, -122.778125], [48.953159, -122.778129], [48.953142, -122.778138], [48.953132, -122.778142], [48.953127, -122.77815], [48.953123, -122.778161], [48.953122, -122.778175], [48.953124, -122.778192], [48.953129, -122.778252], [48.95313, -122.778312], [48.953132, -122.778358], [48.953138, -122.778393], [48.953148, -122.778417], [48.95316, -122.778427], [48.95322, -122.77843], [48.953266, -122.778421], [48.953289, -122.778403], [48.953302, -122.778376], [48.953306, -122.77834], [48.953309, -122.778304], [48.953307, -122.778251], [48.953312, -122.778199], [48.953316, -122.778172], [48.953319, -122.778145], [48.953316, -122.778121], [48.953305, -122.778097]]}, "7": {"path": [[48.953734, -122.778469], [48.955393, -122.775934], [48.956636, -122.775767]], "green": [[48.956525, -122.77578], [48.956525, -122.775826], [48.956529, -122.775845], [48.956535, -122.775861], [48.95655, -122.77588], [48.956566, -122.775887], [48.956582, -122.775881], [48.956597, -122.77587], [48.956625, -122.77586], [48.956652, -122.77587], [48.956676, -122.775898], [48.956695, -122.775905], [48.956715, -122.775901], [48.956739, -122.775878], [48.956751, -122.775844], [48.956753, -122.77579], [48.956748, -122.775734], [48.956742, -122.775677], [48.956737, -122.775648], [48.95673, -122.775631], [48.956721, -122.775615], [48.956709, -122.775607], [48.956686, -122.775592], [48.95666, -122.775594], [48.956633, -122.775608], [48.9566, -122.775638], [48.95657, -122.775678], [48.956555, -122.775701], [48.956539, -122.775734], [48.956531, -122.775756], [48.956525, -122.77578]]}, "8": {"path": [[48.957405, -122.77519], [48.959722, -122.774604], [48.960616, -122.77384]],