{"holes": {"1": {"path": [[29.264637, -94.868866], [29.262768, -94.868051], [29.261553, -94.86733], [29.260788, -94.867234]], "green": [[29.260921, -94.867234], [29.260865, -94.867266], [29.2608, -94.867299], [29.260746, -94.867328], [29.260719, -94.867338], [29.260688, -94.867346], [29.260663, -94.867334], [29.260647, -94.867285], [29.260645, -94.867255], [29.260664, -94.86722], [29.260697, -94.86719], [29.260762, -94.867142], [29.260823, -94.867122], [29.260876, -94.867117], [29.260899, -94.867126], [29.260918, -94.867168], [29.260927, -94.86721], [29.260921, -94.867234]]}, "2": {"path": [[29.260838, -94.868291], [29.25949, -94.868253], [29.257399, -94.867396]], "green": [[29.257513, -94.867485], [29.257479, -94.867531], [29.257456, -94.867542], [29.257428, -94.867539], [29.257388, -94.867509], [29.257348, -94.867481], [29.25731, -94.867443], [29.257281, -94.867403], [29.257271, -94.867371], [29.257266, -94.86733], [29.257268, -94.867294], [29.257286, -94.867272], [29.257313, -94.867267], [29.257351, -94.86728], [29.257386, -94.867293], [29.257424, -94.867307], [29.257458, -94.867319], [29.257486, -94.867333], [29.257513, -94.867362], [29.257523, -94.867414], [29.257517, -94.867462], [29.257513, -94.867485]]}, "3": {"path": [[29.257578, -94.866724], [29.259399, -94.866649], [29.260275, -94.86741]], "green": [[29.260139, -94.867372], [29.260141, -94.867414], [29.260159, -94.867453], [29.2602, -94.867513], [29.26023, -94.867531], [29.260274, -94.867531], [29.260334, -94.867518], [29.260376, -94.867498], [29.260394, -94.867465], [29.260404, -94.867427], [29.260404, -94.867399], [29.260395, -94.867375], [29.260377, -94.86735], [29.260355, -94.86733], [29.260317, -94.867312], [29.260276, -94.867311], [29.260234, -94.867325], [29.260202, -94.867343], [29.260157, -94.867356], [29.260139, -94.867372]]}, "4": {"path": [[29.260548, -94.868682], [29.261736, -94.869289]], "green": [[29.261842, -94.869296], [29.261849, -94.869343], [29.261842, -94.869377], [29.261822, -94.869408], [29.261801, -94.869424], [29.261772, -94.869427], [29.261735, -94.869414], [29.261702, -94.8694], [29.261677, -94.869384], [29.261657, -94.869358], [29.261635, -94.869323], [29.261618, -94.869281], [29.261612, -94.869253], [29.261616, -94.869211], [29.261625, -94.869182], [29.261646, -94.869166], [29.261682, -94.869157], [29.261728, -94.869152], [29.261766, -94.869158], [29.2618, -94.869179], [29.261823, -94.869217], [29.261834, -94.869249], [29.261842, -94.869296]]}, "5": {"path": [[29.261971, -94.869571], [29.264054, -94.870389], [29.266098, -94.872118]], "green": [[29.266221, -94.872213], [29.266231, -94.872155], [29.266217, -94.872096], [29.266179, -94.872035], [29.26614, -94.871993], [29.266088, -94.871966], [29.266012, -94.871969], [29.265964, -94.87199], [29.265938, -94.872029], [29.265939, -94.872058], [29.265975, -94.872102], [29.266012, -94.872144], [29.266058, -94.872194], [29.26609, -94.872218], [29.266119, -94.872241], [29.26616, -94.872258], [29.266202, -94.872248], [29.266221, -94.872213]]}, "6": {"path": [[29.266804, -94.872586], [29.268228, -94.873973]], "green": [[29.26834, -94.873988], [29.268344, -94.874024], [29.268327, -94.874066], [29.2683, -94.874085], [29.268271, -94.874093], [29.268237, -94.874098], [29.268202, -94.874096], [29.268175, -94.874089], [29.268153, -94.874077], [29.268134, -94.874062], [29.268113, -94.874029], [29.2681, -94.873987], [29.268101, -94.873946], [29.268109, -94.873906], [29.268135, -94.873855], [29.268165, -94.873818], [29.268209, -94.873804], [29.268247, -94.873805], [29.268279, -94.873823], [29.268307, -94.873869], [29.268327, -94.873918], [29.268333, -94.873947], [29.26834, -94.873988]]}, "7": {"path": [[29.268922, -94.874368], [29.269704, -94.872407], [29.269896, -94.87062], [29.269328, -94.869225]], "green": [[29.269379, -94.869393], [29.269405, -94.869295], [29.269421, -94.86922], [29.269425, -94.869179], [29.269421, -94.869142], [29.269402, -94.869106], [29.269377, -94.869068], [29.269351, -94.869049], [29.269326, -94.86904], [29.2693, -94.86904], [29.269274, -94.869058], [29.26925, -94.869085], [29.269234, -94.869132], [29.269228, -94.869186], [29.269235, -94.869251], [29.269247, -94.869314], [29.269263, -94.869368], [29.26929, -94.869402], [29.269315, -94.869414], [29.269344, -94.869416], [29.269357, -94.869409], [29.269379, -94.869393]]}, "8": {"path": [[29.26873, -94.868968], [29.268752, -94.871234], [29.268439, -94.872745]], "green": [[29.268552, -94.872759], [29.268552, -94.872807], [29.268527, -94.872843], [29.268488, -94.872861], [29.268455, -94.872874], [29.268411, -94.872881], [29.268372, -94.872876], [29.268345, -94.872852], [29.268313, -94.872754], [29.268303, -94.872696], [29.268321, -94.872652], [29.268357, -94.872608], [29.2684, -94.872593], [29.268433, -94.872595], [29.268473, -94.872626], [29.268506, -94.872667], [29.268533, -94.872708], [29.268552, -94.872759]]}, "9": {"path": [[29.266808, -94.871585], [29.265742, -94.871144]], "green": [[29.265726, -94.871348], [29.265786, -94.871281], [29.265822, -94.871219], [29.265841, -94.871173], [29.265851, -94.871132], [29.265854, -94.871083], [29.265851, -94.871012], [29.265836, -94.87097], [29.265803, -94.870938], [29.265762, -94.87092], [29.265735, -94.870921], [29.265705, -94.870951], [29.26569, -94.870994], [29.265687, -94.871053], [29.265686, -94.871127], [29.265671, -94.871181], [29.265652, -94.871228], [29.265638, -94.871276], [29.265644, -94.871323], [29.265667, -94.871343], [29.265702, -94.871356], [29.265726, -94.871348]]}, "10": {"path": [[29.267235, -94.868917], [29.266612, -94.866705], [29.265709, -94.865901]], "green": [[29.265767, -94.866016], [29.265815, -94.865991], [29.265839, -94.865963], [29.265858, -94.865938], [29.265866, -94.86591], [29.265853, -94.865864], [29.265828, -94.86583], [29.265775, -94.865792], [29.265717, -94.865777], [29.265664, -94.865773], [29.265627, -94.865779], [29.265601, -94.865787], [29.265578, -94.865808], [29.265561, -94.865846], [29.265557, -94.865909], [29.265565, -94.865939], [29.265596, -94.865966], [29.265641, -94.865987], [29.265688, -94.866009], [29.265732, -94.866023], [29.265767, -94.866016]]}, "11": {"path": [[29.265293, -94.865495], [29.263849, -94.86353], [29.263075, -94.862745], [29.262393, -94.862719]], "green": [[29.262431, -94.862819], [29.262396, -94.862857], [29.262361, -94.862869], [29.262323, -94.862861], [29.262283, -94.86282], [29.262276, -94.862748], [29.262285, -94.862688], [29.262303, -94.862634], [29.262334, -94.862589], [29.262362, -94.862569], [29.262417, -94.862571], [29.262452, -94.862582], [29.262481, -94.862601], [29.262495, -94.862651], [29.262486, -94.862699], [29.262473, -94.862729], [29.26245, -94.862762], [29.262436, -94.862801], [29.262431, -94.862819]]}, "13": {"path": [[29.258973, -94.861659], [29.257421, -94.861251]], "green": [[29.257448, -94.86137], [29.257402, -94.861376], [29.25735, -94.861371], [29.257322, -94.861358], [29.257289, -94.861333], [29.25728, -94.861308], [29.257274, -94.861291], [29.257268, -94.86127], [29.257269, -94.861243], [29.257275, -94.861225], [29.257293, -94.8612], [29.257316, -94.861182], [29.257343, -94.861158], [29.257357, -94.861138], [29.257378, -94.861119], [29.257403, -94.861111], [29.257446, -94.861115], [29.257515, -94.861135], [29.257548, -94.861154], [29.257582, -94.861176], [29.257593, -94.861199], [29.257601, -94.861223], [29.257603, -94.861274], [29.257587, -94.861301], [29.257564, -94.861323], [29.257531, -94.861343], [29.257501, -94.861354], [29.257448, -94.86137]]}, "14": {"path": [[29.256891, -94.860662], [29.259174, -94.860764], [29.260667, -94.860688], [29.261406, -94.861146]],